[1/10] Prepare DocVQA + ChartQA datasets
Warning: You are sending unauthenticated requests to the HF Hub. Please set a HF_TOKEN to enable higher rate limits and faster downloads.
Saved train: qa=750, regions=6315
Saved test : qa=100, regions=738
Output root: data\docvqa
Saved train: qa=2000, regions=2000
Saved val  : qa=300, regions=300
Saved test : qa=80, regions=80
Output root: data\chartqa
[2/10] Train retriever (BGE)
D:\vqa\scripts\train_retriever.py:9: DeprecationWarning: Importing from 'sentence_transformers.losses' is deprecated and will be removed in a future version. Please use 'sentence_transformers.sentence_transformer.losses' instead.
  from sentence_transformers import InputExample, SentenceTransformer, losses
Downloading Model from https://www.modelscope.cn to directory: C:\Users\lzjia\.cache\modelscope\BAAI\bge-base-en-v1.5
2026-04-17 00:37:00,459 - modelscope - INFO - Target directory already exists, skipping creation.
[train_retriever] model source: modelscope -> C:\Users\lzjia\.cache\modelscope\BAAI\bge-base-en-v1___5

Loading weights:   0%|          | 0/199 [00:00<?, ?it/s]
Loading weights: 100%|██████████| 199/199 [00:00<00:00, 22181.47it/s]
[1mBertModel LOAD REPORT[0m from: C:\Users\lzjia\.cache\modelscope\BAAI\bge-base-en-v1___5
Key                     | Status     |  | 
------------------------+------------+--+-
embeddings.position_ids | UNEXPECTED |  | 

Notes:
- UNEXPECTED:	can be ignored when loading from different task/architecture; not ok if you expect identical arch.

Computing widget examples:   0%|          | 0/1 [00:00<?, ?example/s]
                                                                     

  0%|          | 0/48 [00:00<?, ?it/s]
  2%|▏         | 1/48 [00:00<00:14,  3.13it/s]
  6%|▋         | 3/48 [00:00<00:05,  7.71it/s]
 10%|█         | 5/48 [00:00<00:04, 10.23it/s]
 15%|█▍        | 7/48 [00:00<00:03, 12.02it/s]
 19%|█▉        | 9/48 [00:00<00:03, 12.87it/s]
 23%|██▎       | 11/48 [00:00<00:02, 13.31it/s]
 27%|██▋       | 13/48 [00:01<00:02, 13.83it/s]
 31%|███▏      | 15/48 [00:01<00:02, 14.59it/s]
 35%|███▌      | 17/48 [00:01<00:02, 14.82it/s]
 40%|███▉      | 19/48 [00:01<00:01, 14.74it/s]
 44%|████▍     | 21/48 [00:01<00:01, 14.77it/s]
 48%|████▊     | 23/48 [00:01<00:01, 14.92it/s]
 52%|█████▏    | 25/48 [00:01<00:01, 15.61it/s]
 56%|█████▋    | 27/48 [00:02<00:01, 15.62it/s]
 60%|██████    | 29/48 [00:02<00:01, 15.25it/s]
 65%|██████▍   | 31/48 [00:02<00:01, 15.52it/s]
 69%|██████▉   | 33/48 [00:02<00:00, 15.39it/s]
 73%|███████▎  | 35/48 [00:02<00:00, 14.89it/s]
 77%|███████▋  | 37/48 [00:02<00:00, 14.93it/s]
 81%|████████▏ | 39/48 [00:02<00:00, 14.97it/s]
 85%|████████▌ | 41/48 [00:02<00:00, 14.77it/s]
 90%|████████▉ | 43/48 [00:03<00:00, 14.65it/s]
 94%|█████████▍| 45/48 [00:03<00:00, 14.77it/s]
 98%|█████████▊| 47/48 [00:03<00:00, 14.64it/s]
                                               
{'train_runtime': '3.432', 'train_samples_per_second': '328.7', 'train_steps_per_second': '13.99', 'train_loss': '1.741', 'epoch': '2'}

100%|██████████| 48/48 [00:03<00:00, 14.64it/s]
100%|██████████| 48/48 [00:03<00:00, 13.99it/s]

Writing model shards:   0%|          | 0/1 [00:00<?, ?it/s]
Writing model shards: 100%|██████████| 1/1 [00:00<00:00,  1.41it/s]
Writing model shards: 100%|██████████| 1/1 [00:00<00:00,  1.41it/s]
Saved retriever to: outputs\project_profile_4090\20260417_003534\retriever
[3/10] Train reranker (cross-encoder)
2026-04-17 00:38:12,284 - modelscope - INFO - Still waiting to acquire lock on C:\Users\lzjia\.cache\modelscope\.lock\BAAI___bge-reranker-base (elapsed: 60.1 seconds)
2026-04-17 00:39:12,296 - modelscope - INFO - Still waiting to acquire lock on C:\Users\lzjia\.cache\modelscope\.lock\BAAI___bge-reranker-base (elapsed: 120.1 seconds)
Downloading Model from https://www.modelscope.cn to directory: C:\Users\lzjia\.cache\modelscope\BAAI\bge-reranker-base
2026-04-17 00:39:47,992 - modelscope - INFO - Got 3 files, start to download ...

Processing 3 items:   0%|          | 0.00/3.00 [00:00<?, ?it/s]

Downloading [onnx/model.onnx]:   0%|          | 0.00/1.04G [00:00<?, ?B/s][A


Downloading [model.safetensors]:   0%|          | 0.00/1.04G [00:00<?, ?B/s][A[A



Downloading [pytorch_model.bin]:   0%|          | 0.00/1.04G [00:00<?, ?B/s][A[A[A



Downloading [pytorch_model.bin]:  85%|████████▌ | 903M/1.04G [00:08<00:01, 115MB/s][A[A[A

Downloading [onnx/model.onnx]: 100%|█████████▉| 1.03G/1.04G [00:08<00:00, 130MB/s][A


Downloading [model.safetensors]:  71%|███████   | 749M/1.04G [00:08<00:03, 89.9MB/s][A[A
Downloading [onnx/model.onnx]: 100%|██████████| 1.04G/1.04G [00:09<00:00, 114MB/s]

Processing 3 items:  33%|███▎      | 1.00/3.00 [00:10<00:20, 10.3s/it]


Downloading [model.safetensors]:  71%|███████▏  | 758M/1.04G [00:10<00:04, 68.3MB/s][A[A


Downloading [model.safetensors]:  72%|███████▏  | 762M/1.04G [00:11<00:05, 62.5MB/s][A[A



Downloading [pytorch_model.bin]:  86%|████████▋ | 915M/1.04G [00:11<00:02, 72.7MB/s][A[A[A


Downloading [model.safetensors]:  72%|███████▏  | 765M/1.04G [00:11<00:05, 57.7MB/s][A[A


Downloading [model.safetensors]:  72%|███████▏  | 767M/1.04G [00:12<00:05, 53.6MB/s][A[A


Downloading [model.safetensors]:  73%|███████▎  | 769M/1.04G [00:12<00:06, 48.6MB/s][A[A



Downloading [pytorch_model.bin]:  87%|████████▋ | 920M/1.04G [00:12<00:02, 63.8MB/s][A[A[A


Downloading [model.safetensors]:  73%|███████▎  | 771M/1.04G [00:12<00:07, 43.0MB/s][A[A


Downloading [model.safetensors]:  73%|███████▎  | 772M/1.04G [00:12<00:07, 39.9MB/s][A[A


Downloading [model.safetensors]:  73%|███████▎  | 773M/1.04G [00:13<00:08, 36.2MB/s][A[A


Downloading [model.safetensors]:  73%|███████▎  | 774M/1.04G [00:13<00:09, 32.2MB/s][A[A



Downloading [pytorch_model.bin]:  87%|████████▋ | 923M/1.04G [00:13<00:02, 58.1MB/s][A[A[A


Downloading [model.safetensors]:  73%|███████▎  | 775M/1.04G [00:13<00:10, 27.9MB/s][A[A


Downloading [model.safetensors]:  73%|███████▎  | 776M/1.04G [00:13<00:12, 24.0MB/s][A[A



Downloading [pytorch_model.bin]:  87%|████████▋ | 925M/1.04G [00:13<00:02, 53.6MB/s][A[A[A


Downloading [model.safetensors]:  73%|███████▎  | 777M/1.04G [00:13<00:14, 20.1MB/s][A[A


Downloading [model.safetensors]:  73%|███████▎  | 778M/1.04G [00:13<00:17, 17.0MB/s][A[A


Downloading [model.safetensors]:  73%|███████▎  | 779M/1.04G [00:14<00:20, 14.3MB/s][A[A



Downloading [pytorch_model.bin]:  87%|████████▋ | 927M/1.04G [00:14<00:02, 48.5MB/s][A[A[A


Downloading [model.safetensors]:  74%|███████▎  | 780M/1.04G [00:14<00:24, 12.2MB/s][A[A


Downloading [model.safetensors]:  74%|███████▎  | 781M/1.04G [00:14<00:28, 10.3MB/s][A[A



Downloading [pytorch_model.bin]:  88%|████████▊ | 929M/1.04G [00:14<00:03, 42.9MB/s][A[A[A


Downloading [model.safetensors]:  74%|███████▎  | 782M/1.04G [00:14<00:31, 9.42MB/s][A[A



Downloading [pytorch_model.bin]:  88%|████████▊ | 930M/1.04G [00:14<00:03, 39.7MB/s][A[A[A


Downloading [model.safetensors]:  74%|███████▍  | 783M/1.04G [00:14<00:33, 8.66MB/s][A[A



Downloading [pytorch_model.bin]:  88%|████████▊ | 931M/1.04G [00:14<00:03, 35.8MB/s][A[A[A


Downloading [model.safetensors]:  74%|███████▍  | 784M/1.04G [00:14<00:35, 8.07MB/s][A[A


Downloading [model.safetensors]:  74%|███████▍  | 785M/1.04G [00:14<00:37, 7.76MB/s][A[A



Downloading [pytorch_model.bin]:  88%|████████▊ | 932M/1.04G [00:15<00:04, 31.5MB/s][A[A[A


Downloading [model.safetensors]:  74%|███████▍  | 786M/1.04G [00:15<00:38, 7.48MB/s][A[A



Downloading [pytorch_model.bin]:  88%|████████▊ | 933M/1.04G [00:15<00:04, 27.2MB/s][A[A[A


Downloading [model.safetensors]:  74%|███████▍  | 787M/1.04G [00:15<00:39, 7.23MB/s][A[A



Downloading [pytorch_model.bin]:  88%|████████▊ | 934M/1.04G [00:15<00:05, 23.0MB/s][A[A[A


Downloading [model.safetensors]:  74%|███████▍  | 788M/1.04G [00:15<00:40, 7.11MB/s][A[A



Downloading [pytorch_model.bin]:  88%|████████▊ | 935M/1.04G [00:15<00:06, 19.1MB/s][A[A[A


Downloading [model.safetensors]:  74%|███████▍  | 789M/1.04G [00:15<00:40, 7.06MB/s][A[A


Downloading [model.safetensors]:  74%|███████▍  | 790M/1.04G [00:15<00:40, 7.02MB/s][A[A



Downloading [pytorch_model.bin]:  88%|████████▊ | 936M/1.04G [00:15<00:08, 15.8MB/s][A[A[A


Downloading [model.safetensors]:  75%|███████▍  | 791M/1.04G [00:15<00:40, 6.95MB/s][A[A



Downloading [pytorch_model.bin]:  88%|████████▊ | 937M/1.04G [00:15<00:09, 13.1MB/s][A[A[A


Downloading [model.safetensors]:  75%|███████▍  | 792M/1.04G [00:16<00:40, 6.91MB/s][A[A



Downloading [pytorch_model.bin]:  88%|████████▊ | 938M/1.04G [00:16<00:11, 11.1MB/s][A[A[A


Downloading [model.safetensors]:  75%|███████▍  | 793M/1.04G [00:16<00:40, 6.85MB/s][A[A


Downloading [model.safetensors]:  75%|███████▍  | 794M/1.04G [00:16<00:40, 6.88MB/s][A[A



Downloading [pytorch_model.bin]:  89%|████████▊ | 939M/1.04G [00:16<00:13, 9.47MB/s][A[A[A


Downloading [model.safetensors]:  75%|███████▍  | 795M/1.04G [00:16<00:40, 6.92MB/s][A[A



Downloading [pytorch_model.bin]:  89%|████████▊ | 940M/1.04G [00:16<00:15, 8.27MB/s][A[A[A


Downloading [model.safetensors]:  75%|███████▌  | 796M/1.04G [00:16<00:40, 6.92MB/s][A[A



Downloading [pytorch_model.bin]:  89%|████████▊ | 941M/1.04G [00:16<00:16, 7.43MB/s][A[A[A


Downloading [model.safetensors]:  75%|███████▌  | 797M/1.04G [00:16<00:40, 6.87MB/s][A[A


Downloading [model.safetensors]:  75%|███████▌  | 798M/1.04G [00:16<00:40, 6.85MB/s][A[A



Downloading [pytorch_model.bin]:  89%|████████▉ | 942M/1.04G [00:16<00:18, 6.77MB/s][A[A[A


Downloading [model.safetensors]:  75%|███████▌  | 799M/1.04G [00:17<00:39, 6.98MB/s][A[A



Downloading [pytorch_model.bin]:  89%|████████▉ | 943M/1.04G [00:17<00:19, 6.32MB/s][A[A[A


Downloading [model.safetensors]:  75%|███████▌  | 800M/1.04G [00:17<00:39, 6.93MB/s][A[A



Downloading [pytorch_model.bin]:  89%|████████▉ | 944M/1.04G [00:17<00:20, 5.98MB/s][A[A[A


Downloading [model.safetensors]:  76%|███████▌  | 801M/1.04G [00:17<00:39, 6.90MB/s][A[A


Downloading [model.safetensors]:  76%|███████▌  | 802M/1.04G [00:17<00:39, 6.92MB/s][A[A



Downloading [pytorch_model.bin]:  89%|████████▉ | 945M/1.04G [00:17<00:21, 5.76MB/s][A[A[A


Downloading [model.safetensors]:  76%|███████▌  | 803M/1.04G [00:17<00:38, 6.94MB/s][A[A



Downloading [pytorch_model.bin]:  89%|████████▉ | 946M/1.04G [00:17<00:21, 5.59MB/s][A[A[A


Downloading [model.safetensors]:  76%|███████▌  | 804M/1.04G [00:17<00:38, 6.97MB/s][A[A



Downloading [pytorch_model.bin]:  89%|████████▉ | 947M/1.04G [00:17<00:21, 5.49MB/s][A[A[A


Downloading [model.safetensors]:  76%|███████▌  | 805M/1.04G [00:18<00:38, 6.93MB/s][A[A


Downloading [model.safetensors]:  76%|███████▌  | 806M/1.04G [00:18<00:38, 6.89MB/s][A[A



Downloading [pytorch_model.bin]:  89%|████████▉ | 948M/1.04G [00:18<00:21, 5.42MB/s][A[A[A


Downloading [model.safetensors]:  76%|███████▌  | 807M/1.04G [00:18<00:38, 6.94MB/s][A[A



Downloading [pytorch_model.bin]:  89%|████████▉ | 949M/1.04G [00:18<00:21, 5.37MB/s][A[A[A


Downloading [model.safetensors]:  76%|███████▌  | 808M/1.04G [00:18<00:38, 6.91MB/s][A[A



Downloading [pytorch_model.bin]:  90%|████████▉ | 950M/1.04G [00:18<00:21, 5.28MB/s][A[A[A


Downloading [model.safetensors]:  76%|███████▋  | 809M/1.04G [00:18<00:38, 6.84MB/s][A[A


Downloading [model.safetensors]:  76%|███████▋  | 810M/1.04G [00:18<00:38, 6.80MB/s][A[A



Downloading [pytorch_model.bin]:  90%|████████▉ | 951M/1.04G [00:18<00:22, 5.18MB/s][A[A[A


Downloading [model.safetensors]:  76%|███████▋  | 811M/1.04G [00:18<00:36, 7.13MB/s][A[A


Downloading [model.safetensors]:  77%|███████▋  | 812M/1.04G [00:19<00:35, 7.45MB/s][A[A


Downloading [model.safetensors]:  77%|███████▋  | 813M/1.04G [00:19<00:37, 6.93MB/s][A[A



Downloading [pytorch_model.bin]:  90%|████████▉ | 952M/1.04G [00:19<00:31, 3.57MB/s][A[A[A


Downloading [model.safetensors]:  77%|███████▋  | 814M/1.04G [00:19<00:35, 7.21MB/s][A[A



Downloading [pytorch_model.bin]:  90%|████████▉ | 953M/1.04G [00:19<00:27, 4.13MB/s][A[A[A



Downloading [pytorch_model.bin]:  90%|████████▉ | 954M/1.04G [00:19<00:23, 4.79MB/s][A[A[A


Downloading [model.safetensors]:  77%|███████▋  | 815M/1.04G [00:19<00:49, 5.21MB/s][A[A



Downloading [pytorch_model.bin]:  90%|█████████ | 955M/1.04G [00:19<00:19, 5.64MB/s][A[A[A



Downloading [pytorch_model.bin]:  90%|█████████ | 956M/1.04G [00:19<00:17, 6.43MB/s][A[A[A


Downloading [model.safetensors]:  77%|███████▋  | 817M/1.04G [00:19<00:40, 6.37MB/s][A[A



Downloading [pytorch_model.bin]:  90%|█████████ | 957M/1.04G [00:19<00:17, 6.28MB/s][A[A[A


Downloading [model.safetensors]:  77%|███████▋  | 818M/1.04G [00:20<00:40, 6.27MB/s][A[A



Downloading [pytorch_model.bin]:  90%|█████████ | 958M/1.04G [00:20<00:17, 6.15MB/s][A[A[A


Downloading [model.safetensors]:  77%|███████▋  | 819M/1.04G [00:20<00:40, 6.26MB/s][A[A



Downloading [pytorch_model.bin]:  90%|█████████ | 959M/1.04G [00:20<00:17, 6.12MB/s][A[A[A


Downloading [model.safetensors]:  77%|███████▋  | 820M/1.04G [00:20<00:40, 6.17MB/s][A[A



Downloading [pytorch_model.bin]:  91%|█████████ | 960M/1.04G [00:20<00:17, 6.05MB/s][A[A[A


Downloading [model.safetensors]:  77%|███████▋  | 821M/1.04G [00:20<00:40, 6.20MB/s][A[A



Downloading [pytorch_model.bin]:  91%|█████████ | 961M/1.04G [00:20<00:17, 6.06MB/s][A[A[A


Downloading [model.safetensors]:  77%|███████▋  | 822M/1.04G [00:20<00:40, 6.20MB/s][A[A



Downloading [pytorch_model.bin]:  91%|█████████ | 962M/1.04G [00:20<00:17, 6.04MB/s][A[A[A


Downloading [model.safetensors]:  78%|███████▊  | 823M/1.04G [00:20<00:41, 6.07MB/s][A[A



Downloading [pytorch_model.bin]:  91%|█████████ | 963M/1.04G [00:21<00:16, 6.16MB/s][A[A[A


Downloading [model.safetensors]:  78%|███████▊  | 824M/1.04G [00:21<00:40, 6.09MB/s][A[A



Downloading [pytorch_model.bin]:  91%|█████████ | 964M/1.04G [00:21<00:16, 6.18MB/s][A[A[A


Downloading [model.safetensors]:  78%|███████▊  | 825M/1.04G [00:21<00:41, 6.01MB/s][A[A



Downloading [pytorch_model.bin]:  91%|█████████ | 965M/1.04G [00:21<00:16, 6.19MB/s][A[A[A


Downloading [model.safetensors]:  78%|███████▊  | 826M/1.04G [00:21<00:40, 6.00MB/s][A[A



Downloading [pytorch_model.bin]:  91%|█████████ | 966M/1.04G [00:21<00:16, 6.17MB/s][A[A[A


Downloading [model.safetensors]:  78%|███████▊  | 827M/1.04G [00:21<00:40, 6.00MB/s][A[A



Downloading [pytorch_model.bin]:  91%|█████████ | 967M/1.04G [00:21<00:15, 6.20MB/s][A[A[A


Downloading [model.safetensors]:  78%|███████▊  | 828M/1.04G [00:21<00:41, 5.92MB/s][A[A



Downloading [pytorch_model.bin]:  91%|█████████▏| 968M/1.04G [00:21<00:15, 6.20MB/s][A[A[A


Downloading [model.safetensors]:  78%|███████▊  | 829M/1.04G [00:22<00:40, 5.95MB/s][A[A



Downloading [pytorch_model.bin]:  91%|█████████▏| 969M/1.04G [00:22<00:15, 6.21MB/s][A[A[A


Downloading [model.safetensors]:  78%|███████▊  | 830M/1.04G [00:22<00:40, 5.96MB/s][A[A



Downloading [pytorch_model.bin]:  91%|█████████▏| 970M/1.04G [00:22<00:15, 6.22MB/s][A[A[A



Downloading [pytorch_model.bin]:  92%|█████████▏| 971M/1.04G [00:22<00:14, 6.63MB/s][A[A[A



Downloading [pytorch_model.bin]:  92%|█████████▏| 972M/1.04G [00:22<00:13, 6.92MB/s][A[A[A


Downloading [model.safetensors]:  78%|███████▊  | 831M/1.04G [00:22<00:50, 4.72MB/s][A[A



Downloading [pytorch_model.bin]:  92%|█████████▏| 973M/1.04G [00:22<00:12, 7.34MB/s][A[A[A



Downloading [pytorch_model.bin]:  92%|█████████▏| 974M/1.04G [00:22<00:11, 8.00MB/s][A[A[A


Downloading [model.safetensors]:  78%|███████▊  | 832M/1.04G [00:22<00:52, 4.53MB/s][A[A



Downloading [pytorch_model.bin]:  92%|█████████▏| 975M/1.04G [00:22<00:10, 8.19MB/s][A[A[A



Downloading [pytorch_model.bin]:  92%|█████████▏| 976M/1.04G [00:22<00:11, 7.98MB/s][A[A[A


Downloading [model.safetensors]:  79%|███████▊  | 833M/1.04G [00:23<00:53, 4.50MB/s][A[A



Downloading [pytorch_model.bin]:  92%|█████████▏| 977M/1.04G [00:23<00:10, 8.01MB/s][A[A[A



Downloading [pytorch_model.bin]:  92%|█████████▏| 978M/1.04G [00:23<00:10, 8.07MB/s][A[A[A


Downloading [model.safetensors]:  79%|███████▊  | 834M/1.04G [00:23<00:55, 4.30MB/s][A[A



Downloading [pytorch_model.bin]:  92%|█████████▏| 979M/1.04G [00:23<00:10, 8.08MB/s][A[A[A



Downloading [pytorch_model.bin]:  92%|█████████▏| 980M/1.04G [00:23<00:10, 7.97MB/s][A[A[A


Downloading [model.safetensors]:  79%|███████▊  | 835M/1.04G [00:23<00:55, 4.28MB/s][A[A



Downloading [pytorch_model.bin]:  92%|█████████▏| 981M/1.04G [00:23<00:10, 7.97MB/s][A[A[A



Downloading [pytorch_model.bin]:  93%|█████████▎| 982M/1.04G [00:23<00:10, 7.88MB/s][A[A[A


Downloading [model.safetensors]:  79%|███████▉  | 836M/1.04G [00:23<00:54, 4.30MB/s][A[A


Downloading [model.safetensors]:  79%|███████▉  | 837M/1.04G [00:23<00:50, 4.66MB/s][A[A



Downloading [pytorch_model.bin]:  93%|█████████▎| 983M/1.04G [00:24<00:13, 6.07MB/s][A[A[A


Downloading [model.safetensors]:  79%|███████▉  | 838M/1.04G [00:24<00:47, 4.95MB/s][A[A


Downloading [model.safetensors]:  79%|███████▉  | 839M/1.04G [00:24<00:42, 5.42MB/s][A[A



Downloading [pytorch_model.bin]:  93%|█████████▎| 984M/1.04G [00:24<00:15, 5.26MB/s][A[A[A


Downloading [model.safetensors]:  79%|███████▉  | 840M/1.04G [00:24<00:41, 5.64MB/s][A[A



Downloading [pytorch_model.bin]:  93%|█████████▎| 985M/1.04G [00:24<00:21, 3.70MB/s][A[A[A


Downloading [model.safetensors]:  79%|███████▉  | 841M/1.04G [00:24<00:50, 4.57MB/s][A[A


Downloading [model.safetensors]:  79%|███████▉  | 842M/1.04G [00:25<00:49, 4.66MB/s][A[A


Downloading [model.safetensors]:  79%|███████▉  | 843M/1.04G [00:25<00:44, 5.12MB/s][A[A


Downloading [model.safetensors]:  80%|███████▉  | 844M/1.04G [00:25<00:39, 5.72MB/s][A[A



Downloading [pytorch_model.bin]:  93%|█████████▎| 986M/1.04G [00:25<00:27, 2.82MB/s][A[A[A


Downloading [model.safetensors]:  80%|███████▉  | 845M/1.04G [00:25<00:35, 6.41MB/s][A[A



Downloading [pytorch_model.bin]:  93%|█████████▎| 987M/1.04G [00:25<00:21, 3.55MB/s][A[A[A


Downloading [model.safetensors]:  80%|███████▉  | 846M/1.04G [00:25<00:31, 7.13MB/s][A[A



Downloading [pytorch_model.bin]:  93%|█████████▎| 988M/1.04G [00:25<00:17, 4.41MB/s][A[A[A


Downloading [model.safetensors]:  80%|███████▉  | 847M/1.04G [00:25<00:33, 6.60MB/s][A[A



Downloading [pytorch_model.bin]:  93%|█████████▎| 990M/1.04G [00:25<00:12, 5.98MB/s][A[A[A


Downloading [model.safetensors]:  80%|███████▉  | 848M/1.04G [00:25<00:35, 6.25MB/s][A[A



Downloading [pytorch_model.bin]:  93%|█████████▎| 991M/1.04G [00:25<00:11, 6.10MB/s][A[A[A


Downloading [model.safetensors]:  80%|████████  | 849M/1.04G [00:26<00:36, 6.16MB/s][A[A



Downloading [pytorch_model.bin]:  94%|█████████▎| 992M/1.04G [00:26<00:11, 6.07MB/s][A[A[A


Downloading [model.safetensors]:  80%|████████  | 850M/1.04G [00:26<00:35, 6.28MB/s][A[A



Downloading [pytorch_model.bin]:  94%|█████████▎| 993M/1.04G [00:26<00:12, 5.77MB/s][A[A[A


Downloading [model.safetensors]:  80%|████████  | 851M/1.04G [00:26<00:34, 6.40MB/s][A[A



Downloading [pytorch_model.bin]:  94%|█████████▎| 994M/1.04G [00:26<00:12, 5.70MB/s][A[A[A


Downloading [model.safetensors]:  80%|████████  | 852M/1.04G [00:26<00:33, 6.44MB/s][A[A



Downloading [pytorch_model.bin]:  94%|█████████▍| 995M/1.04G [00:26<00:12, 5.64MB/s][A[A[A


Downloading [model.safetensors]:  80%|████████  | 853M/1.04G [00:26<00:33, 6.44MB/s][A[A


Downloading [model.safetensors]:  81%|████████  | 854M/1.04G [00:26<00:33, 6.44MB/s][A[A



Downloading [pytorch_model.bin]:  94%|█████████▍| 996M/1.04G [00:26<00:12, 5.65MB/s][A[A[A


Downloading [model.safetensors]:  81%|████████  | 855M/1.04G [00:27<00:34, 6.26MB/s][A[A



Downloading [pytorch_model.bin]:  94%|█████████▍| 997M/1.04G [00:27<00:11, 5.79MB/s][A[A[A



Downloading [pytorch_model.bin]:  94%|█████████▍| 998M/1.04G [00:27<00:11, 5.66MB/s][A[A[A



Downloading [pytorch_model.bin]:  94%|█████████▍| 999M/1.04G [00:27<00:10, 6.06MB/s][A[A[A


Downloading [model.safetensors]:  81%|████████  | 856M/1.04G [00:27<00:50, 4.29MB/s][A[A



Downloading [pytorch_model.bin]:  94%|█████████▍| 0.98G/1.04G [00:27<00:11, 5.53MB/s][A[A[A


Downloading [model.safetensors]:  81%|████████  | 857M/1.04G [00:27<00:52, 4.06MB/s][A[A



Downloading [pytorch_model.bin]:  94%|█████████▍| 0.98G/1.04G [00:27<00:10, 5.70MB/s][A[A[A



Downloading [pytorch_model.bin]:  94%|█████████▍| 0.98G/1.04G [00:27<00:10, 6.14MB/s][A[A[A


Downloading [model.safetensors]:  81%|████████  | 858M/1.04G [00:28<00:51, 4.16MB/s][A[A



Downloading [pytorch_model.bin]:  95%|█████████▍| 0.98G/1.04G [00:28<00:09, 6.43MB/s][A[A[A


Downloading [model.safetensors]:  81%|████████  | 859M/1.04G [00:28<00:48, 4.37MB/s][A[A



Downloading [pytorch_model.bin]:  95%|█████████▍| 0.98G/1.04G [00:28<00:09, 6.55MB/s][A[A[A



Downloading [pytorch_model.bin]:  95%|█████████▍| 0.98G/1.04G [00:28<00:08, 6.73MB/s][A[A[A


Downloading [model.safetensors]:  81%|████████  | 860M/1.04G [00:28<00:44, 4.71MB/s][A[A



Downloading [pytorch_model.bin]:  95%|█████████▍| 0.98G/1.04G [00:28<00:08, 6.51MB/s][A[A[A


Downloading [model.safetensors]:  81%|████████  | 861M/1.04G [00:28<00:42, 4.92MB/s][A[A



Downloading [pytorch_model.bin]:  95%|█████████▍| 0.98G/1.04G [00:28<00:08, 6.28MB/s][A[A[A


Downloading [model.safetensors]:  81%|████████▏ | 862M/1.04G [00:28<00:39, 5.25MB/s][A[A


Downloading [model.safetensors]:  81%|████████▏ | 863M/1.04G [00:28<00:36, 5.63MB/s][A[A



Downloading [pytorch_model.bin]:  95%|█████████▌| 0.98G/1.04G [00:28<00:09, 5.87MB/s][A[A[A


Downloading [model.safetensors]:  81%|████████▏ | 864M/1.04G [00:29<00:33, 6.19MB/s][A[A



Downloading [pytorch_model.bin]:  95%|█████████▌| 0.99G/1.04G [00:29<00:10, 5.08MB/s][A[A[A


Downloading [model.safetensors]:  82%|████████▏ | 865M/1.04G [00:29<00:34, 5.91MB/s][A[A



Downloading [pytorch_model.bin]:  95%|█████████▌| 0.99G/1.04G [00:29<00:09, 5.64MB/s][A[A[A


Downloading [model.safetensors]:  82%|████████▏ | 866M/1.04G [00:29<00:32, 6.34MB/s][A[A



Downloading [pytorch_model.bin]:  95%|█████████▌| 0.99G/1.04G [00:29<00:08, 6.06MB/s][A[A[A


Downloading [model.safetensors]:  82%|████████▏ | 867M/1.04G [00:29<00:32, 6.18MB/s][A[A



Downloading [pytorch_model.bin]:  95%|█████████▌| 0.99G/1.04G [00:29<00:08, 6.14MB/s][A[A[A


Downloading [model.safetensors]:  82%|████████▏ | 868M/1.04G [00:29<00:33, 6.10MB/s][A[A



Downloading [pytorch_model.bin]:  96%|█████████▌| 0.99G/1.04G [00:29<00:08, 6.19MB/s][A[A[A


Downloading [model.safetensors]:  82%|████████▏ | 869M/1.04G [00:29<00:33, 6.00MB/s][A[A



Downloading [pytorch_model.bin]:  96%|█████████▌| 0.99G/1.04G [00:29<00:07, 6.17MB/s][A[A[A


Downloading [model.safetensors]:  82%|████████▏ | 870M/1.04G [00:30<00:33, 5.89MB/s][A[A



Downloading [pytorch_model.bin]:  96%|█████████▌| 0.99G/1.04G [00:30<00:07, 6.29MB/s][A[A[A


Downloading [model.safetensors]:  82%|████████▏ | 871M/1.04G [00:30<00:32, 6.03MB/s][A[A



Downloading [pytorch_model.bin]:  96%|█████████▌| 0.99G/1.04G [00:30<00:07, 6.10MB/s][A[A[A


Downloading [model.safetensors]:  82%|████████▏ | 872M/1.04G [00:30<00:33, 5.98MB/s][A[A



Downloading [pytorch_model.bin]:  96%|█████████▌| 0.99G/1.04G [00:30<00:07, 6.31MB/s][A[A[A



Downloading [pytorch_model.bin]:  96%|█████████▌| 0.99G/1.04G [00:30<00:06, 6.46MB/s][A[A[A


Downloading [model.safetensors]:  82%|████████▏ | 873M/1.04G [00:30<00:34, 5.67MB/s][A[A



Downloading [pytorch_model.bin]:  96%|█████████▌| 1.00G/1.04G [00:30<00:06, 6.43MB/s][A[A[A


Downloading [model.safetensors]:  82%|████████▏ | 874M/1.04G [00:30<00:34, 5.74MB/s][A[A



Downloading [pytorch_model.bin]:  96%|█████████▌| 1.00G/1.04G [00:30<00:06, 6.46MB/s][A[A[A


Downloading [model.safetensors]:  82%|████████▏ | 875M/1.04G [00:31<00:34, 5.72MB/s][A[A



Downloading [pytorch_model.bin]:  96%|█████████▋| 1.00G/1.04G [00:31<00:06, 6.50MB/s][A[A[A


Downloading [model.safetensors]:  83%|████████▎ | 876M/1.04G [00:31<00:34, 5.65MB/s][A[A



Downloading [pytorch_model.bin]:  96%|█████████▋| 1.00G/1.04G [00:31<00:06, 6.57MB/s][A[A[A


Downloading [model.safetensors]:  83%|████████▎ | 877M/1.04G [00:31<00:34, 5.57MB/s][A[A



Downloading [pytorch_model.bin]:  96%|█████████▋| 1.00G/1.04G [00:31<00:05, 6.61MB/s][A[A[A


Downloading [model.safetensors]:  83%|████████▎ | 878M/1.04G [00:31<00:34, 5.52MB/s][A[A



Downloading [pytorch_model.bin]:  97%|█████████▋| 1.00G/1.04G [00:31<00:05, 6.62MB/s][A[A[A



Downloading [pytorch_model.bin]:  97%|█████████▋| 1.00G/1.04G [00:31<00:05, 6.64MB/s][A[A[A


Downloading [model.safetensors]:  83%|████████▎ | 879M/1.04G [00:31<00:34, 5.52MB/s][A[A



Downloading [pytorch_model.bin]:  97%|█████████▋| 1.00G/1.04G [00:31<00:05, 6.68MB/s][A[A[A


Downloading [model.safetensors]:  83%|████████▎ | 880M/1.04G [00:31<00:34, 5.42MB/s][A[A



Downloading [pytorch_model.bin]:  97%|█████████▋| 1.00G/1.04G [00:32<00:05, 6.65MB/s][A[A[A


Downloading [model.safetensors]:  83%|████████▎ | 881M/1.04G [00:32<00:34, 5.47MB/s][A[A



Downloading [pytorch_model.bin]:  97%|█████████▋| 1.00G/1.04G [00:32<00:05, 6.72MB/s][A[A[A


Downloading [model.safetensors]:  83%|████████▎ | 882M/1.04G [00:32<00:34, 5.46MB/s][A[A



Downloading [pytorch_model.bin]:  97%|█████████▋| 1.00G/1.04G [00:32<00:04, 6.67MB/s][A[A[A



Downloading [pytorch_model.bin]:  97%|█████████▋| 1.01G/1.04G [00:32<00:04, 6.77MB/s][A[A[A


Downloading [model.safetensors]:  83%|████████▎ | 883M/1.04G [00:32<00:34, 5.43MB/s][A[A



Downloading [pytorch_model.bin]:  97%|█████████▋| 1.01G/1.04G [00:32<00:04, 6.76MB/s][A[A[A


Downloading [model.safetensors]:  83%|████████▎ | 884M/1.04G [00:32<00:34, 5.40MB/s][A[A



Downloading [pytorch_model.bin]:  97%|█████████▋| 1.01G/1.04G [00:32<00:04, 6.75MB/s][A[A[A


Downloading [model.safetensors]:  83%|████████▎ | 885M/1.04G [00:32<00:33, 5.44MB/s][A[A



Downloading [pytorch_model.bin]:  97%|█████████▋| 1.01G/1.04G [00:32<00:04, 6.77MB/s][A[A[A


Downloading [model.safetensors]:  84%|████████▎ | 886M/1.04G [00:33<00:33, 5.40MB/s][A[A



Downloading [pytorch_model.bin]:  97%|█████████▋| 1.01G/1.04G [00:33<00:04, 6.77MB/s][A[A[A



Downloading [pytorch_model.bin]:  98%|█████████▊| 1.01G/1.04G [00:33<00:03, 6.77MB/s][A[A[A


Downloading [model.safetensors]:  84%|████████▎ | 887M/1.04G [00:33<00:33, 5.37MB/s][A[A



Downloading [pytorch_model.bin]:  98%|█████████▊| 1.01G/1.04G [00:33<00:03, 6.79MB/s][A[A[A


Downloading [model.safetensors]:  84%|████████▎ | 888M/1.04G [00:33<00:33, 5.44MB/s][A[A



Downloading [pytorch_model.bin]:  98%|█████████▊| 1.01G/1.04G [00:33<00:03, 6.80MB/s][A[A[A


Downloading [model.safetensors]:  84%|████████▍ | 889M/1.04G [00:33<00:33, 5.42MB/s][A[A



Downloading [pytorch_model.bin]:  98%|█████████▊| 1.01G/1.04G [00:33<00:03, 6.75MB/s][A[A[A


Downloading [model.safetensors]:  84%|████████▍ | 890M/1.04G [00:33<00:33, 5.41MB/s][A[A



Downloading [pytorch_model.bin]:  98%|█████████▊| 1.01G/1.04G [00:33<00:03, 6.67MB/s][A[A[A



Downloading [pytorch_model.bin]:  98%|█████████▊| 1.02G/1.04G [00:34<00:03, 6.76MB/s][A[A[A


Downloading [model.safetensors]:  84%|████████▍ | 891M/1.04G [00:34<00:32, 5.43MB/s][A[A



Downloading [pytorch_model.bin]:  98%|█████████▊| 1.02G/1.04G [00:34<00:03, 6.73MB/s][A[A[A


Downloading [model.safetensors]:  84%|████████▍ | 892M/1.04G [00:34<00:32, 5.44MB/s][A[A


Downloading [model.safetensors]:  84%|████████▍ | 893M/1.04G [00:34<00:30, 5.82MB/s][A[A



Downloading [pytorch_model.bin]:  98%|█████████▊| 1.02G/1.04G [00:34<00:03, 5.87MB/s][A[A[A


Downloading [model.safetensors]:  84%|████████▍ | 894M/1.04G [00:34<00:39, 4.43MB/s][A[A



Downloading [pytorch_model.bin]:  98%|█████████▊| 1.02G/1.04G [00:34<00:04, 4.10MB/s][A[A[A


Downloading [model.safetensors]:  84%|████████▍ | 895M/1.04G [00:34<00:33, 5.19MB/s][A[A


Downloading [model.safetensors]:  84%|████████▍ | 896M/1.04G [00:35<00:29, 5.90MB/s][A[A


Downloading [model.safetensors]:  85%|████████▍ | 897M/1.04G [00:35<00:31, 5.38MB/s][A[A



Downloading [pytorch_model.bin]:  98%|█████████▊| 1.02G/1.04G [00:35<00:04, 3.52MB/s][A[A[A



Downloading [pytorch_model.bin]:  99%|█████████▊| 1.02G/1.04G [00:35<00:03, 4.29MB/s][A[A[A


Downloading [model.safetensors]:  85%|████████▍ | 898M/1.04G [00:35<00:31, 5.41MB/s][A[A



Downloading [pytorch_model.bin]:  99%|█████████▊| 1.02G/1.04G [00:35<00:02, 5.18MB/s][A[A[A


Downloading [model.safetensors]:  85%|████████▍ | 899M/1.04G [00:35<00:29, 5.79MB/s][A[A


Downloading [model.safetensors]:  85%|████████▍ | 900M/1.04G [00:35<00:26, 6.27MB/s][A[A



Downloading [pytorch_model.bin]:  99%|█████████▉| 1.02G/1.04G [00:35<00:02, 5.65MB/s][A[A[A


Downloading [model.safetensors]:  85%|████████▍ | 901M/1.04G [00:35<00:23, 7.03MB/s][A[A


Downloading [model.safetensors]:  85%|████████▌ | 902M/1.04G [00:35<00:21, 7.62MB/s][A[A


Downloading [model.safetensors]:  85%|████████▌ | 903M/1.04G [00:36<00:20, 8.02MB/s][A[A



Downloading [pytorch_model.bin]:  99%|█████████▉| 1.02G/1.04G [00:36<00:02, 4.63MB/s][A[A[A


Downloading [model.safetensors]:  85%|████████▌ | 904M/1.04G [00:36<00:20, 8.17MB/s][A[A


Downloading [model.safetensors]:  85%|████████▌ | 905M/1.04G [00:36<00:20, 7.80MB/s][A[A



Downloading [pytorch_model.bin]:  99%|█████████▉| 1.03G/1.04G [00:36<00:02, 4.70MB/s][A[A[A


Downloading [model.safetensors]:  85%|████████▌ | 906M/1.04G [00:36<00:22, 7.27MB/s][A[A



Downloading [pytorch_model.bin]:  99%|█████████▉| 1.03G/1.04G [00:36<00:02, 4.96MB/s][A[A[A


Downloading [model.safetensors]:  86%|████████▌ | 907M/1.04G [00:36<00:23, 6.96MB/s][A[A



Downloading [pytorch_model.bin]:  99%|█████████▉| 1.03G/1.04G [00:36<00:01, 5.22MB/s][A[A[A


Downloading [model.safetensors]:  86%|████████▌ | 908M/1.04G [00:36<00:23, 6.84MB/s][A[A


Downloading [model.safetensors]:  86%|████████▌ | 909M/1.04G [00:36<00:20, 7.63MB/s][A[A


Downloading [model.safetensors]:  86%|████████▌ | 910M/1.04G [00:37<00:19, 8.06MB/s][A[A



Downloading [pytorch_model.bin]:  99%|█████████▉| 1.03G/1.04G [00:37<00:01, 4.42MB/s][A[A[A


Downloading [model.safetensors]:  86%|████████▌ | 911M/1.04G [00:37<00:23, 6.63MB/s][A[A



Downloading [pytorch_model.bin]:  99%|█████████▉| 1.03G/1.04G [00:37<00:01, 3.92MB/s][A[A[A


Downloading [model.safetensors]:  86%|████████▌ | 912M/1.04G [00:37<00:29, 5.24MB/s][A[A



Downloading [pytorch_model.bin]:  99%|█████████▉| 1.03G/1.04G [00:37<00:01, 3.97MB/s][A[A[A


Downloading [model.safetensors]:  86%|████████▌ | 913M/1.04G [00:37<00:29, 5.28MB/s][A[A


Downloading [model.safetensors]:  86%|████████▌ | 914M/1.04G [00:37<00:27, 5.70MB/s][A[A



Downloading [pytorch_model.bin]: 100%|█████████▉| 1.03G/1.04G [00:38<00:01, 3.40MB/s][A[A[A



Downloading [pytorch_model.bin]: 100%|█████████▉| 1.03G/1.04G [00:38<00:00, 5.22MB/s][A[A[A


Downloading [model.safetensors]:  86%|████████▋ | 915M/1.04G [00:38<00:37, 4.04MB/s][A[A



Downloading [pytorch_model.bin]: 100%|█████████▉| 1.03G/1.04G [00:38<00:00, 4.75MB/s][A[A[A


Downloading [model.safetensors]:  86%|████████▋ | 917M/1.04G [00:38<00:30, 4.95MB/s][A[A



Downloading [pytorch_model.bin]: 100%|█████████▉| 1.04G/1.04G [00:38<00:00, 4.35MB/s][A[A[A


Downloading [model.safetensors]:  87%|████████▋ | 918M/1.04G [00:38<00:29, 5.15MB/s][A[A



Downloading [pytorch_model.bin]: 100%|██████████| 1.04G/1.04G [00:39<00:00, 4.38MB/s][A[A[A
Downloading [pytorch_model.bin]: 100%|██████████| 1.04G/1.04G [00:39<00:00, 28.5MB/s]



Downloading [model.safetensors]:  87%|████████▋ | 919M/1.04G [00:39<00:28, 5.19MB/s][A[A


Downloading [model.safetensors]:  87%|████████▋ | 920M/1.04G [00:39<00:31, 4.69MB/s][A[A
Processing 3 items:  67%|██████▋   | 2.00/3.00 [00:39<00:21, 21.5s/it]


Downloading [model.safetensors]:  87%|████████▋ | 921M/1.04G [00:39<00:33, 4.43MB/s][A[A


Downloading [model.safetensors]:  87%|████████▋ | 922M/1.04G [00:40<01:16, 1.91MB/s][A[A


Downloading [model.safetensors]:  87%|████████▋ | 923M/1.04G [00:46<04:42, 511kB/s] [A[A


Downloading [model.safetensors]:  87%|████████▋ | 924M/1.04G [00:46<03:30, 682kB/s][A[A


Downloading [model.safetensors]:  87%|████████▋ | 925M/1.04G [00:47<02:52, 825kB/s][A[A


Downloading [model.safetensors]:  87%|████████▋ | 927M/1.04G [00:48<01:44, 1.34MB/s][A[A


Downloading [model.safetensors]:  88%|████████▊ | 929M/1.04G [00:48<01:06, 2.08MB/s][A[A


Downloading [model.safetensors]:  88%|████████▊ | 930M/1.04G [00:48<00:59, 2.31MB/s][A[A


Downloading [model.safetensors]:  88%|████████▊ | 931M/1.04G [00:48<00:51, 2.66MB/s][A[A


Downloading [model.safetensors]:  88%|████████▊ | 932M/1.04G [00:48<00:43, 3.13MB/s][A[A


Downloading [model.safetensors]:  88%|████████▊ | 933M/1.04G [00:48<00:35, 3.73MB/s][A[A


Downloading [model.safetensors]:  88%|████████▊ | 934M/1.04G [00:49<00:30, 4.32MB/s][A[A


Downloading [model.safetensors]:  88%|████████▊ | 935M/1.04G [00:49<00:27, 4.73MB/s][A[A


Downloading [model.safetensors]:  88%|████████▊ | 936M/1.04G [00:49<00:24, 5.23MB/s][A[A


Downloading [model.safetensors]:  88%|████████▊ | 937M/1.04G [00:49<00:21, 5.94MB/s][A[A


Downloading [model.safetensors]:  88%|████████▊ | 938M/1.04G [00:49<00:19, 6.71MB/s][A[A


Downloading [model.safetensors]:  89%|████████▊ | 940M/1.04G [00:49<00:14, 8.68MB/s][A[A


Downloading [model.safetensors]:  89%|████████▉ | 942M/1.04G [00:49<00:13, 9.51MB/s][A[A


Downloading [model.safetensors]:  89%|████████▉ | 943M/1.04G [00:50<00:16, 7.62MB/s][A[A


Downloading [model.safetensors]:  89%|████████▉ | 944M/1.04G [00:50<00:16, 7.30MB/s][A[A


Downloading [model.safetensors]:  89%|████████▉ | 945M/1.04G [00:50<00:16, 7.27MB/s][A[A


Downloading [model.safetensors]:  89%|████████▉ | 946M/1.04G [00:50<00:19, 6.02MB/s][A[A


Downloading [model.safetensors]:  89%|████████▉ | 947M/1.04G [00:51<00:21, 5.62MB/s][A[A


Downloading [model.safetensors]:  89%|████████▉ | 948M/1.04G [00:51<00:21, 5.55MB/s][A[A


Downloading [model.safetensors]:  89%|████████▉ | 949M/1.04G [00:51<00:21, 5.42MB/s][A[A


Downloading [model.safetensors]:  90%|████████▉ | 950M/1.04G [00:51<00:23, 4.90MB/s][A[A


Downloading [model.safetensors]:  90%|████████▉ | 951M/1.04G [00:51<00:22, 5.19MB/s][A[A


Downloading [model.safetensors]:  90%|████████▉ | 952M/1.04G [00:52<00:22, 5.10MB/s][A[A


Downloading [model.safetensors]:  90%|████████▉ | 953M/1.04G [00:52<00:22, 5.12MB/s][A[A


Downloading [model.safetensors]:  90%|████████▉ | 954M/1.04G [00:52<00:20, 5.51MB/s][A[A


Downloading [model.safetensors]:  90%|█████████ | 955M/1.04G [00:52<00:18, 5.89MB/s][A[A


Downloading [model.safetensors]:  90%|█████████ | 956M/1.04G [00:52<00:22, 4.90MB/s][A[A


Downloading [model.safetensors]:  90%|█████████ | 957M/1.04G [00:53<00:21, 4.95MB/s][A[A


Downloading [model.safetensors]:  90%|█████████ | 958M/1.04G [00:53<00:20, 5.15MB/s][A[A


Downloading [model.safetensors]:  90%|█████████ | 959M/1.04G [00:53<00:28, 3.72MB/s][A[A


Downloading [model.safetensors]:  91%|█████████ | 960M/1.04G [00:54<00:28, 3.69MB/s][A[A


Downloading [model.safetensors]:  91%|█████████ | 961M/1.04G [00:54<00:26, 3.98MB/s][A[A


Downloading [model.safetensors]:  91%|█████████ | 962M/1.04G [00:54<00:24, 4.30MB/s][A[A


Downloading [model.safetensors]:  91%|█████████ | 963M/1.04G [00:54<00:22, 4.52MB/s][A[A


Downloading [model.safetensors]:  91%|█████████ | 964M/1.04G [00:54<00:20, 4.92MB/s][A[A


Downloading [model.safetensors]:  91%|█████████ | 965M/1.04G [00:55<00:20, 4.84MB/s][A[A


Downloading [model.safetensors]:  91%|█████████ | 966M/1.04G [00:55<00:20, 4.89MB/s][A[A


Downloading [model.safetensors]:  91%|█████████ | 967M/1.04G [00:55<00:18, 5.25MB/s][A[A


Downloading [model.safetensors]:  91%|█████████▏| 968M/1.04G [00:55<00:16, 5.89MB/s][A[A


Downloading [model.safetensors]:  91%|█████████▏| 969M/1.04G [00:55<00:14, 6.59MB/s][A[A


Downloading [model.safetensors]:  91%|█████████▏| 970M/1.04G [00:55<00:13, 7.25MB/s][A[A


Downloading [model.safetensors]:  92%|█████████▏| 972M/1.04G [00:55<00:10, 8.73MB/s][A[A


Downloading [model.safetensors]:  92%|█████████▏| 973M/1.04G [00:56<00:11, 8.22MB/s][A[A


Downloading [model.safetensors]:  92%|█████████▏| 974M/1.04G [00:56<00:12, 7.09MB/s][A[A


Downloading [model.safetensors]:  92%|█████████▏| 975M/1.04G [00:56<00:14, 6.34MB/s][A[A


Downloading [model.safetensors]:  92%|█████████▏| 976M/1.04G [00:56<00:15, 5.84MB/s][A[A


Downloading [model.safetensors]:  92%|█████████▏| 977M/1.04G [00:57<00:21, 4.02MB/s][A[A


Downloading [model.safetensors]:  92%|█████████▏| 978M/1.04G [00:57<00:22, 3.77MB/s][A[A


Downloading [model.safetensors]:  92%|█████████▏| 979M/1.04G [00:57<00:22, 3.79MB/s][A[A


Downloading [model.safetensors]:  92%|█████████▏| 980M/1.04G [00:58<00:21, 3.88MB/s][A[A


Downloading [model.safetensors]:  92%|█████████▏| 981M/1.04G [00:58<00:22, 3.70MB/s][A[A


Downloading [model.safetensors]:  93%|█████████▎| 982M/1.04G [00:58<00:27, 3.06MB/s][A[A


Downloading [model.safetensors]:  93%|█████████▎| 983M/1.04G [00:59<00:24, 3.35MB/s][A[A


Downloading [model.safetensors]:  93%|█████████▎| 984M/1.04G [00:59<00:21, 3.69MB/s][A[A


Downloading [model.safetensors]:  93%|█████████▎| 985M/1.04G [00:59<00:19, 4.08MB/s][A[A


Downloading [model.safetensors]:  93%|█████████▎| 986M/1.04G [00:59<00:19, 4.10MB/s][A[A


Downloading [model.safetensors]:  93%|█████████▎| 987M/1.04G [00:59<00:17, 4.51MB/s][A[A


Downloading [model.safetensors]:  93%|█████████▎| 988M/1.04G [01:00<00:14, 5.12MB/s][A[A


Downloading [model.safetensors]:  93%|█████████▎| 989M/1.04G [01:00<00:13, 5.38MB/s][A[A


Downloading [model.safetensors]:  93%|█████████▎| 990M/1.04G [01:00<00:12, 5.76MB/s][A[A


Downloading [model.safetensors]:  93%|█████████▎| 991M/1.04G [01:00<00:11, 6.35MB/s][A[A


Downloading [model.safetensors]:  94%|█████████▎| 992M/1.04G [01:00<00:10, 7.00MB/s][A[A


Downloading [model.safetensors]:  94%|█████████▎| 994M/1.04G [01:00<00:09, 7.54MB/s][A[A


Downloading [model.safetensors]:  94%|█████████▍| 995M/1.04G [01:01<00:09, 6.96MB/s][A[A


Downloading [model.safetensors]:  94%|█████████▍| 996M/1.04G [01:01<00:16, 4.22MB/s][A[A


Downloading [model.safetensors]:  94%|█████████▍| 997M/1.04G [01:01<00:15, 4.27MB/s][A[A


Downloading [model.safetensors]:  94%|█████████▍| 998M/1.04G [01:02<00:16, 4.07MB/s][A[A


Downloading [model.safetensors]:  94%|█████████▍| 999M/1.04G [01:02<00:14, 4.32MB/s][A[A


Downloading [model.safetensors]:  94%|█████████▍| 0.98G/1.04G [01:02<00:12, 4.94MB/s][A[A


Downloading [model.safetensors]:  94%|█████████▍| 0.98G/1.04G [01:02<00:11, 5.63MB/s][A[A


Downloading [model.safetensors]:  94%|█████████▍| 0.98G/1.04G [01:02<00:09, 6.36MB/s][A[A


Downloading [model.safetensors]:  95%|█████████▍| 0.98G/1.04G [01:02<00:08, 7.05MB/s][A[A


Downloading [model.safetensors]:  95%|█████████▍| 0.98G/1.04G [01:02<00:08, 7.07MB/s][A[A


Downloading [model.safetensors]:  95%|█████████▍| 0.98G/1.04G [01:03<00:08, 6.61MB/s][A[A


Downloading [model.safetensors]:  95%|█████████▍| 0.98G/1.04G [01:03<00:09, 6.18MB/s][A[A


Downloading [model.safetensors]:  95%|█████████▍| 0.98G/1.04G [01:03<00:11, 4.76MB/s][A[A


Downloading [model.safetensors]:  95%|█████████▌| 0.98G/1.04G [01:03<00:11, 4.64MB/s][A[A


Downloading [model.safetensors]:  95%|█████████▌| 0.99G/1.04G [01:04<00:11, 4.67MB/s][A[A


Downloading [model.safetensors]:  95%|█████████▌| 0.99G/1.04G [01:04<00:10, 4.97MB/s][A[A


Downloading [model.safetensors]:  95%|█████████▌| 0.99G/1.04G [01:04<00:12, 4.22MB/s][A[A


Downloading [model.safetensors]:  95%|█████████▌| 0.99G/1.04G [01:04<00:11, 4.42MB/s][A[A


Downloading [model.safetensors]:  96%|█████████▌| 0.99G/1.04G [01:05<00:10, 4.90MB/s][A[A


Downloading [model.safetensors]:  96%|█████████▌| 0.99G/1.04G [01:05<00:09, 5.43MB/s][A[A


Downloading [model.safetensors]:  96%|█████████▌| 0.99G/1.04G [01:05<00:07, 6.11MB/s][A[A


Downloading [model.safetensors]:  96%|█████████▌| 0.99G/1.04G [01:05<00:07, 6.39MB/s][A[A


Downloading [model.safetensors]:  96%|█████████▌| 0.99G/1.04G [01:05<00:07, 6.43MB/s][A[A


Downloading [model.safetensors]:  96%|█████████▌| 0.99G/1.04G [01:05<00:06, 6.63MB/s][A[A


Downloading [model.safetensors]:  96%|█████████▌| 1.00G/1.04G [01:05<00:06, 6.70MB/s][A[A


Downloading [model.safetensors]:  96%|█████████▌| 1.00G/1.04G [01:06<00:06, 6.70MB/s][A[A


Downloading [model.safetensors]:  96%|█████████▋| 1.00G/1.04G [01:06<00:05, 7.02MB/s][A[A


Downloading [model.safetensors]:  96%|█████████▋| 1.00G/1.04G [01:06<00:05, 7.23MB/s][A[A


Downloading [model.safetensors]:  96%|█████████▋| 1.00G/1.04G [01:06<00:04, 7.91MB/s][A[A


Downloading [model.safetensors]:  97%|█████████▋| 1.00G/1.04G [01:06<00:04, 8.83MB/s][A[A


Downloading [model.safetensors]:  97%|█████████▋| 1.00G/1.04G [01:06<00:04, 8.81MB/s][A[A


Downloading [model.safetensors]:  97%|█████████▋| 1.00G/1.04G [01:06<00:03, 8.98MB/s][A[A


Downloading [model.safetensors]:  97%|█████████▋| 1.00G/1.04G [01:06<00:04, 8.39MB/s][A[A


Downloading [model.safetensors]:  97%|█████████▋| 1.00G/1.04G [01:07<00:04, 8.15MB/s][A[A


Downloading [model.safetensors]:  97%|█████████▋| 1.01G/1.04G [01:07<00:04, 7.96MB/s][A[A


Downloading [model.safetensors]:  97%|█████████▋| 1.01G/1.04G [01:07<00:04, 7.61MB/s][A[A


Downloading [model.safetensors]:  97%|█████████▋| 1.01G/1.04G [01:07<00:04, 6.26MB/s][A[A


Downloading [model.safetensors]:  97%|█████████▋| 1.01G/1.04G [01:07<00:05, 5.13MB/s][A[A


Downloading [model.safetensors]:  97%|█████████▋| 1.01G/1.04G [01:08<00:05, 5.02MB/s][A[A


Downloading [model.safetensors]:  98%|█████████▊| 1.01G/1.04G [01:08<00:06, 4.16MB/s][A[A


Downloading [model.safetensors]:  98%|█████████▊| 1.01G/1.04G [01:08<00:06, 4.14MB/s][A[A


Downloading [model.safetensors]:  98%|█████████▊| 1.01G/1.04G [01:09<00:05, 4.23MB/s][A[A


Downloading [model.safetensors]:  98%|█████████▊| 1.01G/1.04G [01:09<00:05, 3.98MB/s][A[A


Downloading [model.safetensors]:  98%|█████████▊| 1.01G/1.04G [01:09<00:05, 4.22MB/s][A[A


Downloading [model.safetensors]:  98%|█████████▊| 1.02G/1.04G [01:09<00:04, 4.62MB/s][A[A


Downloading [model.safetensors]:  98%|█████████▊| 1.02G/1.04G [01:09<00:03, 5.35MB/s][A[A


Downloading [model.safetensors]:  98%|█████████▊| 1.02G/1.04G [01:09<00:03, 6.10MB/s][A[A


Downloading [model.safetensors]:  98%|█████████▊| 1.02G/1.04G [01:10<00:02, 6.93MB/s][A[A


Downloading [model.safetensors]:  99%|█████████▊| 1.02G/1.04G [01:10<00:01, 8.50MB/s][A[A


Downloading [model.safetensors]:  99%|█████████▊| 1.02G/1.04G [01:10<00:01, 9.75MB/s][A[A


Downloading [model.safetensors]:  99%|█████████▉| 1.02G/1.04G [01:10<00:01, 9.79MB/s][A[A


Downloading [model.safetensors]:  99%|█████████▉| 1.02G/1.04G [01:10<00:01, 8.78MB/s][A[A


Downloading [model.safetensors]:  99%|█████████▉| 1.03G/1.04G [01:10<00:01, 8.50MB/s][A[A


Downloading [model.safetensors]:  99%|█████████▉| 1.03G/1.04G [01:11<00:01, 7.11MB/s][A[A


Downloading [model.safetensors]:  99%|█████████▉| 1.03G/1.04G [01:11<00:01, 6.08MB/s][A[A


Downloading [model.safetensors]:  99%|█████████▉| 1.03G/1.04G [01:11<00:01, 4.46MB/s][A[A


Downloading [model.safetensors]:  99%|█████████▉| 1.03G/1.04G [01:11<00:01, 4.22MB/s][A[A


Downloading [model.safetensors]:  99%|█████████▉| 1.03G/1.04G [01:12<00:01, 4.61MB/s][A[A


Downloading [model.safetensors]: 100%|█████████▉| 1.03G/1.04G [01:12<00:00, 5.19MB/s][A[A


Downloading [model.safetensors]: 100%|█████████▉| 1.03G/1.04G [01:12<00:00, 5.75MB/s][A[A


Downloading [model.safetensors]: 100%|█████████▉| 1.03G/1.04G [01:12<00:00, 6.12MB/s][A[A


Downloading [model.safetensors]: 100%|█████████▉| 1.03G/1.04G [01:12<00:00, 6.45MB/s][A[A


Downloading [model.safetensors]: 100%|█████████▉| 1.04G/1.04G [01:12<00:00, 6.43MB/s][A[A
Downloading [model.safetensors]: 100%|██████████| 1.04G/1.04G [01:12<00:00, 15.3MB/s]

Processing 3 items: 100%|██████████| 3.00/3.00 [01:13<00:00, 27.1s/it]
Processing 3 items: 100%|██████████| 3.00/3.00 [01:13<00:00, 24.5s/it]
2026-04-17 00:41:01,502 - modelscope - INFO - Download model 'BAAI/bge-reranker-base' successfully.
[train_reranker] model source: modelscope -> C:\Users\lzjia\.cache\modelscope\BAAI\bge-reranker-base

Loading weights:   0%|          | 0/201 [00:00<?, ?it/s]
Loading weights: 100%|██████████| 201/201 [00:00<00:00, 12224.04it/s]
[1mXLMRobertaForSequenceClassification LOAD REPORT[0m from: C:\Users\lzjia\.cache\modelscope\BAAI\bge-reranker-base
Key                             | Status     |  | 
--------------------------------+------------+--+-
roberta.embeddings.position_ids | UNEXPECTED |  | 

Notes:
- UNEXPECTED:	can be ignored when loading from different task/architecture; not ok if you expect identical arch.

  0%|          | 0/664 [00:00<?, ?it/s]
  0%|          | 1/664 [00:00<03:35,  3.08it/s]
  0%|          | 3/664 [00:00<01:26,  7.63it/s]
  1%|          | 5/664 [00:00<01:08,  9.67it/s]
  1%|          | 7/664 [00:00<00:58, 11.14it/s]
  1%|▏         | 9/664 [00:00<00:55, 11.83it/s]
  2%|▏         | 11/664 [00:01<00:52, 12.48it/s]
  2%|▏         | 13/664 [00:01<00:49, 13.10it/s]
  2%|▏         | 15/664 [00:01<00:47, 13.61it/s]
  3%|▎         | 17/664 [00:01<00:46, 13.79it/s]
  3%|▎         | 19/664 [00:01<00:46, 13.95it/s]
  3%|▎         | 21/664 [00:01<00:45, 14.01it/s]
  3%|▎         | 23/664 [00:01<00:45, 14.11it/s]
  4%|▍         | 25/664 [00:02<00:45, 14.18it/s]
  4%|▍         | 27/664 [00:02<00:44, 14.22it/s]
  4%|▍         | 29/664 [00:02<00:43, 14.47it/s]
  5%|▍         | 31/664 [00:02<00:43, 14.46it/s]
  5%|▍         | 33/664 [00:02<00:43, 14.39it/s]
  5%|▌         | 35/664 [00:02<00:44, 14.30it/s]
  6%|▌         | 37/664 [00:02<00:43, 14.33it/s]
  6%|▌         | 39/664 [00:02<00:44, 14.18it/s]
  6%|▌         | 41/664 [00:03<00:43, 14.25it/s]
  6%|▋         | 43/664 [00:03<00:43, 14.28it/s]
  7%|▋         | 45/664 [00:03<00:43, 14.26it/s]
  7%|▋         | 47/664 [00:03<00:43, 14.28it/s]
  7%|▋         | 49/664 [00:03<00:43, 14.13it/s]
  8%|▊         | 51/664 [00:03<00:43, 14.01it/s]
  8%|▊         | 53/664 [00:03<00:43, 14.17it/s]
  8%|▊         | 55/664 [00:04<00:43, 14.00it/s]
  9%|▊         | 57/664 [00:04<00:43, 13.98it/s]
  9%|▉         | 59/664 [00:04<00:43, 13.84it/s]
  9%|▉         | 61/664 [00:04<00:43, 13.83it/s]
  9%|▉         | 63/664 [00:04<00:42, 14.07it/s]
 10%|▉         | 65/664 [00:04<00:42, 14.02it/s]
 10%|█         | 67/664 [00:04<00:42, 14.17it/s]
 10%|█         | 69/664 [00:05<00:43, 13.80it/s]
 11%|█         | 71/664 [00:05<00:42, 13.94it/s]
 11%|█         | 73/664 [00:05<00:41, 14.17it/s]
 11%|█▏        | 75/664 [00:05<00:41, 14.21it/s]
 12%|█▏        | 77/664 [00:05<00:41, 14.28it/s]
 12%|█▏        | 79/664 [00:05<00:41, 14.14it/s]
 12%|█▏        | 81/664 [00:05<00:41, 14.12it/s]
 12%|█▎        | 83/664 [00:06<00:41, 14.14it/s]
 13%|█▎        | 85/664 [00:06<00:41, 14.05it/s]
 13%|█▎        | 87/664 [00:06<00:40, 14.18it/s]
 13%|█▎        | 89/664 [00:06<00:40, 14.17it/s]
 14%|█▎        | 91/664 [00:06<00:40, 14.17it/s]
 14%|█▍        | 93/664 [00:06<00:40, 14.23it/s]
 14%|█▍        | 95/664 [00:06<00:40, 14.16it/s]
 15%|█▍        | 97/664 [00:07<00:40, 14.04it/s]
 15%|█▍        | 99/664 [00:07<00:39, 14.13it/s]
 15%|█▌        | 101/664 [00:07<00:40, 13.85it/s]
 16%|█▌        | 103/664 [00:07<00:39, 14.27it/s]
 16%|█▌        | 105/664 [00:07<00:39, 14.25it/s]
 16%|█▌        | 107/664 [00:07<00:38, 14.36it/s]
 16%|█▋        | 109/664 [00:07<00:38, 14.39it/s]
 17%|█▋        | 111/664 [00:08<00:39, 14.07it/s]
 17%|█▋        | 113/664 [00:08<00:38, 14.20it/s]
 17%|█▋        | 115/664 [00:08<00:39, 14.05it/s]
 18%|█▊        | 117/664 [00:08<00:38, 14.14it/s]
 18%|█▊        | 119/664 [00:08<00:37, 14.51it/s]
 18%|█▊        | 121/664 [00:08<00:38, 14.24it/s]
 19%|█▊        | 123/664 [00:08<00:38, 13.94it/s]
 19%|█▉        | 125/664 [00:09<00:38, 14.10it/s]
 19%|█▉        | 127/664 [00:09<00:37, 14.22it/s]
 19%|█▉        | 129/664 [00:09<00:38, 14.00it/s]
 20%|█▉        | 131/664 [00:09<00:37, 14.03it/s]
 20%|██        | 133/664 [00:09<00:37, 14.09it/s]
 20%|██        | 135/664 [00:09<00:36, 14.31it/s]
 21%|██        | 137/664 [00:09<00:36, 14.29it/s]
 21%|██        | 139/664 [00:10<00:36, 14.43it/s]
 21%|██        | 141/664 [00:10<00:36, 14.47it/s]
 22%|██▏       | 143/664 [00:10<00:36, 14.39it/s]
 22%|██▏       | 145/664 [00:10<00:35, 14.52it/s]
 22%|██▏       | 147/664 [00:10<00:35, 14.48it/s]
 22%|██▏       | 149/664 [00:10<00:35, 14.41it/s]
 23%|██▎       | 151/664 [00:10<00:35, 14.46it/s]
 23%|██▎       | 153/664 [00:11<00:35, 14.52it/s]
 23%|██▎       | 155/664 [00:11<00:35, 14.42it/s]
 24%|██▎       | 157/664 [00:11<00:35, 14.45it/s]
 24%|██▍       | 159/664 [00:11<00:35, 14.29it/s]
 24%|██▍       | 161/664 [00:11<00:34, 14.66it/s]
 25%|██▍       | 163/664 [00:11<00:34, 14.53it/s]
 25%|██▍       | 165/664 [00:11<00:34, 14.43it/s]
 25%|██▌       | 167/664 [00:11<00:34, 14.57it/s]
 25%|██▌       | 169/664 [00:12<00:33, 14.56it/s]
 26%|██▌       | 171/664 [00:12<00:34, 14.26it/s]
 26%|██▌       | 173/664 [00:12<00:34, 14.35it/s]
 26%|██▋       | 175/664 [00:12<00:34, 14.20it/s]
 27%|██▋       | 177/664 [00:12<00:34, 14.20it/s]
 27%|██▋       | 179/664 [00:12<00:34, 13.95it/s]
 27%|██▋       | 181/664 [00:12<00:34, 13.96it/s]
 28%|██▊       | 183/664 [00:13<00:33, 14.27it/s]
 28%|██▊       | 185/664 [00:13<00:33, 14.43it/s]
 28%|██▊       | 187/664 [00:13<00:34, 13.86it/s]
 28%|██▊       | 189/664 [00:13<00:33, 14.12it/s]
 29%|██▉       | 191/664 [00:13<00:32, 14.35it/s]
 29%|██▉       | 193/664 [00:13<00:32, 14.42it/s]
 29%|██▉       | 195/664 [00:13<00:33, 14.18it/s]
 30%|██▉       | 197/664 [00:14<00:33, 14.07it/s]
 30%|██▉       | 199/664 [00:14<00:32, 14.17it/s]
 30%|███       | 201/664 [00:14<00:32, 14.22it/s]
 31%|███       | 203/664 [00:14<00:32, 14.08it/s]
 31%|███       | 205/664 [00:14<00:32, 14.08it/s]
 31%|███       | 207/664 [00:14<00:32, 14.14it/s]
 31%|███▏      | 209/664 [00:14<00:31, 14.26it/s]
 32%|███▏      | 211/664 [00:15<00:31, 14.25it/s]
 32%|███▏      | 213/664 [00:15<00:31, 14.21it/s]
 32%|███▏      | 215/664 [00:15<00:32, 13.97it/s]
 33%|███▎      | 217/664 [00:15<00:31, 14.06it/s]
 33%|███▎      | 219/664 [00:15<00:31, 14.13it/s]
 33%|███▎      | 221/664 [00:15<00:31, 14.27it/s]
 34%|███▎      | 223/664 [00:15<00:31, 14.11it/s]
 34%|███▍      | 225/664 [00:16<00:31, 14.11it/s]
 34%|███▍      | 227/664 [00:16<00:30, 14.30it/s]
 34%|███▍      | 229/664 [00:16<00:30, 14.31it/s]
 35%|███▍      | 231/664 [00:16<00:30, 14.34it/s]
 35%|███▌      | 233/664 [00:16<00:29, 14.37it/s]
 35%|███▌      | 235/664 [00:16<00:29, 14.37it/s]
 36%|███▌      | 237/664 [00:16<00:30, 14.22it/s]
 36%|███▌      | 239/664 [00:17<00:29, 14.32it/s]
 36%|███▋      | 241/664 [00:17<00:29, 14.15it/s]
 37%|███▋      | 243/664 [00:17<00:29, 14.25it/s]
 37%|███▋      | 245/664 [00:17<00:29, 14.15it/s]
 37%|███▋      | 247/664 [00:17<00:29, 14.05it/s]
 38%|███▊      | 249/664 [00:17<00:29, 13.85it/s]
 38%|███▊      | 251/664 [00:17<00:30, 13.60it/s]
 38%|███▊      | 253/664 [00:18<00:29, 13.75it/s]
 38%|███▊      | 255/664 [00:18<00:29, 13.82it/s]
 39%|███▊      | 257/664 [00:18<00:29, 13.74it/s]
 39%|███▉      | 259/664 [00:18<00:29, 13.84it/s]
 39%|███▉      | 261/664 [00:18<00:28, 14.02it/s]
 40%|███▉      | 263/664 [00:18<00:29, 13.71it/s]
 40%|███▉      | 265/664 [00:18<00:28, 14.01it/s]
 40%|████      | 267/664 [00:19<00:28, 13.79it/s]
 41%|████      | 269/664 [00:19<00:28, 14.02it/s]
 41%|████      | 271/664 [00:19<00:27, 14.16it/s]
 41%|████      | 273/664 [00:19<00:27, 14.17it/s]
 41%|████▏     | 275/664 [00:19<00:27, 14.18it/s]
 42%|████▏     | 277/664 [00:19<00:27, 14.26it/s]
 42%|████▏     | 279/664 [00:19<00:26, 14.34it/s]
 42%|████▏     | 281/664 [00:20<00:27, 14.05it/s]
 43%|████▎     | 283/664 [00:20<00:26, 14.24it/s]
 43%|████▎     | 285/664 [00:20<00:26, 14.11it/s]
 43%|████▎     | 287/664 [00:20<00:26, 14.06it/s]
 44%|████▎     | 289/664 [00:20<00:26, 14.05it/s]
 44%|████▍     | 291/664 [00:20<00:26, 14.12it/s]
 44%|████▍     | 293/664 [00:20<00:26, 13.87it/s]
 44%|████▍     | 295/664 [00:21<00:26, 13.80it/s]
 45%|████▍     | 297/664 [00:21<00:26, 13.91it/s]
 45%|████▌     | 299/664 [00:21<00:26, 13.82it/s]
 45%|████▌     | 301/664 [00:21<00:26, 13.79it/s]
 46%|████▌     | 303/664 [00:21<00:26, 13.87it/s]
 46%|████▌     | 305/664 [00:21<00:25, 13.85it/s]
 46%|████▌     | 307/664 [00:21<00:25, 13.91it/s]
 47%|████▋     | 309/664 [00:22<00:26, 13.49it/s]
 47%|████▋     | 311/664 [00:22<00:25, 13.74it/s]
 47%|████▋     | 313/664 [00:22<00:25, 13.95it/s]
 47%|████▋     | 315/664 [00:22<00:25, 13.80it/s]
 48%|████▊     | 317/664 [00:22<00:24, 14.05it/s]
 48%|████▊     | 319/664 [00:22<00:24, 14.19it/s]
 48%|████▊     | 321/664 [00:22<00:23, 14.34it/s]
 49%|████▊     | 323/664 [00:23<00:23, 14.45it/s]
 49%|████▉     | 325/664 [00:23<00:23, 14.36it/s]
 49%|████▉     | 327/664 [00:23<00:23, 14.43it/s]
 50%|████▉     | 329/664 [00:23<00:23, 14.34it/s]
 50%|████▉     | 331/664 [00:23<00:23, 14.32it/s]
 50%|█████     | 333/664 [00:23<00:23, 14.20it/s]
 50%|█████     | 335/664 [00:23<00:23, 14.14it/s]
 51%|█████     | 337/664 [00:24<00:23, 14.06it/s]
 51%|█████     | 339/664 [00:24<00:22, 14.24it/s]
 51%|█████▏    | 341/664 [00:24<00:22, 14.18it/s]
 52%|█████▏    | 343/664 [00:24<00:22, 14.16it/s]
 52%|█████▏    | 345/664 [00:24<00:22, 14.10it/s]
 52%|█████▏    | 347/664 [00:24<00:22, 14.17it/s]
 53%|█████▎    | 349/664 [00:24<00:22, 14.15it/s]
 53%|█████▎    | 351/664 [00:25<00:22, 14.01it/s]
 53%|█████▎    | 353/664 [00:25<00:22, 14.04it/s]
 53%|█████▎    | 355/664 [00:25<00:21, 14.21it/s]
 54%|█████▍    | 357/664 [00:25<00:21, 14.17it/s]
 54%|█████▍    | 359/664 [00:25<00:21, 14.07it/s]
 54%|█████▍    | 361/664 [00:25<00:21, 14.01it/s]
 55%|█████▍    | 363/664 [00:25<00:21, 13.75it/s]
 55%|█████▍    | 365/664 [00:26<00:21, 13.65it/s]
 55%|█████▌    | 367/664 [00:26<00:21, 13.74it/s]
 56%|█████▌    | 369/664 [00:26<00:20, 14.24it/s]
 56%|█████▌    | 371/664 [00:26<00:20, 14.21it/s]
 56%|█████▌    | 373/664 [00:26<00:20, 14.02it/s]
 56%|█████▋    | 375/664 [00:26<00:20, 14.11it/s]
 57%|█████▋    | 377/664 [00:26<00:20, 14.29it/s]
 57%|█████▋    | 379/664 [00:27<00:19, 14.38it/s]
 57%|█████▋    | 381/664 [00:27<00:20, 13.80it/s]
 58%|█████▊    | 383/664 [00:27<00:20, 13.98it/s]
 58%|█████▊    | 385/664 [00:27<00:20, 13.87it/s]
 58%|█████▊    | 387/664 [00:27<00:19, 14.18it/s]
 59%|█████▊    | 389/664 [00:27<00:19, 14.18it/s]
 59%|█████▉    | 391/664 [00:27<00:19, 14.02it/s]
 59%|█████▉    | 393/664 [00:28<00:19, 14.01it/s]
 59%|█████▉    | 395/664 [00:28<00:19, 13.99it/s]
 60%|█████▉    | 397/664 [00:28<00:19, 14.02it/s]
 60%|██████    | 399/664 [00:28<00:18, 14.12it/s]
 60%|██████    | 401/664 [00:28<00:18, 14.09it/s]
 61%|██████    | 403/664 [00:28<00:18, 14.11it/s]
 61%|██████    | 405/664 [00:28<00:18, 14.35it/s]
 61%|██████▏   | 407/664 [00:29<00:17, 14.39it/s]
 62%|██████▏   | 409/664 [00:29<00:17, 14.23it/s]
 62%|██████▏   | 411/664 [00:29<00:18, 14.00it/s]
 62%|██████▏   | 413/664 [00:29<00:17, 14.05it/s]
 62%|██████▎   | 415/664 [00:29<00:17, 14.11it/s]
 63%|██████▎   | 417/664 [00:29<00:17, 14.13it/s]
 63%|██████▎   | 419/664 [00:29<00:17, 14.22it/s]
 63%|██████▎   | 421/664 [00:30<00:16, 14.33it/s]
 64%|██████▎   | 423/664 [00:30<00:17, 14.14it/s]
 64%|██████▍   | 425/664 [00:30<00:16, 14.25it/s]
 64%|██████▍   | 427/664 [00:30<00:16, 14.16it/s]
 65%|██████▍   | 429/664 [00:30<00:16, 13.98it/s]
 65%|██████▍   | 431/664 [00:30<00:16, 14.08it/s]
 65%|██████▌   | 433/664 [00:30<00:16, 13.83it/s]
 66%|██████▌   | 435/664 [00:31<00:16, 13.85it/s]
 66%|██████▌   | 437/664 [00:31<00:16, 13.87it/s]
 66%|██████▌   | 439/664 [00:31<00:16, 13.83it/s]
 66%|██████▋   | 441/664 [00:31<00:15, 14.18it/s]
 67%|██████▋   | 443/664 [00:31<00:15, 14.08it/s]
 67%|██████▋   | 445/664 [00:31<00:15, 14.02it/s]
 67%|██████▋   | 447/664 [00:31<00:15, 14.03it/s]
 68%|██████▊   | 449/664 [00:32<00:15, 14.26it/s]
 68%|██████▊   | 451/664 [00:32<00:15, 14.18it/s]
 68%|██████▊   | 453/664 [00:32<00:14, 14.25it/s]
 69%|██████▊   | 455/664 [00:32<00:14, 14.18it/s]
 69%|██████▉   | 457/664 [00:32<00:14, 14.34it/s]
 69%|██████▉   | 459/664 [00:32<00:14, 14.23it/s]
 69%|██████▉   | 461/664 [00:32<00:14, 14.44it/s]
 70%|██████▉   | 463/664 [00:32<00:13, 14.51it/s]
 70%|███████   | 465/664 [00:33<00:13, 14.53it/s]
 70%|███████   | 467/664 [00:33<00:13, 14.39it/s]
 71%|███████   | 469/664 [00:33<00:14, 13.86it/s]
 71%|███████   | 471/664 [00:33<00:14, 13.78it/s]
 71%|███████   | 473/664 [00:33<00:13, 13.68it/s]
 72%|███████▏  | 475/664 [00:33<00:13, 13.92it/s]
 72%|███████▏  | 477/664 [00:33<00:13, 13.94it/s]
 72%|███████▏  | 479/664 [00:34<00:13, 14.14it/s]
 72%|███████▏  | 481/664 [00:34<00:13, 14.05it/s]
 73%|███████▎  | 483/664 [00:34<00:12, 14.21it/s]
 73%|███████▎  | 485/664 [00:34<00:12, 14.43it/s]
 73%|███████▎  | 487/664 [00:34<00:12, 14.22it/s]
 74%|███████▎  | 489/664 [00:34<00:12, 14.26it/s]
 74%|███████▍  | 491/664 [00:34<00:12, 14.10it/s]
 74%|███████▍  | 493/664 [00:35<00:12, 13.80it/s]
 75%|███████▍  | 495/664 [00:35<00:12, 13.91it/s]
 75%|███████▍  | 497/664 [00:35<00:11, 14.12it/s]
 75%|███████▌  | 499/664 [00:35<00:11, 14.15it/s]
                                                 
{'loss': '0.1432', 'grad_norm': '6.65', 'learning_rate': '4.924e-06', 'epoch': '1.506'}

 75%|███████▌  | 500/664 [00:35<00:11, 14.15it/s]
 75%|███████▌  | 501/664 [00:35<00:11, 14.14it/s]
 76%|███████▌  | 503/664 [00:35<00:11, 14.22it/s]
 76%|███████▌  | 505/664 [00:35<00:11, 14.24it/s]
 76%|███████▋  | 507/664 [00:36<00:11, 14.02it/s]
 77%|███████▋  | 509/664 [00:36<00:10, 14.18it/s]
 77%|███████▋  | 511/664 [00:36<00:10, 14.20it/s]
 77%|███████▋  | 513/664 [00:36<00:10, 14.16it/s]
 78%|███████▊  | 515/664 [00:36<00:10, 14.17it/s]
 78%|███████▊  | 517/664 [00:36<00:10, 13.87it/s]
 78%|███████▊  | 519/664 [00:36<00:10, 14.12it/s]
 78%|███████▊  | 521/664 [00:37<00:10, 13.98it/s]
 79%|███████▉  | 523/664 [00:37<00:10, 14.10it/s]
 79%|███████▉  | 525/664 [00:37<00:09, 14.10it/s]
 79%|███████▉  | 527/664 [00:37<00:09, 14.25it/s]
 80%|███████▉  | 529/664 [00:37<00:09, 14.34it/s]
 80%|███████▉  | 531/664 [00:37<00:09, 14.41it/s]
 80%|████████  | 533/664 [00:37<00:08, 14.59it/s]
 81%|████████  | 535/664 [00:38<00:08, 14.58it/s]
 81%|████████  | 537/664 [00:38<00:08, 14.25it/s]
 81%|████████  | 539/664 [00:38<00:08, 14.30it/s]
 81%|████████▏ | 541/664 [00:38<00:08, 14.46it/s]
 82%|████████▏ | 543/664 [00:38<00:08, 14.41it/s]
 82%|████████▏ | 545/664 [00:38<00:08, 14.21it/s]
 82%|████████▏ | 547/664 [00:38<00:08, 14.31it/s]
 83%|████████▎ | 549/664 [00:39<00:07, 14.47it/s]
 83%|████████▎ | 551/664 [00:39<00:07, 14.41it/s]
 83%|████████▎ | 553/664 [00:39<00:07, 14.35it/s]
 84%|████████▎ | 555/664 [00:39<00:07, 14.36it/s]
 84%|████████▍ | 557/664 [00:39<00:07, 14.37it/s]
 84%|████████▍ | 559/664 [00:39<00:07, 13.98it/s]
 84%|████████▍ | 561/664 [00:39<00:07, 14.24it/s]
 85%|████████▍ | 563/664 [00:40<00:07, 14.15it/s]
 85%|████████▌ | 565/664 [00:40<00:07, 13.88it/s]
 85%|████████▌ | 567/664 [00:40<00:06, 13.97it/s]
 86%|████████▌ | 569/664 [00:40<00:06, 14.19it/s]
 86%|████████▌ | 571/664 [00:40<00:06, 13.92it/s]
 86%|████████▋ | 573/664 [00:40<00:06, 14.13it/s]
 87%|████████▋ | 575/664 [00:40<00:06, 14.20it/s]
 87%|████████▋ | 577/664 [00:41<00:06, 14.02it/s]
 87%|████████▋ | 579/664 [00:41<00:05, 14.21it/s]
 88%|████████▊ | 581/664 [00:41<00:05, 14.29it/s]
 88%|████████▊ | 583/664 [00:41<00:05, 14.31it/s]
 88%|████████▊ | 585/664 [00:41<00:05, 14.47it/s]
 88%|████████▊ | 587/664 [00:41<00:05, 14.30it/s]
 89%|████████▊ | 589/664 [00:41<00:05, 14.46it/s]
 89%|████████▉ | 591/664 [00:42<00:05, 14.20it/s]
 89%|████████▉ | 593/664 [00:42<00:04, 14.23it/s]
 90%|████████▉ | 595/664 [00:42<00:04, 14.16it/s]
 90%|████████▉ | 597/664 [00:42<00:04, 14.08it/s]
 90%|█████████ | 599/664 [00:42<00:04, 13.87it/s]
 91%|█████████ | 601/664 [00:42<00:04, 13.85it/s]
 91%|█████████ | 603/664 [00:42<00:04, 14.04it/s]
 91%|█████████ | 605/664 [00:43<00:04, 14.02it/s]
 91%|█████████▏| 607/664 [00:43<00:04, 13.83it/s]
 92%|█████████▏| 609/664 [00:43<00:03, 14.02it/s]
 92%|█████████▏| 611/664 [00:43<00:03, 14.18it/s]
 92%|█████████▏| 613/664 [00:43<00:03, 14.30it/s]
 93%|█████████▎| 615/664 [00:43<00:03, 14.36it/s]
 93%|█████████▎| 617/664 [00:43<00:03, 14.57it/s]
 93%|█████████▎| 619/664 [00:43<00:03, 14.56it/s]
 94%|█████████▎| 621/664 [00:44<00:02, 14.52it/s]
 94%|█████████▍| 623/664 [00:44<00:02, 14.55it/s]
 94%|█████████▍| 625/664 [00:44<00:02, 14.60it/s]
 94%|█████████▍| 627/664 [00:44<00:02, 14.51it/s]
 95%|█████████▍| 629/664 [00:44<00:02, 14.01it/s]
 95%|█████████▌| 631/664 [00:44<00:02, 14.01it/s]
 95%|█████████▌| 633/664 [00:44<00:02, 13.97it/s]
 96%|█████████▌| 635/664 [00:45<00:02, 13.84it/s]
 96%|█████████▌| 637/664 [00:45<00:01, 13.97it/s]
 96%|█████████▌| 639/664 [00:45<00:01, 14.15it/s]
 97%|█████████▋| 641/664 [00:45<00:01, 13.97it/s]
 97%|█████████▋| 643/664 [00:45<00:01, 14.03it/s]
 97%|█████████▋| 645/664 [00:45<00:01, 14.15it/s]
 97%|█████████▋| 647/664 [00:45<00:01, 14.34it/s]
 98%|█████████▊| 649/664 [00:46<00:01, 14.07it/s]
 98%|█████████▊| 651/664 [00:46<00:00, 14.03it/s]
 98%|█████████▊| 653/664 [00:46<00:00, 13.70it/s]
 99%|█████████▊| 655/664 [00:46<00:00, 13.69it/s]
 99%|█████████▉| 657/664 [00:46<00:00, 13.99it/s]
 99%|█████████▉| 659/664 [00:46<00:00, 14.10it/s]
100%|█████████▉| 661/664 [00:46<00:00, 14.05it/s]
100%|█████████▉| 663/664 [00:47<00:00, 13.98it/s]
                                                 
{'train_runtime': '47.22', 'train_samples_per_second': '337.3', 'train_steps_per_second': '14.06', 'train_loss': '0.1354', 'epoch': '2'}

100%|██████████| 664/664 [00:47<00:00, 13.98it/s]
100%|██████████| 664/664 [00:47<00:00, 14.06it/s]

Writing model shards:   0%|          | 0/1 [00:00<?, ?it/s]
Writing model shards: 100%|██████████| 1/1 [00:04<00:00,  4.50s/it]
Writing model shards: 100%|██████████| 1/1 [00:04<00:00,  4.50s/it]
Saved reranker to: outputs\project_profile_4090\20260417_003534\reranker
[4/10] Train answerability classifier
[DenseEncoder] model source: local -> outputs\project_profile_4090\20260417_003534\retriever

Loading weights:   0%|          | 0/199 [00:00<?, ?it/s]
Loading weights: 100%|██████████| 199/199 [00:00<00:00, 18563.41it/s]
[CrossEncoderReranker] model source: local -> outputs\project_profile_4090\20260417_003534\reranker

Loading weights:   0%|          | 0/201 [00:00<?, ?it/s]
Loading weights: 100%|██████████| 201/201 [00:00<00:00, 15734.22it/s]
Saved answerability model to: outputs\project_profile_4090\20260417_003534\answerability\model.joblib
[5/10] Calibrate abstain threshold on DocVQA test (dev usage)
[DenseEncoder] model source: local -> outputs\project_profile_4090\20260417_003534\retriever

Loading weights:   0%|          | 0/199 [00:00<?, ?it/s]
Loading weights: 100%|██████████| 199/199 [00:00<00:00, 16012.17it/s]
[CrossEncoderReranker] model source: local -> outputs\project_profile_4090\20260417_003534\reranker

Loading weights:   0%|          | 0/201 [00:00<?, ?it/s]
Loading weights: 100%|██████████| 201/201 [00:00<00:00, 15925.33it/s]
{"threshold": 0.72, "balanced_acc": 0.5375, "answerable_acc": 0.975, "unanswerable_acc": 0.1}
Saved threshold file: outputs\project_profile_4090\20260417_003534\abstain_threshold.json
[6/10] DocQA baseline (mock)
[DenseEncoder] model source: local -> outputs\project_profile_4090\20260417_003534\retriever

Loading weights:   0%|          | 0/199 [00:00<?, ?it/s]
Loading weights: 100%|██████████| 199/199 [00:00<00:00, 16526.41it/s]
[CrossEncoderReranker] model source: local -> outputs\project_profile_4090\20260417_003534\reranker

Loading weights:   0%|          | 0/201 [00:00<?, ?it/s]
Loading weights: 100%|██████████| 201/201 [00:00<00:00, 16025.53it/s]
Saved predictions to: outputs/project_profile_4090/20260417_003534/docqa_mock_pred.jsonl
[7/10] DocQA VLM (Qwen2.5-VL)
[DenseEncoder] model source: local -> outputs\project_profile_4090\20260417_003534\retriever

Loading weights:   0%|          | 0/199 [00:00<?, ?it/s]
Loading weights: 100%|██████████| 199/199 [00:00<00:00, 15014.96it/s]
[CrossEncoderReranker] model source: local -> outputs\project_profile_4090\20260417_003534\reranker

Loading weights:   0%|          | 0/201 [00:00<?, ?it/s]
Loading weights: 100%|██████████| 201/201 [00:00<00:00, 14553.75it/s]
Downloading Model from https://www.modelscope.cn to directory: C:\Users\lzjia\.cache\modelscope\Qwen\Qwen2.5-VL-3B-Instruct
2026-04-17 00:42:43,054 - modelscope - INFO - Got 14 files, start to download ...

Processing 14 items:   0%|          | 0.00/14.0 [00:00<?, ?it/s]

Downloading [chat_template.json]:   0%|          | 0.00/1.03k [00:00<?, ?B/s][A


Downloading [config.json]:   0%|          | 0.00/1.34k [00:00<?, ?B/s][A[A



Downloading [configuration.json]:   0%|          | 0.00/78.0 [00:00<?, ?B/s][A[A[A




Downloading [generation_config.json]:   0%|          | 0.00/216 [00:00<?, ?B/s][A[A[A[A





Downloading [LICENSE]:   0%|          | 0.00/7.21k [00:00<?, ?B/s][A[A[A[A[A






Downloading [merges.txt]:   0%|          | 0.00/1.59M [00:00<?, ?B/s][A[A[A[A[A[A







Downloading [model-00001-of-00002.safetensors]:   0%|          | 0.00/3.71G [00:00<?, ?B/s][A[A[A[A[A[A[A








Downloading [model-00002-of-00002.safetensors]:   0%|          | 0.00/3.28G [00:00<?, ?B/s][A[A[A[A[A[A[A[A




Downloading [generation_config.json]: 100%|██████████| 216/216 [00:01<00:00, 168B/s][A[A[A[A
Downloading [generation_config.json]: 100%|██████████| 216/216 [00:01<00:00, 168B/s]





Downloading [model.safetensors.index.json]:   0%|          | 0.00/63.9k [00:00<?, ?B/s][A[A[A[A
Processing 14 items:   7%|▋         | 1.00/14.0 [00:01<00:17, 1.31s/it]


Downloading [config.json]: 100%|██████████| 1.34k/1.34k [00:01<00:00, 1.05kB/s][A[A
Downloading [config.json]: 100%|██████████| 1.34k/1.34k [00:01<00:00, 1.05kB/s]






Downloading [LICENSE]:  53%|█████▎    | 3.81k/7.21k [00:01<00:01, 2.98kB/s][A[A[A[A[A
Downloading [LICENSE]: 100%|██████████| 7.21k/7.21k [00:01<00:00, 5.64kB/s]




Downloading [configuration.json]: 100%|██████████| 78.0/78.0 [00:01<00:00, 59.1B/s][A[A[A
Downloading [configuration.json]: 100%|██████████| 78.0/78.0 [00:01<00:00, 59.1B/s]



Downloading [preprocessor_config.json]:   0%|          | 0.00/350 [00:00<?, ?B/s][A[A



Downloading [README.md]:   0%|          | 0.00/17.8k [00:00<?, ?B/s][A[A[A





Downloading [tokenizer.json]:   0%|          | 0.00/6.71M [00:00<?, ?B/s][A[A[A[A[A






Downloading [merges.txt]:   0%|          | 3.80k/1.59M [00:01<09:49, 2.83kB/s][A[A[A[A[A[A

Downloading [chat_template.json]: 100%|██████████| 1.03k/1.03k [00:01<00:00, 714B/s][A
Downloading [chat_template.json]: 100%|██████████| 1.03k/1.03k [00:01<00:00, 714B/s]

Processing 14 items:  36%|███▌      | 5.00/14.0 [00:01<00:02, 4.32it/s]

Downloading [tokenizer_config.json]:   0%|          | 0.00/5.57k [00:00<?, ?B/s][A






Downloading [merges.txt]:   2%|▏         | 35.8k/1.59M [00:01<00:49, 32.9kB/s][A[A[A[A[A[A






Downloading [merges.txt]:   7%|▋         | 108k/1.59M [00:01<00:13, 115kB/s]  [A[A[A[A[A[A






Downloading [merges.txt]:  14%|█▍        | 232k/1.59M [00:01<00:05, 279kB/s][A[A[A[A[A[A






Downloading [merges.txt]:  23%|██▎       | 380k/1.59M [00:01<00:02, 485kB/s][A[A[A[A[A[A






Downloading [merges.txt]:  44%|████▍     | 720k/1.59M [00:01<00:00, 1.06MB/s][A[A[A[A[A[A






Downloading [merges.txt]:  84%|████████▍ | 1.34M/1.59M [00:02<00:00, 2.28MB/s][A[A[A[A[A[A
Downloading [merges.txt]: 100%|██████████| 1.59M/1.59M [00:02<00:00, 826kB/s] 







Downloading [vocab.json]:   0%|          | 0.00/2.65M [00:00<?, ?B/s][A[A[A[A[A[A







Downloading [model-00001-of-00002.safetensors]:   0%|          | 1.00M/3.71G [00:02<2:13:09, 498kB/s][A[A[A[A[A[A[A







Downloading [model-00001-of-00002.safetensors]:   0%|          | 2.00M/3.71G [00:02<58:53, 1.13MB/s] [A[A[A[A[A[A[A







Downloading [model-00001-of-00002.safetensors]:   0%|          | 4.00M/3.71G [00:02<24:14, 2.74MB/s][A[A[A[A[A[A[A







Downloading [model-00001-of-00002.safetensors]:   0%|          | 6.00M/3.71G [00:02<17:20, 3.82MB/s][A[A[A[A[A[A[A




Downloading [model.safetensors.index.json]:   6%|▌         | 3.81k/63.9k [00:01<00:21, 2.91kB/s][A[A[A[A
Downloading [model.safetensors.index.json]: 100%|██████████| 63.9k/63.9k [00:01<00:00, 48.6kB/s]

Processing 14 items:  50%|█████     | 7.00/14.0 [00:02<00:02, 2.71it/s]





Downloading [tokenizer.json]:   0%|          | 3.80k/6.71M [00:01<43:22, 2.70kB/s][A[A[A[A[A


Downloading [preprocessor_config.json]: 100%|██████████| 350/350 [00:01<00:00, 239B/s][A[A
Downloading [preprocessor_config.json]: 100%|██████████| 350/350 [00:01<00:00, 239B/s]

Processing 14 items:  57%|█████▋    | 8.00/14.0 [00:02<00:01, 3.16it/s]

Downloading [tokenizer_config.json]:  68%|██████▊   | 3.81k/5.57k [00:01<00:00, 2.93kB/s][A
Downloading [tokenizer_config.json]: 100%|██████████| 5.57k/5.57k [00:01<00:00, 4.28kB/s]






Downloading [tokenizer.json]:   1%|          | 79.8k/6.71M [00:01<01:36, 72.1kB/s][A[A[A[A[A





Downloading [tokenizer.json]:   3%|▎         | 204k/6.71M [00:01<00:33, 206kB/s]  [A[A[A[A[A







Downloading [model-00001-of-00002.safetensors]:   0%|          | 7.00M/3.71G [00:03<19:01, 3.48MB/s][A[A[A[A[A[A[A



Downloading [README.md]:  21%|██▏       | 3.81k/17.8k [00:01<00:06, 2.28kB/s][A[A[A
Downloading [README.md]: 100%|██████████| 17.8k/17.8k [00:01<00:00, 10.7kB/s]

Processing 14 items:  71%|███████▏  | 10.0/14.0 [00:03<00:00, 4.10it/s]





Downloading [tokenizer.json]:   6%|▌         | 412k/6.71M [00:01<00:14, 471kB/s][A[A[A[A[A





Downloading [tokenizer.json]:   9%|▉         | 652k/6.71M [00:01<00:08, 787kB/s][A[A[A[A[A








Downloading [model-00002-of-00002.safetensors]:   0%|          | 1.00M/3.28G [00:03<3:01:46, 323kB/s][A[A[A[A[A[A[A[A







Downloading [model-00001-of-00002.safetensors]:   0%|          | 8.00M/3.71G [00:03<18:19, 3.61MB/s][A[A[A[A[A[A[A





Downloading [tokenizer.json]:  18%|█▊        | 1.20M/6.71M [00:01<00:03, 1.75MB/s][A[A[A[A[A






Downloading [vocab.json]:   0%|          | 3.80k/2.65M [00:01<15:03, 3.07kB/s][A[A[A[A[A[A





Downloading [tokenizer.json]:  31%|███▏      | 2.11M/6.71M [00:02<00:01, 3.38MB/s][A[A[A[A[A






Downloading [vocab.json]:   2%|▏         | 47.8k/2.65M [00:01<00:56, 48.3kB/s][A[A[A[A[A[A





Downloading [tokenizer.json]:  63%|██████▎   | 4.22M/6.71M [00:02<00:00, 7.72MB/s][A[A[A[A[A






Downloading [vocab.json]:   5%|▍         | 132k/2.65M [00:01<00:17, 149kB/s]  [A[A[A[A[A[A







Downloading [model-00001-of-00002.safetensors]:   0%|          | 9.00M/3.71G [00:03<17:28, 3.79MB/s][A[A[A[A[A[A[A
Downloading [tokenizer.json]: 100%|██████████| 6.71M/6.71M [00:02<00:00, 3.14MB/s]

Processing 14 items:  79%|███████▊  | 11.0/14.0 [00:03<00:00, 3.25it/s]






Downloading [vocab.json]:  11%|█         | 300k/2.65M [00:01<00:06, 385kB/s][A[A[A[A[A[A







Downloading [model-00001-of-00002.safetensors]:   0%|          | 10.0M/3.71G [00:03<15:56, 4.15MB/s][A[A[A[A[A[A[A






Downloading [vocab.json]:  17%|█▋        | 464k/2.65M [00:01<00:03, 607kB/s][A[A[A[A[A[A






Downloading [vocab.json]:  34%|███▎      | 912k/2.65M [00:01<00:01, 1.40MB/s][A[A[A[A[A[A








Downloading [model-00002-of-00002.safetensors]:   0%|          | 2.00M/3.28G [00:03<1:36:21, 610kB/s][A[A[A[A[A[A[A[A






Downloading [vocab.json]:  61%|██████▏   | 1.62M/2.65M [00:01<00:00, 2.80MB/s][A[A[A[A[A[A
Downloading [vocab.json]: 100%|██████████| 2.65M/2.65M [00:01<00:00, 1.42MB/s]

Processing 14 items:  86%|████████▌ | 12.0/14.0 [00:04<00:00, 3.01it/s]







Downloading [model-00001-of-00002.safetensors]:   0%|          | 11.0M/3.71G [00:04<17:43, 3.74MB/s][A[A[A[A[A[A[A








Downloading [model-00002-of-00002.safetensors]:   0%|          | 3.00M/3.28G [00:04<1:01:21, 957kB/s][A[A[A[A[A[A[A[A







Downloading [model-00001-of-00002.safetensors]:   0%|          | 12.0M/3.71G [00:04<19:31, 3.39MB/s][A[A[A[A[A[A[A








Downloading [model-00002-of-00002.safetensors]:   0%|          | 4.00M/3.28G [00:04<42:29, 1.38MB/s] [A[A[A[A[A[A[A[A







Downloading [model-00001-of-00002.safetensors]:   0%|          | 13.0M/3.71G [00:04<17:35, 3.76MB/s][A[A[A[A[A[A[A








Downloading [model-00002-of-00002.safetensors]:   0%|          | 5.00M/3.28G [00:04<30:50, 1.90MB/s][A[A[A[A[A[A[A[A








Downloading [model-00002-of-00002.safetensors]:   0%|          | 6.00M/3.28G [00:04<23:08, 2.54MB/s][A[A[A[A[A[A[A[A







Downloading [model-00001-of-00002.safetensors]:   0%|          | 14.0M/3.71G [00:04<16:17, 4.06MB/s][A[A[A[A[A[A[A








Downloading [model-00002-of-00002.safetensors]:   0%|          | 7.00M/3.28G [00:04<18:05, 3.24MB/s][A[A[A[A[A[A[A[A







Downloading [model-00001-of-00002.safetensors]:   0%|          | 15.0M/3.71G [00:05<15:52, 4.17MB/s][A[A[A[A[A[A[A








Downloading [model-00002-of-00002.safetensors]:   0%|          | 8.00M/3.28G [00:05<14:49, 3.95MB/s][A[A[A[A[A[A[A[A








Downloading [model-00002-of-00002.safetensors]:   0%|          | 9.00M/3.28G [00:05<12:39, 4.63MB/s][A[A[A[A[A[A[A[A







Downloading [model-00001-of-00002.safetensors]:   0%|          | 16.0M/3.71G [00:05<15:14, 4.34MB/s][A[A[A[A[A[A[A








Downloading [model-00002-of-00002.safetensors]:   0%|          | 10.0M/3.28G [00:05<11:11, 5.23MB/s][A[A[A[A[A[A[A[A








Downloading [model-00002-of-00002.safetensors]:   0%|          | 11.0M/3.28G [00:05<09:43, 6.03MB/s][A[A[A[A[A[A[A[A







Downloading [model-00001-of-00002.safetensors]:   0%|          | 17.0M/3.71G [00:05<15:57, 4.14MB/s][A[A[A[A[A[A[A








Downloading [model-00002-of-00002.safetensors]:   0%|          | 12.0M/3.28G [00:05<09:13, 6.35MB/s][A[A[A[A[A[A[A[A







Downloading [model-00001-of-00002.safetensors]:   0%|          | 18.0M/3.71G [00:05<15:24, 4.29MB/s][A[A[A[A[A[A[A








Downloading [model-00002-of-00002.safetensors]:   0%|          | 13.0M/3.28G [00:05<09:36, 6.10MB/s][A[A[A[A[A[A[A[A







Downloading [model-00001-of-00002.safetensors]:   1%|          | 19.0M/3.71G [00:05<14:09, 4.67MB/s][A[A[A[A[A[A[A








Downloading [model-00002-of-00002.safetensors]:   0%|          | 14.0M/3.28G [00:05<09:24, 6.22MB/s][A[A[A[A[A[A[A[A








Downloading [model-00002-of-00002.safetensors]:   0%|          | 15.0M/3.28G [00:06<09:15, 6.32MB/s][A[A[A[A[A[A[A[A







Downloading [model-00001-of-00002.safetensors]:   1%|          | 20.0M/3.71G [00:06<13:30, 4.89MB/s][A[A[A[A[A[A[A








Downloading [model-00002-of-00002.safetensors]:   0%|          | 16.0M/3.28G [00:06<08:57, 6.53MB/s][A[A[A[A[A[A[A[A







Downloading [model-00001-of-00002.safetensors]:   1%|          | 21.0M/3.71G [00:06<13:10, 5.01MB/s][A[A[A[A[A[A[A







Downloading [model-00001-of-00002.safetensors]:   1%|          | 22.0M/3.71G [00:06<13:07, 5.03MB/s][A[A[A[A[A[A[A







Downloading [model-00001-of-00002.safetensors]:   1%|          | 23.0M/3.71G [00:06<13:59, 4.72MB/s][A[A[A[A[A[A[A







Downloading [model-00001-of-00002.safetensors]:   1%|          | 24.0M/3.71G [00:06<12:18, 5.36MB/s][A[A[A[A[A[A[A







Downloading [model-00001-of-00002.safetensors]:   1%|          | 25.0M/3.71G [00:07<11:58, 5.51MB/s][A[A[A[A[A[A[A







Downloading [model-00001-of-00002.safetensors]:   1%|          | 26.0M/3.71G [00:07<11:50, 5.57MB/s][A[A[A[A[A[A[A







Downloading [model-00001-of-00002.safetensors]:   1%|          | 27.0M/3.71G [00:07<12:11, 5.40MB/s][A[A[A[A[A[A[A







Downloading [model-00001-of-00002.safetensors]:   1%|          | 28.0M/3.71G [00:07<13:53, 4.74MB/s][A[A[A[A[A[A[A







Downloading [model-00001-of-00002.safetensors]:   1%|          | 29.0M/3.71G [00:08<13:42, 4.81MB/s][A[A[A[A[A[A[A







Downloading [model-00001-of-00002.safetensors]:   1%|          | 30.0M/3.71G [00:08<12:31, 5.26MB/s][A[A[A[A[A[A[A







Downloading [model-00001-of-00002.safetensors]:   1%|          | 31.0M/3.71G [00:08<11:28, 5.74MB/s][A[A[A[A[A[A[A







Downloading [model-00001-of-00002.safetensors]:   1%|          | 32.0M/3.71G [00:08<11:11, 5.88MB/s][A[A[A[A[A[A[A







Downloading [model-00001-of-00002.safetensors]:   1%|          | 33.0M/3.71G [00:08<13:55, 4.73MB/s][A[A[A[A[A[A[A







Downloading [model-00001-of-00002.safetensors]:   1%|          | 34.0M/3.71G [00:09<13:13, 4.98MB/s][A[A[A[A[A[A[A







Downloading [model-00001-of-00002.safetensors]:   1%|          | 35.0M/3.71G [00:09<12:03, 5.45MB/s][A[A[A[A[A[A[A







Downloading [model-00001-of-00002.safetensors]:   1%|          | 36.0M/3.71G [00:09<10:48, 6.08MB/s][A[A[A[A[A[A[A







Downloading [model-00001-of-00002.safetensors]:   1%|          | 37.0M/3.71G [00:09<09:40, 6.79MB/s][A[A[A[A[A[A[A







Downloading [model-00001-of-00002.safetensors]:   1%|          | 38.0M/3.71G [00:09<09:02, 7.27MB/s][A[A[A[A[A[A[A







Downloading [model-00001-of-00002.safetensors]:   1%|          | 39.0M/3.71G [00:09<08:53, 7.38MB/s][A[A[A[A[A[A[A







Downloading [model-00001-of-00002.safetensors]:   1%|          | 40.0M/3.71G [00:09<08:40, 7.57MB/s][A[A[A[A[A[A[A







Downloading [model-00001-of-00002.safetensors]:   1%|          | 41.0M/3.71G [00:09<09:46, 6.72MB/s][A[A[A[A[A[A[A







Downloading [model-00001-of-00002.safetensors]:   1%|          | 42.0M/3.71G [00:10<11:30, 5.70MB/s][A[A[A[A[A[A[A







Downloading [model-00001-of-00002.safetensors]:   1%|          | 43.0M/3.71G [00:10<12:59, 5.05MB/s][A[A[A[A[A[A[A







Downloading [model-00001-of-00002.safetensors]:   1%|          | 44.0M/3.71G [00:10<12:42, 5.16MB/s][A[A[A[A[A[A[A







Downloading [model-00001-of-00002.safetensors]:   1%|          | 45.0M/3.71G [00:10<11:41, 5.61MB/s][A[A[A[A[A[A[A







Downloading [model-00001-of-00002.safetensors]:   1%|          | 46.0M/3.71G [00:10<10:43, 6.12MB/s][A[A[A[A[A[A[A







Downloading [model-00001-of-00002.safetensors]:   1%|          | 47.0M/3.71G [00:11<09:42, 6.75MB/s][A[A[A[A[A[A[A







Downloading [model-00001-of-00002.safetensors]:   1%|▏         | 48.0M/3.71G [00:11<08:51, 7.40MB/s][A[A[A[A[A[A[A







Downloading [model-00001-of-00002.safetensors]:   1%|▏         | 50.0M/3.71G [00:11<07:30, 8.72MB/s][A[A[A[A[A[A[A







Downloading [model-00001-of-00002.safetensors]:   1%|▏         | 52.0M/3.71G [00:11<06:45, 9.69MB/s][A[A[A[A[A[A[A







Downloading [model-00001-of-00002.safetensors]:   1%|▏         | 53.0M/3.71G [00:11<07:17, 8.98MB/s][A[A[A[A[A[A[A







Downloading [model-00001-of-00002.safetensors]:   1%|▏         | 54.0M/3.71G [00:11<07:41, 8.50MB/s][A[A[A[A[A[A[A







Downloading [model-00001-of-00002.safetensors]:   1%|▏         | 55.0M/3.71G [00:11<07:52, 8.30MB/s][A[A[A[A[A[A[A







Downloading [model-00001-of-00002.safetensors]:   1%|▏         | 56.0M/3.71G [00:12<11:10, 5.86MB/s][A[A[A[A[A[A[A







Downloading [model-00001-of-00002.safetensors]:   2%|▏         | 58.0M/3.71G [00:12<10:08, 6.45MB/s][A[A[A[A[A[A[A







Downloading [model-00001-of-00002.safetensors]:   2%|▏         | 59.0M/3.71G [00:12<10:11, 6.41MB/s][A[A[A[A[A[A[A







Downloading [model-00001-of-00002.safetensors]:   2%|▏         | 60.0M/3.71G [00:12<09:49, 6.65MB/s][A[A[A[A[A[A[A







Downloading [model-00001-of-00002.safetensors]:   2%|▏         | 61.0M/3.71G [00:13<09:25, 6.93MB/s][A[A[A[A[A[A[A







Downloading [model-00001-of-00002.safetensors]:   2%|▏         | 62.0M/3.71G [00:13<08:56, 7.30MB/s][A[A[A[A[A[A[A







Downloading [model-00001-of-00002.safetensors]:   2%|▏         | 63.0M/3.71G [00:13<08:53, 7.34MB/s][A[A[A[A[A[A[A







Downloading [model-00001-of-00002.safetensors]:   2%|▏         | 64.0M/3.71G [00:13<08:59, 7.26MB/s][A[A[A[A[A[A[A







Downloading [model-00001-of-00002.safetensors]:   2%|▏         | 65.0M/3.71G [00:13<09:22, 6.96MB/s][A[A[A[A[A[A[A







Downloading [model-00001-of-00002.safetensors]:   2%|▏         | 66.0M/3.71G [00:13<09:06, 7.16MB/s][A[A[A[A[A[A[A







Downloading [model-00001-of-00002.safetensors]:   2%|▏         | 67.0M/3.71G [00:13<08:49, 7.39MB/s][A[A[A[A[A[A[A







Downloading [model-00001-of-00002.safetensors]:   2%|▏         | 68.0M/3.71G [00:13<08:14, 7.90MB/s][A[A[A[A[A[A[A







Downloading [model-00001-of-00002.safetensors]:   2%|▏         | 69.0M/3.71G [00:14<08:04, 8.07MB/s][A[A[A[A[A[A[A







Downloading [model-00001-of-00002.safetensors]:   2%|▏         | 70.0M/3.71G [00:14<08:48, 7.40MB/s][A[A[A[A[A[A[A







Downloading [model-00001-of-00002.safetensors]:   2%|▏         | 71.0M/3.71G [00:14<09:21, 6.96MB/s][A[A[A[A[A[A[A







Downloading [model-00001-of-00002.safetensors]:   2%|▏         | 72.0M/3.71G [00:14<10:53, 5.98MB/s][A[A[A[A[A[A[A







Downloading [model-00001-of-00002.safetensors]:   2%|▏         | 73.0M/3.71G [00:14<11:28, 5.68MB/s][A[A[A[A[A[A[A







Downloading [model-00001-of-00002.safetensors]:   2%|▏         | 74.0M/3.71G [00:15<11:04, 5.88MB/s][A[A[A[A[A[A[A







Downloading [model-00001-of-00002.safetensors]:   2%|▏         | 75.0M/3.71G [00:15<11:07, 5.85MB/s][A[A[A[A[A[A[A







Downloading [model-00001-of-00002.safetensors]:   2%|▏         | 76.0M/3.71G [00:15<10:51, 5.99MB/s][A[A[A[A[A[A[A







Downloading [model-00001-of-00002.safetensors]:   2%|▏         | 77.0M/3.71G [00:15<10:09, 6.40MB/s][A[A[A[A[A[A[A







Downloading [model-00001-of-00002.safetensors]:   2%|▏         | 78.0M/3.71G [00:15<09:19, 6.98MB/s][A[A[A[A[A[A[A







Downloading [model-00001-of-00002.safetensors]:   2%|▏         | 79.0M/3.71G [00:15<08:35, 7.56MB/s][A[A[A[A[A[A[A







Downloading [model-00001-of-00002.safetensors]:   2%|▏         | 80.0M/3.71G [00:15<07:55, 8.20MB/s][A[A[A[A[A[A[A







Downloading [model-00001-of-00002.safetensors]:   2%|▏         | 82.0M/3.71G [00:16<07:28, 8.68MB/s][A[A[A[A[A[A[A







Downloading [model-00001-of-00002.safetensors]:   2%|▏         | 83.0M/3.71G [00:16<08:30, 7.64MB/s][A[A[A[A[A[A[A







Downloading [model-00001-of-00002.safetensors]:   2%|▏         | 84.0M/3.71G [00:16<09:18, 6.97MB/s][A[A[A[A[A[A[A







Downloading [model-00001-of-00002.safetensors]:   2%|▏         | 85.0M/3.71G [00:16<13:03, 4.97MB/s][A[A[A[A[A[A[A







Downloading [model-00001-of-00002.safetensors]:   2%|▏         | 86.0M/3.71G [00:17<17:52, 3.63MB/s][A[A[A[A[A[A[A







Downloading [model-00001-of-00002.safetensors]:   2%|▏         | 88.0M/3.71G [00:17<13:11, 4.92MB/s][A[A[A[A[A[A[A







Downloading [model-00001-of-00002.safetensors]:   2%|▏         | 89.0M/3.71G [00:17<15:34, 4.16MB/s][A[A[A[A[A[A[A







Downloading [model-00001-of-00002.safetensors]:   2%|▏         | 90.0M/3.71G [00:18<16:13, 3.99MB/s][A[A[A[A[A[A[A







Downloading [model-00001-of-00002.safetensors]:   2%|▏         | 91.0M/3.71G [00:18<19:35, 3.31MB/s][A[A[A[A[A[A[A







Downloading [model-00001-of-00002.safetensors]:   2%|▏         | 92.0M/3.71G [00:18<17:55, 3.61MB/s][A[A[A[A[A[A[A







Downloading [model-00001-of-00002.safetensors]:   2%|▏         | 93.0M/3.71G [00:19<15:45, 4.11MB/s][A[A[A[A[A[A[A







Downloading [model-00001-of-00002.safetensors]:   2%|▏         | 94.0M/3.71G [00:19<13:45, 4.70MB/s][A[A[A[A[A[A[A







Downloading [model-00001-of-00002.safetensors]:   3%|▎         | 95.0M/3.71G [00:19<12:01, 5.39MB/s][A[A[A[A[A[A[A







Downloading [model-00001-of-00002.safetensors]:   3%|▎         | 96.0M/3.71G [00:19<10:29, 6.16MB/s][A[A[A[A[A[A[A







Downloading [model-00001-of-00002.safetensors]:   3%|▎         | 97.0M/3.71G [00:19<09:19, 6.94MB/s][A[A[A[A[A[A[A







Downloading [model-00001-of-00002.safetensors]:   3%|▎         | 99.0M/3.71G [00:19<07:42, 8.39MB/s][A[A[A[A[A[A[A







Downloading [model-00001-of-00002.safetensors]:   3%|▎         | 100M/3.71G [00:19<07:44, 8.34MB/s] [A[A[A[A[A[A[A







Downloading [model-00001-of-00002.safetensors]:   3%|▎         | 101M/3.71G [00:20<08:15, 7.83MB/s][A[A[A[A[A[A[A







Downloading [model-00001-of-00002.safetensors]:   3%|▎         | 102M/3.71G [00:20<08:15, 7.82MB/s][A[A[A[A[A[A[A







Downloading [model-00001-of-00002.safetensors]:   3%|▎         | 103M/3.71G [00:20<07:59, 8.09MB/s][A[A[A[A[A[A[A







Downloading [model-00001-of-00002.safetensors]:   3%|▎         | 104M/3.71G [00:20<07:49, 8.26MB/s][A[A[A[A[A[A[A







Downloading [model-00001-of-00002.safetensors]:   3%|▎         | 106M/3.71G [00:20<06:58, 9.26MB/s][A[A[A[A[A[A[A







Downloading [model-00001-of-00002.safetensors]:   3%|▎         | 108M/3.71G [00:20<06:21, 10.1MB/s][A[A[A[A[A[A[A







Downloading [model-00001-of-00002.safetensors]:   3%|▎         | 109M/3.71G [00:20<07:01, 9.18MB/s][A[A[A[A[A[A[A







Downloading [model-00001-of-00002.safetensors]:   3%|▎         | 110M/3.71G [00:21<07:22, 8.73MB/s][A[A[A[A[A[A[A







Downloading [model-00001-of-00002.safetensors]:   3%|▎         | 111M/3.71G [00:21<09:13, 6.99MB/s][A[A[A[A[A[A[A







Downloading [model-00001-of-00002.safetensors]:   3%|▎         | 112M/3.71G [00:21<09:50, 6.55MB/s][A[A[A[A[A[A[A







Downloading [model-00001-of-00002.safetensors]:   3%|▎         | 113M/3.71G [00:21<13:45, 4.68MB/s][A[A[A[A[A[A[A







Downloading [model-00001-of-00002.safetensors]:   3%|▎         | 114M/3.71G [00:22<16:40, 3.86MB/s][A[A[A[A[A[A[A







Downloading [model-00001-of-00002.safetensors]:   3%|▎         | 115M/3.71G [00:22<16:44, 3.84MB/s][A[A[A[A[A[A[A







Downloading [model-00001-of-00002.safetensors]:   3%|▎         | 116M/3.71G [00:22<16:23, 3.92MB/s][A[A[A[A[A[A[A







Downloading [model-00001-of-00002.safetensors]:   3%|▎         | 117M/3.71G [00:23<19:46, 3.25MB/s][A[A[A[A[A[A[A







Downloading [model-00001-of-00002.safetensors]:   3%|▎         | 118M/3.71G [00:23<18:57, 3.39MB/s][A[A[A[A[A[A[A







Downloading [model-00001-of-00002.safetensors]:   3%|▎         | 119M/3.71G [00:23<16:46, 3.83MB/s][A[A[A[A[A[A[A







Downloading [model-00001-of-00002.safetensors]:   3%|▎         | 120M/3.71G [00:24<16:47, 3.83MB/s][A[A[A[A[A[A[A







Downloading [model-00001-of-00002.safetensors]:   3%|▎         | 121M/3.71G [00:24<18:35, 3.46MB/s][A[A[A[A[A[A[A








Downloading [model-00002-of-00002.safetensors]:   0%|          | 16.0M/3.28G [00:24<08:57, 6.53MB/s][A[A[A[A[A[A[A[A







Downloading [model-00001-of-00002.safetensors]:   3%|▎         | 122M/3.71G [00:24<20:50, 3.08MB/s][A[A[A[A[A[A[A







Downloading [model-00001-of-00002.safetensors]:   3%|▎         | 123M/3.71G [00:25<23:36, 2.72MB/s][A[A[A[A[A[A[A







Downloading [model-00001-of-00002.safetensors]:   3%|▎         | 124M/3.71G [00:25<20:48, 3.09MB/s][A[A[A[A[A[A[A







Downloading [model-00001-of-00002.safetensors]:   3%|▎         | 125M/3.71G [00:26<24:17, 2.64MB/s][A[A[A[A[A[A[A







Downloading [model-00001-of-00002.safetensors]:   3%|▎         | 128M/3.71G [00:26<14:48, 4.33MB/s][A[A[A[A[A[A[A







Downloading [model-00001-of-00002.safetensors]:   3%|▎         | 129M/3.71G [00:26<14:33, 4.41MB/s][A[A[A[A[A[A[A







Downloading [model-00001-of-00002.safetensors]:   3%|▎         | 130M/3.71G [00:26<13:36, 4.71MB/s][A[A[A[A[A[A[A







Downloading [model-00001-of-00002.safetensors]:   3%|▎         | 131M/3.71G [00:27<14:08, 4.53MB/s][A[A[A[A[A[A[A







Downloading [model-00001-of-00002.safetensors]:   3%|▎         | 132M/3.71G [00:27<16:54, 3.79MB/s][A[A[A[A[A[A[A







Downloading [model-00001-of-00002.safetensors]:   4%|▎         | 133M/3.71G [00:27<19:12, 3.34MB/s][A[A[A[A[A[A[A







Downloading [model-00001-of-00002.safetensors]:   4%|▎         | 134M/3.71G [00:28<19:01, 3.37MB/s][A[A[A[A[A[A[A







Downloading [model-00001-of-00002.safetensors]:   4%|▎         | 135M/3.71G [00:28<17:03, 3.75MB/s][A[A[A[A[A[A[A







Downloading [model-00001-of-00002.safetensors]:   4%|▎         | 136M/3.71G [00:28<15:24, 4.15MB/s][A[A[A[A[A[A[A







Downloading [model-00001-of-00002.safetensors]:   4%|▎         | 137M/3.71G [00:29<18:47, 3.40MB/s][A[A[A[A[A[A[A







Downloading [model-00001-of-00002.safetensors]:   4%|▎         | 138M/3.71G [00:29<15:22, 4.16MB/s][A[A[A[A[A[A[A







Downloading [model-00001-of-00002.safetensors]:   4%|▎         | 139M/3.71G [00:29<16:10, 3.95MB/s][A[A[A[A[A[A[A







Downloading [model-00001-of-00002.safetensors]:   4%|▎         | 140M/3.71G [00:29<15:10, 4.21MB/s][A[A[A[A[A[A[A







Downloading [model-00001-of-00002.safetensors]:   4%|▎         | 141M/3.71G [00:29<14:55, 4.28MB/s][A[A[A[A[A[A[A







Downloading [model-00001-of-00002.safetensors]:   4%|▎         | 142M/3.71G [00:30<17:02, 3.75MB/s][A[A[A[A[A[A[A







Downloading [model-00001-of-00002.safetensors]:   4%|▍         | 143M/3.71G [00:30<16:33, 3.86MB/s][A[A[A[A[A[A[A







Downloading [model-00001-of-00002.safetensors]:   4%|▍         | 144M/3.71G [00:30<15:03, 4.24MB/s][A[A[A[A[A[A[A







Downloading [model-00001-of-00002.safetensors]:   4%|▍         | 145M/3.71G [00:30<13:33, 4.71MB/s][A[A[A[A[A[A[A







Downloading [model-00001-of-00002.safetensors]:   4%|▍         | 146M/3.71G [00:31<16:51, 3.78MB/s][A[A[A[A[A[A[A







Downloading [model-00001-of-00002.safetensors]:   4%|▍         | 147M/3.71G [00:31<17:05, 3.73MB/s][A[A[A[A[A[A[A







Downloading [model-00001-of-00002.safetensors]:   4%|▍         | 148M/3.71G [00:32<19:53, 3.21MB/s][A[A[A[A[A[A[A







Downloading [model-00001-of-00002.safetensors]:   4%|▍         | 149M/3.71G [00:32<18:00, 3.54MB/s][A[A[A[A[A[A[A







Downloading [model-00001-of-00002.safetensors]:   4%|▍         | 150M/3.71G [00:32<15:46, 4.04MB/s][A[A[A[A[A[A[A







Downloading [model-00001-of-00002.safetensors]:   4%|▍         | 151M/3.71G [00:32<13:40, 4.66MB/s][A[A[A[A[A[A[A







Downloading [model-00001-of-00002.safetensors]:   4%|▍         | 152M/3.71G [00:32<12:43, 5.01MB/s][A[A[A[A[A[A[A







Downloading [model-00001-of-00002.safetensors]:   4%|▍         | 153M/3.71G [00:32<12:40, 5.03MB/s][A[A[A[A[A[A[A







Downloading [model-00001-of-00002.safetensors]:   4%|▍         | 154M/3.71G [00:33<12:58, 4.91MB/s][A[A[A[A[A[A[A







Downloading [model-00001-of-00002.safetensors]:   4%|▍         | 155M/3.71G [00:33<13:55, 4.57MB/s][A[A[A[A[A[A[A







Downloading [model-00001-of-00002.safetensors]:   4%|▍         | 156M/3.71G [00:33<13:41, 4.65MB/s][A[A[A[A[A[A[A







Downloading [model-00001-of-00002.safetensors]:   4%|▍         | 157M/3.71G [00:33<14:29, 4.39MB/s][A[A[A[A[A[A[A







Downloading [model-00001-of-00002.safetensors]:   4%|▍         | 158M/3.71G [00:34<14:57, 4.25MB/s][A[A[A[A[A[A[A







Downloading [model-00001-of-00002.safetensors]:   4%|▍         | 159M/3.71G [00:34<16:11, 3.93MB/s][A[A[A[A[A[A[A







Downloading [model-00001-of-00002.safetensors]:   4%|▍         | 160M/3.71G [00:34<19:32, 3.25MB/s][A[A[A[A[A[A[A







Downloading [model-00001-of-00002.safetensors]:   4%|▍         | 161M/3.71G [00:35<21:11, 3.00MB/s][A[A[A[A[A[A[A







Downloading [model-00001-of-00002.safetensors]:   4%|▍         | 162M/3.71G [00:35<19:50, 3.20MB/s][A[A[A[A[A[A[A







Downloading [model-00001-of-00002.safetensors]:   4%|▍         | 163M/3.71G [00:35<17:18, 3.67MB/s][A[A[A[A[A[A[A







Downloading [model-00001-of-00002.safetensors]:   4%|▍         | 164M/3.71G [00:35<15:13, 4.17MB/s][A[A[A[A[A[A[A







Downloading [model-00001-of-00002.safetensors]:   4%|▍         | 165M/3.71G [00:36<15:10, 4.18MB/s][A[A[A[A[A[A[A







Downloading [model-00001-of-00002.safetensors]:   4%|▍         | 166M/3.71G [00:36<13:59, 4.53MB/s][A[A[A[A[A[A[A







Downloading [model-00001-of-00002.safetensors]:   4%|▍         | 167M/3.71G [00:36<12:27, 5.10MB/s][A[A[A[A[A[A[A







Downloading [model-00001-of-00002.safetensors]:   4%|▍         | 168M/3.71G [00:36<13:06, 4.84MB/s][A[A[A[A[A[A[A







Downloading [model-00001-of-00002.safetensors]:   4%|▍         | 169M/3.71G [00:36<12:06, 5.24MB/s][A[A[A[A[A[A[A







Downloading [model-00001-of-00002.safetensors]:   4%|▍         | 170M/3.71G [00:37<17:26, 3.64MB/s][A[A[A[A[A[A[A







Downloading [model-00001-of-00002.safetensors]:   5%|▍         | 171M/3.71G [00:37<17:57, 3.53MB/s][A[A[A[A[A[A[A







Downloading [model-00001-of-00002.safetensors]:   5%|▍         | 172M/3.71G [00:38<17:41, 3.58MB/s][A[A[A[A[A[A[A







Downloading [model-00001-of-00002.safetensors]:   5%|▍         | 173M/3.71G [00:38<17:11, 3.69MB/s][A[A[A[A[A[A[A







Downloading [model-00001-of-00002.safetensors]:   5%|▍         | 174M/3.71G [00:38<22:14, 2.85MB/s][A[A[A[A[A[A[A







Downloading [model-00001-of-00002.safetensors]:   5%|▍         | 175M/3.71G [00:39<23:40, 2.67MB/s][A[A[A[A[A[A[A







Downloading [model-00001-of-00002.safetensors]:   5%|▍         | 176M/3.71G [00:40<29:01, 2.18MB/s][A[A[A[A[A[A[A







Downloading [model-00001-of-00002.safetensors]:   5%|▍         | 177M/3.71G [00:40<25:06, 2.52MB/s][A[A[A[A[A[A[A







Downloading [model-00001-of-00002.safetensors]:   5%|▍         | 178M/3.71G [00:40<21:00, 3.01MB/s][A[A[A[A[A[A[A







Downloading [model-00001-of-00002.safetensors]:   5%|▍         | 179M/3.71G [00:40<20:21, 3.11MB/s][A[A[A[A[A[A[A







Downloading [model-00001-of-00002.safetensors]:   5%|▍         | 180M/3.71G [00:41<19:52, 3.18MB/s][A[A[A[A[A[A[A







Downloading [model-00001-of-00002.safetensors]:   5%|▍         | 181M/3.71G [00:41<23:32, 2.69MB/s][A[A[A[A[A[A[A







Downloading [model-00001-of-00002.safetensors]:   5%|▍         | 182M/3.71G [00:41<21:19, 2.96MB/s][A[A[A[A[A[A[A







Downloading [model-00001-of-00002.safetensors]:   5%|▍         | 183M/3.71G [00:42<18:26, 3.42MB/s][A[A[A[A[A[A[A







Downloading [model-00001-of-00002.safetensors]:   5%|▍         | 184M/3.71G [00:42<16:46, 3.76MB/s][A[A[A[A[A[A[A







Downloading [model-00001-of-00002.safetensors]:   5%|▍         | 185M/3.71G [00:42<14:41, 4.30MB/s][A[A[A[A[A[A[A







Downloading [model-00001-of-00002.safetensors]:   5%|▍         | 186M/3.71G [00:42<16:20, 3.86MB/s][A[A[A[A[A[A[A







Downloading [model-00001-of-00002.safetensors]:   5%|▍         | 187M/3.71G [00:43<16:40, 3.78MB/s][A[A[A[A[A[A[A







Downloading [model-00001-of-00002.safetensors]:   5%|▍         | 188M/3.71G [00:43<15:17, 4.12MB/s][A[A[A[A[A[A[A







Downloading [model-00001-of-00002.safetensors]:   5%|▍         | 189M/3.71G [00:43<17:25, 3.62MB/s][A[A[A[A[A[A[A







Downloading [model-00001-of-00002.safetensors]:   5%|▌         | 190M/3.71G [00:44<19:38, 3.21MB/s][A[A[A[A[A[A[A







Downloading [model-00001-of-00002.safetensors]:   5%|▌         | 191M/3.71G [00:44<17:48, 3.54MB/s][A[A[A[A[A[A[A







Downloading [model-00001-of-00002.safetensors]:   5%|▌         | 192M/3.71G [00:44<18:21, 3.43MB/s][A[A[A[A[A[A[A







Downloading [model-00001-of-00002.safetensors]:   5%|▌         | 193M/3.71G [00:44<17:52, 3.52MB/s][A[A[A[A[A[A[A







Downloading [model-00001-of-00002.safetensors]:   5%|▌         | 194M/3.71G [00:45<16:27, 3.83MB/s][A[A[A[A[A[A[A








Downloading [model-00002-of-00002.safetensors]:   1%|          | 17.0M/3.28G [00:45<11:00:26, 88.5kB/s][A[A[A[A[A[A[A[A







Downloading [model-00001-of-00002.safetensors]:   5%|▌         | 195M/3.71G [00:45<17:54, 3.52MB/s][A[A[A[A[A[A[A








Downloading [model-00002-of-00002.safetensors]:   1%|          | 18.0M/3.28G [00:45<7:48:36, 125kB/s]  [A[A[A[A[A[A[A[A







Downloading [model-00001-of-00002.safetensors]:   5%|▌         | 196M/3.71G [00:45<17:25, 3.61MB/s][A[A[A[A[A[A[A







Downloading [model-00001-of-00002.safetensors]:   5%|▌         | 197M/3.71G [00:46<18:12, 3.46MB/s][A[A[A[A[A[A[A








Downloading [model-00002-of-00002.safetensors]:   1%|          | 19.0M/3.28G [00:46<5:38:10, 173kB/s][A[A[A[A[A[A[A[A








Downloading [model-00002-of-00002.safetensors]:   1%|          | 20.0M/3.28G [00:46<4:02:59, 240kB/s][A[A[A[A[A[A[A[A







Downloading [model-00001-of-00002.safetensors]:   5%|▌         | 198M/3.71G [00:46<25:56, 2.43MB/s][A[A[A[A[A[A[A








Downloading [model-00002-of-00002.safetensors]:   1%|          | 21.0M/3.28G [00:46<2:53:29, 337kB/s][A[A[A[A[A[A[A[A







Downloading [model-00001-of-00002.safetensors]:   5%|▌         | 199M/3.71G [00:47<23:25, 2.69MB/s][A[A[A[A[A[A[A








Downloading [model-00002-of-00002.safetensors]:   1%|          | 22.0M/3.28G [00:47<2:05:56, 464kB/s][A[A[A[A[A[A[A[A







Downloading [model-00001-of-00002.safetensors]:   5%|▌         | 200M/3.71G [00:47<22:16, 2.82MB/s][A[A[A[A[A[A[A








Downloading [model-00002-of-00002.safetensors]:   1%|          | 23.0M/3.28G [00:47<1:32:43, 630kB/s][A[A[A[A[A[A[A[A







Downloading [model-00001-of-00002.safetensors]:   5%|▌         | 201M/3.71G [00:47<20:30, 3.07MB/s][A[A[A[A[A[A[A








Downloading [model-00002-of-00002.safetensors]:   1%|          | 24.0M/3.28G [00:47<1:10:21, 830kB/s][A[A[A[A[A[A[A[A







Downloading [model-00001-of-00002.safetensors]:   5%|▌         | 202M/3.71G [00:47<17:43, 3.55MB/s][A[A[A[A[A[A[A








Downloading [model-00002-of-00002.safetensors]:   1%|          | 25.0M/3.28G [00:48<54:07, 1.08MB/s] [A[A[A[A[A[A[A[A







Downloading [model-00001-of-00002.safetensors]:   5%|▌         | 203M/3.71G [00:48<17:30, 3.59MB/s][A[A[A[A[A[A[A








Downloading [model-00002-of-00002.safetensors]:   1%|          | 26.0M/3.28G [00:48<42:07, 1.38MB/s][A[A[A[A[A[A[A[A







Downloading [model-00001-of-00002.safetensors]:   5%|▌         | 204M/3.71G [00:48<15:48, 3.97MB/s][A[A[A[A[A[A[A








Downloading [model-00002-of-00002.safetensors]:   1%|          | 27.0M/3.28G [00:48<32:46, 1.78MB/s][A[A[A[A[A[A[A[A







Downloading [model-00001-of-00002.safetensors]:   5%|▌         | 205M/3.71G [00:48<14:02, 4.47MB/s][A[A[A[A[A[A[A







Downloading [model-00001-of-00002.safetensors]:   5%|▌         | 206M/3.71G [00:48<12:16, 5.12MB/s][A[A[A[A[A[A[A








Downloading [model-00002-of-00002.safetensors]:   1%|          | 28.0M/3.28G [00:48<27:01, 2.16MB/s][A[A[A[A[A[A[A[A







Downloading [model-00001-of-00002.safetensors]:   5%|▌         | 207M/3.71G [00:48<12:46, 4.91MB/s][A[A[A[A[A[A[A








Downloading [model-00002-of-00002.safetensors]:   1%|          | 29.0M/3.28G [00:49<24:10, 2.41MB/s][A[A[A[A[A[A[A[A







Downloading [model-00001-of-00002.safetensors]:   5%|▌         | 208M/3.71G [00:49<12:54, 4.86MB/s][A[A[A[A[A[A[A








Downloading [model-00002-of-00002.safetensors]:   1%|          | 30.0M/3.28G [00:49<20:12, 2.88MB/s][A[A[A[A[A[A[A[A







Downloading [model-00001-of-00002.safetensors]:   6%|▌         | 209M/3.71G [00:49<12:31, 5.01MB/s][A[A[A[A[A[A[A








Downloading [model-00002-of-00002.safetensors]:   1%|          | 31.0M/3.28G [00:49<16:52, 3.45MB/s][A[A[A[A[A[A[A[A







Downloading [model-00001-of-00002.safetensors]:   6%|▌         | 210M/3.71G [00:49<11:36, 5.40MB/s][A[A[A[A[A[A[A








Downloading [model-00002-of-00002.safetensors]:   1%|          | 32.0M/3.28G [00:49<14:43, 3.95MB/s][A[A[A[A[A[A[A[A







Downloading [model-00001-of-00002.safetensors]:   6%|▌         | 211M/3.71G [00:49<11:24, 5.49MB/s][A[A[A[A[A[A[A








Downloading [model-00002-of-00002.safetensors]:   1%|          | 33.0M/3.28G [00:49<13:56, 4.18MB/s][A[A[A[A[A[A[A[A







Downloading [model-00001-of-00002.safetensors]:   6%|▌         | 212M/3.71G [00:49<12:16, 5.11MB/s][A[A[A[A[A[A[A








Downloading [model-00002-of-00002.safetensors]:   1%|          | 34.0M/3.28G [00:50<13:57, 4.17MB/s][A[A[A[A[A[A[A[A







Downloading [model-00001-of-00002.safetensors]:   6%|▌         | 213M/3.71G [00:50<12:55, 4.85MB/s][A[A[A[A[A[A[A







Downloading [model-00001-of-00002.safetensors]:   6%|▌         | 214M/3.71G [00:50<12:29, 5.02MB/s][A[A[A[A[A[A[A








Downloading [model-00002-of-00002.safetensors]:   1%|          | 35.0M/3.28G [00:50<14:14, 4.09MB/s][A[A[A[A[A[A[A[A







Downloading [model-00001-of-00002.safetensors]:   6%|▌         | 215M/3.71G [00:50<14:10, 4.42MB/s][A[A[A[A[A[A[A








Downloading [model-00002-of-00002.safetensors]:   1%|          | 36.0M/3.28G [00:50<15:34, 3.73MB/s][A[A[A[A[A[A[A[A







Downloading [model-00001-of-00002.safetensors]:   6%|▌         | 216M/3.71G [00:50<12:24, 5.05MB/s][A[A[A[A[A[A[A







Downloading [model-00001-of-00002.safetensors]:   6%|▌         | 217M/3.71G [00:51<12:12, 5.13MB/s][A[A[A[A[A[A[A








Downloading [model-00002-of-00002.safetensors]:   1%|          | 37.0M/3.28G [00:51<15:47, 3.68MB/s][A[A[A[A[A[A[A[A







Downloading [model-00001-of-00002.safetensors]:   6%|▌         | 218M/3.71G [00:51<13:48, 4.53MB/s][A[A[A[A[A[A[A








Downloading [model-00002-of-00002.safetensors]:   1%|          | 38.0M/3.28G [00:51<16:25, 3.54MB/s][A[A[A[A[A[A[A[A







Downloading [model-00001-of-00002.safetensors]:   6%|▌         | 219M/3.71G [00:51<17:42, 3.53MB/s][A[A[A[A[A[A[A








Downloading [model-00002-of-00002.safetensors]:   1%|          | 39.0M/3.28G [00:51<19:54, 2.92MB/s][A[A[A[A[A[A[A[A







Downloading [model-00001-of-00002.safetensors]:   6%|▌         | 220M/3.71G [00:52<20:07, 3.11MB/s][A[A[A[A[A[A[A








Downloading [model-00002-of-00002.safetensors]:   1%|          | 40.0M/3.28G [00:52<19:45, 2.94MB/s][A[A[A[A[A[A[A[A








Downloading [model-00002-of-00002.safetensors]:   1%|          | 41.0M/3.28G [00:52<19:16, 3.01MB/s][A[A[A[A[A[A[A[A







Downloading [model-00001-of-00002.safetensors]:   6%|▌         | 221M/3.71G [00:52<20:42, 3.02MB/s][A[A[A[A[A[A[A







Downloading [model-00001-of-00002.safetensors]:   6%|▌         | 222M/3.71G [00:52<21:16, 2.94MB/s][A[A[A[A[A[A[A








Downloading [model-00002-of-00002.safetensors]:   1%|          | 42.0M/3.28G [00:52<20:26, 2.84MB/s][A[A[A[A[A[A[A[A








Downloading [model-00002-of-00002.safetensors]:   1%|▏         | 43.0M/3.28G [00:53<19:59, 2.90MB/s][A[A[A[A[A[A[A[A







Downloading [model-00001-of-00002.safetensors]:   6%|▌         | 223M/3.71G [00:53<22:50, 2.73MB/s][A[A[A[A[A[A[A








Downloading [model-00002-of-00002.safetensors]:   1%|▏         | 44.0M/3.28G [00:53<18:58, 3.06MB/s][A[A[A[A[A[A[A[A







Downloading [model-00001-of-00002.safetensors]:   6%|▌         | 224M/3.71G [00:53<23:17, 2.68MB/s][A[A[A[A[A[A[A








Downloading [model-00002-of-00002.safetensors]:   1%|▏         | 45.0M/3.28G [00:53<18:53, 3.07MB/s][A[A[A[A[A[A[A[A







Downloading [model-00001-of-00002.safetensors]:   6%|▌         | 225M/3.71G [00:54<22:10, 2.82MB/s][A[A[A[A[A[A[A








Downloading [model-00002-of-00002.safetensors]:   1%|▏         | 46.0M/3.28G [00:54<19:32, 2.97MB/s][A[A[A[A[A[A[A[A







Downloading [model-00001-of-00002.safetensors]:   6%|▌         | 226M/3.71G [00:54<21:24, 2.91MB/s][A[A[A[A[A[A[A








Downloading [model-00002-of-00002.safetensors]:   1%|▏         | 47.0M/3.28G [00:54<19:56, 2.91MB/s][A[A[A[A[A[A[A[A







Downloading [model-00001-of-00002.safetensors]:   6%|▌         | 227M/3.71G [00:54<19:26, 3.21MB/s][A[A[A[A[A[A[A







Downloading [model-00001-of-00002.safetensors]:   6%|▌         | 228M/3.71G [00:54<16:45, 3.72MB/s][A[A[A[A[A[A[A








Downloading [model-00002-of-00002.safetensors]:   1%|▏         | 48.0M/3.28G [00:54<17:41, 3.27MB/s][A[A[A[A[A[A[A[A







Downloading [model-00001-of-00002.safetensors]:   6%|▌         | 229M/3.71G [00:55<16:28, 3.79MB/s][A[A[A[A[A[A[A








Downloading [model-00002-of-00002.safetensors]:   1%|▏         | 49.0M/3.28G [00:55<17:12, 3.37MB/s][A[A[A[A[A[A[A[A







Downloading [model-00001-of-00002.safetensors]:   6%|▌         | 230M/3.71G [00:55<16:20, 3.82MB/s][A[A[A[A[A[A[A








Downloading [model-00002-of-00002.safetensors]:   1%|▏         | 50.0M/3.28G [00:55<15:58, 3.63MB/s][A[A[A[A[A[A[A[A







Downloading [model-00001-of-00002.safetensors]:   6%|▌         | 231M/3.71G [00:55<16:32, 3.77MB/s][A[A[A[A[A[A[A








Downloading [model-00002-of-00002.safetensors]:   2%|▏         | 51.0M/3.28G [00:55<15:48, 3.66MB/s][A[A[A[A[A[A[A[A







Downloading [model-00001-of-00002.safetensors]:   6%|▌         | 232M/3.71G [00:55<16:01, 3.89MB/s][A[A[A[A[A[A[A








Downloading [model-00002-of-00002.safetensors]:   2%|▏         | 52.0M/3.28G [00:55<15:02, 3.85MB/s][A[A[A[A[A[A[A[A







Downloading [model-00001-of-00002.safetensors]:   6%|▌         | 233M/3.71G [00:56<14:23, 4.33MB/s][A[A[A[A[A[A[A








Downloading [model-00002-of-00002.safetensors]:   2%|▏         | 53.0M/3.28G [00:56<13:46, 4.20MB/s][A[A[A[A[A[A[A[A







Downloading [model-00001-of-00002.safetensors]:   6%|▌         | 234M/3.71G [00:56<14:26, 4.31MB/s][A[A[A[A[A[A[A








Downloading [model-00002-of-00002.safetensors]:   2%|▏         | 54.0M/3.28G [00:56<13:50, 4.18MB/s][A[A[A[A[A[A[A[A







Downloading [model-00001-of-00002.safetensors]:   6%|▌         | 235M/3.71G [00:56<14:43, 4.23MB/s][A[A[A[A[A[A[A








Downloading [model-00002-of-00002.safetensors]:   2%|▏         | 55.0M/3.28G [00:56<14:43, 3.93MB/s][A[A[A[A[A[A[A[A







Downloading [model-00001-of-00002.safetensors]:   6%|▌         | 236M/3.71G [00:57<18:23, 3.39MB/s][A[A[A[A[A[A[A








Downloading [model-00002-of-00002.safetensors]:   2%|▏         | 56.0M/3.28G [00:57<16:42, 3.46MB/s][A[A[A[A[A[A[A[A







Downloading [model-00001-of-00002.safetensors]:   6%|▌         | 237M/3.71G [00:57<18:34, 3.35MB/s][A[A[A[A[A[A[A








Downloading [model-00002-of-00002.safetensors]:   2%|▏         | 57.0M/3.28G [00:57<19:16, 3.00MB/s][A[A[A[A[A[A[A[A







Downloading [model-00001-of-00002.safetensors]:   6%|▋         | 238M/3.71G [00:57<16:48, 3.70MB/s][A[A[A[A[A[A[A








Downloading [model-00002-of-00002.safetensors]:   2%|▏         | 59.0M/3.28G [00:57<13:08, 4.39MB/s][A[A[A[A[A[A[A[A







Downloading [model-00001-of-00002.safetensors]:   6%|▋         | 239M/3.71G [00:57<14:47, 4.20MB/s][A[A[A[A[A[A[A








Downloading [model-00002-of-00002.safetensors]:   2%|▏         | 60.0M/3.28G [00:57<12:17, 4.69MB/s][A[A[A[A[A[A[A[A







Downloading [model-00001-of-00002.safetensors]:   6%|▋         | 240M/3.71G [00:57<13:26, 4.63MB/s][A[A[A[A[A[A[A








Downloading [model-00002-of-00002.safetensors]:   2%|▏         | 61.0M/3.28G [00:58<11:40, 4.95MB/s][A[A[A[A[A[A[A[A







Downloading [model-00001-of-00002.safetensors]:   6%|▋         | 241M/3.71G [00:58<12:32, 4.96MB/s][A[A[A[A[A[A[A








Downloading [model-00002-of-00002.safetensors]:   2%|▏         | 62.0M/3.28G [00:58<11:08, 5.18MB/s][A[A[A[A[A[A[A[A







Downloading [model-00001-of-00002.safetensors]:   6%|▋         | 242M/3.71G [00:58<11:52, 5.24MB/s][A[A[A[A[A[A[A







Downloading [model-00001-of-00002.safetensors]:   6%|▋         | 243M/3.71G [00:58<11:10, 5.56MB/s][A[A[A[A[A[A[A








Downloading [model-00002-of-00002.safetensors]:   2%|▏         | 63.0M/3.28G [00:58<10:51, 5.31MB/s][A[A[A[A[A[A[A[A







Downloading [model-00001-of-00002.safetensors]:   6%|▋         | 244M/3.71G [00:58<10:52, 5.71MB/s][A[A[A[A[A[A[A








Downloading [model-00002-of-00002.safetensors]:   2%|▏         | 64.0M/3.28G [00:58<10:37, 5.43MB/s][A[A[A[A[A[A[A[A







Downloading [model-00001-of-00002.safetensors]:   6%|▋         | 245M/3.71G [00:58<12:15, 5.07MB/s][A[A[A[A[A[A[A








Downloading [model-00002-of-00002.safetensors]:   2%|▏         | 66.0M/3.28G [00:58<09:23, 6.14MB/s][A[A[A[A[A[A[A[A







Downloading [model-00001-of-00002.safetensors]:   6%|▋         | 246M/3.71G [00:59<10:22, 5.98MB/s][A[A[A[A[A[A[A







Downloading [model-00001-of-00002.safetensors]:   7%|▋         | 247M/3.71G [00:59<09:10, 6.77MB/s][A[A[A[A[A[A[A








Downloading [model-00002-of-00002.safetensors]:   2%|▏         | 67.0M/3.28G [00:59<09:58, 5.77MB/s][A[A[A[A[A[A[A[A







Downloading [model-00001-of-00002.safetensors]:   7%|▋         | 248M/3.71G [00:59<09:53, 6.28MB/s][A[A[A[A[A[A[A







Downloading [model-00001-of-00002.safetensors]:   7%|▋         | 249M/3.71G [00:59<08:46, 7.07MB/s][A[A[A[A[A[A[A








Downloading [model-00002-of-00002.safetensors]:   2%|▏         | 68.0M/3.28G [00:59<11:56, 4.82MB/s][A[A[A[A[A[A[A[A







Downloading [model-00001-of-00002.safetensors]:   7%|▋         | 250M/3.71G [00:59<09:51, 6.29MB/s][A[A[A[A[A[A[A







Downloading [model-00001-of-00002.safetensors]:   7%|▋         | 252M/3.71G [00:59<07:54, 7.84MB/s][A[A[A[A[A[A[A








Downloading [model-00002-of-00002.safetensors]:   2%|▏         | 70.0M/3.28G [00:59<11:34, 4.97MB/s][A[A[A[A[A[A[A[A







Downloading [model-00001-of-00002.safetensors]:   7%|▋         | 253M/3.71G [00:59<08:02, 7.70MB/s][A[A[A[A[A[A[A







Downloading [model-00001-of-00002.safetensors]:   7%|▋         | 254M/3.71G [01:00<07:40, 8.07MB/s][A[A[A[A[A[A[A








Downloading [model-00002-of-00002.safetensors]:   2%|▏         | 71.0M/3.28G [01:00<13:44, 4.19MB/s][A[A[A[A[A[A[A[A







Downloading [model-00001-of-00002.safetensors]:   7%|▋         | 256M/3.71G [01:00<07:28, 8.29MB/s][A[A[A[A[A[A[A







Downloading [model-00001-of-00002.safetensors]:   7%|▋         | 257M/3.71G [01:00<08:56, 6.92MB/s][A[A[A[A[A[A[A








Downloading [model-00002-of-00002.safetensors]:   2%|▏         | 72.0M/3.28G [01:00<15:47, 3.64MB/s][A[A[A[A[A[A[A[A







Downloading [model-00001-of-00002.safetensors]:   7%|▋         | 258M/3.71G [01:00<08:45, 7.06MB/s][A[A[A[A[A[A[A








Downloading [model-00002-of-00002.safetensors]:   2%|▏         | 73.0M/3.28G [01:00<13:23, 4.29MB/s][A[A[A[A[A[A[A[A








Downloading [model-00002-of-00002.safetensors]:   2%|▏         | 74.0M/3.28G [01:00<11:26, 5.02MB/s][A[A[A[A[A[A[A[A







Downloading [model-00001-of-00002.safetensors]:   7%|▋         | 259M/3.71G [01:01<11:22, 5.44MB/s][A[A[A[A[A[A[A








Downloading [model-00002-of-00002.safetensors]:   2%|▏         | 75.0M/3.28G [01:01<10:05, 5.70MB/s][A[A[A[A[A[A[A[A








Downloading [model-00002-of-00002.safetensors]:   2%|▏         | 76.0M/3.28G [01:01<09:14, 6.22MB/s][A[A[A[A[A[A[A[A







Downloading [model-00001-of-00002.safetensors]:   7%|▋         | 260M/3.71G [01:01<12:24, 4.98MB/s][A[A[A[A[A[A[A








Downloading [model-00002-of-00002.safetensors]:   2%|▏         | 77.0M/3.28G [01:01<08:53, 6.45MB/s][A[A[A[A[A[A[A[A







Downloading [model-00001-of-00002.safetensors]:   7%|▋         | 261M/3.71G [01:01<11:46, 5.25MB/s][A[A[A[A[A[A[A








Downloading [model-00002-of-00002.safetensors]:   2%|▏         | 78.0M/3.28G [01:01<09:17, 6.18MB/s][A[A[A[A[A[A[A[A







Downloading [model-00001-of-00002.safetensors]:   7%|▋         | 262M/3.71G [01:01<11:00, 5.61MB/s][A[A[A[A[A[A[A







Downloading [model-00001-of-00002.safetensors]:   7%|▋         | 263M/3.71G [01:01<10:08, 6.09MB/s][A[A[A[A[A[A[A








Downloading [model-00002-of-00002.safetensors]:   2%|▏         | 79.0M/3.28G [01:01<10:15, 5.59MB/s][A[A[A[A[A[A[A[A







Downloading [model-00001-of-00002.safetensors]:   7%|▋         | 264M/3.71G [01:01<09:35, 6.44MB/s][A[A[A[A[A[A[A








Downloading [model-00002-of-00002.safetensors]:   2%|▏         | 80.0M/3.28G [01:01<10:57, 5.23MB/s][A[A[A[A[A[A[A[A







Downloading [model-00001-of-00002.safetensors]:   7%|▋         | 265M/3.71G [01:02<09:21, 6.60MB/s][A[A[A[A[A[A[A








Downloading [model-00002-of-00002.safetensors]:   2%|▏         | 81.0M/3.28G [01:02<10:42, 5.36MB/s][A[A[A[A[A[A[A[A







Downloading [model-00001-of-00002.safetensors]:   7%|▋         | 266M/3.71G [01:02<09:34, 6.45MB/s][A[A[A[A[A[A[A








Downloading [model-00002-of-00002.safetensors]:   2%|▏         | 82.0M/3.28G [01:02<10:06, 5.67MB/s][A[A[A[A[A[A[A[A







Downloading [model-00001-of-00002.safetensors]:   7%|▋         | 267M/3.71G [01:02<10:04, 6.13MB/s][A[A[A[A[A[A[A








Downloading [model-00002-of-00002.safetensors]:   2%|▏         | 83.0M/3.28G [01:02<09:35, 5.97MB/s][A[A[A[A[A[A[A[A







Downloading [model-00001-of-00002.safetensors]:   7%|▋         | 268M/3.71G [01:02<10:40, 5.78MB/s][A[A[A[A[A[A[A








Downloading [model-00002-of-00002.safetensors]:   2%|▏         | 84.0M/3.28G [01:02<09:01, 6.35MB/s][A[A[A[A[A[A[A[A








Downloading [model-00002-of-00002.safetensors]:   3%|▎         | 85.0M/3.28G [01:02<08:22, 6.85MB/s][A[A[A[A[A[A[A[A








Downloading [model-00002-of-00002.safetensors]:   3%|▎         | 86.0M/3.28G [01:02<07:52, 7.27MB/s][A[A[A[A[A[A[A[A








Downloading [model-00002-of-00002.safetensors]:   3%|▎         | 87.0M/3.28G [01:02<07:19, 7.82MB/s][A[A[A[A[A[A[A[A







Downloading [model-00001-of-00002.safetensors]:   7%|▋         | 269M/3.71G [01:02<14:09, 4.35MB/s][A[A[A[A[A[A[A








Downloading [model-00002-of-00002.safetensors]:   3%|▎         | 89.0M/3.28G [01:03<07:36, 7.52MB/s][A[A[A[A[A[A[A[A







Downloading [model-00001-of-00002.safetensors]:   7%|▋         | 270M/3.71G [01:03<16:42, 3.69MB/s][A[A[A[A[A[A[A








Downloading [model-00002-of-00002.safetensors]:   3%|▎         | 90.0M/3.28G [01:03<09:44, 5.87MB/s][A[A[A[A[A[A[A[A







Downloading [model-00001-of-00002.safetensors]:   7%|▋         | 271M/3.71G [01:03<17:39, 3.49MB/s][A[A[A[A[A[A[A








Downloading [model-00002-of-00002.safetensors]:   3%|▎         | 91.0M/3.28G [01:03<12:44, 4.49MB/s][A[A[A[A[A[A[A[A







Downloading [model-00001-of-00002.safetensors]:   7%|▋         | 272M/3.71G [01:04<19:27, 3.17MB/s][A[A[A[A[A[A[A








Downloading [model-00002-of-00002.safetensors]:   3%|▎         | 92.0M/3.28G [01:04<14:28, 3.95MB/s][A[A[A[A[A[A[A[A







Downloading [model-00001-of-00002.safetensors]:   7%|▋         | 273M/3.71G [01:04<19:53, 3.10MB/s][A[A[A[A[A[A[A








Downloading [model-00002-of-00002.safetensors]:   3%|▎         | 93.0M/3.28G [01:04<17:54, 3.19MB/s][A[A[A[A[A[A[A[A







Downloading [model-00001-of-00002.safetensors]:   7%|▋         | 274M/3.71G [01:05<27:15, 2.26MB/s][A[A[A[A[A[A[A








Downloading [model-00002-of-00002.safetensors]:   3%|▎         | 94.0M/3.28G [01:05<24:06, 2.37MB/s][A[A[A[A[A[A[A[A







Downloading [model-00001-of-00002.safetensors]:   7%|▋         | 275M/3.71G [01:05<29:01, 2.12MB/s][A[A[A[A[A[A[A








Downloading [model-00002-of-00002.safetensors]:   3%|▎         | 95.0M/3.28G [01:05<24:00, 2.38MB/s][A[A[A[A[A[A[A[A







Downloading [model-00001-of-00002.safetensors]:   7%|▋         | 276M/3.71G [01:06<27:24, 2.25MB/s][A[A[A[A[A[A[A








Downloading [model-00002-of-00002.safetensors]:   3%|▎         | 96.0M/3.28G [01:06<24:36, 2.32MB/s][A[A[A[A[A[A[A[A








Downloading [model-00002-of-00002.safetensors]:   3%|▎         | 97.0M/3.28G [01:06<22:52, 2.49MB/s][A[A[A[A[A[A[A[A







Downloading [model-00001-of-00002.safetensors]:   7%|▋         | 277M/3.71G [01:06<29:49, 2.06MB/s][A[A[A[A[A[A[A







Downloading [model-00001-of-00002.safetensors]:   7%|▋         | 278M/3.71G [01:07<27:15, 2.26MB/s][A[A[A[A[A[A[A








Downloading [model-00002-of-00002.safetensors]:   3%|▎         | 98.0M/3.28G [01:07<22:42, 2.51MB/s][A[A[A[A[A[A[A[A







Downloading [model-00001-of-00002.safetensors]:   7%|▋         | 279M/3.71G [01:07<22:53, 2.69MB/s][A[A[A[A[A[A[A








Downloading [model-00002-of-00002.safetensors]:   3%|▎         | 99.0M/3.28G [01:07<22:42, 2.51MB/s][A[A[A[A[A[A[A[A







Downloading [model-00001-of-00002.safetensors]:   7%|▋         | 280M/3.71G [01:07<22:07, 2.78MB/s][A[A[A[A[A[A[A







Downloading [model-00001-of-00002.safetensors]:   7%|▋         | 281M/3.71G [01:07<17:37, 3.49MB/s][A[A[A[A[A[A[A








Downloading [model-00002-of-00002.safetensors]:   3%|▎         | 100M/3.28G [01:07<20:16, 2.81MB/s] [A[A[A[A[A[A[A[A







Downloading [model-00001-of-00002.safetensors]:   7%|▋         | 282M/3.71G [01:08<16:03, 3.83MB/s][A[A[A[A[A[A[A







Downloading [model-00001-of-00002.safetensors]:   7%|▋         | 283M/3.71G [01:08<14:57, 4.11MB/s][A[A[A[A[A[A[A








Downloading [model-00002-of-00002.safetensors]:   3%|▎         | 101M/3.28G [01:08<24:09, 2.36MB/s][A[A[A[A[A[A[A[A







Downloading [model-00001-of-00002.safetensors]:   7%|▋         | 284M/3.71G [01:08<14:57, 4.11MB/s][A[A[A[A[A[A[A








Downloading [model-00002-of-00002.safetensors]:   3%|▎         | 102M/3.28G [01:08<19:14, 2.96MB/s][A[A[A[A[A[A[A[A







Downloading [model-00001-of-00002.safetensors]:   8%|▊         | 285M/3.71G [01:08<14:30, 4.23MB/s][A[A[A[A[A[A[A








Downloading [model-00002-of-00002.safetensors]:   3%|▎         | 103M/3.28G [01:08<17:56, 3.18MB/s][A[A[A[A[A[A[A[A







Downloading [model-00001-of-00002.safetensors]:   8%|▊         | 286M/3.71G [01:08<14:29, 4.24MB/s][A[A[A[A[A[A[A








Downloading [model-00002-of-00002.safetensors]:   3%|▎         | 104M/3.28G [01:09<15:55, 3.58MB/s][A[A[A[A[A[A[A[A







Downloading [model-00001-of-00002.safetensors]:   8%|▊         | 287M/3.71G [01:09<13:19, 4.61MB/s][A[A[A[A[A[A[A








Downloading [model-00002-of-00002.safetensors]:   3%|▎         | 105M/3.28G [01:09<15:10, 3.75MB/s][A[A[A[A[A[A[A[A







Downloading [model-00001-of-00002.safetensors]:   8%|▊         | 288M/3.71G [01:09<16:07, 3.81MB/s][A[A[A[A[A[A[A








Downloading [model-00002-of-00002.safetensors]:   3%|▎         | 106M/3.28G [01:09<15:33, 3.66MB/s][A[A[A[A[A[A[A[A







Downloading [model-00001-of-00002.safetensors]:   8%|▊         | 290M/3.71G [01:09<11:40, 5.25MB/s][A[A[A[A[A[A[A








Downloading [model-00002-of-00002.safetensors]:   3%|▎         | 107M/3.28G [01:10<19:52, 2.86MB/s][A[A[A[A[A[A[A[A







Downloading [model-00001-of-00002.safetensors]:   8%|▊         | 291M/3.71G [01:10<17:05, 3.59MB/s][A[A[A[A[A[A[A








Downloading [model-00002-of-00002.safetensors]:   3%|▎         | 108M/3.28G [01:10<19:37, 2.90MB/s][A[A[A[A[A[A[A[A







Downloading [model-00001-of-00002.safetensors]:   8%|▊         | 292M/3.71G [01:10<16:15, 3.77MB/s][A[A[A[A[A[A[A







Downloading [model-00001-of-00002.safetensors]:   8%|▊         | 293M/3.71G [01:11<18:48, 3.26MB/s][A[A[A[A[A[A[A








Downloading [model-00002-of-00002.safetensors]:   3%|▎         | 109M/3.28G [01:11<21:35, 2.63MB/s][A[A[A[A[A[A[A[A







Downloading [model-00001-of-00002.safetensors]:   8%|▊         | 295M/3.71G [01:11<13:49, 4.43MB/s][A[A[A[A[A[A[A








Downloading [model-00002-of-00002.safetensors]:   3%|▎         | 110M/3.28G [01:11<19:53, 2.86MB/s][A[A[A[A[A[A[A[A







Downloading [model-00001-of-00002.safetensors]:   8%|▊         | 296M/3.71G [01:11<12:35, 4.86MB/s][A[A[A[A[A[A[A








Downloading [model-00002-of-00002.safetensors]:   3%|▎         | 111M/3.28G [01:11<18:08, 3.13MB/s][A[A[A[A[A[A[A[A







Downloading [model-00001-of-00002.safetensors]:   8%|▊         | 297M/3.71G [01:11<13:37, 4.49MB/s][A[A[A[A[A[A[A








Downloading [model-00002-of-00002.safetensors]:   3%|▎         | 112M/3.28G [01:12<20:31, 2.77MB/s][A[A[A[A[A[A[A[A







Downloading [model-00001-of-00002.safetensors]:   8%|▊         | 298M/3.71G [01:12<16:08, 3.79MB/s][A[A[A[A[A[A[A







Downloading [model-00001-of-00002.safetensors]:   8%|▊         | 299M/3.71G [01:12<17:28, 3.50MB/s][A[A[A[A[A[A[A








Downloading [model-00002-of-00002.safetensors]:   3%|▎         | 113M/3.28G [01:12<21:00, 2.70MB/s][A[A[A[A[A[A[A[A








Downloading [model-00002-of-00002.safetensors]:   3%|▎         | 114M/3.28G [01:12<19:40, 2.89MB/s][A[A[A[A[A[A[A[A







Downloading [model-00001-of-00002.safetensors]:   8%|▊         | 300M/3.71G [01:12<17:50, 3.43MB/s][A[A[A[A[A[A[A







Downloading [model-00001-of-00002.safetensors]:   8%|▊         | 301M/3.71G [01:13<18:57, 3.22MB/s][A[A[A[A[A[A[A








Downloading [model-00002-of-00002.safetensors]:   3%|▎         | 115M/3.28G [01:13<20:20, 2.79MB/s][A[A[A[A[A[A[A[A







Downloading [model-00001-of-00002.safetensors]:   8%|▊         | 302M/3.71G [01:13<17:17, 3.53MB/s][A[A[A[A[A[A[A








Downloading [model-00002-of-00002.safetensors]:   3%|▎         | 116M/3.28G [01:13<18:24, 3.08MB/s][A[A[A[A[A[A[A[A







Downloading [model-00001-of-00002.safetensors]:   8%|▊         | 303M/3.71G [01:13<17:57, 3.40MB/s][A[A[A[A[A[A[A








Downloading [model-00002-of-00002.safetensors]:   3%|▎         | 117M/3.28G [01:13<18:16, 3.10MB/s][A[A[A[A[A[A[A[A








Downloading [model-00002-of-00002.safetensors]:   4%|▎         | 118M/3.28G [01:14<17:16, 3.28MB/s][A[A[A[A[A[A[A[A







Downloading [model-00001-of-00002.safetensors]:   8%|▊         | 304M/3.71G [01:14<21:20, 2.86MB/s][A[A[A[A[A[A[A








Downloading [model-00002-of-00002.safetensors]:   4%|▎         | 119M/3.28G [01:14<22:14, 2.55MB/s][A[A[A[A[A[A[A[A







Downloading [model-00001-of-00002.safetensors]:   8%|▊         | 305M/3.71G [01:14<22:57, 2.66MB/s][A[A[A[A[A[A[A







Downloading [model-00001-of-00002.safetensors]:   8%|▊         | 306M/3.71G [01:14<20:32, 2.97MB/s][A[A[A[A[A[A[A








Downloading [model-00002-of-00002.safetensors]:   4%|▎         | 120M/3.28G [01:14<19:53, 2.85MB/s][A[A[A[A[A[A[A[A







Downloading [model-00001-of-00002.safetensors]:   8%|▊         | 307M/3.71G [01:15<17:50, 3.42MB/s][A[A[A[A[A[A[A








Downloading [model-00002-of-00002.safetensors]:   4%|▎         | 121M/3.28G [01:15<17:29, 3.24MB/s][A[A[A[A[A[A[A[A








Downloading [model-00002-of-00002.safetensors]:   4%|▎         | 122M/3.28G [01:15<17:57, 3.15MB/s][A[A[A[A[A[A[A[A







Downloading [model-00001-of-00002.safetensors]:   8%|▊         | 308M/3.71G [01:15<21:04, 2.89MB/s][A[A[A[A[A[A[A







Downloading [model-00001-of-00002.safetensors]:   8%|▊         | 309M/3.71G [01:16<22:47, 2.67MB/s][A[A[A[A[A[A[A








Downloading [model-00002-of-00002.safetensors]:   4%|▎         | 123M/3.28G [01:16<22:48, 2.48MB/s][A[A[A[A[A[A[A[A







Downloading [model-00001-of-00002.safetensors]:   8%|▊         | 310M/3.71G [01:16<20:23, 2.99MB/s][A[A[A[A[A[A[A








Downloading [model-00002-of-00002.safetensors]:   4%|▎         | 124M/3.28G [01:16<21:22, 2.65MB/s][A[A[A[A[A[A[A[A







Downloading [model-00001-of-00002.safetensors]:   8%|▊         | 311M/3.71G [01:16<17:36, 3.46MB/s][A[A[A[A[A[A[A







Downloading [model-00001-of-00002.safetensors]:   8%|▊         | 312M/3.71G [01:16<18:39, 3.26MB/s][A[A[A[A[A[A[A








Downloading [model-00002-of-00002.safetensors]:   4%|▎         | 125M/3.28G [01:16<21:44, 2.60MB/s][A[A[A[A[A[A[A[A








Downloading [model-00002-of-00002.safetensors]:   4%|▎         | 126M/3.28G [01:17<19:34, 2.89MB/s][A[A[A[A[A[A[A[A







Downloading [model-00001-of-00002.safetensors]:   8%|▊         | 313M/3.71G [01:17<19:08, 3.18MB/s][A[A[A[A[A[A[A








Downloading [model-00002-of-00002.safetensors]:   4%|▍         | 127M/3.28G [01:17<20:15, 2.79MB/s][A[A[A[A[A[A[A[A







Downloading [model-00001-of-00002.safetensors]:   8%|▊         | 314M/3.71G [01:17<19:35, 3.11MB/s][A[A[A[A[A[A[A







Downloading [model-00001-of-00002.safetensors]:   8%|▊         | 315M/3.71G [01:17<17:21, 3.51MB/s][A[A[A[A[A[A[A








Downloading [model-00002-of-00002.safetensors]:   4%|▍         | 128M/3.28G [01:17<18:04, 3.13MB/s][A[A[A[A[A[A[A[A







Downloading [model-00001-of-00002.safetensors]:   8%|▊         | 316M/3.71G [01:17<15:04, 4.04MB/s][A[A[A[A[A[A[A








Downloading [model-00002-of-00002.safetensors]:   4%|▍         | 129M/3.28G [01:18<16:36, 3.40MB/s][A[A[A[A[A[A[A[A







Downloading [model-00001-of-00002.safetensors]:   8%|▊         | 317M/3.71G [01:18<14:51, 4.09MB/s][A[A[A[A[A[A[A








Downloading [model-00002-of-00002.safetensors]:   4%|▍         | 130M/3.28G [01:18<16:11, 3.49MB/s][A[A[A[A[A[A[A[A







Downloading [model-00001-of-00002.safetensors]:   8%|▊         | 318M/3.71G [01:18<17:06, 3.56MB/s][A[A[A[A[A[A[A








Downloading [model-00002-of-00002.safetensors]:   4%|▍         | 131M/3.28G [01:18<16:29, 3.42MB/s][A[A[A[A[A[A[A[A







Downloading [model-00001-of-00002.safetensors]:   8%|▊         | 319M/3.71G [01:18<16:34, 3.67MB/s][A[A[A[A[A[A[A








Downloading [model-00002-of-00002.safetensors]:   4%|▍         | 132M/3.28G [01:18<16:09, 3.50MB/s][A[A[A[A[A[A[A[A







Downloading [model-00001-of-00002.safetensors]:   8%|▊         | 320M/3.71G [01:19<17:15, 3.52MB/s][A[A[A[A[A[A[A








Downloading [model-00002-of-00002.safetensors]:   4%|▍         | 133M/3.28G [01:19<15:36, 3.62MB/s][A[A[A[A[A[A[A[A








Downloading [model-00002-of-00002.safetensors]:   4%|▍         | 134M/3.28G [01:19<15:18, 3.69MB/s][A[A[A[A[A[A[A[A







Downloading [model-00001-of-00002.safetensors]:   8%|▊         | 321M/3.71G [01:19<17:09, 3.54MB/s][A[A[A[A[A[A[A








Downloading [model-00002-of-00002.safetensors]:   4%|▍         | 135M/3.28G [01:19<14:35, 3.87MB/s][A[A[A[A[A[A[A[A







Downloading [model-00001-of-00002.safetensors]:   8%|▊         | 322M/3.71G [01:19<16:31, 3.68MB/s][A[A[A[A[A[A[A








Downloading [model-00002-of-00002.safetensors]:   4%|▍         | 136M/3.28G [01:20<16:58, 3.32MB/s][A[A[A[A[A[A[A[A







Downloading [model-00001-of-00002.safetensors]:   9%|▊         | 323M/3.71G [01:20<20:52, 2.91MB/s][A[A[A[A[A[A[A








Downloading [model-00002-of-00002.safetensors]:   4%|▍         | 137M/3.28G [01:20<16:35, 3.40MB/s][A[A[A[A[A[A[A[A







Downloading [model-00001-of-00002.safetensors]:   9%|▊         | 324M/3.71G [01:20<19:34, 3.10MB/s][A[A[A[A[A[A[A








Downloading [model-00002-of-00002.safetensors]:   4%|▍         | 138M/3.28G [01:20<14:47, 3.81MB/s][A[A[A[A[A[A[A[A








Downloading [model-00002-of-00002.safetensors]:   4%|▍         | 139M/3.28G [01:20<14:16, 3.95MB/s][A[A[A[A[A[A[A[A







Downloading [model-00001-of-00002.safetensors]:   9%|▊         | 325M/3.71G [01:20<19:52, 3.05MB/s][A[A[A[A[A[A[A








Downloading [model-00002-of-00002.safetensors]:   4%|▍         | 140M/3.28G [01:21<14:14, 3.96MB/s][A[A[A[A[A[A[A[A







Downloading [model-00001-of-00002.safetensors]:   9%|▊         | 326M/3.71G [01:21<19:17, 3.15MB/s][A[A[A[A[A[A[A








Downloading [model-00002-of-00002.safetensors]:   4%|▍         | 141M/3.28G [01:21<13:02, 4.32MB/s][A[A[A[A[A[A[A[A







Downloading [model-00001-of-00002.safetensors]:   9%|▊         | 327M/3.71G [01:21<17:10, 3.53MB/s][A[A[A[A[A[A[A








Downloading [model-00002-of-00002.safetensors]:   4%|▍         | 142M/3.28G [01:21<14:02, 4.01MB/s][A[A[A[A[A[A[A[A







Downloading [model-00001-of-00002.safetensors]:   9%|▊         | 328M/3.71G [01:21<19:02, 3.19MB/s][A[A[A[A[A[A[A







Downloading [model-00001-of-00002.safetensors]:   9%|▊         | 329M/3.71G [01:22<21:24, 2.83MB/s][A[A[A[A[A[A[A








Downloading [model-00002-of-00002.safetensors]:   4%|▍         | 143M/3.28G [01:22<21:52, 2.57MB/s][A[A[A[A[A[A[A[A







Downloading [model-00001-of-00002.safetensors]:   9%|▊         | 330M/3.71G [01:23<27:45, 2.18MB/s][A[A[A[A[A[A[A








Downloading [model-00002-of-00002.safetensors]:   4%|▍         | 144M/3.28G [01:23<29:46, 1.89MB/s][A[A[A[A[A[A[A[A







Downloading [model-00001-of-00002.safetensors]:   9%|▊         | 331M/3.71G [01:23<26:12, 2.31MB/s][A[A[A[A[A[A[A








Downloading [model-00002-of-00002.safetensors]:   4%|▍         | 145M/3.28G [01:23<26:55, 2.09MB/s][A[A[A[A[A[A[A[A







Downloading [model-00001-of-00002.safetensors]:   9%|▊         | 332M/3.71G [01:23<23:28, 2.58MB/s][A[A[A[A[A[A[A








Downloading [model-00002-of-00002.safetensors]:   4%|▍         | 146M/3.28G [01:23<23:02, 2.44MB/s][A[A[A[A[A[A[A[A







Downloading [model-00001-of-00002.safetensors]:   9%|▉         | 333M/3.71G [01:23<19:49, 3.06MB/s][A[A[A[A[A[A[A








Downloading [model-00002-of-00002.safetensors]:   4%|▍         | 147M/3.28G [01:24<19:01, 2.96MB/s][A[A[A[A[A[A[A[A







Downloading [model-00001-of-00002.safetensors]:   9%|▉         | 334M/3.71G [01:24<17:02, 3.55MB/s][A[A[A[A[A[A[A








Downloading [model-00002-of-00002.safetensors]:   4%|▍         | 148M/3.28G [01:24<16:01, 3.51MB/s][A[A[A[A[A[A[A[A







Downloading [model-00001-of-00002.safetensors]:   9%|▉         | 335M/3.71G [01:24<16:11, 3.74MB/s][A[A[A[A[A[A[A








Downloading [model-00002-of-00002.safetensors]:   4%|▍         | 149M/3.28G [01:24<14:37, 3.84MB/s][A[A[A[A[A[A[A[A








Downloading [model-00002-of-00002.safetensors]:   4%|▍         | 150M/3.28G [01:24<13:42, 4.09MB/s][A[A[A[A[A[A[A[A







Downloading [model-00001-of-00002.safetensors]:   9%|▉         | 336M/3.71G [01:24<17:31, 3.45MB/s][A[A[A[A[A[A[A








Downloading [model-00002-of-00002.safetensors]:   4%|▍         | 151M/3.28G [01:24<12:14, 4.59MB/s][A[A[A[A[A[A[A[A








Downloading [model-00002-of-00002.safetensors]:   5%|▍         | 152M/3.28G [01:25<14:12, 3.95MB/s][A[A[A[A[A[A[A[A







Downloading [model-00001-of-00002.safetensors]:   9%|▉         | 337M/3.71G [01:25<21:11, 2.85MB/s][A[A[A[A[A[A[A








Downloading [model-00002-of-00002.safetensors]:   5%|▍         | 153M/3.28G [01:25<15:31, 3.61MB/s][A[A[A[A[A[A[A[A







Downloading [model-00001-of-00002.safetensors]:   9%|▉         | 338M/3.71G [01:25<20:41, 2.92MB/s][A[A[A[A[A[A[A








Downloading [model-00002-of-00002.safetensors]:   5%|▍         | 154M/3.28G [01:25<15:33, 3.60MB/s][A[A[A[A[A[A[A[A







Downloading [model-00001-of-00002.safetensors]:   9%|▉         | 339M/3.71G [01:26<22:05, 2.74MB/s][A[A[A[A[A[A[A








Downloading [model-00002-of-00002.safetensors]:   5%|▍         | 155M/3.28G [01:26<18:18, 3.06MB/s][A[A[A[A[A[A[A[A







Downloading [model-00001-of-00002.safetensors]:   9%|▉         | 340M/3.71G [01:26<22:07, 2.73MB/s][A[A[A[A[A[A[A







Downloading [model-00001-of-00002.safetensors]:   9%|▉         | 341M/3.71G [01:26<21:17, 2.84MB/s][A[A[A[A[A[A[A








Downloading [model-00002-of-00002.safetensors]:   5%|▍         | 156M/3.28G [01:26<20:06, 2.79MB/s][A[A[A[A[A[A[A[A







Downloading [model-00001-of-00002.safetensors]:   9%|▉         | 342M/3.71G [01:27<20:04, 3.01MB/s][A[A[A[A[A[A[A








Downloading [model-00002-of-00002.safetensors]:   5%|▍         | 157M/3.28G [01:27<20:33, 2.73MB/s][A[A[A[A[A[A[A[A







Downloading [model-00001-of-00002.safetensors]:   9%|▉         | 343M/3.71G [01:27<20:00, 3.02MB/s][A[A[A[A[A[A[A








Downloading [model-00002-of-00002.safetensors]:   5%|▍         | 158M/3.28G [01:27<20:58, 2.67MB/s][A[A[A[A[A[A[A[A







Downloading [model-00001-of-00002.safetensors]:   9%|▉         | 344M/3.71G [01:27<17:55, 3.37MB/s][A[A[A[A[A[A[A







Downloading [model-00001-of-00002.safetensors]:   9%|▉         | 345M/3.71G [01:27<15:25, 3.91MB/s][A[A[A[A[A[A[A








Downloading [model-00002-of-00002.safetensors]:   5%|▍         | 159M/3.28G [01:27<18:28, 3.03MB/s][A[A[A[A[A[A[A[A







Downloading [model-00001-of-00002.safetensors]:   9%|▉         | 346M/3.71G [01:27<13:14, 4.56MB/s][A[A[A[A[A[A[A








Downloading [model-00002-of-00002.safetensors]:   5%|▍         | 160M/3.28G [01:28<16:44, 3.34MB/s][A[A[A[A[A[A[A[A







Downloading [model-00001-of-00002.safetensors]:   9%|▉         | 347M/3.71G [01:28<12:13, 4.94MB/s][A[A[A[A[A[A[A







Downloading [model-00001-of-00002.safetensors]:   9%|▉         | 348M/3.71G [01:28<11:13, 5.37MB/s][A[A[A[A[A[A[A








Downloading [model-00002-of-00002.safetensors]:   5%|▍         | 161M/3.28G [01:28<14:52, 3.76MB/s][A[A[A[A[A[A[A[A







Downloading [model-00001-of-00002.safetensors]:   9%|▉         | 349M/3.71G [01:28<11:04, 5.44MB/s][A[A[A[A[A[A[A








Downloading [model-00002-of-00002.safetensors]:   5%|▍         | 162M/3.28G [01:28<13:46, 4.06MB/s][A[A[A[A[A[A[A[A







Downloading [model-00001-of-00002.safetensors]:   9%|▉         | 350M/3.71G [01:28<10:36, 5.68MB/s][A[A[A[A[A[A[A








Downloading [model-00002-of-00002.safetensors]:   5%|▍         | 163M/3.28G [01:28<12:40, 4.41MB/s][A[A[A[A[A[A[A[A







Downloading [model-00001-of-00002.safetensors]:   9%|▉         | 351M/3.71G [01:28<10:18, 5.85MB/s][A[A[A[A[A[A[A








Downloading [model-00002-of-00002.safetensors]:   5%|▍         | 164M/3.28G [01:28<12:08, 4.61MB/s][A[A[A[A[A[A[A[A







Downloading [model-00001-of-00002.safetensors]:   9%|▉         | 352M/3.71G [01:28<10:05, 5.97MB/s][A[A[A[A[A[A[A








Downloading [model-00002-of-00002.safetensors]:   5%|▍         | 165M/3.28G [01:29<11:21, 4.92MB/s][A[A[A[A[A[A[A[A







Downloading [model-00001-of-00002.safetensors]:   9%|▉         | 353M/3.71G [01:29<10:29, 5.74MB/s][A[A[A[A[A[A[A








Downloading [model-00002-of-00002.safetensors]:   5%|▍         | 166M/3.28G [01:29<10:16, 5.44MB/s][A[A[A[A[A[A[A[A








Downloading [model-00002-of-00002.safetensors]:   5%|▍         | 167M/3.28G [01:29<11:44, 4.76MB/s][A[A[A[A[A[A[A[A







Downloading [model-00001-of-00002.safetensors]:   9%|▉         | 354M/3.71G [01:29<14:01, 4.29MB/s][A[A[A[A[A[A[A








Downloading [model-00002-of-00002.safetensors]:   5%|▍         | 168M/3.28G [01:29<14:28, 3.86MB/s][A[A[A[A[A[A[A[A







Downloading [model-00001-of-00002.safetensors]:   9%|▉         | 355M/3.71G [01:29<17:12, 3.50MB/s][A[A[A[A[A[A[A







Downloading [model-00001-of-00002.safetensors]:   9%|▉         | 356M/3.71G [01:30<13:51, 4.34MB/s][A[A[A[A[A[A[A








Downloading [model-00002-of-00002.safetensors]:   5%|▌         | 169M/3.28G [01:30<14:44, 3.79MB/s][A[A[A[A[A[A[A[A








Downloading [model-00002-of-00002.safetensors]:   5%|▌         | 170M/3.28G [01:30<14:11, 3.93MB/s][A[A[A[A[A[A[A[A







Downloading [model-00001-of-00002.safetensors]:   9%|▉         | 357M/3.71G [01:30<15:37, 3.85MB/s][A[A[A[A[A[A[A








Downloading [model-00002-of-00002.safetensors]:   5%|▌         | 171M/3.28G [01:30<13:02, 4.28MB/s][A[A[A[A[A[A[A[A







Downloading [model-00001-of-00002.safetensors]:   9%|▉         | 358M/3.71G [01:30<15:44, 3.82MB/s][A[A[A[A[A[A[A








Downloading [model-00002-of-00002.safetensors]:   5%|▌         | 172M/3.28G [01:30<12:38, 4.41MB/s][A[A[A[A[A[A[A[A







Downloading [model-00001-of-00002.safetensors]:   9%|▉         | 359M/3.71G [01:30<14:58, 4.02MB/s][A[A[A[A[A[A[A








Downloading [model-00002-of-00002.safetensors]:   5%|▌         | 173M/3.28G [01:30<11:33, 4.82MB/s][A[A[A[A[A[A[A[A







Downloading [model-00001-of-00002.safetensors]:   9%|▉         | 360M/3.71G [01:31<13:48, 4.35MB/s][A[A[A[A[A[A[A








Downloading [model-00002-of-00002.safetensors]:   5%|▌         | 174M/3.28G [01:31<10:19, 5.40MB/s][A[A[A[A[A[A[A[A








Downloading [model-00002-of-00002.safetensors]:   5%|▌         | 175M/3.28G [01:31<09:26, 5.91MB/s][A[A[A[A[A[A[A[A







Downloading [model-00001-of-00002.safetensors]:  10%|▉         | 361M/3.71G [01:31<13:28, 4.46MB/s][A[A[A[A[A[A[A








Downloading [model-00002-of-00002.safetensors]:   5%|▌         | 176M/3.28G [01:31<11:11, 4.98MB/s][A[A[A[A[A[A[A[A







Downloading [model-00001-of-00002.safetensors]:  10%|▉         | 362M/3.71G [01:31<16:51, 3.56MB/s][A[A[A[A[A[A[A








Downloading [model-00002-of-00002.safetensors]:   5%|▌         | 177M/3.28G [01:31<11:23, 4.89MB/s][A[A[A[A[A[A[A[A








Downloading [model-00002-of-00002.safetensors]:   5%|▌         | 178M/3.28G [01:31<10:50, 5.13MB/s][A[A[A[A[A[A[A[A







Downloading [model-00001-of-00002.safetensors]:  10%|▉         | 363M/3.71G [01:32<15:50, 3.79MB/s][A[A[A[A[A[A[A








Downloading [model-00002-of-00002.safetensors]:   5%|▌         | 179M/3.28G [01:32<09:53, 5.63MB/s][A[A[A[A[A[A[A[A







Downloading [model-00001-of-00002.safetensors]:  10%|▉         | 364M/3.71G [01:32<13:59, 4.29MB/s][A[A[A[A[A[A[A








Downloading [model-00002-of-00002.safetensors]:   5%|▌         | 180M/3.28G [01:32<08:57, 6.22MB/s][A[A[A[A[A[A[A[A







Downloading [model-00001-of-00002.safetensors]:  10%|▉         | 365M/3.71G [01:32<12:41, 4.73MB/s][A[A[A[A[A[A[A








Downloading [model-00002-of-00002.safetensors]:   5%|▌         | 181M/3.28G [01:32<08:51, 6.28MB/s][A[A[A[A[A[A[A[A







Downloading [model-00001-of-00002.safetensors]:  10%|▉         | 366M/3.71G [01:32<12:02, 4.98MB/s][A[A[A[A[A[A[A








Downloading [model-00002-of-00002.safetensors]:   5%|▌         | 182M/3.28G [01:32<08:45, 6.35MB/s][A[A[A[A[A[A[A[A







Downloading [model-00001-of-00002.safetensors]:  10%|▉         | 367M/3.71G [01:32<11:47, 5.09MB/s][A[A[A[A[A[A[A








Downloading [model-00002-of-00002.safetensors]:   5%|▌         | 183M/3.28G [01:32<09:51, 5.64MB/s][A[A[A[A[A[A[A[A







Downloading [model-00001-of-00002.safetensors]:  10%|▉         | 368M/3.71G [01:32<11:06, 5.40MB/s][A[A[A[A[A[A[A








Downloading [model-00002-of-00002.safetensors]:   5%|▌         | 184M/3.28G [01:32<09:55, 5.60MB/s][A[A[A[A[A[A[A[A







Downloading [model-00001-of-00002.safetensors]:  10%|▉         | 369M/3.71G [01:33<10:31, 5.70MB/s][A[A[A[A[A[A[A







Downloading [model-00001-of-00002.safetensors]:  10%|▉         | 370M/3.71G [01:33<11:15, 5.32MB/s][A[A[A[A[A[A[A








Downloading [model-00002-of-00002.safetensors]:   6%|▌         | 185M/3.28G [01:33<12:30, 4.44MB/s][A[A[A[A[A[A[A[A








Downloading [model-00002-of-00002.safetensors]:   6%|▌         | 186M/3.28G [01:33<10:38, 5.22MB/s][A[A[A[A[A[A[A[A







Downloading [model-00001-of-00002.safetensors]:  10%|▉         | 371M/3.71G [01:33<11:11, 5.35MB/s][A[A[A[A[A[A[A








Downloading [model-00002-of-00002.safetensors]:   6%|▌         | 187M/3.28G [01:33<11:19, 4.90MB/s][A[A[A[A[A[A[A[A







Downloading [model-00001-of-00002.safetensors]:  10%|▉         | 372M/3.71G [01:33<11:57, 5.00MB/s][A[A[A[A[A[A[A








Downloading [model-00002-of-00002.safetensors]:   6%|▌         | 188M/3.28G [01:33<12:01, 4.61MB/s][A[A[A[A[A[A[A[A







Downloading [model-00001-of-00002.safetensors]:  10%|▉         | 373M/3.71G [01:34<13:40, 4.38MB/s][A[A[A[A[A[A[A








Downloading [model-00002-of-00002.safetensors]:   6%|▌         | 189M/3.28G [01:34<11:50, 4.68MB/s][A[A[A[A[A[A[A[A







Downloading [model-00001-of-00002.safetensors]:  10%|▉         | 374M/3.71G [01:34<14:49, 4.04MB/s][A[A[A[A[A[A[A








Downloading [model-00002-of-00002.safetensors]:   6%|▌         | 190M/3.28G [01:34<10:57, 5.06MB/s][A[A[A[A[A[A[A[A








Downloading [model-00002-of-00002.safetensors]:   6%|▌         | 191M/3.28G [01:34<10:26, 5.31MB/s][A[A[A[A[A[A[A[A







Downloading [model-00001-of-00002.safetensors]:  10%|▉         | 375M/3.71G [01:34<15:44, 3.80MB/s][A[A[A[A[A[A[A








Downloading [model-00002-of-00002.safetensors]:   6%|▌         | 192M/3.28G [01:34<12:19, 4.50MB/s][A[A[A[A[A[A[A[A







Downloading [model-00001-of-00002.safetensors]:  10%|▉         | 376M/3.71G [01:35<20:24, 2.93MB/s][A[A[A[A[A[A[A








Downloading [model-00002-of-00002.safetensors]:   6%|▌         | 193M/3.28G [01:35<15:34, 3.56MB/s][A[A[A[A[A[A[A[A








Downloading [model-00002-of-00002.safetensors]:   6%|▌         | 194M/3.28G [01:35<15:26, 3.59MB/s][A[A[A[A[A[A[A[A







Downloading [model-00001-of-00002.safetensors]:  10%|▉         | 377M/3.71G [01:35<21:27, 2.79MB/s][A[A[A[A[A[A[A








Downloading [model-00002-of-00002.safetensors]:   6%|▌         | 195M/3.28G [01:35<14:02, 3.94MB/s][A[A[A[A[A[A[A[A







Downloading [model-00001-of-00002.safetensors]:  10%|▉         | 378M/3.71G [01:35<19:47, 3.02MB/s][A[A[A[A[A[A[A








Downloading [model-00002-of-00002.safetensors]:   6%|▌         | 196M/3.28G [01:35<12:21, 4.48MB/s][A[A[A[A[A[A[A[A








Downloading [model-00002-of-00002.safetensors]:   6%|▌         | 197M/3.28G [01:36<11:13, 4.93MB/s][A[A[A[A[A[A[A[A







Downloading [model-00001-of-00002.safetensors]:  10%|▉         | 379M/3.71G [01:36<18:48, 3.18MB/s][A[A[A[A[A[A[A








Downloading [model-00002-of-00002.safetensors]:   6%|▌         | 198M/3.28G [01:36<10:14, 5.41MB/s][A[A[A[A[A[A[A[A







Downloading [model-00001-of-00002.safetensors]:  10%|█         | 380M/3.71G [01:36<16:49, 3.55MB/s][A[A[A[A[A[A[A







Downloading [model-00001-of-00002.safetensors]:  10%|█         | 381M/3.71G [01:36<14:52, 4.02MB/s][A[A[A[A[A[A[A








Downloading [model-00002-of-00002.safetensors]:   6%|▌         | 199M/3.28G [01:36<13:36, 4.06MB/s][A[A[A[A[A[A[A[A







Downloading [model-00001-of-00002.safetensors]:  10%|█         | 382M/3.71G [01:36<17:06, 3.49MB/s][A[A[A[A[A[A[A








Downloading [model-00002-of-00002.safetensors]:   6%|▌         | 201M/3.28G [01:36<11:21, 4.87MB/s][A[A[A[A[A[A[A[A








Downloading [model-00002-of-00002.safetensors]:   6%|▌         | 202M/3.28G [01:37<12:06, 4.56MB/s][A[A[A[A[A[A[A[A







Downloading [model-00001-of-00002.safetensors]:  10%|█         | 383M/3.71G [01:37<17:39, 3.38MB/s][A[A[A[A[A[A[A








Downloading [model-00002-of-00002.safetensors]:   6%|▌         | 203M/3.28G [01:37<14:13, 3.88MB/s][A[A[A[A[A[A[A[A







Downloading [model-00001-of-00002.safetensors]:  10%|█         | 384M/3.71G [01:37<20:04, 2.97MB/s][A[A[A[A[A[A[A








Downloading [model-00002-of-00002.safetensors]:   6%|▌         | 204M/3.28G [01:38<16:05, 3.43MB/s][A[A[A[A[A[A[A[A







Downloading [model-00001-of-00002.safetensors]:  10%|█         | 385M/3.71G [01:38<21:46, 2.74MB/s][A[A[A[A[A[A[A








Downloading [model-00002-of-00002.safetensors]:   6%|▌         | 205M/3.28G [01:38<18:27, 2.99MB/s][A[A[A[A[A[A[A[A







Downloading [model-00001-of-00002.safetensors]:  10%|█         | 386M/3.71G [01:38<21:42, 2.75MB/s][A[A[A[A[A[A[A








Downloading [model-00002-of-00002.safetensors]:   6%|▌         | 206M/3.28G [01:38<18:42, 2.95MB/s][A[A[A[A[A[A[A[A







Downloading [model-00001-of-00002.safetensors]:  10%|█         | 387M/3.71G [01:38<20:14, 2.94MB/s][A[A[A[A[A[A[A







Downloading [model-00001-of-00002.safetensors]:  10%|█         | 388M/3.71G [01:39<18:31, 3.22MB/s][A[A[A[A[A[A[A








Downloading [model-00002-of-00002.safetensors]:   6%|▌         | 207M/3.28G [01:39<18:43, 2.95MB/s][A[A[A[A[A[A[A[A







Downloading [model-00001-of-00002.safetensors]:  10%|█         | 389M/3.71G [01:39<17:46, 3.35MB/s][A[A[A[A[A[A[A








Downloading [model-00002-of-00002.safetensors]:   6%|▌         | 208M/3.28G [01:39<19:30, 2.83MB/s][A[A[A[A[A[A[A[A







Downloading [model-00001-of-00002.safetensors]:  10%|█         | 390M/3.71G [01:39<18:29, 3.22MB/s][A[A[A[A[A[A[A








Downloading [model-00002-of-00002.safetensors]:   6%|▌         | 209M/3.28G [01:40<20:16, 2.72MB/s][A[A[A[A[A[A[A[A







Downloading [model-00001-of-00002.safetensors]:  10%|█         | 391M/3.71G [01:40<21:32, 2.76MB/s][A[A[A[A[A[A[A








Downloading [model-00002-of-00002.safetensors]:   6%|▌         | 210M/3.28G [01:40<23:38, 2.33MB/s][A[A[A[A[A[A[A[A







Downloading [model-00001-of-00002.safetensors]:  10%|█         | 392M/3.71G [01:40<22:52, 2.60MB/s][A[A[A[A[A[A[A







Downloading [model-00001-of-00002.safetensors]:  10%|█         | 393M/3.71G [01:41<25:36, 2.32MB/s][A[A[A[A[A[A[A








Downloading [model-00002-of-00002.safetensors]:   6%|▋         | 211M/3.28G [01:41<30:10, 1.83MB/s][A[A[A[A[A[A[A[A







Downloading [model-00001-of-00002.safetensors]:  10%|█         | 394M/3.71G [01:41<21:56, 2.71MB/s][A[A[A[A[A[A[A







Downloading [model-00001-of-00002.safetensors]:  10%|█         | 395M/3.71G [01:41<18:24, 3.23MB/s][A[A[A[A[A[A[A








Downloading [model-00002-of-00002.safetensors]:   6%|▋         | 212M/3.28G [01:41<25:36, 2.15MB/s][A[A[A[A[A[A[A[A







Downloading [model-00001-of-00002.safetensors]:  10%|█         | 396M/3.71G [01:41<15:25, 3.86MB/s][A[A[A[A[A[A[A








Downloading [model-00002-of-00002.safetensors]:   6%|▋         | 213M/3.28G [01:42<22:58, 2.40MB/s][A[A[A[A[A[A[A[A







Downloading [model-00001-of-00002.safetensors]:  10%|█         | 397M/3.71G [01:42<15:30, 3.83MB/s][A[A[A[A[A[A[A








Downloading [model-00002-of-00002.safetensors]:   6%|▋         | 214M/3.28G [01:42<20:10, 2.73MB/s][A[A[A[A[A[A[A[A







Downloading [model-00001-of-00002.safetensors]:  10%|█         | 398M/3.71G [01:42<17:58, 3.31MB/s][A[A[A[A[A[A[A








Downloading [model-00002-of-00002.safetensors]:   6%|▋         | 215M/3.28G [01:42<17:59, 3.06MB/s][A[A[A[A[A[A[A[A








Downloading [model-00002-of-00002.safetensors]:   6%|▋         | 216M/3.28G [01:42<17:38, 3.12MB/s][A[A[A[A[A[A[A[A







Downloading [model-00001-of-00002.safetensors]:  11%|█         | 399M/3.71G [01:43<24:24, 2.43MB/s][A[A[A[A[A[A[A








Downloading [model-00002-of-00002.safetensors]:   6%|▋         | 217M/3.28G [01:43<20:55, 2.63MB/s][A[A[A[A[A[A[A[A







Downloading [model-00001-of-00002.safetensors]:  11%|█         | 400M/3.71G [01:43<21:21, 2.78MB/s][A[A[A[A[A[A[A







Downloading [model-00001-of-00002.safetensors]:  11%|█         | 401M/3.71G [01:43<20:59, 2.83MB/s][A[A[A[A[A[A[A








Downloading [model-00002-of-00002.safetensors]:   6%|▋         | 218M/3.28G [01:43<20:37, 2.67MB/s][A[A[A[A[A[A[A[A







Downloading [model-00001-of-00002.safetensors]:  11%|█         | 402M/3.71G [01:44<21:26, 2.77MB/s][A[A[A[A[A[A[A








Downloading [model-00002-of-00002.safetensors]:   7%|▋         | 219M/3.28G [01:44<20:40, 2.66MB/s][A[A[A[A[A[A[A[A








Downloading [model-00002-of-00002.safetensors]:   7%|▋         | 220M/3.28G [01:44<20:48, 2.64MB/s][A[A[A[A[A[A[A[A







Downloading [model-00001-of-00002.safetensors]:  11%|█         | 403M/3.71G [01:44<23:24, 2.53MB/s][A[A[A[A[A[A[A








Downloading [model-00002-of-00002.safetensors]:   7%|▋         | 221M/3.28G [01:44<18:03, 3.04MB/s][A[A[A[A[A[A[A[A







Downloading [model-00001-of-00002.safetensors]:  11%|█         | 404M/3.71G [01:45<21:26, 2.77MB/s][A[A[A[A[A[A[A








Downloading [model-00002-of-00002.safetensors]:   7%|▋         | 222M/3.28G [01:45<15:56, 3.45MB/s][A[A[A[A[A[A[A[A








Downloading [model-00002-of-00002.safetensors]:   7%|▋         | 223M/3.28G [01:45<15:32, 3.53MB/s][A[A[A[A[A[A[A[A







Downloading [model-00001-of-00002.safetensors]:  11%|█         | 405M/3.71G [01:45<20:51, 2.84MB/s][A[A[A[A[A[A[A








Downloading [model-00002-of-00002.safetensors]:   7%|▋         | 224M/3.28G [01:45<18:54, 2.90MB/s][A[A[A[A[A[A[A[A







Downloading [model-00001-of-00002.safetensors]:  11%|█         | 406M/3.71G [01:45<24:34, 2.41MB/s][A[A[A[A[A[A[A







Downloading [model-00001-of-00002.safetensors]:  11%|█         | 407M/3.71G [01:46<29:51, 1.98MB/s][A[A[A[A[A[A[A








Downloading [model-00002-of-00002.safetensors]:   7%|▋         | 225M/3.28G [01:46<27:30, 1.99MB/s][A[A[A[A[A[A[A[A







Downloading [model-00001-of-00002.safetensors]:  11%|█         | 408M/3.71G [01:47<26:37, 2.23MB/s][A[A[A[A[A[A[A








Downloading [model-00002-of-00002.safetensors]:   7%|▋         | 226M/3.28G [01:47<26:50, 2.04MB/s][A[A[A[A[A[A[A[A







Downloading [model-00001-of-00002.safetensors]:  11%|█         | 409M/3.71G [01:47<24:02, 2.46MB/s][A[A[A[A[A[A[A








Downloading [model-00002-of-00002.safetensors]:   7%|▋         | 227M/3.28G [01:47<23:38, 2.32MB/s][A[A[A[A[A[A[A[A







Downloading [model-00001-of-00002.safetensors]:  11%|█         | 410M/3.71G [01:47<20:27, 2.89MB/s][A[A[A[A[A[A[A







Downloading [model-00001-of-00002.safetensors]:  11%|█         | 411M/3.71G [01:47<18:06, 3.27MB/s][A[A[A[A[A[A[A








Downloading [model-00002-of-00002.safetensors]:   7%|▋         | 228M/3.28G [01:47<21:17, 2.57MB/s][A[A[A[A[A[A[A[A







Downloading [model-00001-of-00002.safetensors]:  11%|█         | 412M/3.71G [01:48<16:36, 3.56MB/s][A[A[A[A[A[A[A








Downloading [model-00002-of-00002.safetensors]:   7%|▋         | 229M/3.28G [01:48<19:13, 2.85MB/s][A[A[A[A[A[A[A[A







Downloading [model-00001-of-00002.safetensors]:  11%|█         | 413M/3.71G [01:48<16:07, 3.67MB/s][A[A[A[A[A[A[A







Downloading [model-00001-of-00002.safetensors]:  11%|█         | 414M/3.71G [01:48<15:38, 3.78MB/s][A[A[A[A[A[A[A








Downloading [model-00002-of-00002.safetensors]:   7%|▋         | 230M/3.28G [01:48<20:22, 2.69MB/s][A[A[A[A[A[A[A[A







Downloading [model-00001-of-00002.safetensors]:  11%|█         | 415M/3.71G [01:48<14:05, 4.20MB/s][A[A[A[A[A[A[A








Downloading [model-00002-of-00002.safetensors]:   7%|▋         | 231M/3.28G [01:48<19:02, 2.87MB/s][A[A[A[A[A[A[A[A







Downloading [model-00001-of-00002.safetensors]:  11%|█         | 416M/3.71G [01:48<12:47, 4.62MB/s][A[A[A[A[A[A[A







Downloading [model-00001-of-00002.safetensors]:  11%|█         | 417M/3.71G [01:49<12:03, 4.90MB/s][A[A[A[A[A[A[A








Downloading [model-00002-of-00002.safetensors]:   7%|▋         | 232M/3.28G [01:49<17:29, 3.13MB/s][A[A[A[A[A[A[A[A







Downloading [model-00001-of-00002.safetensors]:  11%|█         | 418M/3.71G [01:49<10:58, 5.39MB/s][A[A[A[A[A[A[A








Downloading [model-00002-of-00002.safetensors]:   7%|▋         | 233M/3.28G [01:49<16:18, 3.35MB/s][A[A[A[A[A[A[A[A







Downloading [model-00001-of-00002.safetensors]:  11%|█         | 419M/3.71G [01:49<11:45, 5.02MB/s][A[A[A[A[A[A[A








Downloading [model-00002-of-00002.safetensors]:   7%|▋         | 234M/3.28G [01:49<16:38, 3.29MB/s][A[A[A[A[A[A[A[A







Downloading [model-00001-of-00002.safetensors]:  11%|█         | 420M/3.71G [01:49<12:52, 4.58MB/s][A[A[A[A[A[A[A








Downloading [model-00002-of-00002.safetensors]:   7%|▋         | 235M/3.28G [01:49<14:23, 3.80MB/s][A[A[A[A[A[A[A[A







Downloading [model-00001-of-00002.safetensors]:  11%|█         | 421M/3.71G [01:50<17:34, 3.36MB/s][A[A[A[A[A[A[A








Downloading [model-00002-of-00002.safetensors]:   7%|▋         | 236M/3.28G [01:50<16:24, 3.33MB/s][A[A[A[A[A[A[A[A







Downloading [model-00001-of-00002.safetensors]:  11%|█         | 422M/3.71G [01:50<18:51, 3.13MB/s][A[A[A[A[A[A[A








Downloading [model-00002-of-00002.safetensors]:   7%|▋         | 237M/3.28G [01:51<21:51, 2.50MB/s][A[A[A[A[A[A[A[A







Downloading [model-00001-of-00002.safetensors]:  11%|█         | 423M/3.71G [01:51<23:44, 2.48MB/s][A[A[A[A[A[A[A








Downloading [model-00002-of-00002.safetensors]:   7%|▋         | 238M/3.28G [01:51<21:23, 2.55MB/s][A[A[A[A[A[A[A[A







Downloading [model-00001-of-00002.safetensors]:  11%|█         | 424M/3.71G [01:51<24:28, 2.41MB/s][A[A[A[A[A[A[A








Downloading [model-00002-of-00002.safetensors]:   7%|▋         | 239M/3.28G [01:51<21:18, 2.56MB/s][A[A[A[A[A[A[A[A








Downloading [model-00002-of-00002.safetensors]:   7%|▋         | 240M/3.28G [01:52<18:54, 2.89MB/s][A[A[A[A[A[A[A[A







Downloading [model-00001-of-00002.safetensors]:  11%|█         | 425M/3.71G [01:52<22:10, 2.66MB/s][A[A[A[A[A[A[A







Downloading [model-00001-of-00002.safetensors]:  11%|█         | 426M/3.71G [01:52<18:17, 3.22MB/s][A[A[A[A[A[A[A








Downloading [model-00002-of-00002.safetensors]:   7%|▋         | 241M/3.28G [01:52<15:55, 3.43MB/s][A[A[A[A[A[A[A[A







Downloading [model-00001-of-00002.safetensors]:  11%|█         | 427M/3.71G [01:52<15:54, 3.70MB/s][A[A[A[A[A[A[A








Downloading [model-00002-of-00002.safetensors]:   7%|▋         | 242M/3.28G [01:52<13:58, 3.90MB/s][A[A[A[A[A[A[A[A







Downloading [model-00001-of-00002.safetensors]:  11%|█▏        | 428M/3.71G [01:52<14:49, 3.97MB/s][A[A[A[A[A[A[A








Downloading [model-00002-of-00002.safetensors]:   7%|▋         | 243M/3.28G [01:52<14:53, 3.66MB/s][A[A[A[A[A[A[A[A







Downloading [model-00001-of-00002.safetensors]:  11%|█▏        | 429M/3.71G [01:53<16:08, 3.65MB/s][A[A[A[A[A[A[A








Downloading [model-00002-of-00002.safetensors]:   7%|▋         | 244M/3.28G [01:53<17:22, 3.14MB/s][A[A[A[A[A[A[A[A







Downloading [model-00001-of-00002.safetensors]:  11%|█▏        | 430M/3.71G [01:53<17:44, 3.32MB/s][A[A[A[A[A[A[A








Downloading [model-00002-of-00002.safetensors]:   7%|▋         | 245M/3.28G [01:53<17:45, 3.07MB/s][A[A[A[A[A[A[A[A







Downloading [model-00001-of-00002.safetensors]:  11%|█▏        | 431M/3.71G [01:53<20:00, 2.94MB/s][A[A[A[A[A[A[A








Downloading [model-00002-of-00002.safetensors]:   7%|▋         | 246M/3.28G [01:53<16:49, 3.24MB/s][A[A[A[A[A[A[A[A







Downloading [model-00001-of-00002.safetensors]:  11%|█▏        | 432M/3.71G [01:54<20:28, 2.87MB/s][A[A[A[A[A[A[A








Downloading [model-00002-of-00002.safetensors]:   7%|▋         | 247M/3.28G [01:54<18:47, 2.90MB/s][A[A[A[A[A[A[A[A








Downloading [model-00002-of-00002.safetensors]:   7%|▋         | 248M/3.28G [01:54<17:35, 3.10MB/s][A[A[A[A[A[A[A[A







Downloading [model-00001-of-00002.safetensors]:  11%|█▏        | 433M/3.71G [01:54<20:54, 2.81MB/s][A[A[A[A[A[A[A







Downloading [model-00001-of-00002.safetensors]:  11%|█▏        | 434M/3.71G [01:55<21:33, 2.73MB/s][A[A[A[A[A[A[A








Downloading [model-00002-of-00002.safetensors]:   7%|▋         | 249M/3.28G [01:55<20:48, 2.62MB/s][A[A[A[A[A[A[A[A







Downloading [model-00001-of-00002.safetensors]:  11%|█▏        | 435M/3.71G [01:55<19:34, 3.00MB/s][A[A[A[A[A[A[A








Downloading [model-00002-of-00002.safetensors]:   7%|▋         | 250M/3.28G [01:55<18:47, 2.89MB/s][A[A[A[A[A[A[A[A







Downloading [model-00001-of-00002.safetensors]:  11%|█▏        | 436M/3.71G [01:55<16:50, 3.49MB/s][A[A[A[A[A[A[A








Downloading [model-00002-of-00002.safetensors]:   7%|▋         | 251M/3.28G [01:55<16:36, 3.28MB/s][A[A[A[A[A[A[A[A







Downloading [model-00001-of-00002.safetensors]:  12%|█▏        | 437M/3.71G [01:55<15:22, 3.82MB/s][A[A[A[A[A[A[A







Downloading [model-00001-of-00002.safetensors]:  12%|█▏        | 438M/3.71G [01:56<17:20, 3.38MB/s][A[A[A[A[A[A[A








Downloading [model-00002-of-00002.safetensors]:   7%|▋         | 252M/3.28G [01:56<19:25, 2.80MB/s][A[A[A[A[A[A[A[A







Downloading [model-00001-of-00002.safetensors]:  12%|█▏        | 439M/3.71G [01:56<15:54, 3.69MB/s][A[A[A[A[A[A[A








Downloading [model-00002-of-00002.safetensors]:   8%|▊         | 253M/3.28G [01:56<17:31, 3.10MB/s][A[A[A[A[A[A[A[A







Downloading [model-00001-of-00002.safetensors]:  12%|█▏        | 440M/3.71G [01:56<14:29, 4.05MB/s][A[A[A[A[A[A[A








Downloading [model-00002-of-00002.safetensors]:   8%|▊         | 254M/3.28G [01:56<16:30, 3.29MB/s][A[A[A[A[A[A[A[A







Downloading [model-00001-of-00002.safetensors]:  12%|█▏        | 441M/3.71G [01:56<14:22, 4.08MB/s][A[A[A[A[A[A[A








Downloading [model-00002-of-00002.safetensors]:   8%|▊         | 255M/3.28G [01:57<16:48, 3.23MB/s][A[A[A[A[A[A[A[A







Downloading [model-00001-of-00002.safetensors]:  12%|█▏        | 442M/3.71G [01:57<14:55, 3.93MB/s][A[A[A[A[A[A[A








Downloading [model-00002-of-00002.safetensors]:   8%|▊         | 256M/3.28G [01:57<15:12, 3.57MB/s][A[A[A[A[A[A[A[A







Downloading [model-00001-of-00002.safetensors]:  12%|█▏        | 443M/3.71G [01:57<13:36, 4.31MB/s][A[A[A[A[A[A[A








Downloading [model-00002-of-00002.safetensors]:   8%|▊         | 257M/3.28G [01:57<13:41, 3.96MB/s][A[A[A[A[A[A[A[A







Downloading [model-00001-of-00002.safetensors]:  12%|█▏        | 444M/3.71G [01:57<14:08, 4.14MB/s][A[A[A[A[A[A[A








Downloading [model-00002-of-00002.safetensors]:   8%|▊         | 258M/3.28G [01:57<13:08, 4.13MB/s][A[A[A[A[A[A[A[A







Downloading [model-00001-of-00002.safetensors]:  12%|█▏        | 445M/3.71G [01:57<14:39, 4.00MB/s][A[A[A[A[A[A[A








Downloading [model-00002-of-00002.safetensors]:   8%|▊         | 259M/3.28G [01:57<12:20, 4.39MB/s][A[A[A[A[A[A[A[A







Downloading [model-00001-of-00002.safetensors]:  12%|█▏        | 446M/3.71G [01:58<13:40, 4.28MB/s][A[A[A[A[A[A[A








Downloading [model-00002-of-00002.safetensors]:   8%|▊         | 260M/3.28G [01:58<11:20, 4.79MB/s][A[A[A[A[A[A[A[A








Downloading [model-00002-of-00002.safetensors]:   8%|▊         | 261M/3.28G [01:58<11:14, 4.82MB/s][A[A[A[A[A[A[A[A







Downloading [model-00001-of-00002.safetensors]:  12%|█▏        | 447M/3.71G [01:58<14:06, 4.15MB/s][A[A[A[A[A[A[A








Downloading [model-00002-of-00002.safetensors]:   8%|▊         | 262M/3.28G [01:58<11:28, 4.72MB/s][A[A[A[A[A[A[A[A







Downloading [model-00001-of-00002.safetensors]:  12%|█▏        | 448M/3.71G [01:58<13:32, 4.32MB/s][A[A[A[A[A[A[A








Downloading [model-00002-of-00002.safetensors]:   8%|▊         | 263M/3.28G [01:58<12:47, 4.24MB/s][A[A[A[A[A[A[A[A







Downloading [model-00001-of-00002.safetensors]:  12%|█▏        | 449M/3.71G [01:58<14:48, 3.95MB/s][A[A[A[A[A[A[A








Downloading [model-00002-of-00002.safetensors]:   8%|▊         | 264M/3.28G [01:58<12:22, 4.38MB/s][A[A[A[A[A[A[A[A







Downloading [model-00001-of-00002.safetensors]:  12%|█▏        | 450M/3.71G [01:59<13:59, 4.18MB/s][A[A[A[A[A[A[A








Downloading [model-00002-of-00002.safetensors]:   8%|▊         | 265M/3.28G [01:59<11:21, 4.77MB/s][A[A[A[A[A[A[A[A







Downloading [model-00001-of-00002.safetensors]:  12%|█▏        | 451M/3.71G [01:59<12:32, 4.66MB/s][A[A[A[A[A[A[A








Downloading [model-00002-of-00002.safetensors]:   8%|▊         | 266M/3.28G [01:59<10:34, 5.12MB/s][A[A[A[A[A[A[A[A







Downloading [model-00001-of-00002.safetensors]:  12%|█▏        | 452M/3.71G [01:59<11:24, 5.12MB/s][A[A[A[A[A[A[A








Downloading [model-00002-of-00002.safetensors]:   8%|▊         | 267M/3.28G [01:59<11:36, 4.66MB/s][A[A[A[A[A[A[A[A







Downloading [model-00001-of-00002.safetensors]:  12%|█▏        | 453M/3.71G [01:59<12:32, 4.66MB/s][A[A[A[A[A[A[A







Downloading [model-00001-of-00002.safetensors]:  12%|█▏        | 454M/3.71G [01:59<12:12, 4.79MB/s][A[A[A[A[A[A[A








Downloading [model-00002-of-00002.safetensors]:   8%|▊         | 268M/3.28G [01:59<11:23, 4.75MB/s][A[A[A[A[A[A[A[A







Downloading [model-00001-of-00002.safetensors]:  12%|█▏        | 455M/3.71G [02:00<12:14, 4.77MB/s][A[A[A[A[A[A[A








Downloading [model-00002-of-00002.safetensors]:   8%|▊         | 269M/3.28G [02:00<11:48, 4.58MB/s][A[A[A[A[A[A[A[A







Downloading [model-00001-of-00002.safetensors]:  12%|█▏        | 456M/3.71G [02:00<12:13, 4.78MB/s][A[A[A[A[A[A[A








Downloading [model-00002-of-00002.safetensors]:   8%|▊         | 270M/3.28G [02:00<11:41, 4.63MB/s][A[A[A[A[A[A[A[A







Downloading [model-00001-of-00002.safetensors]:  12%|█▏        | 457M/3.71G [02:00<11:17, 5.17MB/s][A[A[A[A[A[A[A








Downloading [model-00002-of-00002.safetensors]:   8%|▊         | 271M/3.28G [02:00<10:48, 5.00MB/s][A[A[A[A[A[A[A[A







Downloading [model-00001-of-00002.safetensors]:  12%|█▏        | 458M/3.71G [02:00<10:21, 5.63MB/s][A[A[A[A[A[A[A








Downloading [model-00002-of-00002.safetensors]:   8%|▊         | 272M/3.28G [02:00<09:53, 5.46MB/s][A[A[A[A[A[A[A[A







Downloading [model-00001-of-00002.safetensors]:  12%|█▏        | 459M/3.71G [02:00<09:19, 6.25MB/s][A[A[A[A[A[A[A








Downloading [model-00002-of-00002.safetensors]:   8%|▊         | 273M/3.28G [02:00<09:10, 5.89MB/s][A[A[A[A[A[A[A[A







Downloading [model-00001-of-00002.safetensors]:  12%|█▏        | 460M/3.71G [02:00<09:16, 6.29MB/s][A[A[A[A[A[A[A








Downloading [model-00002-of-00002.safetensors]:   8%|▊         | 274M/3.28G [02:00<09:06, 5.93MB/s][A[A[A[A[A[A[A[A







Downloading [model-00001-of-00002.safetensors]:  12%|█▏        | 461M/3.71G [02:01<09:51, 5.92MB/s][A[A[A[A[A[A[A








Downloading [model-00002-of-00002.safetensors]:   8%|▊         | 275M/3.28G [02:01<08:43, 6.19MB/s][A[A[A[A[A[A[A[A








Downloading [model-00002-of-00002.safetensors]:   8%|▊         | 276M/3.28G [02:01<08:32, 6.31MB/s][A[A[A[A[A[A[A[A







Downloading [model-00001-of-00002.safetensors]:  12%|█▏        | 462M/3.71G [02:01<10:08, 5.75MB/s][A[A[A[A[A[A[A








Downloading [model-00002-of-00002.safetensors]:   8%|▊         | 277M/3.28G [02:01<09:59, 5.39MB/s][A[A[A[A[A[A[A[A







Downloading [model-00001-of-00002.safetensors]:  12%|█▏        | 463M/3.71G [02:01<12:05, 4.82MB/s][A[A[A[A[A[A[A








Downloading [model-00002-of-00002.safetensors]:   8%|▊         | 278M/3.28G [02:01<11:02, 4.88MB/s][A[A[A[A[A[A[A[A







Downloading [model-00001-of-00002.safetensors]:  12%|█▏        | 464M/3.71G [02:01<12:40, 4.60MB/s][A[A[A[A[A[A[A







Downloading [model-00001-of-00002.safetensors]:  12%|█▏        | 465M/3.71G [02:02<14:56, 3.90MB/s][A[A[A[A[A[A[A








Downloading [model-00002-of-00002.safetensors]:   8%|▊         | 279M/3.28G [02:02<14:42, 3.67MB/s][A[A[A[A[A[A[A[A







Downloading [model-00001-of-00002.safetensors]:  12%|█▏        | 466M/3.71G [02:02<14:59, 3.88MB/s][A[A[A[A[A[A[A








Downloading [model-00002-of-00002.safetensors]:   8%|▊         | 280M/3.28G [02:02<17:04, 3.16MB/s][A[A[A[A[A[A[A[A







Downloading [model-00001-of-00002.safetensors]:  12%|█▏        | 467M/3.71G [02:02<18:31, 3.14MB/s][A[A[A[A[A[A[A








Downloading [model-00002-of-00002.safetensors]:   8%|▊         | 281M/3.28G [02:03<19:04, 2.82MB/s][A[A[A[A[A[A[A[A







Downloading [model-00001-of-00002.safetensors]:  12%|█▏        | 468M/3.71G [02:03<18:26, 3.15MB/s][A[A[A[A[A[A[A








Downloading [model-00002-of-00002.safetensors]:   8%|▊         | 282M/3.28G [02:03<20:20, 2.65MB/s][A[A[A[A[A[A[A[A







Downloading [model-00001-of-00002.safetensors]:  12%|█▏        | 469M/3.71G [02:03<18:52, 3.08MB/s][A[A[A[A[A[A[A







Downloading [model-00001-of-00002.safetensors]:  12%|█▏        | 470M/3.71G [02:03<17:16, 3.37MB/s][A[A[A[A[A[A[A








Downloading [model-00002-of-00002.safetensors]:   8%|▊         | 283M/3.28G [02:03<19:08, 2.81MB/s][A[A[A[A[A[A[A[A







Downloading [model-00001-of-00002.safetensors]:  12%|█▏        | 471M/3.71G [02:04<15:58, 3.64MB/s][A[A[A[A[A[A[A








Downloading [model-00002-of-00002.safetensors]:   8%|▊         | 284M/3.28G [02:04<18:21, 2.93MB/s][A[A[A[A[A[A[A[A








Downloading [model-00002-of-00002.safetensors]:   8%|▊         | 285M/3.28G [02:04<16:02, 3.35MB/s][A[A[A[A[A[A[A[A







Downloading [model-00001-of-00002.safetensors]:  12%|█▏        | 472M/3.71G [02:04<17:30, 3.32MB/s][A[A[A[A[A[A[A







Downloading [model-00001-of-00002.safetensors]:  12%|█▏        | 473M/3.71G [02:04<16:27, 3.53MB/s][A[A[A[A[A[A[A








Downloading [model-00002-of-00002.safetensors]:   9%|▊         | 286M/3.28G [02:04<17:11, 3.13MB/s][A[A[A[A[A[A[A[A







Downloading [model-00001-of-00002.safetensors]:  12%|█▏        | 474M/3.71G [02:04<15:31, 3.74MB/s][A[A[A[A[A[A[A








Downloading [model-00002-of-00002.safetensors]:   9%|▊         | 288M/3.28G [02:05<11:51, 4.53MB/s][A[A[A[A[A[A[A[A







Downloading [model-00001-of-00002.safetensors]:  13%|█▎        | 475M/3.71G [02:05<13:37, 4.26MB/s][A[A[A[A[A[A[A








Downloading [model-00002-of-00002.safetensors]:   9%|▊         | 289M/3.28G [02:05<11:23, 4.72MB/s][A[A[A[A[A[A[A[A







Downloading [model-00001-of-00002.safetensors]:  13%|█▎        | 476M/3.71G [02:05<12:07, 4.79MB/s][A[A[A[A[A[A[A








Downloading [model-00002-of-00002.safetensors]:   9%|▊         | 290M/3.28G [02:05<10:57, 4.90MB/s][A[A[A[A[A[A[A[A







Downloading [model-00001-of-00002.safetensors]:  13%|█▎        | 477M/3.71G [02:05<11:11, 5.18MB/s][A[A[A[A[A[A[A








Downloading [model-00002-of-00002.safetensors]:   9%|▊         | 291M/3.28G [02:05<10:37, 5.05MB/s][A[A[A[A[A[A[A[A







Downloading [model-00001-of-00002.safetensors]:  13%|█▎        | 478M/3.71G [02:05<10:35, 5.48MB/s][A[A[A[A[A[A[A







Downloading [model-00001-of-00002.safetensors]:  13%|█▎        | 479M/3.71G [02:05<09:59, 5.81MB/s][A[A[A[A[A[A[A








Downloading [model-00002-of-00002.safetensors]:   9%|▊         | 292M/3.28G [02:05<10:28, 5.13MB/s][A[A[A[A[A[A[A[A







Downloading [model-00001-of-00002.safetensors]:  13%|█▎        | 480M/3.71G [02:06<12:18, 4.71MB/s][A[A[A[A[A[A[A








Downloading [model-00002-of-00002.safetensors]:   9%|▊         | 293M/3.28G [02:06<12:58, 4.14MB/s][A[A[A[A[A[A[A[A







Downloading [model-00001-of-00002.safetensors]:  13%|█▎        | 482M/3.71G [02:06<10:22, 5.58MB/s][A[A[A[A[A[A[A








Downloading [model-00002-of-00002.safetensors]:   9%|▊         | 294M/3.28G [02:06<13:15, 4.05MB/s][A[A[A[A[A[A[A[A







Downloading [model-00001-of-00002.safetensors]:  13%|█▎        | 483M/3.71G [02:06<10:27, 5.54MB/s][A[A[A[A[A[A[A








Downloading [model-00002-of-00002.safetensors]:   9%|▉         | 295M/3.28G [02:06<13:07, 4.09MB/s][A[A[A[A[A[A[A[A







Downloading [model-00001-of-00002.safetensors]:  13%|█▎        | 484M/3.71G [02:06<10:23, 5.57MB/s][A[A[A[A[A[A[A








Downloading [model-00002-of-00002.safetensors]:   9%|▉         | 296M/3.28G [02:06<12:09, 4.41MB/s][A[A[A[A[A[A[A[A







Downloading [model-00001-of-00002.safetensors]:  13%|█▎        | 485M/3.71G [02:06<09:51, 5.88MB/s][A[A[A[A[A[A[A







Downloading [model-00001-of-00002.safetensors]:  13%|█▎        | 486M/3.71G [02:07<09:36, 6.02MB/s][A[A[A[A[A[A[A








Downloading [model-00002-of-00002.safetensors]:   9%|▉         | 297M/3.28G [02:07<11:29, 4.66MB/s][A[A[A[A[A[A[A[A








Downloading [model-00002-of-00002.safetensors]:   9%|▉         | 298M/3.28G [02:07<10:19, 5.19MB/s][A[A[A[A[A[A[A[A







Downloading [model-00001-of-00002.safetensors]:  13%|█▎        | 487M/3.71G [02:07<12:34, 4.60MB/s][A[A[A[A[A[A[A








Downloading [model-00002-of-00002.safetensors]:   9%|▉         | 299M/3.28G [02:07<10:49, 4.95MB/s][A[A[A[A[A[A[A[A







Downloading [model-00001-of-00002.safetensors]:  13%|█▎        | 489M/3.71G [02:07<08:30, 6.79MB/s][A[A[A[A[A[A[A








Downloading [model-00002-of-00002.safetensors]:   9%|▉         | 300M/3.28G [02:07<11:26, 4.68MB/s][A[A[A[A[A[A[A[A







Downloading [model-00001-of-00002.safetensors]:  13%|█▎        | 490M/3.71G [02:07<08:46, 6.59MB/s][A[A[A[A[A[A[A







Downloading [model-00001-of-00002.safetensors]:  13%|█▎        | 491M/3.71G [02:07<09:27, 6.12MB/s][A[A[A[A[A[A[A








Downloading [model-00002-of-00002.safetensors]:   9%|▉         | 301M/3.28G [02:08<13:25, 3.99MB/s][A[A[A[A[A[A[A[A







Downloading [model-00001-of-00002.safetensors]:  13%|█▎        | 492M/3.71G [02:08<12:24, 4.66MB/s][A[A[A[A[A[A[A








Downloading [model-00002-of-00002.safetensors]:   9%|▉         | 302M/3.28G [02:08<16:52, 3.17MB/s][A[A[A[A[A[A[A[A







Downloading [model-00001-of-00002.safetensors]:  13%|█▎        | 493M/3.71G [02:08<17:06, 3.37MB/s][A[A[A[A[A[A[A








Downloading [model-00002-of-00002.safetensors]:   9%|▉         | 303M/3.28G [02:08<17:13, 3.10MB/s][A[A[A[A[A[A[A[A







Downloading [model-00001-of-00002.safetensors]:  13%|█▎        | 495M/3.71G [02:09<13:03, 4.42MB/s][A[A[A[A[A[A[A








Downloading [model-00002-of-00002.safetensors]:   9%|▉         | 304M/3.28G [02:09<16:45, 3.19MB/s][A[A[A[A[A[A[A[A







Downloading [model-00001-of-00002.safetensors]:  13%|█▎        | 496M/3.71G [02:09<12:40, 4.55MB/s][A[A[A[A[A[A[A








Downloading [model-00002-of-00002.safetensors]:   9%|▉         | 305M/3.28G [02:09<15:42, 3.40MB/s][A[A[A[A[A[A[A[A







Downloading [model-00001-of-00002.safetensors]:  13%|█▎        | 497M/3.71G [02:09<12:35, 4.58MB/s][A[A[A[A[A[A[A








Downloading [model-00002-of-00002.safetensors]:   9%|▉         | 306M/3.28G [02:09<16:19, 3.27MB/s][A[A[A[A[A[A[A[A







Downloading [model-00001-of-00002.safetensors]:  13%|█▎        | 498M/3.71G [02:09<13:03, 4.42MB/s][A[A[A[A[A[A[A








Downloading [model-00002-of-00002.safetensors]:   9%|▉         | 307M/3.28G [02:10<13:58, 3.82MB/s][A[A[A[A[A[A[A[A







Downloading [model-00001-of-00002.safetensors]:  13%|█▎        | 499M/3.71G [02:10<12:00, 4.80MB/s][A[A[A[A[A[A[A








Downloading [model-00002-of-00002.safetensors]:   9%|▉         | 308M/3.28G [02:10<12:27, 4.29MB/s][A[A[A[A[A[A[A[A







Downloading [model-00001-of-00002.safetensors]:  13%|█▎        | 500M/3.71G [02:10<11:46, 4.90MB/s][A[A[A[A[A[A[A








Downloading [model-00002-of-00002.safetensors]:   9%|▉         | 309M/3.28G [02:10<11:46, 4.53MB/s][A[A[A[A[A[A[A[A







Downloading [model-00001-of-00002.safetensors]:  13%|█▎        | 501M/3.71G [02:10<11:13, 5.14MB/s][A[A[A[A[A[A[A








Downloading [model-00002-of-00002.safetensors]:   9%|▉         | 310M/3.28G [02:10<11:39, 4.58MB/s][A[A[A[A[A[A[A[A







Downloading [model-00001-of-00002.safetensors]:  13%|█▎        | 502M/3.71G [02:10<11:53, 4.84MB/s][A[A[A[A[A[A[A







Downloading [model-00001-of-00002.safetensors]:  13%|█▎        | 503M/3.71G [02:10<11:59, 4.80MB/s][A[A[A[A[A[A[A








Downloading [model-00002-of-00002.safetensors]:   9%|▉         | 311M/3.28G [02:10<12:22, 4.31MB/s][A[A[A[A[A[A[A[A







Downloading [model-00001-of-00002.safetensors]:  13%|█▎        | 504M/3.71G [02:11<12:01, 4.79MB/s][A[A[A[A[A[A[A








Downloading [model-00002-of-00002.safetensors]:   9%|▉         | 312M/3.28G [02:11<12:20, 4.32MB/s][A[A[A[A[A[A[A[A







Downloading [model-00001-of-00002.safetensors]:  13%|█▎        | 505M/3.71G [02:11<11:03, 5.20MB/s][A[A[A[A[A[A[A








Downloading [model-00002-of-00002.safetensors]:   9%|▉         | 313M/3.28G [02:11<11:18, 4.71MB/s][A[A[A[A[A[A[A[A







Downloading [model-00001-of-00002.safetensors]:  13%|█▎        | 506M/3.71G [02:11<10:10, 5.65MB/s][A[A[A[A[A[A[A







Downloading [model-00001-of-00002.safetensors]:  13%|█▎        | 507M/3.71G [02:11<09:51, 5.84MB/s][A[A[A[A[A[A[A







Downloading [model-00001-of-00002.safetensors]:  13%|█▎        | 508M/3.71G [02:11<09:26, 6.09MB/s][A[A[A[A[A[A[A








Downloading [model-00002-of-00002.safetensors]:   9%|▉         | 314M/3.28G [02:11<14:59, 3.56MB/s][A[A[A[A[A[A[A[A








Downloading [model-00002-of-00002.safetensors]:   9%|▉         | 315M/3.28G [02:11<12:18, 4.33MB/s][A[A[A[A[A[A[A[A








Downloading [model-00002-of-00002.safetensors]:   9%|▉         | 316M/3.28G [02:11<10:20, 5.15MB/s][A[A[A[A[A[A[A[A







Downloading [model-00001-of-00002.safetensors]:  13%|█▎        | 509M/3.71G [02:12<11:43, 4.90MB/s][A[A[A[A[A[A[A








Downloading [model-00002-of-00002.safetensors]:   9%|▉         | 317M/3.28G [02:12<09:04, 5.87MB/s][A[A[A[A[A[A[A[A








Downloading [model-00002-of-00002.safetensors]:   9%|▉         | 318M/3.28G [02:12<08:11, 6.49MB/s][A[A[A[A[A[A[A[A







Downloading [model-00001-of-00002.safetensors]:  13%|█▎        | 510M/3.71G [02:12<12:48, 4.48MB/s][A[A[A[A[A[A[A








Downloading [model-00002-of-00002.safetensors]:   9%|▉         | 319M/3.28G [02:12<07:49, 6.80MB/s][A[A[A[A[A[A[A[A







Downloading [model-00001-of-00002.safetensors]:  13%|█▎        | 511M/3.71G [02:12<11:26, 5.02MB/s][A[A[A[A[A[A[A








Downloading [model-00002-of-00002.safetensors]:  10%|▉         | 320M/3.28G [02:12<08:47, 6.05MB/s][A[A[A[A[A[A[A[A







Downloading [model-00001-of-00002.safetensors]:  13%|█▎        | 512M/3.71G [02:12<11:04, 5.19MB/s][A[A[A[A[A[A[A








Downloading [model-00002-of-00002.safetensors]:  10%|▉         | 321M/3.28G [02:12<08:17, 6.41MB/s][A[A[A[A[A[A[A[A








Downloading [model-00002-of-00002.safetensors]:  10%|▉         | 322M/3.28G [02:12<07:37, 6.97MB/s][A[A[A[A[A[A[A[A







Downloading [model-00001-of-00002.safetensors]:  14%|█▎        | 513M/3.71G [02:12<12:11, 4.71MB/s][A[A[A[A[A[A[A








Downloading [model-00002-of-00002.safetensors]:  10%|▉         | 323M/3.28G [02:13<10:36, 5.01MB/s][A[A[A[A[A[A[A[A







Downloading [model-00001-of-00002.safetensors]:  14%|█▎        | 514M/3.71G [02:13<18:51, 3.04MB/s][A[A[A[A[A[A[A








Downloading [model-00002-of-00002.safetensors]:  10%|▉         | 324M/3.28G [02:13<14:14, 3.73MB/s][A[A[A[A[A[A[A[A








Downloading [model-00002-of-00002.safetensors]:  10%|▉         | 325M/3.28G [02:13<13:52, 3.83MB/s][A[A[A[A[A[A[A[A








Downloading [model-00002-of-00002.safetensors]:  10%|▉         | 326M/3.28G [02:14<13:30, 3.93MB/s][A[A[A[A[A[A[A[A








Downloading [model-00002-of-00002.safetensors]:  10%|▉         | 327M/3.28G [02:14<12:22, 4.29MB/s][A[A[A[A[A[A[A[A








Downloading [model-00002-of-00002.safetensors]:  10%|▉         | 328M/3.28G [02:14<11:07, 4.77MB/s][A[A[A[A[A[A[A[A








Downloading [model-00002-of-00002.safetensors]:  10%|▉         | 329M/3.28G [02:14<09:53, 5.36MB/s][A[A[A[A[A[A[A[A








Downloading [model-00002-of-00002.safetensors]:  10%|▉         | 330M/3.28G [02:14<08:43, 6.08MB/s][A[A[A[A[A[A[A[A








Downloading [model-00002-of-00002.safetensors]:  10%|▉         | 331M/3.28G [02:14<07:47, 6.80MB/s][A[A[A[A[A[A[A[A








Downloading [model-00002-of-00002.safetensors]:  10%|▉         | 332M/3.28G [02:14<07:03, 7.51MB/s][A[A[A[A[A[A[A[A








Downloading [model-00002-of-00002.safetensors]:  10%|▉         | 333M/3.28G [02:15<06:34, 8.06MB/s][A[A[A[A[A[A[A[A








Downloading [model-00002-of-00002.safetensors]:  10%|▉         | 334M/3.28G [02:15<06:27, 8.19MB/s][A[A[A[A[A[A[A[A








Downloading [model-00002-of-00002.safetensors]:  10%|▉         | 335M/3.28G [02:15<06:20, 8.34MB/s][A[A[A[A[A[A[A[A








Downloading [model-00002-of-00002.safetensors]:  10%|▉         | 336M/3.28G [02:15<06:13, 8.50MB/s][A[A[A[A[A[A[A[A








Downloading [model-00002-of-00002.safetensors]:  10%|█         | 337M/3.28G [02:15<11:38, 4.54MB/s][A[A[A[A[A[A[A[A








Downloading [model-00002-of-00002.safetensors]:  10%|█         | 338M/3.28G [02:16<15:03, 3.51MB/s][A[A[A[A[A[A[A[A








Downloading [model-00002-of-00002.safetensors]:  10%|█         | 339M/3.28G [02:16<14:57, 3.53MB/s][A[A[A[A[A[A[A[A








Downloading [model-00002-of-00002.safetensors]:  10%|█         | 340M/3.28G [02:16<13:26, 3.93MB/s][A[A[A[A[A[A[A[A








Downloading [model-00002-of-00002.safetensors]:  10%|█         | 341M/3.28G [02:17<11:44, 4.50MB/s][A[A[A[A[A[A[A[A








Downloading [model-00002-of-00002.safetensors]:  10%|█         | 342M/3.28G [02:17<10:20, 5.11MB/s][A[A[A[A[A[A[A[A








Downloading [model-00002-of-00002.safetensors]:  10%|█         | 343M/3.28G [02:17<09:20, 5.65MB/s][A[A[A[A[A[A[A[A








Downloading [model-00002-of-00002.safetensors]:  10%|█         | 344M/3.28G [02:17<09:20, 5.65MB/s][A[A[A[A[A[A[A[A








Downloading [model-00002-of-00002.safetensors]:  10%|█         | 345M/3.28G [02:17<10:50, 4.86MB/s][A[A[A[A[A[A[A[A








Downloading [model-00002-of-00002.safetensors]:  10%|█         | 346M/3.28G [02:18<11:06, 4.75MB/s][A[A[A[A[A[A[A[A








Downloading [model-00002-of-00002.safetensors]:  10%|█         | 347M/3.28G [02:18<10:28, 5.03MB/s][A[A[A[A[A[A[A[A








Downloading [model-00002-of-00002.safetensors]:  10%|█         | 348M/3.28G [02:18<11:05, 4.75MB/s][A[A[A[A[A[A[A[A








Downloading [model-00002-of-00002.safetensors]:  10%|█         | 349M/3.28G [02:18<13:16, 3.97MB/s][A[A[A[A[A[A[A[A








Downloading [model-00002-of-00002.safetensors]:  10%|█         | 350M/3.28G [02:19<14:11, 3.71MB/s][A[A[A[A[A[A[A[A








Downloading [model-00002-of-00002.safetensors]:  10%|█         | 351M/3.28G [02:19<14:07, 3.73MB/s][A[A[A[A[A[A[A[A








Downloading [model-00002-of-00002.safetensors]:  10%|█         | 352M/3.28G [02:19<12:52, 4.09MB/s][A[A[A[A[A[A[A[A







Downloading [model-00001-of-00002.safetensors]:  14%|█▎        | 515M/3.71G [02:19<1:54:12, 502kB/s][A[A[A[A[A[A[A








Downloading [model-00002-of-00002.safetensors]:  10%|█         | 353M/3.28G [02:19<12:34, 4.18MB/s][A[A[A[A[A[A[A[A







Downloading [model-00001-of-00002.safetensors]:  14%|█▎        | 516M/3.71G [02:19<1:23:19, 688kB/s][A[A[A[A[A[A[A








Downloading [model-00002-of-00002.safetensors]:  11%|█         | 355M/3.28G [02:20<09:27, 5.56MB/s][A[A[A[A[A[A[A[A







Downloading [model-00001-of-00002.safetensors]:  14%|█▎        | 517M/3.71G [02:20<1:01:39, 930kB/s][A[A[A[A[A[A[A








Downloading [model-00002-of-00002.safetensors]:  11%|█         | 356M/3.28G [02:20<09:04, 5.79MB/s][A[A[A[A[A[A[A[A







Downloading [model-00001-of-00002.safetensors]:  14%|█▎        | 518M/3.71G [02:20<46:10, 1.24MB/s] [A[A[A[A[A[A[A







Downloading [model-00001-of-00002.safetensors]:  14%|█▎        | 519M/3.71G [02:20<36:10, 1.58MB/s][A[A[A[A[A[A[A








Downloading [model-00002-of-00002.safetensors]:  11%|█         | 357M/3.28G [02:20<10:38, 4.93MB/s][A[A[A[A[A[A[A[A







Downloading [model-00001-of-00002.safetensors]:  14%|█▎        | 520M/3.71G [02:20<31:19, 1.83MB/s][A[A[A[A[A[A[A








Downloading [model-00002-of-00002.safetensors]:  11%|█         | 358M/3.28G [02:20<13:22, 3.93MB/s][A[A[A[A[A[A[A[A







Downloading [model-00001-of-00002.safetensors]:  14%|█▎        | 521M/3.71G [02:21<25:51, 2.21MB/s][A[A[A[A[A[A[A








Downloading [model-00002-of-00002.safetensors]:  11%|█         | 359M/3.28G [02:21<13:14, 3.97MB/s][A[A[A[A[A[A[A[A








Downloading [model-00002-of-00002.safetensors]:  11%|█         | 360M/3.28G [02:21<11:59, 4.38MB/s][A[A[A[A[A[A[A[A







Downloading [model-00001-of-00002.safetensors]:  14%|█▎        | 522M/3.71G [02:21<23:51, 2.40MB/s][A[A[A[A[A[A[A








Downloading [model-00002-of-00002.safetensors]:  11%|█         | 361M/3.28G [02:21<11:59, 4.38MB/s][A[A[A[A[A[A[A[A







Downloading [model-00001-of-00002.safetensors]:  14%|█▍        | 523M/3.71G [02:21<22:13, 2.57MB/s][A[A[A[A[A[A[A








Downloading [model-00002-of-00002.safetensors]:  11%|█         | 362M/3.28G [02:21<12:48, 4.10MB/s][A[A[A[A[A[A[A[A







Downloading [model-00001-of-00002.safetensors]:  14%|█▍        | 524M/3.71G [02:22<19:56, 2.87MB/s][A[A[A[A[A[A[A








Downloading [model-00002-of-00002.safetensors]:  11%|█         | 363M/3.28G [02:22<12:38, 4.15MB/s][A[A[A[A[A[A[A[A







Downloading [model-00001-of-00002.safetensors]:  14%|█▍        | 525M/3.71G [02:22<17:13, 3.32MB/s][A[A[A[A[A[A[A








Downloading [model-00002-of-00002.safetensors]:  11%|█         | 364M/3.28G [02:22<13:16, 3.95MB/s][A[A[A[A[A[A[A[A







Downloading [model-00001-of-00002.safetensors]:  14%|█▍        | 526M/3.71G [02:22<16:51, 3.39MB/s][A[A[A[A[A[A[A








Downloading [model-00002-of-00002.safetensors]:  11%|█         | 365M/3.28G [02:22<15:26, 3.39MB/s][A[A[A[A[A[A[A[A







Downloading [model-00001-of-00002.safetensors]:  14%|█▍        | 527M/3.71G [02:22<17:25, 3.28MB/s][A[A[A[A[A[A[A








Downloading [model-00002-of-00002.safetensors]:  11%|█         | 366M/3.28G [02:23<13:46, 3.80MB/s][A[A[A[A[A[A[A[A







Downloading [model-00001-of-00002.safetensors]:  14%|█▍        | 528M/3.71G [02:23<15:37, 3.66MB/s][A[A[A[A[A[A[A








Downloading [model-00002-of-00002.safetensors]:  11%|█         | 367M/3.28G [02:23<12:14, 4.28MB/s][A[A[A[A[A[A[A[A








Downloading [model-00002-of-00002.safetensors]:  11%|█         | 368M/3.28G [02:23<10:55, 4.79MB/s][A[A[A[A[A[A[A[A








Downloading [model-00002-of-00002.safetensors]:  11%|█         | 369M/3.28G [02:23<09:42, 5.39MB/s][A[A[A[A[A[A[A[A







Downloading [model-00001-of-00002.safetensors]:  14%|█▍        | 529M/3.71G [02:23<17:38, 3.24MB/s][A[A[A[A[A[A[A








Downloading [model-00002-of-00002.safetensors]:  11%|█         | 370M/3.28G [02:23<08:30, 6.15MB/s][A[A[A[A[A[A[A[A







Downloading [model-00001-of-00002.safetensors]:  14%|█▍        | 531M/3.71G [02:23<11:09, 5.12MB/s][A[A[A[A[A[A[A








Downloading [model-00002-of-00002.safetensors]:  11%|█         | 371M/3.28G [02:23<07:57, 6.57MB/s][A[A[A[A[A[A[A[A







Downloading [model-00001-of-00002.safetensors]:  14%|█▍        | 532M/3.71G [02:23<10:50, 5.26MB/s][A[A[A[A[A[A[A








Downloading [model-00002-of-00002.safetensors]:  11%|█         | 372M/3.28G [02:23<07:55, 6.60MB/s][A[A[A[A[A[A[A[A







Downloading [model-00001-of-00002.safetensors]:  14%|█▍        | 533M/3.71G [02:24<10:44, 5.31MB/s][A[A[A[A[A[A[A








Downloading [model-00002-of-00002.safetensors]:  11%|█         | 373M/3.28G [02:24<07:56, 6.58MB/s][A[A[A[A[A[A[A[A







Downloading [model-00001-of-00002.safetensors]:  14%|█▍        | 534M/3.71G [02:24<10:33, 5.40MB/s][A[A[A[A[A[A[A








Downloading [model-00002-of-00002.safetensors]:  11%|█         | 374M/3.28G [02:24<08:04, 6.47MB/s][A[A[A[A[A[A[A[A







Downloading [model-00001-of-00002.safetensors]:  14%|█▍        | 535M/3.71G [02:24<09:48, 5.81MB/s][A[A[A[A[A[A[A








Downloading [model-00002-of-00002.safetensors]:  11%|█         | 375M/3.28G [02:24<09:01, 5.78MB/s][A[A[A[A[A[A[A[A







Downloading [model-00001-of-00002.safetensors]:  14%|█▍        | 536M/3.71G [02:24<09:19, 6.12MB/s][A[A[A[A[A[A[A







Downloading [model-00001-of-00002.safetensors]:  14%|█▍        | 537M/3.71G [02:24<08:20, 6.84MB/s][A[A[A[A[A[A[A







Downloading [model-00001-of-00002.safetensors]:  14%|█▍        | 538M/3.71G [02:24<07:32, 7.56MB/s][A[A[A[A[A[A[A







Downloading [model-00001-of-00002.safetensors]:  14%|█▍        | 539M/3.71G [02:24<07:11, 7.92MB/s][A[A[A[A[A[A[A








Downloading [model-00002-of-00002.safetensors]:  11%|█         | 376M/3.28G [02:24<13:24, 3.89MB/s][A[A[A[A[A[A[A[A







Downloading [model-00001-of-00002.safetensors]:  14%|█▍        | 541M/3.71G [02:25<06:34, 8.65MB/s][A[A[A[A[A[A[A







Downloading [model-00001-of-00002.safetensors]:  14%|█▍        | 543M/3.71G [02:25<06:11, 9.19MB/s][A[A[A[A[A[A[A








Downloading [model-00002-of-00002.safetensors]:  11%|█         | 377M/3.28G [02:25<16:26, 3.17MB/s][A[A[A[A[A[A[A[A







Downloading [model-00001-of-00002.safetensors]:  14%|█▍        | 545M/3.71G [02:25<06:05, 9.34MB/s][A[A[A[A[A[A[A







Downloading [model-00001-of-00002.safetensors]:  14%|█▍        | 546M/3.71G [02:25<06:24, 8.87MB/s][A[A[A[A[A[A[A








Downloading [model-00002-of-00002.safetensors]:  11%|█         | 378M/3.28G [02:25<14:46, 3.53MB/s][A[A[A[A[A[A[A[A







Downloading [model-00001-of-00002.safetensors]:  14%|█▍        | 547M/3.71G [02:25<06:53, 8.24MB/s][A[A[A[A[A[A[A








Downloading [model-00002-of-00002.safetensors]:  11%|█▏        | 379M/3.28G [02:25<13:22, 3.90MB/s][A[A[A[A[A[A[A[A







Downloading [model-00001-of-00002.safetensors]:  14%|█▍        | 548M/3.71G [02:25<07:15, 7.83MB/s][A[A[A[A[A[A[A








Downloading [model-00002-of-00002.safetensors]:  11%|█▏        | 380M/3.28G [02:26<12:10, 4.28MB/s][A[A[A[A[A[A[A[A







Downloading [model-00001-of-00002.safetensors]:  14%|█▍        | 549M/3.71G [02:26<07:43, 7.35MB/s][A[A[A[A[A[A[A








Downloading [model-00002-of-00002.safetensors]:  11%|█▏        | 381M/3.28G [02:26<10:54, 4.78MB/s][A[A[A[A[A[A[A[A







Downloading [model-00001-of-00002.safetensors]:  14%|█▍        | 550M/3.71G [02:26<08:23, 6.76MB/s][A[A[A[A[A[A[A








Downloading [model-00002-of-00002.safetensors]:  11%|█▏        | 382M/3.28G [02:26<10:01, 5.20MB/s][A[A[A[A[A[A[A[A








Downloading [model-00002-of-00002.safetensors]:  11%|█▏        | 383M/3.28G [02:26<09:05, 5.72MB/s][A[A[A[A[A[A[A[A







Downloading [model-00001-of-00002.safetensors]:  15%|█▍        | 551M/3.71G [02:26<10:02, 5.65MB/s][A[A[A[A[A[A[A








Downloading [model-00002-of-00002.safetensors]:  11%|█▏        | 384M/3.28G [02:26<08:07, 6.41MB/s][A[A[A[A[A[A[A[A








Downloading [model-00002-of-00002.safetensors]:  11%|█▏        | 385M/3.28G [02:26<07:28, 6.96MB/s][A[A[A[A[A[A[A[A







Downloading [model-00001-of-00002.safetensors]:  15%|█▍        | 552M/3.71G [02:26<11:13, 5.06MB/s][A[A[A[A[A[A[A








Downloading [model-00002-of-00002.safetensors]:  11%|█▏        | 386M/3.28G [02:26<07:11, 7.24MB/s][A[A[A[A[A[A[A[A







Downloading [model-00001-of-00002.safetensors]:  15%|█▍        | 553M/3.71G [02:27<11:19, 5.01MB/s][A[A[A[A[A[A[A








Downloading [model-00002-of-00002.safetensors]:  12%|█▏        | 387M/3.28G [02:27<07:26, 7.00MB/s][A[A[A[A[A[A[A[A







Downloading [model-00001-of-00002.safetensors]:  15%|█▍        | 554M/3.71G [02:27<10:31, 5.39MB/s][A[A[A[A[A[A[A








Downloading [model-00002-of-00002.safetensors]:  12%|█▏        | 388M/3.28G [02:27<07:49, 6.65MB/s][A[A[A[A[A[A[A[A







Downloading [model-00001-of-00002.safetensors]:  15%|█▍        | 555M/3.71G [02:27<10:16, 5.52MB/s][A[A[A[A[A[A[A








Downloading [model-00002-of-00002.safetensors]:  12%|█▏        | 389M/3.28G [02:27<07:58, 6.51MB/s][A[A[A[A[A[A[A[A








Downloading [model-00002-of-00002.safetensors]:  12%|█▏        | 390M/3.28G [02:27<07:57, 6.53MB/s][A[A[A[A[A[A[A[A







Downloading [model-00001-of-00002.safetensors]:  15%|█▍        | 556M/3.71G [02:27<10:25, 5.44MB/s][A[A[A[A[A[A[A








Downloading [model-00002-of-00002.safetensors]:  12%|█▏        | 391M/3.28G [02:27<07:53, 6.58MB/s][A[A[A[A[A[A[A[A







Downloading [model-00001-of-00002.safetensors]:  15%|█▍        | 557M/3.71G [02:27<10:19, 5.48MB/s][A[A[A[A[A[A[A








Downloading [model-00002-of-00002.safetensors]:  12%|█▏        | 392M/3.28G [02:27<08:10, 6.35MB/s][A[A[A[A[A[A[A[A







Downloading [model-00001-of-00002.safetensors]:  15%|█▍        | 558M/3.71G [02:27<10:05, 5.61MB/s][A[A[A[A[A[A[A








Downloading [model-00002-of-00002.safetensors]:  12%|█▏        | 393M/3.28G [02:28<07:43, 6.72MB/s][A[A[A[A[A[A[A[A








Downloading [model-00002-of-00002.safetensors]:  12%|█▏        | 394M/3.28G [02:28<07:15, 7.14MB/s][A[A[A[A[A[A[A[A







Downloading [model-00001-of-00002.safetensors]:  15%|█▍        | 559M/3.71G [02:28<11:37, 4.87MB/s][A[A[A[A[A[A[A








Downloading [model-00002-of-00002.safetensors]:  12%|█▏        | 395M/3.28G [02:28<06:56, 7.47MB/s][A[A[A[A[A[A[A[A








Downloading [model-00002-of-00002.safetensors]:  12%|█▏        | 396M/3.28G [02:28<06:29, 7.99MB/s][A[A[A[A[A[A[A[A








Downloading [model-00002-of-00002.safetensors]:  12%|█▏        | 397M/3.28G [02:28<06:09, 8.42MB/s][A[A[A[A[A[A[A[A








Downloading [model-00002-of-00002.safetensors]:  12%|█▏        | 398M/3.28G [02:28<05:56, 8.72MB/s][A[A[A[A[A[A[A[A







Downloading [model-00001-of-00002.safetensors]:  15%|█▍        | 560M/3.71G [02:28<14:30, 3.90MB/s][A[A[A[A[A[A[A








Downloading [model-00002-of-00002.safetensors]:  12%|█▏        | 399M/3.28G [02:28<05:51, 8.85MB/s][A[A[A[A[A[A[A[A








Downloading [model-00002-of-00002.safetensors]:  12%|█▏        | 400M/3.28G [02:28<06:00, 8.61MB/s][A[A[A[A[A[A[A[A







Downloading [model-00001-of-00002.safetensors]:  15%|█▍        | 561M/3.71G [02:28<14:39, 3.86MB/s][A[A[A[A[A[A[A








Downloading [model-00002-of-00002.safetensors]:  12%|█▏        | 401M/3.28G [02:29<06:23, 8.11MB/s][A[A[A[A[A[A[A[A







Downloading [model-00001-of-00002.safetensors]:  15%|█▍        | 562M/3.71G [02:29<13:25, 4.21MB/s][A[A[A[A[A[A[A








Downloading [model-00002-of-00002.safetensors]:  12%|█▏        | 402M/3.28G [02:29<06:51, 7.55MB/s][A[A[A[A[A[A[A[A








Downloading [model-00002-of-00002.safetensors]:  12%|█▏        | 403M/3.28G [02:29<06:43, 7.70MB/s][A[A[A[A[A[A[A[A







Downloading [model-00001-of-00002.safetensors]:  15%|█▍        | 563M/3.71G [02:29<13:31, 4.18MB/s][A[A[A[A[A[A[A








Downloading [model-00002-of-00002.safetensors]:  12%|█▏        | 404M/3.28G [02:29<06:34, 7.87MB/s][A[A[A[A[A[A[A[A








Downloading [model-00002-of-00002.safetensors]:  12%|█▏        | 405M/3.28G [02:29<06:46, 7.63MB/s][A[A[A[A[A[A[A[A







Downloading [model-00001-of-00002.safetensors]:  15%|█▍        | 564M/3.71G [02:29<13:04, 4.32MB/s][A[A[A[A[A[A[A








Downloading [model-00002-of-00002.safetensors]:  12%|█▏        | 406M/3.28G [02:29<06:31, 7.92MB/s][A[A[A[A[A[A[A[A







Downloading [model-00001-of-00002.safetensors]:  15%|█▍        | 565M/3.71G [02:29<14:39, 3.85MB/s][A[A[A[A[A[A[A








Downloading [model-00002-of-00002.safetensors]:  12%|█▏        | 407M/3.28G [02:29<08:11, 6.30MB/s][A[A[A[A[A[A[A[A







Downloading [model-00001-of-00002.safetensors]:  15%|█▍        | 566M/3.71G [02:30<14:13, 3.97MB/s][A[A[A[A[A[A[A








Downloading [model-00002-of-00002.safetensors]:  12%|█▏        | 408M/3.28G [02:30<12:14, 4.22MB/s][A[A[A[A[A[A[A[A







Downloading [model-00001-of-00002.safetensors]:  15%|█▍        | 568M/3.71G [02:30<11:34, 4.88MB/s][A[A[A[A[A[A[A








Downloading [model-00002-of-00002.safetensors]:  12%|█▏        | 409M/3.28G [02:30<11:59, 4.30MB/s][A[A[A[A[A[A[A[A







Downloading [model-00001-of-00002.safetensors]:  15%|█▍        | 569M/3.71G [02:30<11:22, 4.96MB/s][A[A[A[A[A[A[A








Downloading [model-00002-of-00002.safetensors]:  12%|█▏        | 410M/3.28G [02:30<11:59, 4.31MB/s][A[A[A[A[A[A[A[A







Downloading [model-00001-of-00002.safetensors]:  15%|█▌        | 570M/3.71G [02:30<10:39, 5.29MB/s][A[A[A[A[A[A[A







Downloading [model-00001-of-00002.safetensors]:  15%|█▌        | 571M/3.71G [02:30<09:46, 5.77MB/s][A[A[A[A[A[A[A








Downloading [model-00002-of-00002.safetensors]:  12%|█▏        | 411M/3.28G [02:31<11:13, 4.60MB/s][A[A[A[A[A[A[A[A







Downloading [model-00001-of-00002.safetensors]:  15%|█▌        | 572M/3.71G [02:31<09:51, 5.72MB/s][A[A[A[A[A[A[A








Downloading [model-00002-of-00002.safetensors]:  12%|█▏        | 412M/3.28G [02:31<10:15, 5.03MB/s][A[A[A[A[A[A[A[A







Downloading [model-00001-of-00002.safetensors]:  15%|█▌        | 573M/3.71G [02:31<09:52, 5.71MB/s][A[A[A[A[A[A[A








Downloading [model-00002-of-00002.safetensors]:  12%|█▏        | 413M/3.28G [02:31<09:46, 5.28MB/s][A[A[A[A[A[A[A[A







Downloading [model-00001-of-00002.safetensors]:  15%|█▌        | 574M/3.71G [02:31<10:37, 5.30MB/s][A[A[A[A[A[A[A








Downloading [model-00002-of-00002.safetensors]:  12%|█▏        | 414M/3.28G [02:31<13:09, 3.92MB/s][A[A[A[A[A[A[A[A







Downloading [model-00001-of-00002.safetensors]:  15%|█▌        | 575M/3.71G [02:31<12:00, 4.69MB/s][A[A[A[A[A[A[A








Downloading [model-00002-of-00002.safetensors]:  12%|█▏        | 416M/3.28G [02:32<11:40, 4.41MB/s][A[A[A[A[A[A[A[A







Downloading [model-00001-of-00002.safetensors]:  15%|█▌        | 576M/3.71G [02:32<13:49, 4.07MB/s][A[A[A[A[A[A[A







Downloading [model-00001-of-00002.safetensors]:  15%|█▌        | 577M/3.71G [02:32<13:46, 4.09MB/s][A[A[A[A[A[A[A








Downloading [model-00002-of-00002.safetensors]:  12%|█▏        | 417M/3.28G [02:32<11:58, 4.30MB/s][A[A[A[A[A[A[A[A







Downloading [model-00001-of-00002.safetensors]:  15%|█▌        | 578M/3.71G [02:32<12:56, 4.35MB/s][A[A[A[A[A[A[A








Downloading [model-00002-of-00002.safetensors]:  12%|█▏        | 418M/3.28G [02:32<11:34, 4.45MB/s][A[A[A[A[A[A[A[A







Downloading [model-00001-of-00002.safetensors]:  15%|█▌        | 579M/3.71G [02:32<12:21, 4.55MB/s][A[A[A[A[A[A[A








Downloading [model-00002-of-00002.safetensors]:  12%|█▏        | 419M/3.28G [02:32<11:26, 4.50MB/s][A[A[A[A[A[A[A[A







Downloading [model-00001-of-00002.safetensors]:  15%|█▌        | 580M/3.71G [02:33<11:24, 4.93MB/s][A[A[A[A[A[A[A








Downloading [model-00002-of-00002.safetensors]:  12%|█▏        | 420M/3.28G [02:33<11:42, 4.39MB/s][A[A[A[A[A[A[A[A







Downloading [model-00001-of-00002.safetensors]:  15%|█▌        | 581M/3.71G [02:33<10:36, 5.30MB/s][A[A[A[A[A[A[A







Downloading [model-00001-of-00002.safetensors]:  15%|█▌        | 582M/3.71G [02:33<14:31, 3.87MB/s][A[A[A[A[A[A[A








Downloading [model-00002-of-00002.safetensors]:  13%|█▎        | 421M/3.28G [02:33<15:24, 3.34MB/s][A[A[A[A[A[A[A[A








Downloading [model-00002-of-00002.safetensors]:  13%|█▎        | 422M/3.28G [02:33<14:35, 3.52MB/s][A[A[A[A[A[A[A[A







Downloading [model-00001-of-00002.safetensors]:  15%|█▌        | 583M/3.71G [02:34<17:18, 3.25MB/s][A[A[A[A[A[A[A








Downloading [model-00002-of-00002.safetensors]:  13%|█▎        | 423M/3.28G [02:34<14:01, 3.66MB/s][A[A[A[A[A[A[A[A







Downloading [model-00001-of-00002.safetensors]:  15%|█▌        | 584M/3.71G [02:34<14:00, 4.01MB/s][A[A[A[A[A[A[A







Downloading [model-00001-of-00002.safetensors]:  15%|█▌        | 585M/3.71G [02:34<13:22, 4.20MB/s][A[A[A[A[A[A[A








Downloading [model-00002-of-00002.safetensors]:  13%|█▎        | 424M/3.28G [02:34<16:13, 3.17MB/s][A[A[A[A[A[A[A[A







Downloading [model-00001-of-00002.safetensors]:  15%|█▌        | 586M/3.71G [02:34<15:20, 3.66MB/s][A[A[A[A[A[A[A








Downloading [model-00002-of-00002.safetensors]:  13%|█▎        | 426M/3.28G [02:34<12:09, 4.22MB/s][A[A[A[A[A[A[A[A







Downloading [model-00001-of-00002.safetensors]:  15%|█▌        | 587M/3.71G [02:35<14:42, 3.82MB/s][A[A[A[A[A[A[A








Downloading [model-00002-of-00002.safetensors]:  13%|█▎        | 427M/3.28G [02:35<12:04, 4.25MB/s][A[A[A[A[A[A[A[A







Downloading [model-00001-of-00002.safetensors]:  15%|█▌        | 588M/3.71G [02:35<13:59, 4.01MB/s][A[A[A[A[A[A[A








Downloading [model-00002-of-00002.safetensors]:  13%|█▎        | 428M/3.28G [02:35<11:55, 4.30MB/s][A[A[A[A[A[A[A[A







Downloading [model-00001-of-00002.safetensors]:  16%|█▌        | 589M/3.71G [02:35<14:00, 4.00MB/s][A[A[A[A[A[A[A








Downloading [model-00002-of-00002.safetensors]:  13%|█▎        | 429M/3.28G [02:35<12:11, 4.20MB/s][A[A[A[A[A[A[A[A







Downloading [model-00001-of-00002.safetensors]:  16%|█▌        | 590M/3.71G [02:35<15:11, 3.69MB/s][A[A[A[A[A[A[A








Downloading [model-00002-of-00002.safetensors]:  13%|█▎        | 430M/3.28G [02:35<12:08, 4.22MB/s][A[A[A[A[A[A[A[A







Downloading [model-00001-of-00002.safetensors]:  16%|█▌        | 591M/3.71G [02:36<15:04, 3.72MB/s][A[A[A[A[A[A[A








Downloading [model-00002-of-00002.safetensors]:  13%|█▎        | 431M/3.28G [02:36<13:09, 3.89MB/s][A[A[A[A[A[A[A[A







Downloading [model-00001-of-00002.safetensors]:  16%|█▌        | 592M/3.71G [02:36<13:45, 4.07MB/s][A[A[A[A[A[A[A







Downloading [model-00001-of-00002.safetensors]:  16%|█▌        | 593M/3.71G [02:36<12:29, 4.49MB/s][A[A[A[A[A[A[A








Downloading [model-00002-of-00002.safetensors]:  13%|█▎        | 432M/3.28G [02:36<15:02, 3.41MB/s][A[A[A[A[A[A[A[A







Downloading [model-00001-of-00002.safetensors]:  16%|█▌        | 594M/3.71G [02:36<11:58, 4.68MB/s][A[A[A[A[A[A[A







Downloading [model-00001-of-00002.safetensors]:  16%|█▌        | 595M/3.71G [02:36<11:08, 5.02MB/s][A[A[A[A[A[A[A








Downloading [model-00002-of-00002.safetensors]:  13%|█▎        | 433M/3.28G [02:36<15:31, 3.30MB/s][A[A[A[A[A[A[A[A







Downloading [model-00001-of-00002.safetensors]:  16%|█▌        | 596M/3.71G [02:37<11:55, 4.69MB/s][A[A[A[A[A[A[A








Downloading [model-00002-of-00002.safetensors]:  13%|█▎        | 434M/3.28G [02:37<15:25, 3.32MB/s][A[A[A[A[A[A[A[A







Downloading [model-00001-of-00002.safetensors]:  16%|█▌        | 597M/3.71G [02:37<13:50, 4.04MB/s][A[A[A[A[A[A[A








Downloading [model-00002-of-00002.safetensors]:  13%|█▎        | 435M/3.28G [02:37<14:13, 3.60MB/s][A[A[A[A[A[A[A[A








Downloading [model-00002-of-00002.safetensors]:  13%|█▎        | 436M/3.28G [02:37<13:22, 3.82MB/s][A[A[A[A[A[A[A[A







Downloading [model-00001-of-00002.safetensors]:  16%|█▌        | 598M/3.71G [02:37<13:33, 4.13MB/s][A[A[A[A[A[A[A







Downloading [model-00001-of-00002.safetensors]:  16%|█▌        | 599M/3.71G [02:37<12:06, 4.62MB/s][A[A[A[A[A[A[A







Downloading [model-00001-of-00002.safetensors]:  16%|█▌        | 600M/3.71G [02:38<10:46, 5.19MB/s][A[A[A[A[A[A[A








Downloading [model-00002-of-00002.safetensors]:  13%|█▎        | 437M/3.28G [02:38<14:02, 3.64MB/s][A[A[A[A[A[A[A[A







Downloading [model-00001-of-00002.safetensors]:  16%|█▌        | 601M/3.71G [02:38<09:33, 5.85MB/s][A[A[A[A[A[A[A







Downloading [model-00001-of-00002.safetensors]:  16%|█▌        | 602M/3.71G [02:38<08:41, 6.42MB/s][A[A[A[A[A[A[A








Downloading [model-00002-of-00002.safetensors]:  13%|█▎        | 438M/3.28G [02:38<13:38, 3.75MB/s][A[A[A[A[A[A[A[A







Downloading [model-00001-of-00002.safetensors]:  16%|█▌        | 603M/3.71G [02:38<09:38, 5.79MB/s][A[A[A[A[A[A[A







Downloading [model-00001-of-00002.safetensors]:  16%|█▌        | 604M/3.71G [02:38<10:47, 5.17MB/s][A[A[A[A[A[A[A








Downloading [model-00002-of-00002.safetensors]:  13%|█▎        | 439M/3.28G [02:38<16:20, 3.13MB/s][A[A[A[A[A[A[A[A







Downloading [model-00001-of-00002.safetensors]:  16%|█▌        | 605M/3.71G [02:39<13:20, 4.18MB/s][A[A[A[A[A[A[A








Downloading [model-00002-of-00002.safetensors]:  13%|█▎        | 440M/3.28G [02:39<17:46, 2.87MB/s][A[A[A[A[A[A[A[A







Downloading [model-00001-of-00002.safetensors]:  16%|█▌        | 606M/3.71G [02:39<21:19, 2.62MB/s][A[A[A[A[A[A[A








Downloading [model-00002-of-00002.safetensors]:  13%|█▎        | 441M/3.28G [02:39<23:24, 2.18MB/s][A[A[A[A[A[A[A[A







Downloading [model-00001-of-00002.safetensors]:  16%|█▌        | 607M/3.71G [02:40<21:39, 2.57MB/s][A[A[A[A[A[A[A








Downloading [model-00002-of-00002.safetensors]:  13%|█▎        | 442M/3.28G [02:40<25:24, 2.01MB/s][A[A[A[A[A[A[A[A







Downloading [model-00001-of-00002.safetensors]:  16%|█▌        | 608M/3.71G [02:40<25:21, 2.20MB/s][A[A[A[A[A[A[A








Downloading [model-00002-of-00002.safetensors]:  13%|█▎        | 443M/3.28G [02:41<26:14, 1.95MB/s][A[A[A[A[A[A[A[A








Downloading [model-00002-of-00002.safetensors]:  13%|█▎        | 444M/3.28G [02:42<30:46, 1.66MB/s][A[A[A[A[A[A[A[A







Downloading [model-00001-of-00002.safetensors]:  16%|█▌        | 609M/3.71G [02:42<35:20, 1.58MB/s][A[A[A[A[A[A[A








Downloading [model-00002-of-00002.safetensors]:  13%|█▎        | 445M/3.28G [02:42<29:27, 1.73MB/s][A[A[A[A[A[A[A[A







Downloading [model-00001-of-00002.safetensors]:  16%|█▌        | 610M/3.71G [02:42<36:41, 1.52MB/s][A[A[A[A[A[A[A







Downloading [model-00001-of-00002.safetensors]:  16%|█▌        | 611M/3.71G [02:43<37:41, 1.48MB/s][A[A[A[A[A[A[A








Downloading [model-00002-of-00002.safetensors]:  13%|█▎        | 446M/3.28G [02:43<35:59, 1.42MB/s][A[A[A[A[A[A[A[A







Downloading [model-00001-of-00002.safetensors]:  16%|█▌        | 612M/3.71G [02:44<38:07, 1.46MB/s][A[A[A[A[A[A[A








Downloading [model-00002-of-00002.safetensors]:  13%|█▎        | 447M/3.28G [02:44<36:09, 1.41MB/s][A[A[A[A[A[A[A[A







Downloading [model-00001-of-00002.safetensors]:  16%|█▌        | 613M/3.71G [02:44<35:23, 1.57MB/s][A[A[A[A[A[A[A








Downloading [model-00002-of-00002.safetensors]:  13%|█▎        | 448M/3.28G [02:44<32:59, 1.54MB/s][A[A[A[A[A[A[A[A








Downloading [model-00002-of-00002.safetensors]:  13%|█▎        | 449M/3.28G [02:45<28:19, 1.80MB/s][A[A[A[A[A[A[A[A







Downloading [model-00001-of-00002.safetensors]:  16%|█▌        | 614M/3.71G [02:45<32:40, 1.70MB/s][A[A[A[A[A[A[A








Downloading [model-00002-of-00002.safetensors]:  13%|█▎        | 450M/3.28G [02:45<27:39, 1.84MB/s][A[A[A[A[A[A[A[A







Downloading [model-00001-of-00002.safetensors]:  16%|█▌        | 615M/3.71G [02:45<30:42, 1.81MB/s][A[A[A[A[A[A[A







Downloading [model-00001-of-00002.safetensors]:  16%|█▌        | 616M/3.71G [02:46<25:37, 2.17MB/s][A[A[A[A[A[A[A








Downloading [model-00002-of-00002.safetensors]:  13%|█▎        | 451M/3.28G [02:46<24:17, 2.10MB/s][A[A[A[A[A[A[A[A








Downloading [model-00002-of-00002.safetensors]:  13%|█▎        | 452M/3.28G [02:46<22:53, 2.22MB/s][A[A[A[A[A[A[A[A







Downloading [model-00001-of-00002.safetensors]:  16%|█▌        | 617M/3.71G [02:46<26:02, 2.14MB/s][A[A[A[A[A[A[A







Downloading [model-00001-of-00002.safetensors]:  16%|█▋        | 619M/3.71G [02:46<18:04, 3.07MB/s][A[A[A[A[A[A[A








Downloading [model-00002-of-00002.safetensors]:  13%|█▎        | 453M/3.28G [02:47<22:45, 2.23MB/s][A[A[A[A[A[A[A[A







Downloading [model-00001-of-00002.safetensors]:  16%|█▋        | 620M/3.71G [02:47<17:49, 3.12MB/s][A[A[A[A[A[A[A








Downloading [model-00002-of-00002.safetensors]:  13%|█▎        | 454M/3.28G [02:47<20:03, 2.54MB/s][A[A[A[A[A[A[A[A








Downloading [model-00002-of-00002.safetensors]:  14%|█▎        | 455M/3.28G [02:47<21:08, 2.40MB/s][A[A[A[A[A[A[A[A







Downloading [model-00001-of-00002.safetensors]:  16%|█▋        | 621M/3.71G [02:47<22:31, 2.47MB/s][A[A[A[A[A[A[A








Downloading [model-00002-of-00002.safetensors]:  14%|█▎        | 456M/3.28G [02:48<22:20, 2.27MB/s][A[A[A[A[A[A[A[A







Downloading [model-00001-of-00002.safetensors]:  16%|█▋        | 622M/3.71G [02:48<23:38, 2.35MB/s][A[A[A[A[A[A[A








Downloading [model-00002-of-00002.safetensors]:  14%|█▎        | 457M/3.28G [02:48<19:57, 2.55MB/s][A[A[A[A[A[A[A[A







Downloading [model-00001-of-00002.safetensors]:  16%|█▋        | 623M/3.71G [02:48<22:03, 2.51MB/s][A[A[A[A[A[A[A








Downloading [model-00002-of-00002.safetensors]:  14%|█▎        | 458M/3.28G [02:48<17:06, 2.97MB/s][A[A[A[A[A[A[A[A








Downloading [model-00002-of-00002.safetensors]:  14%|█▎        | 459M/3.28G [02:49<14:55, 3.40MB/s][A[A[A[A[A[A[A[A







Downloading [model-00001-of-00002.safetensors]:  16%|█▋        | 624M/3.71G [02:49<19:20, 2.87MB/s][A[A[A[A[A[A[A








Downloading [model-00002-of-00002.safetensors]:  14%|█▎        | 460M/3.28G [02:49<13:27, 3.77MB/s][A[A[A[A[A[A[A[A







Downloading [model-00001-of-00002.safetensors]:  16%|█▋        | 625M/3.71G [02:49<17:19, 3.20MB/s][A[A[A[A[A[A[A








Downloading [model-00002-of-00002.safetensors]:  14%|█▎        | 461M/3.28G [02:49<11:46, 4.31MB/s][A[A[A[A[A[A[A[A







Downloading [model-00001-of-00002.safetensors]:  16%|█▋        | 626M/3.71G [02:49<15:00, 3.69MB/s][A[A[A[A[A[A[A








Downloading [model-00002-of-00002.safetensors]:  14%|█▎        | 462M/3.28G [02:49<10:18, 4.92MB/s][A[A[A[A[A[A[A[A







Downloading [model-00001-of-00002.safetensors]:  17%|█▋        | 627M/3.71G [02:49<12:52, 4.30MB/s][A[A[A[A[A[A[A








Downloading [model-00002-of-00002.safetensors]:  14%|█▍        | 463M/3.28G [02:49<11:06, 4.56MB/s][A[A[A[A[A[A[A[A







Downloading [model-00001-of-00002.safetensors]:  17%|█▋        | 628M/3.71G [02:49<14:06, 3.93MB/s][A[A[A[A[A[A[A








Downloading [model-00002-of-00002.safetensors]:  14%|█▍        | 464M/3.28G [02:50<10:40, 4.75MB/s][A[A[A[A[A[A[A[A







Downloading [model-00001-of-00002.safetensors]:  17%|█▋        | 629M/3.71G [02:50<14:02, 3.94MB/s][A[A[A[A[A[A[A








Downloading [model-00002-of-00002.safetensors]:  14%|█▍        | 465M/3.28G [02:50<12:05, 4.19MB/s][A[A[A[A[A[A[A[A







Downloading [model-00001-of-00002.safetensors]:  17%|█▋        | 630M/3.71G [02:50<16:08, 3.43MB/s][A[A[A[A[A[A[A








Downloading [model-00002-of-00002.safetensors]:  14%|█▍        | 466M/3.28G [02:50<13:21, 3.79MB/s][A[A[A[A[A[A[A[A







Downloading [model-00001-of-00002.safetensors]:  17%|█▋        | 631M/3.71G [02:50<16:25, 3.37MB/s][A[A[A[A[A[A[A








Downloading [model-00002-of-00002.safetensors]:  14%|█▍        | 467M/3.28G [02:50<12:56, 3.91MB/s][A[A[A[A[A[A[A[A








Downloading [model-00002-of-00002.safetensors]:  14%|█▍        | 468M/3.28G [02:51<11:29, 4.40MB/s][A[A[A[A[A[A[A[A







Downloading [model-00001-of-00002.safetensors]:  17%|█▋        | 632M/3.71G [02:51<15:20, 3.61MB/s][A[A[A[A[A[A[A








Downloading [model-00002-of-00002.safetensors]:  14%|█▍        | 469M/3.28G [02:51<13:00, 3.89MB/s][A[A[A[A[A[A[A[A







Downloading [model-00001-of-00002.safetensors]:  17%|█▋        | 633M/3.71G [02:51<17:30, 3.16MB/s][A[A[A[A[A[A[A








Downloading [model-00002-of-00002.safetensors]:  14%|█▍        | 470M/3.28G [02:51<13:57, 3.62MB/s][A[A[A[A[A[A[A[A







Downloading [model-00001-of-00002.safetensors]:  17%|█▋        | 634M/3.71G [02:52<18:53, 2.93MB/s][A[A[A[A[A[A[A








Downloading [model-00002-of-00002.safetensors]:  14%|█▍        | 471M/3.28G [02:52<14:09, 3.57MB/s][A[A[A[A[A[A[A[A







Downloading [model-00001-of-00002.safetensors]:  17%|█▋        | 635M/3.71G [02:52<18:59, 2.91MB/s][A[A[A[A[A[A[A








Downloading [model-00002-of-00002.safetensors]:  14%|█▍        | 472M/3.28G [02:52<15:04, 3.35MB/s][A[A[A[A[A[A[A[A








Downloading [model-00002-of-00002.safetensors]:  14%|█▍        | 473M/3.28G [02:52<17:18, 2.92MB/s][A[A[A[A[A[A[A[A







Downloading [model-00001-of-00002.safetensors]:  17%|█▋        | 636M/3.71G [02:52<21:38, 2.55MB/s][A[A[A[A[A[A[A








Downloading [model-00002-of-00002.safetensors]:  14%|█▍        | 474M/3.28G [02:53<15:42, 3.21MB/s][A[A[A[A[A[A[A[A







Downloading [model-00001-of-00002.safetensors]:  17%|█▋        | 637M/3.71G [02:53<19:25, 2.84MB/s][A[A[A[A[A[A[A







Downloading [model-00001-of-00002.safetensors]:  17%|█▋        | 638M/3.71G [02:53<16:40, 3.31MB/s][A[A[A[A[A[A[A








Downloading [model-00002-of-00002.safetensors]:  14%|█▍        | 475M/3.28G [02:53<14:20, 3.52MB/s][A[A[A[A[A[A[A[A







Downloading [model-00001-of-00002.safetensors]:  17%|█▋        | 639M/3.71G [02:53<15:38, 3.53MB/s][A[A[A[A[A[A[A








Downloading [model-00002-of-00002.safetensors]:  14%|█▍        | 476M/3.28G [02:53<15:19, 3.29MB/s][A[A[A[A[A[A[A[A







Downloading [model-00001-of-00002.safetensors]:  17%|█▋        | 640M/3.71G [02:53<16:47, 3.29MB/s][A[A[A[A[A[A[A








Downloading [model-00002-of-00002.safetensors]:  14%|█▍        | 477M/3.28G [02:54<20:02, 2.52MB/s][A[A[A[A[A[A[A[A







Downloading [model-00001-of-00002.safetensors]:  17%|█▋        | 641M/3.71G [02:54<20:39, 2.67MB/s][A[A[A[A[A[A[A








Downloading [model-00002-of-00002.safetensors]:  14%|█▍        | 478M/3.28G [02:54<18:25, 2.74MB/s][A[A[A[A[A[A[A[A







Downloading [model-00001-of-00002.safetensors]:  17%|█▋        | 642M/3.71G [02:54<19:18, 2.86MB/s][A[A[A[A[A[A[A








Downloading [model-00002-of-00002.safetensors]:  14%|█▍        | 479M/3.28G [02:54<17:08, 2.94MB/s][A[A[A[A[A[A[A[A







Downloading [model-00001-of-00002.safetensors]:  17%|█▋        | 643M/3.71G [02:55<19:28, 2.83MB/s][A[A[A[A[A[A[A








Downloading [model-00002-of-00002.safetensors]:  14%|█▍        | 480M/3.28G [02:55<18:33, 2.72MB/s][A[A[A[A[A[A[A[A







Downloading [model-00001-of-00002.safetensors]:  17%|█▋        | 644M/3.71G [02:55<20:34, 2.68MB/s][A[A[A[A[A[A[A








Downloading [model-00002-of-00002.safetensors]:  14%|█▍        | 481M/3.28G [02:56<23:57, 2.10MB/s][A[A[A[A[A[A[A[A







Downloading [model-00001-of-00002.safetensors]:  17%|█▋        | 645M/3.71G [02:56<26:04, 2.11MB/s][A[A[A[A[A[A[A








Downloading [model-00002-of-00002.safetensors]:  14%|█▍        | 482M/3.28G [02:56<22:18, 2.26MB/s][A[A[A[A[A[A[A[A








Downloading [model-00002-of-00002.safetensors]:  14%|█▍        | 483M/3.28G [02:57<25:13, 2.00MB/s][A[A[A[A[A[A[A[A







Downloading [model-00001-of-00002.safetensors]:  17%|█▋        | 646M/3.71G [02:57<33:26, 1.65MB/s][A[A[A[A[A[A[A








Downloading [model-00002-of-00002.safetensors]:  14%|█▍        | 484M/3.28G [02:57<21:39, 2.32MB/s][A[A[A[A[A[A[A[A







Downloading [model-00001-of-00002.safetensors]:  17%|█▋        | 647M/3.71G [02:57<29:12, 1.89MB/s][A[A[A[A[A[A[A








Downloading [model-00002-of-00002.safetensors]:  14%|█▍        | 485M/3.28G [02:57<19:53, 2.53MB/s][A[A[A[A[A[A[A[A







Downloading [model-00001-of-00002.safetensors]:  17%|█▋        | 648M/3.71G [02:57<24:19, 2.26MB/s][A[A[A[A[A[A[A








Downloading [model-00002-of-00002.safetensors]:  14%|█▍        | 486M/3.28G [02:58<18:14, 2.76MB/s][A[A[A[A[A[A[A[A







Downloading [model-00001-of-00002.safetensors]:  17%|█▋        | 649M/3.71G [02:58<22:24, 2.46MB/s][A[A[A[A[A[A[A








Downloading [model-00002-of-00002.safetensors]:  14%|█▍        | 487M/3.28G [02:58<18:14, 2.76MB/s][A[A[A[A[A[A[A[A







Downloading [model-00001-of-00002.safetensors]:  17%|█▋        | 650M/3.71G [02:58<20:15, 2.72MB/s][A[A[A[A[A[A[A








Downloading [model-00002-of-00002.safetensors]:  15%|█▍        | 488M/3.28G [02:58<16:19, 3.08MB/s][A[A[A[A[A[A[A[A







Downloading [model-00001-of-00002.safetensors]:  17%|█▋        | 651M/3.71G [02:58<18:04, 3.04MB/s][A[A[A[A[A[A[A








Downloading [model-00002-of-00002.safetensors]:  15%|█▍        | 489M/3.28G [02:59<18:03, 2.78MB/s][A[A[A[A[A[A[A[A







Downloading [model-00001-of-00002.safetensors]:  17%|█▋        | 652M/3.71G [02:59<23:05, 2.38MB/s][A[A[A[A[A[A[A








Downloading [model-00002-of-00002.safetensors]:  15%|█▍        | 490M/3.28G [02:59<23:03, 2.18MB/s][A[A[A[A[A[A[A[A







Downloading [model-00001-of-00002.safetensors]:  17%|█▋        | 653M/3.71G [03:00<26:33, 2.07MB/s][A[A[A[A[A[A[A








Downloading [model-00002-of-00002.safetensors]:  15%|█▍        | 491M/3.28G [03:00<21:04, 2.38MB/s][A[A[A[A[A[A[A[A







Downloading [model-00001-of-00002.safetensors]:  17%|█▋        | 654M/3.71G [03:00<22:32, 2.44MB/s][A[A[A[A[A[A[A








Downloading [model-00002-of-00002.safetensors]:  15%|█▍        | 492M/3.28G [03:00<19:07, 2.62MB/s][A[A[A[A[A[A[A[A







Downloading [model-00001-of-00002.safetensors]:  17%|█▋        | 655M/3.71G [03:00<18:38, 2.95MB/s][A[A[A[A[A[A[A







Downloading [model-00001-of-00002.safetensors]:  17%|█▋        | 656M/3.71G [03:00<16:09, 3.40MB/s][A[A[A[A[A[A[A








Downloading [model-00002-of-00002.safetensors]:  15%|█▍        | 493M/3.28G [03:00<16:34, 3.03MB/s][A[A[A[A[A[A[A[A








Downloading [model-00002-of-00002.safetensors]:  15%|█▍        | 494M/3.28G [03:01<15:37, 3.21MB/s][A[A[A[A[A[A[A[A







Downloading [model-00001-of-00002.safetensors]:  17%|█▋        | 657M/3.71G [03:01<16:46, 3.27MB/s][A[A[A[A[A[A[A








Downloading [model-00002-of-00002.safetensors]:  15%|█▍        | 495M/3.28G [03:01<15:09, 3.31MB/s][A[A[A[A[A[A[A[A







Downloading [model-00001-of-00002.safetensors]:  17%|█▋        | 658M/3.71G [03:01<18:18, 3.00MB/s][A[A[A[A[A[A[A








Downloading [model-00002-of-00002.safetensors]:  15%|█▍        | 496M/3.28G [03:01<16:53, 2.97MB/s][A[A[A[A[A[A[A[A







Downloading [model-00001-of-00002.safetensors]:  17%|█▋        | 659M/3.71G [03:01<18:43, 2.93MB/s][A[A[A[A[A[A[A








Downloading [model-00002-of-00002.safetensors]:  15%|█▍        | 497M/3.28G [03:02<16:01, 3.13MB/s][A[A[A[A[A[A[A[A







Downloading [model-00001-of-00002.safetensors]:  17%|█▋        | 660M/3.71G [03:02<16:44, 3.28MB/s][A[A[A[A[A[A[A








Downloading [model-00002-of-00002.safetensors]:  15%|█▍        | 498M/3.28G [03:02<14:53, 3.36MB/s][A[A[A[A[A[A[A[A







Downloading [model-00001-of-00002.safetensors]:  17%|█▋        | 661M/3.71G [03:02<15:33, 3.52MB/s][A[A[A[A[A[A[A








Downloading [model-00002-of-00002.safetensors]:  15%|█▍        | 499M/3.28G [03:02<15:42, 3.19MB/s][A[A[A[A[A[A[A[A







Downloading [model-00001-of-00002.safetensors]:  17%|█▋        | 662M/3.71G [03:02<18:55, 2.90MB/s][A[A[A[A[A[A[A








Downloading [model-00002-of-00002.safetensors]:  15%|█▍        | 500M/3.28G [03:03<14:15, 3.51MB/s][A[A[A[A[A[A[A[A








Downloading [model-00002-of-00002.safetensors]:  15%|█▍        | 501M/3.28G [03:03<12:52, 3.89MB/s][A[A[A[A[A[A[A[A







Downloading [model-00001-of-00002.safetensors]:  17%|█▋        | 663M/3.71G [03:03<21:35, 2.54MB/s][A[A[A[A[A[A[A








Downloading [model-00002-of-00002.safetensors]:  15%|█▍        | 502M/3.28G [03:03<17:32, 2.85MB/s][A[A[A[A[A[A[A[A







Downloading [model-00001-of-00002.safetensors]:  17%|█▋        | 664M/3.71G [03:04<25:01, 2.19MB/s][A[A[A[A[A[A[A








Downloading [model-00002-of-00002.safetensors]:  15%|█▍        | 503M/3.28G [03:04<21:36, 2.31MB/s][A[A[A[A[A[A[A[A







Downloading [model-00001-of-00002.safetensors]:  18%|█▊        | 665M/3.71G [03:04<30:33, 1.79MB/s][A[A[A[A[A[A[A







Downloading [model-00001-of-00002.safetensors]:  18%|█▊        | 666M/3.71G [03:05<29:43, 1.84MB/s][A[A[A[A[A[A[A








Downloading [model-00002-of-00002.safetensors]:  15%|█▍        | 504M/3.28G [03:05<30:00, 1.67MB/s][A[A[A[A[A[A[A[A








Downloading [model-00002-of-00002.safetensors]:  15%|█▌        | 505M/3.28G [03:05<23:15, 2.15MB/s][A[A[A[A[A[A[A[A








Downloading [model-00002-of-00002.safetensors]:  15%|█▌        | 506M/3.28G [03:06<21:27, 2.33MB/s][A[A[A[A[A[A[A[A







Downloading [model-00001-of-00002.safetensors]:  18%|█▊        | 667M/3.71G [03:06<31:28, 1.74MB/s][A[A[A[A[A[A[A








Downloading [model-00002-of-00002.safetensors]:  15%|█▌        | 507M/3.28G [03:06<19:21, 2.58MB/s][A[A[A[A[A[A[A[A








Downloading [model-00002-of-00002.safetensors]:  15%|█▌        | 508M/3.28G [03:06<21:27, 2.33MB/s][A[A[A[A[A[A[A[A







Downloading [model-00001-of-00002.safetensors]:  18%|█▊        | 668M/3.71G [03:07<36:18, 1.51MB/s][A[A[A[A[A[A[A








Downloading [model-00002-of-00002.safetensors]:  15%|█▌        | 509M/3.28G [03:07<26:59, 1.85MB/s][A[A[A[A[A[A[A[A







Downloading [model-00001-of-00002.safetensors]:  18%|█▊        | 669M/3.71G [03:07<35:51, 1.52MB/s][A[A[A[A[A[A[A







Downloading [model-00001-of-00002.safetensors]:  18%|█▊        | 670M/3.71G [03:08<33:33, 1.63MB/s][A[A[A[A[A[A[A








Downloading [model-00002-of-00002.safetensors]:  15%|█▌        | 510M/3.28G [03:08<29:07, 1.71MB/s][A[A[A[A[A[A[A[A







Downloading [model-00001-of-00002.safetensors]:  18%|█▊        | 671M/3.71G [03:08<29:33, 1.85MB/s][A[A[A[A[A[A[A








Downloading [model-00002-of-00002.safetensors]:  15%|█▌        | 511M/3.28G [03:08<27:24, 1.82MB/s][A[A[A[A[A[A[A[A







Downloading [model-00001-of-00002.safetensors]:  18%|█▊        | 672M/3.71G [03:09<27:54, 1.96MB/s][A[A[A[A[A[A[A








Downloading [model-00002-of-00002.safetensors]:  15%|█▌        | 512M/3.28G [03:09<26:59, 1.85MB/s][A[A[A[A[A[A[A[A







Downloading [model-00001-of-00002.safetensors]:  18%|█▊        | 673M/3.71G [03:09<26:46, 2.04MB/s][A[A[A[A[A[A[A








Downloading [model-00002-of-00002.safetensors]:  15%|█▌        | 513M/3.28G [03:09<25:45, 1.93MB/s][A[A[A[A[A[A[A[A







Downloading [model-00001-of-00002.safetensors]:  18%|█▊        | 674M/3.71G [03:10<24:55, 2.19MB/s][A[A[A[A[A[A[A








Downloading [model-00002-of-00002.safetensors]:  15%|█▌        | 514M/3.28G [03:10<25:45, 1.93MB/s][A[A[A[A[A[A[A[A







Downloading [model-00001-of-00002.safetensors]:  18%|█▊        | 675M/3.71G [03:10<26:40, 2.05MB/s][A[A[A[A[A[A[A








Downloading [model-00002-of-00002.safetensors]:  15%|█▌        | 515M/3.28G [03:11<25:00, 1.99MB/s][A[A[A[A[A[A[A[A







Downloading [model-00001-of-00002.safetensors]:  18%|█▊        | 676M/3.71G [03:11<26:03, 2.09MB/s][A[A[A[A[A[A[A







Downloading [model-00001-of-00002.safetensors]:  18%|█▊        | 677M/3.71G [03:11<25:00, 2.18MB/s][A[A[A[A[A[A[A








Downloading [model-00002-of-00002.safetensors]:  15%|█▌        | 516M/3.28G [03:11<25:10, 1.98MB/s][A[A[A[A[A[A[A[A







Downloading [model-00001-of-00002.safetensors]:  18%|█▊        | 678M/3.71G [03:12<25:36, 2.13MB/s][A[A[A[A[A[A[A








Downloading [model-00002-of-00002.safetensors]:  15%|█▌        | 517M/3.28G [03:12<28:41, 1.73MB/s][A[A[A[A[A[A[A[A







Downloading [model-00001-of-00002.safetensors]:  18%|█▊        | 679M/3.71G [03:12<24:59, 2.18MB/s][A[A[A[A[A[A[A








Downloading [model-00002-of-00002.safetensors]:  15%|█▌        | 518M/3.28G [03:12<29:08, 1.71MB/s][A[A[A[A[A[A[A[A







Downloading [model-00001-of-00002.safetensors]:  18%|█▊        | 680M/3.71G [03:13<29:20, 1.86MB/s][A[A[A[A[A[A[A








Downloading [model-00002-of-00002.safetensors]:  15%|█▌        | 519M/3.28G [03:13<29:39, 1.68MB/s][A[A[A[A[A[A[A[A







Downloading [model-00001-of-00002.safetensors]:  18%|█▊        | 681M/3.71G [03:13<31:21, 1.74MB/s][A[A[A[A[A[A[A








Downloading [model-00002-of-00002.safetensors]:  15%|█▌        | 520M/3.28G [03:14<34:52, 1.42MB/s][A[A[A[A[A[A[A[A







Downloading [model-00001-of-00002.safetensors]:  18%|█▊        | 682M/3.71G [03:14<34:42, 1.57MB/s][A[A[A[A[A[A[A







Downloading [model-00001-of-00002.safetensors]:  18%|█▊        | 683M/3.71G [03:15<30:14, 1.80MB/s][A[A[A[A[A[A[A








Downloading [model-00002-of-00002.safetensors]:  15%|█▌        | 521M/3.28G [03:15<32:42, 1.52MB/s][A[A[A[A[A[A[A[A







Downloading [model-00001-of-00002.safetensors]:  18%|█▊        | 684M/3.71G [03:15<25:39, 2.12MB/s][A[A[A[A[A[A[A








Downloading [model-00002-of-00002.safetensors]:  16%|█▌        | 522M/3.28G [03:15<30:30, 1.63MB/s][A[A[A[A[A[A[A[A







Downloading [model-00001-of-00002.safetensors]:  18%|█▊        | 685M/3.71G [03:15<25:35, 2.13MB/s][A[A[A[A[A[A[A








Downloading [model-00002-of-00002.safetensors]:  16%|█▌        | 523M/3.28G [03:16<27:21, 1.81MB/s][A[A[A[A[A[A[A[A







Downloading [model-00001-of-00002.safetensors]:  18%|█▊        | 686M/3.71G [03:16<25:00, 2.17MB/s][A[A[A[A[A[A[A








Downloading [model-00002-of-00002.safetensors]:  16%|█▌        | 524M/3.28G [03:16<30:55, 1.60MB/s][A[A[A[A[A[A[A[A







Downloading [model-00001-of-00002.safetensors]:  18%|█▊        | 687M/3.71G [03:16<26:51, 2.02MB/s][A[A[A[A[A[A[A







Downloading [model-00001-of-00002.safetensors]:  18%|█▊        | 688M/3.71G [03:17<25:00, 2.17MB/s][A[A[A[A[A[A[A








Downloading [model-00002-of-00002.safetensors]:  16%|█▌        | 525M/3.28G [03:17<29:31, 1.68MB/s][A[A[A[A[A[A[A[A







Downloading [model-00001-of-00002.safetensors]:  18%|█▊        | 689M/3.71G [03:17<25:59, 2.09MB/s][A[A[A[A[A[A[A








Downloading [model-00002-of-00002.safetensors]:  16%|█▌        | 526M/3.28G [03:17<26:46, 1.85MB/s][A[A[A[A[A[A[A[A







Downloading [model-00001-of-00002.safetensors]:  18%|█▊        | 690M/3.71G [03:18<27:02, 2.01MB/s][A[A[A[A[A[A[A








Downloading [model-00002-of-00002.safetensors]:  16%|█▌        | 527M/3.28G [03:18<26:50, 1.85MB/s][A[A[A[A[A[A[A[A







Downloading [model-00001-of-00002.safetensors]:  18%|█▊        | 691M/3.71G [03:18<23:37, 2.30MB/s][A[A[A[A[A[A[A








Downloading [model-00002-of-00002.safetensors]:  16%|█▌        | 528M/3.28G [03:18<25:05, 1.97MB/s][A[A[A[A[A[A[A[A







Downloading [model-00001-of-00002.safetensors]:  18%|█▊        | 692M/3.71G [03:19<22:15, 2.44MB/s][A[A[A[A[A[A[A








Downloading [model-00002-of-00002.safetensors]:  16%|█▌        | 529M/3.28G [03:19<26:18, 1.88MB/s][A[A[A[A[A[A[A[A







Downloading [model-00001-of-00002.safetensors]:  18%|█▊        | 693M/3.71G [03:19<23:21, 2.32MB/s][A[A[A[A[A[A[A








Downloading [model-00002-of-00002.safetensors]:  16%|█▌        | 530M/3.28G [03:20<26:27, 1.87MB/s][A[A[A[A[A[A[A[A







Downloading [model-00001-of-00002.safetensors]:  18%|█▊        | 694M/3.71G [03:20<24:54, 2.18MB/s][A[A[A[A[A[A[A








Downloading [model-00002-of-00002.safetensors]:  16%|█▌        | 531M/3.28G [03:20<24:19, 2.03MB/s][A[A[A[A[A[A[A[A







Downloading [model-00001-of-00002.safetensors]:  18%|█▊        | 695M/3.71G [03:20<23:51, 2.27MB/s][A[A[A[A[A[A[A








Downloading [model-00002-of-00002.safetensors]:  16%|█▌        | 532M/3.28G [03:20<21:02, 2.35MB/s][A[A[A[A[A[A[A[A







Downloading [model-00001-of-00002.safetensors]:  18%|█▊        | 696M/3.71G [03:20<21:32, 2.52MB/s][A[A[A[A[A[A[A








Downloading [model-00002-of-00002.safetensors]:  16%|█▌        | 533M/3.28G [03:21<22:33, 2.19MB/s][A[A[A[A[A[A[A[A







Downloading [model-00001-of-00002.safetensors]:  18%|█▊        | 697M/3.71G [03:21<26:50, 2.02MB/s][A[A[A[A[A[A[A








Downloading [model-00002-of-00002.safetensors]:  16%|█▌        | 534M/3.28G [03:22<25:28, 1.94MB/s][A[A[A[A[A[A[A[A







Downloading [model-00001-of-00002.safetensors]:  18%|█▊        | 698M/3.71G [03:22<28:51, 1.88MB/s][A[A[A[A[A[A[A








Downloading [model-00002-of-00002.safetensors]:  16%|█▌        | 535M/3.28G [03:22<27:19, 1.81MB/s][A[A[A[A[A[A[A[A







Downloading [model-00001-of-00002.safetensors]:  18%|█▊        | 699M/3.71G [03:22<26:55, 2.01MB/s][A[A[A[A[A[A[A








Downloading [model-00002-of-00002.safetensors]:  16%|█▌        | 536M/3.28G [03:23<24:41, 2.00MB/s][A[A[A[A[A[A[A[A







Downloading [model-00001-of-00002.safetensors]:  18%|█▊        | 700M/3.71G [03:23<25:11, 2.15MB/s][A[A[A[A[A[A[A







Downloading [model-00001-of-00002.safetensors]:  18%|█▊        | 701M/3.71G [03:24<30:02, 1.80MB/s][A[A[A[A[A[A[A








Downloading [model-00002-of-00002.safetensors]:  16%|█▌        | 537M/3.28G [03:24<30:21, 1.63MB/s][A[A[A[A[A[A[A[A







Downloading [model-00001-of-00002.safetensors]:  18%|█▊        | 702M/3.71G [03:24<28:23, 1.91MB/s][A[A[A[A[A[A[A








Downloading [model-00002-of-00002.safetensors]:  16%|█▌        | 538M/3.28G [03:24<29:47, 1.66MB/s][A[A[A[A[A[A[A[A







Downloading [model-00001-of-00002.safetensors]:  19%|█▊        | 703M/3.71G [03:24<27:16, 1.98MB/s][A[A[A[A[A[A[A








Downloading [model-00002-of-00002.safetensors]:  16%|█▌        | 539M/3.28G [03:25<26:47, 1.84MB/s][A[A[A[A[A[A[A[A







Downloading [model-00001-of-00002.safetensors]:  19%|█▊        | 704M/3.71G [03:25<23:02, 2.35MB/s][A[A[A[A[A[A[A








Downloading [model-00002-of-00002.safetensors]:  16%|█▌        | 540M/3.28G [03:25<24:20, 2.03MB/s][A[A[A[A[A[A[A[A







Downloading [model-00001-of-00002.safetensors]:  19%|█▊        | 705M/3.71G [03:25<21:40, 2.49MB/s][A[A[A[A[A[A[A








Downloading [model-00002-of-00002.safetensors]:  16%|█▌        | 541M/3.28G [03:25<20:44, 2.38MB/s][A[A[A[A[A[A[A[A







Downloading [model-00001-of-00002.safetensors]:  19%|█▊        | 706M/3.71G [03:25<18:30, 2.92MB/s][A[A[A[A[A[A[A







Downloading [model-00001-of-00002.safetensors]:  19%|█▊        | 707M/3.71G [03:25<16:05, 3.36MB/s][A[A[A[A[A[A[A








Downloading [model-00002-of-00002.safetensors]:  16%|█▌        | 542M/3.28G [03:26<19:21, 2.55MB/s][A[A[A[A[A[A[A[A







Downloading [model-00001-of-00002.safetensors]:  19%|█▊        | 708M/3.71G [03:26<15:36, 3.46MB/s][A[A[A[A[A[A[A








Downloading [model-00002-of-00002.safetensors]:  16%|█▌        | 543M/3.28G [03:26<19:22, 2.54MB/s][A[A[A[A[A[A[A[A








Downloading [model-00002-of-00002.safetensors]:  16%|█▌        | 544M/3.28G [03:26<17:55, 2.75MB/s][A[A[A[A[A[A[A[A








Downloading [model-00002-of-00002.safetensors]:  16%|█▌        | 545M/3.28G [03:27<18:23, 2.68MB/s][A[A[A[A[A[A[A[A








Downloading [model-00002-of-00002.safetensors]:  16%|█▌        | 546M/3.28G [03:27<17:04, 2.88MB/s][A[A[A[A[A[A[A[A








Downloading [model-00002-of-00002.safetensors]:  16%|█▋        | 547M/3.28G [03:28<19:18, 2.55MB/s][A[A[A[A[A[A[A[A








Downloading [model-00002-of-00002.safetensors]:  16%|█▋        | 548M/3.28G [03:28<20:38, 2.38MB/s][A[A[A[A[A[A[A[A








Downloading [model-00002-of-00002.safetensors]:  16%|█▋        | 549M/3.28G [03:29<20:44, 2.37MB/s][A[A[A[A[A[A[A[A








Downloading [model-00002-of-00002.safetensors]:  16%|█▋        | 550M/3.28G [03:29<18:20, 2.68MB/s][A[A[A[A[A[A[A[A








Downloading [model-00002-of-00002.safetensors]:  16%|█▋        | 551M/3.28G [03:29<16:14, 3.03MB/s][A[A[A[A[A[A[A[A








Downloading [model-00002-of-00002.safetensors]:  16%|█▋        | 552M/3.28G [03:30<21:15, 2.31MB/s][A[A[A[A[A[A[A[A








Downloading [model-00002-of-00002.safetensors]:  16%|█▋        | 553M/3.28G [03:31<29:03, 1.69MB/s][A[A[A[A[A[A[A[A








Downloading [model-00002-of-00002.safetensors]:  16%|█▋        | 554M/3.28G [03:31<25:16, 1.94MB/s][A[A[A[A[A[A[A[A







Downloading [model-00001-of-00002.safetensors]:  19%|█▊        | 709M/3.71G [03:31<1:34:44, 570kB/s][A[A[A[A[A[A[A








Downloading [model-00002-of-00002.safetensors]:  17%|█▋        | 555M/3.28G [03:31<21:53, 2.24MB/s][A[A[A[A[A[A[A[A








Downloading [model-00002-of-00002.safetensors]:  17%|█▋        | 556M/3.28G [03:32<23:02, 2.13MB/s][A[A[A[A[A[A[A[A







Downloading [model-00001-of-00002.safetensors]:  19%|█▊        | 710M/3.71G [03:32<1:18:06, 691kB/s][A[A[A[A[A[A[A








Downloading [model-00002-of-00002.safetensors]:  17%|█▋        | 557M/3.28G [03:32<21:32, 2.28MB/s][A[A[A[A[A[A[A[A







Downloading [model-00001-of-00002.safetensors]:  19%|█▊        | 711M/3.71G [03:32<1:01:08, 882kB/s][A[A[A[A[A[A[A








Downloading [model-00002-of-00002.safetensors]:  17%|█▋        | 558M/3.28G [03:33<19:39, 2.49MB/s][A[A[A[A[A[A[A[A







Downloading [model-00001-of-00002.safetensors]:  19%|█▊        | 712M/3.71G [03:33<50:29, 1.07MB/s] [A[A[A[A[A[A[A








Downloading [model-00002-of-00002.safetensors]:  17%|█▋        | 559M/3.28G [03:33<20:27, 2.40MB/s][A[A[A[A[A[A[A[A







Downloading [model-00001-of-00002.safetensors]:  19%|█▉        | 713M/3.71G [03:34<47:04, 1.15MB/s][A[A[A[A[A[A[A








Downloading [model-00002-of-00002.safetensors]:  17%|█▋        | 560M/3.28G [03:34<24:00, 2.04MB/s][A[A[A[A[A[A[A[A







Downloading [model-00001-of-00002.safetensors]:  19%|█▉        | 714M/3.71G [03:34<37:43, 1.43MB/s][A[A[A[A[A[A[A








Downloading [model-00002-of-00002.safetensors]:  17%|█▋        | 561M/3.28G [03:34<20:29, 2.39MB/s][A[A[A[A[A[A[A[A







Downloading [model-00001-of-00002.safetensors]:  19%|█▉        | 715M/3.71G [03:34<29:59, 1.80MB/s][A[A[A[A[A[A[A








Downloading [model-00002-of-00002.safetensors]:  17%|█▋        | 562M/3.28G [03:34<18:17, 2.68MB/s][A[A[A[A[A[A[A[A







Downloading [model-00001-of-00002.safetensors]:  19%|█▉        | 716M/3.71G [03:35<27:25, 1.96MB/s][A[A[A[A[A[A[A








Downloading [model-00002-of-00002.safetensors]:  17%|█▋        | 563M/3.28G [03:35<16:37, 2.94MB/s][A[A[A[A[A[A[A[A







Downloading [model-00001-of-00002.safetensors]:  19%|█▉        | 717M/3.71G [03:35<24:18, 2.22MB/s][A[A[A[A[A[A[A








Downloading [model-00002-of-00002.safetensors]:  17%|█▋        | 564M/3.28G [03:35<15:37, 3.13MB/s][A[A[A[A[A[A[A[A








Downloading [model-00002-of-00002.safetensors]:  17%|█▋        | 565M/3.28G [03:35<15:57, 3.06MB/s][A[A[A[A[A[A[A[A







Downloading [model-00001-of-00002.safetensors]:  19%|█▉        | 718M/3.71G [03:35<24:10, 2.23MB/s][A[A[A[A[A[A[A








Downloading [model-00002-of-00002.safetensors]:  17%|█▋        | 566M/3.28G [03:36<17:04, 2.86MB/s][A[A[A[A[A[A[A[A







Downloading [model-00001-of-00002.safetensors]:  19%|█▉        | 719M/3.71G [03:36<22:06, 2.43MB/s][A[A[A[A[A[A[A








Downloading [model-00002-of-00002.safetensors]:  17%|█▋        | 568M/3.28G [03:36<12:38, 3.86MB/s][A[A[A[A[A[A[A[A







Downloading [model-00001-of-00002.safetensors]:  19%|█▉        | 720M/3.71G [03:36<21:24, 2.51MB/s][A[A[A[A[A[A[A








Downloading [model-00002-of-00002.safetensors]:  17%|█▋        | 569M/3.28G [03:36<11:29, 4.25MB/s][A[A[A[A[A[A[A[A








Downloading [model-00002-of-00002.safetensors]:  17%|█▋        | 570M/3.28G [03:36<11:11, 4.36MB/s][A[A[A[A[A[A[A[A







Downloading [model-00001-of-00002.safetensors]:  19%|█▉        | 721M/3.71G [03:36<20:01, 2.69MB/s][A[A[A[A[A[A[A








Downloading [model-00002-of-00002.safetensors]:  17%|█▋        | 571M/3.28G [03:37<09:37, 5.07MB/s][A[A[A[A[A[A[A[A







Downloading [model-00001-of-00002.safetensors]:  19%|█▉        | 722M/3.71G [03:37<17:43, 3.03MB/s][A[A[A[A[A[A[A








Downloading [model-00002-of-00002.safetensors]:  17%|█▋        | 572M/3.28G [03:37<08:53, 5.49MB/s][A[A[A[A[A[A[A[A








Downloading [model-00002-of-00002.safetensors]:  17%|█▋        | 573M/3.28G [03:37<08:01, 6.07MB/s][A[A[A[A[A[A[A[A







Downloading [model-00001-of-00002.safetensors]:  19%|█▉        | 723M/3.71G [03:37<16:25, 3.27MB/s][A[A[A[A[A[A[A








Downloading [model-00002-of-00002.safetensors]:  17%|█▋        | 574M/3.28G [03:37<07:20, 6.64MB/s][A[A[A[A[A[A[A[A








Downloading [model-00002-of-00002.safetensors]:  17%|█▋        | 575M/3.28G [03:37<07:22, 6.60MB/s][A[A[A[A[A[A[A[A







Downloading [model-00001-of-00002.safetensors]:  19%|█▉        | 724M/3.71G [03:37<14:14, 3.77MB/s][A[A[A[A[A[A[A








Downloading [model-00002-of-00002.safetensors]:  17%|█▋        | 576M/3.28G [03:37<07:15, 6.71MB/s][A[A[A[A[A[A[A[A







Downloading [model-00001-of-00002.safetensors]:  19%|█▉        | 725M/3.71G [03:37<12:29, 4.30MB/s][A[A[A[A[A[A[A








Downloading [model-00002-of-00002.safetensors]:  17%|█▋        | 577M/3.28G [03:38<08:44, 5.57MB/s][A[A[A[A[A[A[A[A







Downloading [model-00001-of-00002.safetensors]:  19%|█▉        | 726M/3.71G [03:38<13:22, 4.02MB/s][A[A[A[A[A[A[A








Downloading [model-00002-of-00002.safetensors]:  17%|█▋        | 578M/3.28G [03:38<09:24, 5.18MB/s][A[A[A[A[A[A[A[A







Downloading [model-00001-of-00002.safetensors]:  19%|█▉        | 727M/3.71G [03:38<12:45, 4.20MB/s][A[A[A[A[A[A[A








Downloading [model-00002-of-00002.safetensors]:  17%|█▋        | 579M/3.28G [03:38<09:09, 5.32MB/s][A[A[A[A[A[A[A[A







Downloading [model-00001-of-00002.safetensors]:  19%|█▉        | 728M/3.71G [03:38<11:36, 4.62MB/s][A[A[A[A[A[A[A








Downloading [model-00002-of-00002.safetensors]:  17%|█▋        | 580M/3.28G [03:38<08:28, 5.74MB/s][A[A[A[A[A[A[A[A







Downloading [model-00001-of-00002.safetensors]:  19%|█▉        | 729M/3.71G [03:38<10:20, 5.19MB/s][A[A[A[A[A[A[A








Downloading [model-00002-of-00002.safetensors]:  17%|█▋        | 581M/3.28G [03:38<07:54, 6.15MB/s][A[A[A[A[A[A[A[A







Downloading [model-00001-of-00002.safetensors]:  19%|█▉        | 730M/3.71G [03:38<09:28, 5.65MB/s][A[A[A[A[A[A[A








Downloading [model-00002-of-00002.safetensors]:  17%|█▋        | 582M/3.28G [03:38<08:03, 6.04MB/s][A[A[A[A[A[A[A[A







Downloading [model-00001-of-00002.safetensors]:  19%|█▉        | 731M/3.71G [03:38<09:19, 5.75MB/s][A[A[A[A[A[A[A








Downloading [model-00002-of-00002.safetensors]:  17%|█▋        | 583M/3.28G [03:39<08:08, 5.96MB/s][A[A[A[A[A[A[A[A







Downloading [model-00001-of-00002.safetensors]:  19%|█▉        | 732M/3.71G [03:39<08:57, 5.98MB/s][A[A[A[A[A[A[A







Downloading [model-00001-of-00002.safetensors]:  19%|█▉        | 733M/3.71G [03:39<08:17, 6.46MB/s][A[A[A[A[A[A[A








Downloading [model-00002-of-00002.safetensors]:  17%|█▋        | 584M/3.28G [03:39<09:11, 5.28MB/s][A[A[A[A[A[A[A[A







Downloading [model-00001-of-00002.safetensors]:  19%|█▉        | 734M/3.71G [03:39<07:55, 6.76MB/s][A[A[A[A[A[A[A







Downloading [model-00001-of-00002.safetensors]:  19%|█▉        | 735M/3.71G [03:39<07:23, 7.24MB/s][A[A[A[A[A[A[A







Downloading [model-00001-of-00002.safetensors]:  19%|█▉        | 736M/3.71G [03:39<07:10, 7.46MB/s][A[A[A[A[A[A[A








Downloading [model-00002-of-00002.safetensors]:  17%|█▋        | 585M/3.28G [03:39<10:28, 4.63MB/s][A[A[A[A[A[A[A[A







Downloading [model-00001-of-00002.safetensors]:  19%|█▉        | 737M/3.71G [03:39<06:56, 7.71MB/s][A[A[A[A[A[A[A








Downloading [model-00002-of-00002.safetensors]:  17%|█▋        | 586M/3.28G [03:39<10:50, 4.48MB/s][A[A[A[A[A[A[A[A







Downloading [model-00001-of-00002.safetensors]:  19%|█▉        | 738M/3.71G [03:39<06:58, 7.67MB/s][A[A[A[A[A[A[A








Downloading [model-00002-of-00002.safetensors]:  17%|█▋        | 587M/3.28G [03:40<09:53, 4.90MB/s][A[A[A[A[A[A[A[A







Downloading [model-00001-of-00002.safetensors]:  19%|█▉        | 739M/3.71G [03:40<07:48, 6.84MB/s][A[A[A[A[A[A[A








Downloading [model-00002-of-00002.safetensors]:  17%|█▋        | 588M/3.28G [03:40<08:59, 5.40MB/s][A[A[A[A[A[A[A[A







Downloading [model-00001-of-00002.safetensors]:  19%|█▉        | 740M/3.71G [03:40<08:46, 6.09MB/s][A[A[A[A[A[A[A








Downloading [model-00002-of-00002.safetensors]:  18%|█▊        | 589M/3.28G [03:40<08:12, 5.90MB/s][A[A[A[A[A[A[A[A








Downloading [model-00002-of-00002.safetensors]:  18%|█▊        | 590M/3.28G [03:40<07:29, 6.47MB/s][A[A[A[A[A[A[A[A








Downloading [model-00002-of-00002.safetensors]:  18%|█▊        | 591M/3.28G [03:40<06:41, 7.24MB/s][A[A[A[A[A[A[A[A








Downloading [model-00002-of-00002.safetensors]:  18%|█▊        | 592M/3.28G [03:40<06:07, 7.91MB/s][A[A[A[A[A[A[A[A







Downloading [model-00001-of-00002.safetensors]:  20%|█▉        | 741M/3.71G [03:41<16:51, 3.17MB/s][A[A[A[A[A[A[A








Downloading [model-00002-of-00002.safetensors]:  18%|█▊        | 593M/3.28G [03:41<10:40, 4.54MB/s][A[A[A[A[A[A[A[A







Downloading [model-00001-of-00002.safetensors]:  20%|█▉        | 742M/3.71G [03:41<16:14, 3.29MB/s][A[A[A[A[A[A[A








Downloading [model-00002-of-00002.safetensors]:  18%|█▊        | 594M/3.28G [03:41<10:48, 4.48MB/s][A[A[A[A[A[A[A[A







Downloading [model-00001-of-00002.safetensors]:  20%|█▉        | 743M/3.71G [03:41<13:13, 4.04MB/s][A[A[A[A[A[A[A







Downloading [model-00001-of-00002.safetensors]:  20%|█▉        | 744M/3.71G [03:41<11:14, 4.75MB/s][A[A[A[A[A[A[A








Downloading [model-00002-of-00002.safetensors]:  18%|█▊        | 595M/3.28G [03:41<11:00, 4.40MB/s][A[A[A[A[A[A[A[A







Downloading [model-00001-of-00002.safetensors]:  20%|█▉        | 745M/3.71G [03:41<11:19, 4.71MB/s][A[A[A[A[A[A[A








Downloading [model-00002-of-00002.safetensors]:  18%|█▊        | 596M/3.28G [03:41<12:32, 3.86MB/s][A[A[A[A[A[A[A[A







Downloading [model-00001-of-00002.safetensors]:  20%|█▉        | 746M/3.71G [03:41<11:05, 4.81MB/s][A[A[A[A[A[A[A








Downloading [model-00002-of-00002.safetensors]:  18%|█▊        | 597M/3.28G [03:42<10:45, 4.50MB/s][A[A[A[A[A[A[A[A







Downloading [model-00001-of-00002.safetensors]:  20%|█▉        | 747M/3.71G [03:42<11:09, 4.78MB/s][A[A[A[A[A[A[A








Downloading [model-00002-of-00002.safetensors]:  18%|█▊        | 598M/3.28G [03:42<10:40, 4.53MB/s][A[A[A[A[A[A[A[A







Downloading [model-00001-of-00002.safetensors]:  20%|█▉        | 748M/3.71G [03:42<10:46, 4.95MB/s][A[A[A[A[A[A[A








Downloading [model-00002-of-00002.safetensors]:  18%|█▊        | 599M/3.28G [03:42<09:54, 4.88MB/s][A[A[A[A[A[A[A[A







Downloading [model-00001-of-00002.safetensors]:  20%|█▉        | 749M/3.71G [03:42<10:58, 4.86MB/s][A[A[A[A[A[A[A








Downloading [model-00002-of-00002.safetensors]:  18%|█▊        | 600M/3.28G [03:42<10:16, 4.70MB/s][A[A[A[A[A[A[A[A







Downloading [model-00001-of-00002.safetensors]:  20%|█▉        | 750M/3.71G [03:42<11:10, 4.76MB/s][A[A[A[A[A[A[A








Downloading [model-00002-of-00002.safetensors]:  18%|█▊        | 601M/3.28G [03:43<10:21, 4.66MB/s][A[A[A[A[A[A[A[A







Downloading [model-00001-of-00002.safetensors]:  20%|█▉        | 751M/3.71G [03:43<10:44, 4.96MB/s][A[A[A[A[A[A[A







Downloading [model-00001-of-00002.safetensors]:  20%|█▉        | 752M/3.71G [03:43<09:46, 5.45MB/s][A[A[A[A[A[A[A








Downloading [model-00002-of-00002.safetensors]:  18%|█▊        | 602M/3.28G [03:43<10:16, 4.70MB/s][A[A[A[A[A[A[A[A







Downloading [model-00001-of-00002.safetensors]:  20%|█▉        | 753M/3.71G [03:43<08:44, 6.09MB/s][A[A[A[A[A[A[A








Downloading [model-00002-of-00002.safetensors]:  18%|█▊        | 603M/3.28G [03:43<10:18, 4.68MB/s][A[A[A[A[A[A[A[A







Downloading [model-00001-of-00002.safetensors]:  20%|█▉        | 754M/3.71G [03:43<08:30, 6.25MB/s][A[A[A[A[A[A[A







Downloading [model-00001-of-00002.safetensors]:  20%|█▉        | 755M/3.71G [03:43<10:23, 5.12MB/s][A[A[A[A[A[A[A







Downloading [model-00001-of-00002.safetensors]:  20%|█▉        | 756M/3.71G [03:44<11:47, 4.51MB/s][A[A[A[A[A[A[A








Downloading [model-00002-of-00002.safetensors]:  18%|█▊        | 604M/3.28G [03:44<16:56, 2.85MB/s][A[A[A[A[A[A[A[A







Downloading [model-00001-of-00002.safetensors]:  20%|█▉        | 757M/3.71G [03:44<11:28, 4.63MB/s][A[A[A[A[A[A[A







Downloading [model-00001-of-00002.safetensors]:  20%|█▉        | 758M/3.71G [03:44<13:11, 4.03MB/s][A[A[A[A[A[A[A







Downloading [model-00001-of-00002.safetensors]:  20%|█▉        | 759M/3.71G [03:45<17:51, 2.97MB/s][A[A[A[A[A[A[A








Downloading [model-00002-of-00002.safetensors]:  18%|█▊        | 605M/3.28G [03:45<27:04, 1.78MB/s][A[A[A[A[A[A[A[A







Downloading [model-00001-of-00002.safetensors]:  20%|██        | 760M/3.71G [03:45<20:21, 2.61MB/s][A[A[A[A[A[A[A








Downloading [model-00002-of-00002.safetensors]:  18%|█▊        | 606M/3.28G [03:46<29:44, 1.62MB/s][A[A[A[A[A[A[A[A







Downloading [model-00001-of-00002.safetensors]:  20%|██        | 761M/3.71G [03:46<20:55, 2.54MB/s][A[A[A[A[A[A[A








Downloading [model-00002-of-00002.safetensors]:  18%|█▊        | 607M/3.28G [03:46<27:27, 1.75MB/s][A[A[A[A[A[A[A[A







Downloading [model-00001-of-00002.safetensors]:  20%|██        | 762M/3.71G [03:46<20:26, 2.60MB/s][A[A[A[A[A[A[A








Downloading [model-00002-of-00002.safetensors]:  18%|█▊        | 608M/3.28G [03:46<22:49, 2.11MB/s][A[A[A[A[A[A[A[A







Downloading [model-00001-of-00002.safetensors]:  20%|██        | 763M/3.71G [03:46<19:32, 2.72MB/s][A[A[A[A[A[A[A








Downloading [model-00002-of-00002.safetensors]:  18%|█▊        | 609M/3.28G [03:46<18:41, 2.57MB/s][A[A[A[A[A[A[A[A








Downloading [model-00002-of-00002.safetensors]:  18%|█▊        | 610M/3.28G [03:47<15:02, 3.20MB/s][A[A[A[A[A[A[A[A







Downloading [model-00001-of-00002.safetensors]:  20%|██        | 764M/3.71G [03:47<17:40, 3.00MB/s][A[A[A[A[A[A[A








Downloading [model-00002-of-00002.safetensors]:  18%|█▊        | 611M/3.28G [03:47<12:19, 3.90MB/s][A[A[A[A[A[A[A[A







Downloading [model-00001-of-00002.safetensors]:  20%|██        | 765M/3.71G [03:47<15:16, 3.47MB/s][A[A[A[A[A[A[A








Downloading [model-00002-of-00002.safetensors]:  18%|█▊        | 612M/3.28G [03:47<10:50, 4.44MB/s][A[A[A[A[A[A[A[A







Downloading [model-00001-of-00002.safetensors]:  20%|██        | 766M/3.71G [03:47<13:47, 3.84MB/s][A[A[A[A[A[A[A








Downloading [model-00002-of-00002.safetensors]:  18%|█▊        | 613M/3.28G [03:47<09:40, 4.97MB/s][A[A[A[A[A[A[A[A







Downloading [model-00001-of-00002.safetensors]:  20%|██        | 767M/3.71G [03:47<12:11, 4.35MB/s][A[A[A[A[A[A[A








Downloading [model-00002-of-00002.safetensors]:  18%|█▊        | 614M/3.28G [03:47<08:33, 5.61MB/s][A[A[A[A[A[A[A[A








Downloading [model-00002-of-00002.safetensors]:  18%|█▊        | 615M/3.28G [03:47<08:16, 5.81MB/s][A[A[A[A[A[A[A[A







Downloading [model-00001-of-00002.safetensors]:  20%|██        | 768M/3.71G [03:47<11:18, 4.68MB/s][A[A[A[A[A[A[A







Downloading [model-00001-of-00002.safetensors]:  20%|██        | 769M/3.71G [03:48<10:38, 4.97MB/s][A[A[A[A[A[A[A








Downloading [model-00002-of-00002.safetensors]:  18%|█▊        | 616M/3.28G [03:48<10:45, 4.46MB/s][A[A[A[A[A[A[A[A








Downloading [model-00002-of-00002.safetensors]:  18%|█▊        | 617M/3.28G [03:48<14:54, 3.22MB/s][A[A[A[A[A[A[A[A







Downloading [model-00001-of-00002.safetensors]:  20%|██        | 770M/3.71G [03:48<19:29, 2.72MB/s][A[A[A[A[A[A[A







Downloading [model-00001-of-00002.safetensors]:  20%|██        | 771M/3.71G [03:49<18:20, 2.88MB/s][A[A[A[A[A[A[A








Downloading [model-00002-of-00002.safetensors]:  18%|█▊        | 618M/3.28G [03:49<16:06, 2.98MB/s][A[A[A[A[A[A[A[A








Downloading [model-00002-of-00002.safetensors]:  18%|█▊        | 619M/3.28G [03:49<17:01, 2.82MB/s][A[A[A[A[A[A[A[A







Downloading [model-00001-of-00002.safetensors]:  20%|██        | 772M/3.71G [03:49<24:25, 2.16MB/s][A[A[A[A[A[A[A








Downloading [model-00002-of-00002.safetensors]:  18%|█▊        | 620M/3.28G [03:50<23:01, 2.08MB/s][A[A[A[A[A[A[A[A







Downloading [model-00001-of-00002.safetensors]:  20%|██        | 773M/3.71G [03:50<24:59, 2.12MB/s][A[A[A[A[A[A[A








Downloading [model-00002-of-00002.safetensors]:  18%|█▊        | 621M/3.28G [03:50<21:26, 2.24MB/s][A[A[A[A[A[A[A[A







Downloading [model-00001-of-00002.safetensors]:  20%|██        | 774M/3.71G [03:50<24:02, 2.20MB/s][A[A[A[A[A[A[A








Downloading [model-00002-of-00002.safetensors]:  18%|█▊        | 622M/3.28G [03:51<19:28, 2.46MB/s][A[A[A[A[A[A[A[A







Downloading [model-00001-of-00002.safetensors]:  20%|██        | 775M/3.71G [03:51<23:28, 2.25MB/s][A[A[A[A[A[A[A








Downloading [model-00002-of-00002.safetensors]:  19%|█▊        | 623M/3.28G [03:51<19:23, 2.47MB/s][A[A[A[A[A[A[A[A







Downloading [model-00001-of-00002.safetensors]:  20%|██        | 776M/3.71G [03:51<25:11, 2.10MB/s][A[A[A[A[A[A[A








Downloading [model-00002-of-00002.safetensors]:  19%|█▊        | 624M/3.28G [03:52<21:19, 2.24MB/s][A[A[A[A[A[A[A[A







Downloading [model-00001-of-00002.safetensors]:  20%|██        | 777M/3.71G [03:52<24:03, 2.19MB/s][A[A[A[A[A[A[A








Downloading [model-00002-of-00002.safetensors]:  19%|█▊        | 625M/3.28G [03:52<20:39, 2.32MB/s][A[A[A[A[A[A[A[A







Downloading [model-00001-of-00002.safetensors]:  20%|██        | 778M/3.71G [03:52<20:37, 2.56MB/s][A[A[A[A[A[A[A








Downloading [model-00002-of-00002.safetensors]:  19%|█▊        | 626M/3.28G [03:52<18:34, 2.58MB/s][A[A[A[A[A[A[A[A







Downloading [model-00001-of-00002.safetensors]:  21%|██        | 779M/3.71G [03:52<19:49, 2.66MB/s][A[A[A[A[A[A[A








Downloading [model-00002-of-00002.safetensors]:  19%|█▊        | 627M/3.28G [03:53<17:59, 2.66MB/s][A[A[A[A[A[A[A[A







Downloading [model-00001-of-00002.safetensors]:  21%|██        | 780M/3.71G [03:53<20:52, 2.53MB/s][A[A[A[A[A[A[A








Downloading [model-00002-of-00002.safetensors]:  19%|█▊        | 628M/3.28G [03:53<18:35, 2.57MB/s][A[A[A[A[A[A[A[A







Downloading [model-00001-of-00002.safetensors]:  21%|██        | 781M/3.71G [03:54<26:12, 2.01MB/s][A[A[A[A[A[A[A








Downloading [model-00002-of-00002.safetensors]:  19%|█▊        | 629M/3.28G [03:54<20:48, 2.30MB/s][A[A[A[A[A[A[A[A







Downloading [model-00001-of-00002.safetensors]:  21%|██        | 782M/3.71G [03:54<26:02, 2.02MB/s][A[A[A[A[A[A[A








Downloading [model-00002-of-00002.safetensors]:  19%|█▊        | 630M/3.28G [03:55<25:33, 1.87MB/s][A[A[A[A[A[A[A[A







Downloading [model-00001-of-00002.safetensors]:  21%|██        | 783M/3.71G [03:55<25:36, 2.06MB/s][A[A[A[A[A[A[A








Downloading [model-00002-of-00002.safetensors]:  19%|█▉        | 631M/3.28G [03:55<23:40, 2.02MB/s][A[A[A[A[A[A[A[A







Downloading [model-00001-of-00002.safetensors]:  21%|██        | 784M/3.71G [03:55<25:23, 2.07MB/s][A[A[A[A[A[A[A








Downloading [model-00002-of-00002.safetensors]:  19%|█▉        | 632M/3.28G [03:55<22:02, 2.17MB/s][A[A[A[A[A[A[A[A







Downloading [model-00001-of-00002.safetensors]:  21%|██        | 785M/3.71G [03:55<22:02, 2.39MB/s][A[A[A[A[A[A[A








Downloading [model-00002-of-00002.safetensors]:  19%|█▉        | 633M/3.28G [03:56<18:43, 2.55MB/s][A[A[A[A[A[A[A[A







Downloading [model-00001-of-00002.safetensors]:  21%|██        | 786M/3.71G [03:56<18:26, 2.86MB/s][A[A[A[A[A[A[A








Downloading [model-00002-of-00002.safetensors]:  19%|█▉        | 634M/3.28G [03:56<15:38, 3.05MB/s][A[A[A[A[A[A[A[A







Downloading [model-00001-of-00002.safetensors]:  21%|██        | 787M/3.71G [03:56<15:15, 3.45MB/s][A[A[A[A[A[A[A








Downloading [model-00002-of-00002.safetensors]:  19%|█▉        | 635M/3.28G [03:56<12:57, 3.68MB/s][A[A[A[A[A[A[A[A







Downloading [model-00001-of-00002.safetensors]:  21%|██        | 788M/3.71G [03:56<12:44, 4.13MB/s][A[A[A[A[A[A[A








Downloading [model-00002-of-00002.safetensors]:  19%|█▉        | 636M/3.28G [03:56<10:59, 4.34MB/s][A[A[A[A[A[A[A[A







Downloading [model-00001-of-00002.safetensors]:  21%|██        | 789M/3.71G [03:56<10:45, 4.89MB/s][A[A[A[A[A[A[A








Downloading [model-00002-of-00002.safetensors]:  19%|█▉        | 637M/3.28G [03:56<09:29, 5.02MB/s][A[A[A[A[A[A[A[A







Downloading [model-00001-of-00002.safetensors]:  21%|██        | 790M/3.71G [03:56<10:10, 5.16MB/s][A[A[A[A[A[A[A








Downloading [model-00002-of-00002.safetensors]:  19%|█▉        | 638M/3.28G [03:56<08:49, 5.39MB/s][A[A[A[A[A[A[A[A








Downloading [model-00002-of-00002.safetensors]:  19%|█▉        | 639M/3.28G [03:57<08:42, 5.47MB/s][A[A[A[A[A[A[A[A







Downloading [model-00001-of-00002.safetensors]:  21%|██        | 791M/3.71G [03:57<13:07, 4.00MB/s][A[A[A[A[A[A[A








Downloading [model-00002-of-00002.safetensors]:  19%|█▉        | 640M/3.28G [03:57<09:17, 5.12MB/s][A[A[A[A[A[A[A[A








Downloading [model-00002-of-00002.safetensors]:  19%|█▉        | 641M/3.28G [03:58<18:08, 2.62MB/s][A[A[A[A[A[A[A[A







Downloading [model-00001-of-00002.safetensors]:  21%|██        | 793M/3.71G [03:58<18:16, 2.87MB/s][A[A[A[A[A[A[A








Downloading [model-00002-of-00002.safetensors]:  19%|█▉        | 642M/3.28G [03:58<17:37, 2.70MB/s][A[A[A[A[A[A[A[A







Downloading [model-00001-of-00002.safetensors]:  21%|██        | 794M/3.71G [03:58<19:10, 2.74MB/s][A[A[A[A[A[A[A








Downloading [model-00002-of-00002.safetensors]:  19%|█▉        | 643M/3.28G [03:58<15:12, 3.13MB/s][A[A[A[A[A[A[A[A







Downloading [model-00001-of-00002.safetensors]:  21%|██        | 795M/3.71G [03:58<16:52, 3.11MB/s][A[A[A[A[A[A[A








Downloading [model-00002-of-00002.safetensors]:  19%|█▉        | 644M/3.28G [03:58<12:58, 3.66MB/s][A[A[A[A[A[A[A[A







Downloading [model-00001-of-00002.safetensors]:  21%|██        | 796M/3.71G [03:58<15:06, 3.47MB/s][A[A[A[A[A[A[A








Downloading [model-00002-of-00002.safetensors]:  19%|█▉        | 645M/3.28G [03:59<11:43, 4.05MB/s][A[A[A[A[A[A[A[A







Downloading [model-00001-of-00002.safetensors]:  21%|██        | 797M/3.71G [03:59<13:32, 3.87MB/s][A[A[A[A[A[A[A








Downloading [model-00002-of-00002.safetensors]:  19%|█▉        | 646M/3.28G [03:59<10:29, 4.53MB/s][A[A[A[A[A[A[A[A







Downloading [model-00001-of-00002.safetensors]:  21%|██        | 798M/3.71G [03:59<12:02, 4.35MB/s][A[A[A[A[A[A[A







Downloading [model-00001-of-00002.safetensors]:  21%|██        | 799M/3.71G [03:59<11:10, 4.69MB/s][A[A[A[A[A[A[A








Downloading [model-00002-of-00002.safetensors]:  19%|█▉        | 647M/3.28G [03:59<13:18, 3.57MB/s][A[A[A[A[A[A[A[A







Downloading [model-00001-of-00002.safetensors]:  21%|██        | 800M/3.71G [03:59<11:53, 4.41MB/s][A[A[A[A[A[A[A








Downloading [model-00002-of-00002.safetensors]:  19%|█▉        | 649M/3.28G [03:59<09:17, 5.11MB/s][A[A[A[A[A[A[A[A







Downloading [model-00001-of-00002.safetensors]:  21%|██        | 801M/3.71G [03:59<11:25, 4.58MB/s][A[A[A[A[A[A[A








Downloading [model-00002-of-00002.safetensors]:  19%|█▉        | 650M/3.28G [04:00<09:39, 4.91MB/s][A[A[A[A[A[A[A[A







Downloading [model-00001-of-00002.safetensors]:  21%|██        | 802M/3.71G [04:00<11:28, 4.57MB/s][A[A[A[A[A[A[A








Downloading [model-00002-of-00002.safetensors]:  19%|█▉        | 651M/3.28G [04:00<09:39, 4.91MB/s][A[A[A[A[A[A[A[A







Downloading [model-00001-of-00002.safetensors]:  21%|██        | 803M/3.71G [04:00<10:54, 4.80MB/s][A[A[A[A[A[A[A








Downloading [model-00002-of-00002.safetensors]:  19%|█▉        | 652M/3.28G [04:00<11:22, 4.17MB/s][A[A[A[A[A[A[A[A







Downloading [model-00001-of-00002.safetensors]:  21%|██        | 804M/3.71G [04:00<13:37, 3.84MB/s][A[A[A[A[A[A[A








Downloading [model-00002-of-00002.safetensors]:  19%|█▉        | 653M/3.28G [04:00<11:26, 4.14MB/s][A[A[A[A[A[A[A[A







Downloading [model-00001-of-00002.safetensors]:  21%|██        | 805M/3.71G [04:01<13:48, 3.79MB/s][A[A[A[A[A[A[A








Downloading [model-00002-of-00002.safetensors]:  19%|█▉        | 654M/3.28G [04:01<11:00, 4.30MB/s][A[A[A[A[A[A[A[A







Downloading [model-00001-of-00002.safetensors]:  21%|██        | 806M/3.71G [04:01<12:36, 4.15MB/s][A[A[A[A[A[A[A








Downloading [model-00002-of-00002.safetensors]:  19%|█▉        | 655M/3.28G [04:01<10:35, 4.47MB/s][A[A[A[A[A[A[A[A







Downloading [model-00001-of-00002.safetensors]:  21%|██        | 807M/3.71G [04:01<12:29, 4.18MB/s][A[A[A[A[A[A[A








Downloading [model-00002-of-00002.safetensors]:  20%|█▉        | 656M/3.28G [04:01<11:35, 4.08MB/s][A[A[A[A[A[A[A[A







Downloading [model-00001-of-00002.safetensors]:  21%|██▏       | 808M/3.71G [04:01<12:14, 4.27MB/s][A[A[A[A[A[A[A








Downloading [model-00002-of-00002.safetensors]:  20%|█▉        | 657M/3.28G [04:01<11:51, 3.99MB/s][A[A[A[A[A[A[A[A







Downloading [model-00001-of-00002.safetensors]:  21%|██▏       | 809M/3.71G [04:02<13:15, 3.94MB/s][A[A[A[A[A[A[A








Downloading [model-00002-of-00002.safetensors]:  20%|█▉        | 658M/3.28G [04:02<14:09, 3.34MB/s][A[A[A[A[A[A[A[A







Downloading [model-00001-of-00002.safetensors]:  21%|██▏       | 810M/3.71G [04:02<14:29, 3.60MB/s][A[A[A[A[A[A[A








Downloading [model-00002-of-00002.safetensors]:  20%|█▉        | 659M/3.28G [04:02<13:18, 3.55MB/s][A[A[A[A[A[A[A[A







Downloading [model-00001-of-00002.safetensors]:  21%|██▏       | 811M/3.71G [04:02<14:12, 3.67MB/s][A[A[A[A[A[A[A








Downloading [model-00002-of-00002.safetensors]:  20%|█▉        | 660M/3.28G [04:02<12:01, 3.93MB/s][A[A[A[A[A[A[A[A







Downloading [model-00001-of-00002.safetensors]:  21%|██▏       | 812M/3.71G [04:02<13:32, 3.85MB/s][A[A[A[A[A[A[A








Downloading [model-00002-of-00002.safetensors]:  20%|█▉        | 661M/3.28G [04:03<11:31, 4.10MB/s][A[A[A[A[A[A[A[A







Downloading [model-00001-of-00002.safetensors]:  21%|██▏       | 813M/3.71G [04:03<14:32, 3.59MB/s][A[A[A[A[A[A[A








Downloading [model-00002-of-00002.safetensors]:  20%|█▉        | 662M/3.28G [04:03<14:27, 3.27MB/s][A[A[A[A[A[A[A[A







Downloading [model-00001-of-00002.safetensors]:  21%|██▏       | 814M/3.71G [04:03<16:34, 3.15MB/s][A[A[A[A[A[A[A








Downloading [model-00002-of-00002.safetensors]:  20%|█▉        | 663M/3.28G [04:03<14:54, 3.16MB/s][A[A[A[A[A[A[A[A







Downloading [model-00001-of-00002.safetensors]:  21%|██▏       | 815M/3.71G [04:03<15:21, 3.40MB/s][A[A[A[A[A[A[A








Downloading [model-00002-of-00002.safetensors]:  20%|█▉        | 664M/3.28G [04:04<13:16, 3.56MB/s][A[A[A[A[A[A[A[A







Downloading [model-00001-of-00002.safetensors]:  21%|██▏       | 816M/3.71G [04:04<13:31, 3.85MB/s][A[A[A[A[A[A[A








Downloading [model-00002-of-00002.safetensors]:  20%|█▉        | 665M/3.28G [04:04<11:34, 4.07MB/s][A[A[A[A[A[A[A[A







Downloading [model-00001-of-00002.safetensors]:  22%|██▏       | 817M/3.71G [04:04<11:42, 4.45MB/s][A[A[A[A[A[A[A








Downloading [model-00002-of-00002.safetensors]:  20%|█▉        | 666M/3.28G [04:04<11:17, 4.17MB/s][A[A[A[A[A[A[A[A







Downloading [model-00001-of-00002.safetensors]:  22%|██▏       | 818M/3.71G [04:04<12:07, 4.29MB/s][A[A[A[A[A[A[A








Downloading [model-00002-of-00002.safetensors]:  20%|█▉        | 667M/3.28G [04:04<10:58, 4.30MB/s][A[A[A[A[A[A[A[A







Downloading [model-00001-of-00002.safetensors]:  22%|██▏       | 819M/3.71G [04:04<12:22, 4.21MB/s][A[A[A[A[A[A[A








Downloading [model-00002-of-00002.safetensors]:  20%|█▉        | 668M/3.28G [04:04<10:01, 4.70MB/s][A[A[A[A[A[A[A[A







Downloading [model-00001-of-00002.safetensors]:  22%|██▏       | 820M/3.71G [04:05<11:26, 4.55MB/s][A[A[A[A[A[A[A








Downloading [model-00002-of-00002.safetensors]:  20%|█▉        | 669M/3.28G [04:05<08:57, 5.26MB/s][A[A[A[A[A[A[A[A







Downloading [model-00001-of-00002.safetensors]:  22%|██▏       | 821M/3.71G [04:05<10:41, 4.87MB/s][A[A[A[A[A[A[A








Downloading [model-00002-of-00002.safetensors]:  20%|█▉        | 670M/3.28G [04:05<08:14, 5.72MB/s][A[A[A[A[A[A[A[A







Downloading [model-00001-of-00002.safetensors]:  22%|██▏       | 822M/3.71G [04:05<10:37, 4.89MB/s][A[A[A[A[A[A[A








Downloading [model-00002-of-00002.safetensors]:  20%|█▉        | 671M/3.28G [04:05<10:21, 4.55MB/s][A[A[A[A[A[A[A[A







Downloading [model-00001-of-00002.safetensors]:  22%|██▏       | 823M/3.71G [04:05<10:22, 5.01MB/s][A[A[A[A[A[A[A








Downloading [model-00002-of-00002.safetensors]:  20%|██        | 673M/3.28G [04:05<06:39, 7.05MB/s][A[A[A[A[A[A[A[A








Downloading [model-00002-of-00002.safetensors]:  20%|██        | 674M/3.28G [04:05<06:35, 7.14MB/s][A[A[A[A[A[A[A[A







Downloading [model-00001-of-00002.safetensors]:  22%|██▏       | 824M/3.71G [04:05<11:09, 4.66MB/s][A[A[A[A[A[A[A








Downloading [model-00002-of-00002.safetensors]:  20%|██        | 675M/3.28G [04:06<07:16, 6.46MB/s][A[A[A[A[A[A[A[A







Downloading [model-00001-of-00002.safetensors]:  22%|██▏       | 825M/3.71G [04:06<11:20, 4.58MB/s][A[A[A[A[A[A[A








Downloading [model-00002-of-00002.safetensors]:  20%|██        | 676M/3.28G [04:06<07:18, 6.43MB/s][A[A[A[A[A[A[A[A







Downloading [model-00001-of-00002.safetensors]:  22%|██▏       | 826M/3.71G [04:06<10:43, 4.84MB/s][A[A[A[A[A[A[A








Downloading [model-00002-of-00002.safetensors]:  20%|██        | 677M/3.28G [04:06<07:12, 6.51MB/s][A[A[A[A[A[A[A[A







Downloading [model-00001-of-00002.safetensors]:  22%|██▏       | 827M/3.71G [04:06<09:42, 5.35MB/s][A[A[A[A[A[A[A








Downloading [model-00002-of-00002.safetensors]:  20%|██        | 678M/3.28G [04:06<06:46, 6.93MB/s][A[A[A[A[A[A[A[A








Downloading [model-00002-of-00002.safetensors]:  20%|██        | 679M/3.28G [04:06<06:57, 6.75MB/s][A[A[A[A[A[A[A[A







Downloading [model-00001-of-00002.safetensors]:  22%|██▏       | 828M/3.71G [04:06<09:18, 5.58MB/s][A[A[A[A[A[A[A








Downloading [model-00002-of-00002.safetensors]:  20%|██        | 680M/3.28G [04:06<08:12, 5.71MB/s][A[A[A[A[A[A[A[A







Downloading [model-00001-of-00002.safetensors]:  22%|██▏       | 829M/3.71G [04:07<12:47, 4.06MB/s][A[A[A[A[A[A[A








Downloading [model-00002-of-00002.safetensors]:  20%|██        | 681M/3.28G [04:07<08:28, 5.53MB/s][A[A[A[A[A[A[A[A








Downloading [model-00002-of-00002.safetensors]:  20%|██        | 682M/3.28G [04:07<08:08, 5.75MB/s][A[A[A[A[A[A[A[A







Downloading [model-00001-of-00002.safetensors]:  22%|██▏       | 830M/3.71G [04:07<12:50, 4.04MB/s][A[A[A[A[A[A[A








Downloading [model-00002-of-00002.safetensors]:  20%|██        | 683M/3.28G [04:07<07:41, 6.09MB/s][A[A[A[A[A[A[A[A







Downloading [model-00001-of-00002.safetensors]:  22%|██▏       | 831M/3.71G [04:07<11:59, 4.33MB/s][A[A[A[A[A[A[A








Downloading [model-00002-of-00002.safetensors]:  20%|██        | 684M/3.28G [04:07<07:11, 6.51MB/s][A[A[A[A[A[A[A[A








Downloading [model-00002-of-00002.safetensors]:  20%|██        | 685M/3.28G [04:07<08:27, 5.54MB/s][A[A[A[A[A[A[A[A







Downloading [model-00001-of-00002.safetensors]:  22%|██▏       | 832M/3.71G [04:07<13:14, 3.92MB/s][A[A[A[A[A[A[A








Downloading [model-00002-of-00002.safetensors]:  20%|██        | 686M/3.28G [04:08<09:37, 4.86MB/s][A[A[A[A[A[A[A[A







Downloading [model-00001-of-00002.safetensors]:  22%|██▏       | 833M/3.71G [04:08<13:28, 3.85MB/s][A[A[A[A[A[A[A







Downloading [model-00001-of-00002.safetensors]:  22%|██▏       | 834M/3.71G [04:08<12:58, 3.99MB/s][A[A[A[A[A[A[A








Downloading [model-00002-of-00002.safetensors]:  20%|██        | 687M/3.28G [04:08<11:52, 3.94MB/s][A[A[A[A[A[A[A[A







Downloading [model-00001-of-00002.safetensors]:  22%|██▏       | 835M/3.71G [04:08<11:48, 4.38MB/s][A[A[A[A[A[A[A








Downloading [model-00002-of-00002.safetensors]:  20%|██        | 688M/3.28G [04:08<11:25, 4.09MB/s][A[A[A[A[A[A[A[A







Downloading [model-00001-of-00002.safetensors]:  22%|██▏       | 836M/3.71G [04:08<10:33, 4.91MB/s][A[A[A[A[A[A[A







Downloading [model-00001-of-00002.safetensors]:  22%|██▏       | 837M/3.71G [04:08<09:35, 5.40MB/s][A[A[A[A[A[A[A








Downloading [model-00002-of-00002.safetensors]:  20%|██        | 689M/3.28G [04:08<10:41, 4.37MB/s][A[A[A[A[A[A[A[A







Downloading [model-00001-of-00002.safetensors]:  22%|██▏       | 838M/3.71G [04:09<08:59, 5.76MB/s][A[A[A[A[A[A[A








Downloading [model-00002-of-00002.safetensors]:  21%|██        | 690M/3.28G [04:09<10:08, 4.60MB/s][A[A[A[A[A[A[A[A







Downloading [model-00001-of-00002.safetensors]:  22%|██▏       | 839M/3.71G [04:09<08:38, 5.98MB/s][A[A[A[A[A[A[A








Downloading [model-00002-of-00002.safetensors]:  21%|██        | 691M/3.28G [04:09<09:49, 4.75MB/s][A[A[A[A[A[A[A[A







Downloading [model-00001-of-00002.safetensors]:  22%|██▏       | 840M/3.71G [04:09<08:17, 6.23MB/s][A[A[A[A[A[A[A







Downloading [model-00001-of-00002.safetensors]:  22%|██▏       | 841M/3.71G [04:09<07:47, 6.63MB/s][A[A[A[A[A[A[A








Downloading [model-00002-of-00002.safetensors]:  21%|██        | 692M/3.28G [04:09<10:06, 4.62MB/s][A[A[A[A[A[A[A[A







Downloading [model-00001-of-00002.safetensors]:  22%|██▏       | 842M/3.71G [04:09<07:26, 6.93MB/s][A[A[A[A[A[A[A







Downloading [model-00001-of-00002.safetensors]:  22%|██▏       | 843M/3.71G [04:09<07:07, 7.25MB/s][A[A[A[A[A[A[A








Downloading [model-00002-of-00002.safetensors]:  21%|██        | 693M/3.28G [04:09<09:57, 4.69MB/s][A[A[A[A[A[A[A[A







Downloading [model-00001-of-00002.safetensors]:  22%|██▏       | 844M/3.71G [04:09<07:05, 7.27MB/s][A[A[A[A[A[A[A








Downloading [model-00002-of-00002.safetensors]:  21%|██        | 694M/3.28G [04:09<10:15, 4.54MB/s][A[A[A[A[A[A[A[A







Downloading [model-00001-of-00002.safetensors]:  22%|██▏       | 845M/3.71G [04:10<07:14, 7.12MB/s][A[A[A[A[A[A[A







Downloading [model-00001-of-00002.safetensors]:  22%|██▏       | 846M/3.71G [04:10<06:51, 7.51MB/s][A[A[A[A[A[A[A







Downloading [model-00001-of-00002.safetensors]:  22%|██▏       | 848M/3.71G [04:10<06:38, 7.76MB/s][A[A[A[A[A[A[A








Downloading [model-00002-of-00002.safetensors]:  21%|██        | 695M/3.28G [04:10<12:50, 3.63MB/s][A[A[A[A[A[A[A[A








Downloading [model-00002-of-00002.safetensors]:  21%|██        | 696M/3.28G [04:10<11:22, 4.10MB/s][A[A[A[A[A[A[A[A







Downloading [model-00001-of-00002.safetensors]:  22%|██▏       | 849M/3.71G [04:10<08:15, 6.24MB/s][A[A[A[A[A[A[A








Downloading [model-00002-of-00002.safetensors]:  21%|██        | 697M/3.28G [04:10<10:57, 4.25MB/s][A[A[A[A[A[A[A[A







Downloading [model-00001-of-00002.safetensors]:  22%|██▏       | 850M/3.71G [04:11<11:17, 4.56MB/s][A[A[A[A[A[A[A








Downloading [model-00002-of-00002.safetensors]:  21%|██        | 698M/3.28G [04:11<12:52, 3.62MB/s][A[A[A[A[A[A[A[A







Downloading [model-00001-of-00002.safetensors]:  22%|██▏       | 851M/3.71G [04:11<12:05, 4.26MB/s][A[A[A[A[A[A[A








Downloading [model-00002-of-00002.safetensors]:  21%|██        | 699M/3.28G [04:11<13:36, 3.42MB/s][A[A[A[A[A[A[A[A







Downloading [model-00001-of-00002.safetensors]:  22%|██▏       | 852M/3.71G [04:11<14:44, 3.49MB/s][A[A[A[A[A[A[A








Downloading [model-00002-of-00002.safetensors]:  21%|██        | 700M/3.28G [04:12<17:14, 2.70MB/s][A[A[A[A[A[A[A[A







Downloading [model-00001-of-00002.safetensors]:  22%|██▏       | 853M/3.71G [04:12<15:31, 3.31MB/s][A[A[A[A[A[A[A







Downloading [model-00001-of-00002.safetensors]:  22%|██▏       | 854M/3.71G [04:12<14:04, 3.66MB/s][A[A[A[A[A[A[A








Downloading [model-00002-of-00002.safetensors]:  21%|██        | 701M/3.28G [04:12<15:47, 2.95MB/s][A[A[A[A[A[A[A[A







Downloading [model-00001-of-00002.safetensors]:  23%|██▎       | 855M/3.71G [04:12<12:20, 4.17MB/s][A[A[A[A[A[A[A








Downloading [model-00002-of-00002.safetensors]:  21%|██        | 702M/3.28G [04:12<13:44, 3.39MB/s][A[A[A[A[A[A[A[A







Downloading [model-00001-of-00002.safetensors]:  23%|██▎       | 856M/3.71G [04:12<10:47, 4.77MB/s][A[A[A[A[A[A[A








Downloading [model-00002-of-00002.safetensors]:  21%|██        | 703M/3.28G [04:12<11:59, 3.88MB/s][A[A[A[A[A[A[A[A







Downloading [model-00001-of-00002.safetensors]:  23%|██▎       | 857M/3.71G [04:12<09:44, 5.27MB/s][A[A[A[A[A[A[A







Downloading [model-00001-of-00002.safetensors]:  23%|██▎       | 858M/3.71G [04:13<10:35, 4.85MB/s][A[A[A[A[A[A[A








Downloading [model-00002-of-00002.safetensors]:  21%|██        | 704M/3.28G [04:13<12:26, 3.73MB/s][A[A[A[A[A[A[A[A







Downloading [model-00001-of-00002.safetensors]:  23%|██▎       | 859M/3.71G [04:13<10:38, 4.83MB/s][A[A[A[A[A[A[A








Downloading [model-00002-of-00002.safetensors]:  21%|██        | 705M/3.28G [04:13<12:02, 3.86MB/s][A[A[A[A[A[A[A[A







Downloading [model-00001-of-00002.safetensors]:  23%|██▎       | 860M/3.71G [04:13<09:56, 5.16MB/s][A[A[A[A[A[A[A








Downloading [model-00002-of-00002.safetensors]:  21%|██        | 706M/3.28G [04:13<10:52, 4.27MB/s][A[A[A[A[A[A[A[A







Downloading [model-00001-of-00002.safetensors]:  23%|██▎       | 861M/3.71G [04:13<09:10, 5.59MB/s][A[A[A[A[A[A[A








Downloading [model-00002-of-00002.safetensors]:  21%|██        | 707M/3.28G [04:13<10:22, 4.47MB/s][A[A[A[A[A[A[A[A







Downloading [model-00001-of-00002.safetensors]:  23%|██▎       | 862M/3.71G [04:13<10:15, 5.00MB/s][A[A[A[A[A[A[A








Downloading [model-00002-of-00002.safetensors]:  21%|██        | 708M/3.28G [04:13<10:37, 4.37MB/s][A[A[A[A[A[A[A[A








Downloading [model-00002-of-00002.safetensors]:  21%|██        | 709M/3.28G [04:14<12:25, 3.73MB/s][A[A[A[A[A[A[A[A







Downloading [model-00001-of-00002.safetensors]:  23%|██▎       | 863M/3.71G [04:14<14:31, 3.53MB/s][A[A[A[A[A[A[A







Downloading [model-00001-of-00002.safetensors]:  23%|██▎       | 864M/3.71G [04:14<11:46, 4.35MB/s][A[A[A[A[A[A[A








Downloading [model-00002-of-00002.safetensors]:  21%|██        | 710M/3.28G [04:14<11:59, 3.87MB/s][A[A[A[A[A[A[A[A







Downloading [model-00001-of-00002.safetensors]:  23%|██▎       | 865M/3.71G [04:14<11:07, 4.60MB/s][A[A[A[A[A[A[A







Downloading [model-00001-of-00002.safetensors]:  23%|██▎       | 866M/3.71G [04:14<10:08, 5.05MB/s][A[A[A[A[A[A[A








Downloading [model-00002-of-00002.safetensors]:  21%|██        | 711M/3.28G [04:14<11:35, 4.00MB/s][A[A[A[A[A[A[A[A







Downloading [model-00001-of-00002.safetensors]:  23%|██▎       | 867M/3.71G [04:15<11:21, 4.51MB/s][A[A[A[A[A[A[A








Downloading [model-00002-of-00002.safetensors]:  21%|██        | 712M/3.28G [04:15<13:40, 3.39MB/s][A[A[A[A[A[A[A[A







Downloading [model-00001-of-00002.safetensors]:  23%|██▎       | 868M/3.71G [04:15<13:43, 3.73MB/s][A[A[A[A[A[A[A








Downloading [model-00002-of-00002.safetensors]:  21%|██        | 713M/3.28G [04:15<14:05, 3.29MB/s][A[A[A[A[A[A[A[A








Downloading [model-00002-of-00002.safetensors]:  21%|██        | 714M/3.28G [04:15<12:56, 3.58MB/s][A[A[A[A[A[A[A[A







Downloading [model-00001-of-00002.safetensors]:  23%|██▎       | 869M/3.71G [04:15<14:29, 3.53MB/s][A[A[A[A[A[A[A







Downloading [model-00001-of-00002.safetensors]:  23%|██▎       | 870M/3.71G [04:16<14:16, 3.58MB/s][A[A[A[A[A[A[A








Downloading [model-00002-of-00002.safetensors]:  21%|██▏       | 715M/3.28G [04:16<13:20, 3.47MB/s][A[A[A[A[A[A[A[A







Downloading [model-00001-of-00002.safetensors]:  23%|██▎       | 871M/3.71G [04:16<12:47, 4.00MB/s][A[A[A[A[A[A[A








Downloading [model-00002-of-00002.safetensors]:  21%|██▏       | 716M/3.28G [04:16<13:05, 3.53MB/s][A[A[A[A[A[A[A[A







Downloading [model-00001-of-00002.safetensors]:  23%|██▎       | 872M/3.71G [04:16<11:58, 4.27MB/s][A[A[A[A[A[A[A







Downloading [model-00001-of-00002.safetensors]:  23%|██▎       | 873M/3.71G [04:16<11:00, 4.64MB/s][A[A[A[A[A[A[A







Downloading [model-00001-of-00002.safetensors]:  23%|██▎       | 874M/3.71G [04:16<09:55, 5.15MB/s][A[A[A[A[A[A[A








Downloading [model-00002-of-00002.safetensors]:  21%|██▏       | 717M/3.28G [04:16<15:32, 2.98MB/s][A[A[A[A[A[A[A[A







Downloading [model-00001-of-00002.safetensors]:  23%|██▎       | 875M/3.71G [04:17<09:59, 5.11MB/s][A[A[A[A[A[A[A








Downloading [model-00002-of-00002.safetensors]:  21%|██▏       | 718M/3.28G [04:17<13:12, 3.50MB/s][A[A[A[A[A[A[A[A







Downloading [model-00001-of-00002.safetensors]:  23%|██▎       | 876M/3.71G [04:17<10:35, 4.82MB/s][A[A[A[A[A[A[A








Downloading [model-00002-of-00002.safetensors]:  21%|██▏       | 720M/3.28G [04:17<10:13, 4.52MB/s][A[A[A[A[A[A[A[A







Downloading [model-00001-of-00002.safetensors]:  23%|██▎       | 877M/3.71G [04:17<11:29, 4.45MB/s][A[A[A[A[A[A[A








Downloading [model-00002-of-00002.safetensors]:  21%|██▏       | 721M/3.28G [04:17<10:40, 4.33MB/s][A[A[A[A[A[A[A[A







Downloading [model-00001-of-00002.safetensors]:  23%|██▎       | 878M/3.71G [04:17<11:05, 4.60MB/s][A[A[A[A[A[A[A








Downloading [model-00002-of-00002.safetensors]:  21%|██▏       | 722M/3.28G [04:18<11:28, 4.02MB/s][A[A[A[A[A[A[A[A







Downloading [model-00001-of-00002.safetensors]:  23%|██▎       | 879M/3.71G [04:18<14:21, 3.55MB/s][A[A[A[A[A[A[A








Downloading [model-00002-of-00002.safetensors]:  21%|██▏       | 723M/3.28G [04:18<16:08, 2.86MB/s][A[A[A[A[A[A[A[A







Downloading [model-00001-of-00002.safetensors]:  23%|██▎       | 880M/3.71G [04:18<15:54, 3.20MB/s][A[A[A[A[A[A[A








Downloading [model-00002-of-00002.safetensors]:  22%|██▏       | 724M/3.28G [04:18<15:34, 2.96MB/s][A[A[A[A[A[A[A[A







Downloading [model-00001-of-00002.safetensors]:  23%|██▎       | 881M/3.71G [04:19<17:10, 2.97MB/s][A[A[A[A[A[A[A








Downloading [model-00002-of-00002.safetensors]:  22%|██▏       | 725M/3.28G [04:19<14:16, 3.23MB/s][A[A[A[A[A[A[A[A







Downloading [model-00001-of-00002.safetensors]:  23%|██▎       | 882M/3.71G [04:19<15:34, 3.27MB/s][A[A[A[A[A[A[A








Downloading [model-00002-of-00002.safetensors]:  22%|██▏       | 726M/3.28G [04:19<13:04, 3.53MB/s][A[A[A[A[A[A[A[A







Downloading [model-00001-of-00002.safetensors]:  23%|██▎       | 883M/3.71G [04:19<13:36, 3.75MB/s][A[A[A[A[A[A[A








Downloading [model-00002-of-00002.safetensors]:  22%|██▏       | 727M/3.28G [04:19<11:17, 4.08MB/s][A[A[A[A[A[A[A[A







Downloading [model-00001-of-00002.safetensors]:  23%|██▎       | 884M/3.71G [04:19<11:34, 4.40MB/s][A[A[A[A[A[A[A








Downloading [model-00002-of-00002.safetensors]:  22%|██▏       | 728M/3.28G [04:19<10:09, 4.53MB/s][A[A[A[A[A[A[A[A







Downloading [model-00001-of-00002.safetensors]:  23%|██▎       | 885M/3.71G [04:19<10:33, 4.82MB/s][A[A[A[A[A[A[A








Downloading [model-00002-of-00002.safetensors]:  22%|██▏       | 729M/3.28G [04:19<09:29, 4.85MB/s][A[A[A[A[A[A[A[A







Downloading [model-00001-of-00002.safetensors]:  23%|██▎       | 886M/3.71G [04:20<09:51, 5.16MB/s][A[A[A[A[A[A[A








Downloading [model-00002-of-00002.safetensors]:  22%|██▏       | 730M/3.28G [04:20<08:50, 5.21MB/s][A[A[A[A[A[A[A[A








Downloading [model-00002-of-00002.safetensors]:  22%|██▏       | 731M/3.28G [04:20<09:01, 5.10MB/s][A[A[A[A[A[A[A[A







Downloading [model-00001-of-00002.safetensors]:  23%|██▎       | 887M/3.71G [04:20<12:48, 3.97MB/s][A[A[A[A[A[A[A







Downloading [model-00001-of-00002.safetensors]:  23%|██▎       | 888M/3.71G [04:20<10:45, 4.72MB/s][A[A[A[A[A[A[A








Downloading [model-00002-of-00002.safetensors]:  22%|██▏       | 732M/3.28G [04:20<08:57, 5.14MB/s][A[A[A[A[A[A[A[A







Downloading [model-00001-of-00002.safetensors]:  23%|██▎       | 890M/3.71G [04:20<07:14, 7.01MB/s][A[A[A[A[A[A[A








Downloading [model-00002-of-00002.safetensors]:  22%|██▏       | 733M/3.28G [04:20<10:17, 4.46MB/s][A[A[A[A[A[A[A[A







Downloading [model-00001-of-00002.safetensors]:  23%|██▎       | 892M/3.71G [04:20<06:17, 8.08MB/s][A[A[A[A[A[A[A







Downloading [model-00001-of-00002.safetensors]:  24%|██▎       | 893M/3.71G [04:20<05:58, 8.50MB/s][A[A[A[A[A[A[A







Downloading [model-00001-of-00002.safetensors]:  24%|██▎       | 894M/3.71G [04:21<05:55, 8.56MB/s][A[A[A[A[A[A[A







Downloading [model-00001-of-00002.safetensors]:  24%|██▎       | 895M/3.71G [04:21<05:41, 8.91MB/s][A[A[A[A[A[A[A








Downloading [model-00002-of-00002.safetensors]:  22%|██▏       | 734M/3.28G [04:21<13:13, 3.47MB/s][A[A[A[A[A[A[A[A







Downloading [model-00001-of-00002.safetensors]:  24%|██▎       | 897M/3.71G [04:21<05:28, 9.26MB/s][A[A[A[A[A[A[A







Downloading [model-00001-of-00002.safetensors]:  24%|██▎       | 898M/3.71G [04:21<05:23, 9.41MB/s][A[A[A[A[A[A[A







Downloading [model-00001-of-00002.safetensors]:  24%|██▎       | 899M/3.71G [04:21<05:35, 9.05MB/s][A[A[A[A[A[A[A








Downloading [model-00002-of-00002.safetensors]:  22%|██▏       | 735M/3.28G [04:21<14:54, 3.08MB/s][A[A[A[A[A[A[A[A







Downloading [model-00001-of-00002.safetensors]:  24%|██▎       | 901M/3.71G [04:21<05:13, 9.69MB/s][A[A[A[A[A[A[A







Downloading [model-00001-of-00002.safetensors]:  24%|██▎       | 902M/3.71G [04:21<05:26, 9.30MB/s][A[A[A[A[A[A[A







Downloading [model-00001-of-00002.safetensors]:  24%|██▍       | 904M/3.71G [04:22<04:58, 10.2MB/s][A[A[A[A[A[A[A







Downloading [model-00001-of-00002.safetensors]:  24%|██▍       | 905M/3.71G [04:22<05:00, 10.1MB/s][A[A[A[A[A[A[A








Downloading [model-00002-of-00002.safetensors]:  22%|██▏       | 736M/3.28G [04:22<17:03, 2.69MB/s][A[A[A[A[A[A[A[A







Downloading [model-00001-of-00002.safetensors]:  24%|██▍       | 906M/3.71G [04:22<05:02, 10.0MB/s][A[A[A[A[A[A[A







Downloading [model-00001-of-00002.safetensors]:  24%|██▍       | 907M/3.71G [04:22<05:05, 9.94MB/s][A[A[A[A[A[A[A







Downloading [model-00001-of-00002.safetensors]:  24%|██▍       | 908M/3.71G [04:22<05:07, 9.87MB/s][A[A[A[A[A[A[A







Downloading [model-00001-of-00002.safetensors]:  24%|██▍       | 909M/3.71G [04:22<05:16, 9.59MB/s][A[A[A[A[A[A[A








Downloading [model-00002-of-00002.safetensors]:  22%|██▏       | 737M/3.28G [04:22<17:35, 2.61MB/s][A[A[A[A[A[A[A[A







Downloading [model-00001-of-00002.safetensors]:  24%|██▍       | 910M/3.71G [04:22<05:24, 9.33MB/s][A[A[A[A[A[A[A







Downloading [model-00001-of-00002.safetensors]:  24%|██▍       | 911M/3.71G [04:22<05:30, 9.16MB/s][A[A[A[A[A[A[A








Downloading [model-00002-of-00002.safetensors]:  22%|██▏       | 738M/3.28G [04:22<16:23, 2.80MB/s][A[A[A[A[A[A[A[A







Downloading [model-00001-of-00002.safetensors]:  24%|██▍       | 912M/3.71G [04:23<05:44, 8.79MB/s][A[A[A[A[A[A[A







Downloading [model-00001-of-00002.safetensors]:  24%|██▍       | 913M/3.71G [04:23<06:27, 7.81MB/s][A[A[A[A[A[A[A








Downloading [model-00002-of-00002.safetensors]:  22%|██▏       | 739M/3.28G [04:23<15:17, 3.00MB/s][A[A[A[A[A[A[A[A







Downloading [model-00001-of-00002.safetensors]:  24%|██▍       | 914M/3.71G [04:23<06:59, 7.21MB/s][A[A[A[A[A[A[A








Downloading [model-00002-of-00002.safetensors]:  22%|██▏       | 740M/3.28G [04:23<13:48, 3.32MB/s][A[A[A[A[A[A[A[A







Downloading [model-00001-of-00002.safetensors]:  24%|██▍       | 915M/3.71G [04:23<06:58, 7.23MB/s][A[A[A[A[A[A[A







Downloading [model-00001-of-00002.safetensors]:  24%|██▍       | 916M/3.71G [04:23<06:50, 7.37MB/s][A[A[A[A[A[A[A








Downloading [model-00002-of-00002.safetensors]:  22%|██▏       | 741M/3.28G [04:23<12:07, 3.78MB/s][A[A[A[A[A[A[A[A







Downloading [model-00001-of-00002.safetensors]:  24%|██▍       | 917M/3.71G [04:23<06:52, 7.33MB/s][A[A[A[A[A[A[A







Downloading [model-00001-of-00002.safetensors]:  24%|██▍       | 918M/3.71G [04:23<06:34, 7.66MB/s][A[A[A[A[A[A[A







Downloading [model-00001-of-00002.safetensors]:  24%|██▍       | 920M/3.71G [04:24<05:29, 9.15MB/s][A[A[A[A[A[A[A








Downloading [model-00002-of-00002.safetensors]:  22%|██▏       | 742M/3.28G [04:24<15:02, 3.05MB/s][A[A[A[A[A[A[A[A







Downloading [model-00001-of-00002.safetensors]:  24%|██▍       | 922M/3.71G [04:24<05:38, 8.92MB/s][A[A[A[A[A[A[A








Downloading [model-00002-of-00002.safetensors]:  22%|██▏       | 743M/3.28G [04:24<13:20, 3.43MB/s][A[A[A[A[A[A[A[A







Downloading [model-00001-of-00002.safetensors]:  24%|██▍       | 923M/3.71G [04:24<06:04, 8.26MB/s][A[A[A[A[A[A[A








Downloading [model-00002-of-00002.safetensors]:  22%|██▏       | 744M/3.28G [04:24<11:34, 3.96MB/s][A[A[A[A[A[A[A[A







Downloading [model-00001-of-00002.safetensors]:  24%|██▍       | 924M/3.71G [04:24<06:49, 7.37MB/s][A[A[A[A[A[A[A








Downloading [model-00002-of-00002.safetensors]:  22%|██▏       | 745M/3.28G [04:24<10:13, 4.48MB/s][A[A[A[A[A[A[A[A







Downloading [model-00001-of-00002.safetensors]:  24%|██▍       | 925M/3.71G [04:24<07:14, 6.94MB/s][A[A[A[A[A[A[A








Downloading [model-00002-of-00002.safetensors]:  22%|██▏       | 746M/3.28G [04:24<09:28, 4.83MB/s][A[A[A[A[A[A[A[A







Downloading [model-00001-of-00002.safetensors]:  24%|██▍       | 926M/3.71G [04:25<07:40, 6.54MB/s][A[A[A[A[A[A[A








Downloading [model-00002-of-00002.safetensors]:  22%|██▏       | 747M/3.28G [04:25<08:40, 5.27MB/s][A[A[A[A[A[A[A[A








Downloading [model-00002-of-00002.safetensors]:  22%|██▏       | 748M/3.28G [04:25<08:14, 5.55MB/s][A[A[A[A[A[A[A[A







Downloading [model-00001-of-00002.safetensors]:  24%|██▍       | 927M/3.71G [04:25<08:08, 6.16MB/s][A[A[A[A[A[A[A








Downloading [model-00002-of-00002.safetensors]:  22%|██▏       | 749M/3.28G [04:25<07:50, 5.82MB/s][A[A[A[A[A[A[A[A







Downloading [model-00001-of-00002.safetensors]:  24%|██▍       | 928M/3.71G [04:25<08:23, 5.98MB/s][A[A[A[A[A[A[A








Downloading [model-00002-of-00002.safetensors]:  22%|██▏       | 750M/3.28G [04:25<07:40, 5.95MB/s][A[A[A[A[A[A[A[A







Downloading [model-00001-of-00002.safetensors]:  24%|██▍       | 929M/3.71G [04:25<08:16, 6.06MB/s][A[A[A[A[A[A[A








Downloading [model-00002-of-00002.safetensors]:  22%|██▏       | 751M/3.28G [04:25<07:40, 5.95MB/s][A[A[A[A[A[A[A[A







Downloading [model-00001-of-00002.safetensors]:  24%|██▍       | 930M/3.71G [04:25<08:21, 6.00MB/s][A[A[A[A[A[A[A








Downloading [model-00002-of-00002.safetensors]:  22%|██▏       | 752M/3.28G [04:25<07:32, 6.06MB/s][A[A[A[A[A[A[A[A







Downloading [model-00001-of-00002.safetensors]:  25%|██▍       | 931M/3.71G [04:25<08:26, 5.93MB/s][A[A[A[A[A[A[A








Downloading [model-00002-of-00002.safetensors]:  22%|██▏       | 753M/3.28G [04:26<07:38, 5.96MB/s][A[A[A[A[A[A[A[A







Downloading [model-00001-of-00002.safetensors]:  25%|██▍       | 932M/3.71G [04:26<08:32, 5.86MB/s][A[A[A[A[A[A[A








Downloading [model-00002-of-00002.safetensors]:  22%|██▏       | 754M/3.28G [04:26<07:07, 6.40MB/s][A[A[A[A[A[A[A[A








Downloading [model-00002-of-00002.safetensors]:  22%|██▏       | 755M/3.28G [04:26<06:36, 6.90MB/s][A[A[A[A[A[A[A[A







Downloading [model-00001-of-00002.safetensors]:  25%|██▍       | 933M/3.71G [04:26<09:47, 5.11MB/s][A[A[A[A[A[A[A








Downloading [model-00002-of-00002.safetensors]:  22%|██▏       | 756M/3.28G [04:26<06:25, 7.09MB/s][A[A[A[A[A[A[A[A







Downloading [model-00001-of-00002.safetensors]:  25%|██▍       | 934M/3.71G [04:26<09:54, 5.05MB/s][A[A[A[A[A[A[A








Downloading [model-00002-of-00002.safetensors]:  23%|██▎       | 757M/3.28G [04:26<06:30, 6.99MB/s][A[A[A[A[A[A[A[A








Downloading [model-00002-of-00002.safetensors]:  23%|██▎       | 758M/3.28G [04:26<06:42, 6.79MB/s][A[A[A[A[A[A[A[A







Downloading [model-00001-of-00002.safetensors]:  25%|██▍       | 935M/3.71G [04:26<09:29, 5.28MB/s][A[A[A[A[A[A[A







Downloading [model-00001-of-00002.safetensors]:  25%|██▍       | 936M/3.71G [04:27<09:05, 5.51MB/s][A[A[A[A[A[A[A








Downloading [model-00002-of-00002.safetensors]:  23%|██▎       | 759M/3.28G [04:27<08:03, 5.65MB/s][A[A[A[A[A[A[A[A







Downloading [model-00001-of-00002.safetensors]:  25%|██▍       | 937M/3.71G [04:27<08:58, 5.57MB/s][A[A[A[A[A[A[A








Downloading [model-00002-of-00002.safetensors]:  23%|██▎       | 760M/3.28G [04:27<07:13, 6.30MB/s][A[A[A[A[A[A[A[A








Downloading [model-00002-of-00002.safetensors]:  23%|██▎       | 761M/3.28G [04:27<06:46, 6.72MB/s][A[A[A[A[A[A[A[A







Downloading [model-00001-of-00002.safetensors]:  25%|██▍       | 938M/3.71G [04:27<09:06, 5.48MB/s][A[A[A[A[A[A[A








Downloading [model-00002-of-00002.safetensors]:  23%|██▎       | 762M/3.28G [04:27<06:18, 7.21MB/s][A[A[A[A[A[A[A[A








Downloading [model-00002-of-00002.safetensors]:  23%|██▎       | 763M/3.28G [04:27<05:47, 7.85MB/s][A[A[A[A[A[A[A[A








Downloading [model-00002-of-00002.safetensors]:  23%|██▎       | 764M/3.28G [04:27<05:33, 8.18MB/s][A[A[A[A[A[A[A[A







Downloading [model-00001-of-00002.safetensors]:  25%|██▍       | 939M/3.71G [04:27<11:45, 4.25MB/s][A[A[A[A[A[A[A








Downloading [model-00002-of-00002.safetensors]:  23%|██▎       | 765M/3.28G [04:27<05:22, 8.45MB/s][A[A[A[A[A[A[A[A








Downloading [model-00002-of-00002.safetensors]:  23%|██▎       | 766M/3.28G [04:27<05:05, 8.90MB/s][A[A[A[A[A[A[A[A








Downloading [model-00002-of-00002.safetensors]:  23%|██▎       | 767M/3.28G [04:28<04:57, 9.14MB/s][A[A[A[A[A[A[A[A








Downloading [model-00002-of-00002.safetensors]:  23%|██▎       | 768M/3.28G [04:28<04:55, 9.21MB/s][A[A[A[A[A[A[A[A







Downloading [model-00001-of-00002.safetensors]:  25%|██▍       | 940M/3.71G [04:28<14:19, 3.49MB/s][A[A[A[A[A[A[A








Downloading [model-00002-of-00002.safetensors]:  23%|██▎       | 769M/3.28G [04:28<04:53, 9.26MB/s][A[A[A[A[A[A[A[A








Downloading [model-00002-of-00002.safetensors]:  23%|██▎       | 770M/3.28G [04:28<04:58, 9.12MB/s][A[A[A[A[A[A[A[A







Downloading [model-00001-of-00002.safetensors]:  25%|██▍       | 941M/3.71G [04:28<15:33, 3.21MB/s][A[A[A[A[A[A[A








Downloading [model-00002-of-00002.safetensors]:  23%|██▎       | 771M/3.28G [04:28<06:59, 6.48MB/s][A[A[A[A[A[A[A[A







Downloading [model-00001-of-00002.safetensors]:  25%|██▍       | 942M/3.71G [04:28<16:19, 3.06MB/s][A[A[A[A[A[A[A








Downloading [model-00002-of-00002.safetensors]:  23%|██▎       | 772M/3.28G [04:28<09:18, 4.86MB/s][A[A[A[A[A[A[A[A







Downloading [model-00001-of-00002.safetensors]:  25%|██▍       | 943M/3.71G [04:29<14:22, 3.47MB/s][A[A[A[A[A[A[A








Downloading [model-00002-of-00002.safetensors]:  23%|██▎       | 773M/3.28G [04:29<09:15, 4.89MB/s][A[A[A[A[A[A[A[A







Downloading [model-00001-of-00002.safetensors]:  25%|██▍       | 944M/3.71G [04:29<12:27, 4.01MB/s][A[A[A[A[A[A[A








Downloading [model-00002-of-00002.safetensors]:  23%|██▎       | 774M/3.28G [04:29<08:39, 5.23MB/s][A[A[A[A[A[A[A[A







Downloading [model-00001-of-00002.safetensors]:  25%|██▍       | 945M/3.71G [04:29<10:36, 4.70MB/s][A[A[A[A[A[A[A








Downloading [model-00002-of-00002.safetensors]:  23%|██▎       | 775M/3.28G [04:29<07:49, 5.78MB/s][A[A[A[A[A[A[A[A







Downloading [model-00001-of-00002.safetensors]:  25%|██▍       | 946M/3.71G [04:29<09:14, 5.39MB/s][A[A[A[A[A[A[A








Downloading [model-00002-of-00002.safetensors]:  23%|██▎       | 776M/3.28G [04:29<07:08, 6.33MB/s][A[A[A[A[A[A[A[A







Downloading [model-00001-of-00002.safetensors]:  25%|██▍       | 947M/3.71G [04:29<08:51, 5.63MB/s][A[A[A[A[A[A[A








Downloading [model-00002-of-00002.safetensors]:  23%|██▎       | 777M/3.28G [04:29<07:56, 5.69MB/s][A[A[A[A[A[A[A[A







Downloading [model-00001-of-00002.safetensors]:  25%|██▍       | 948M/3.71G [04:30<10:52, 4.58MB/s][A[A[A[A[A[A[A








Downloading [model-00002-of-00002.safetensors]:  23%|██▎       | 778M/3.28G [04:30<10:56, 4.13MB/s][A[A[A[A[A[A[A[A







Downloading [model-00001-of-00002.safetensors]:  25%|██▍       | 949M/3.71G [04:30<10:53, 4.57MB/s][A[A[A[A[A[A[A








Downloading [model-00002-of-00002.safetensors]:  23%|██▎       | 779M/3.28G [04:30<10:30, 4.30MB/s][A[A[A[A[A[A[A[A







Downloading [model-00001-of-00002.safetensors]:  25%|██▌       | 950M/3.71G [04:30<10:26, 4.76MB/s][A[A[A[A[A[A[A








Downloading [model-00002-of-00002.safetensors]:  23%|██▎       | 780M/3.28G [04:30<09:45, 4.63MB/s][A[A[A[A[A[A[A[A







Downloading [model-00001-of-00002.safetensors]:  25%|██▌       | 951M/3.71G [04:30<11:01, 4.52MB/s][A[A[A[A[A[A[A








Downloading [model-00002-of-00002.safetensors]:  23%|██▎       | 781M/3.28G [04:30<08:41, 5.19MB/s][A[A[A[A[A[A[A[A








Downloading [model-00002-of-00002.safetensors]:  23%|██▎       | 782M/3.28G [04:30<07:57, 5.67MB/s][A[A[A[A[A[A[A[A







Downloading [model-00001-of-00002.safetensors]:  25%|██▌       | 952M/3.71G [04:30<10:46, 4.62MB/s][A[A[A[A[A[A[A








Downloading [model-00002-of-00002.safetensors]:  23%|██▎       | 783M/3.28G [04:31<07:29, 6.02MB/s][A[A[A[A[A[A[A[A







Downloading [model-00001-of-00002.safetensors]:  25%|██▌       | 953M/3.71G [04:31<10:23, 4.78MB/s][A[A[A[A[A[A[A








Downloading [model-00002-of-00002.safetensors]:  23%|██▎       | 784M/3.28G [04:31<07:20, 6.13MB/s][A[A[A[A[A[A[A[A







Downloading [model-00001-of-00002.safetensors]:  25%|██▌       | 954M/3.71G [04:31<09:35, 5.19MB/s][A[A[A[A[A[A[A







Downloading [model-00001-of-00002.safetensors]:  25%|██▌       | 955M/3.71G [04:31<08:27, 5.87MB/s][A[A[A[A[A[A[A








Downloading [model-00002-of-00002.safetensors]:  23%|██▎       | 785M/3.28G [04:31<08:20, 5.40MB/s][A[A[A[A[A[A[A[A







Downloading [model-00001-of-00002.safetensors]:  25%|██▌       | 956M/3.71G [04:31<08:07, 6.12MB/s][A[A[A[A[A[A[A








Downloading [model-00002-of-00002.safetensors]:  23%|██▎       | 786M/3.28G [04:31<08:18, 5.43MB/s][A[A[A[A[A[A[A[A







Downloading [model-00001-of-00002.safetensors]:  25%|██▌       | 957M/3.71G [04:31<08:02, 6.17MB/s][A[A[A[A[A[A[A








Downloading [model-00002-of-00002.safetensors]:  23%|██▎       | 787M/3.28G [04:31<07:49, 5.75MB/s][A[A[A[A[A[A[A[A








Downloading [model-00002-of-00002.safetensors]:  23%|██▎       | 788M/3.28G [04:32<07:22, 6.11MB/s][A[A[A[A[A[A[A[A







Downloading [model-00001-of-00002.safetensors]:  25%|██▌       | 958M/3.71G [04:32<09:58, 4.98MB/s][A[A[A[A[A[A[A








Downloading [model-00002-of-00002.safetensors]:  23%|██▎       | 789M/3.28G [04:32<06:53, 6.52MB/s][A[A[A[A[A[A[A[A








Downloading [model-00002-of-00002.safetensors]:  23%|██▎       | 790M/3.28G [04:32<06:19, 7.11MB/s][A[A[A[A[A[A[A[A







Downloading [model-00001-of-00002.safetensors]:  25%|██▌       | 959M/3.71G [04:32<10:53, 4.55MB/s][A[A[A[A[A[A[A








Downloading [model-00002-of-00002.safetensors]:  24%|██▎       | 791M/3.28G [04:32<08:23, 5.36MB/s][A[A[A[A[A[A[A[A







Downloading [model-00001-of-00002.safetensors]:  25%|██▌       | 960M/3.71G [04:32<11:04, 4.48MB/s][A[A[A[A[A[A[A







Downloading [model-00001-of-00002.safetensors]:  25%|██▌       | 961M/3.71G [04:32<10:19, 4.80MB/s][A[A[A[A[A[A[A








Downloading [model-00002-of-00002.safetensors]:  24%|██▎       | 792M/3.28G [04:32<08:59, 5.00MB/s][A[A[A[A[A[A[A[A







Downloading [model-00001-of-00002.safetensors]:  25%|██▌       | 962M/3.71G [04:32<09:29, 5.22MB/s][A[A[A[A[A[A[A








Downloading [model-00002-of-00002.safetensors]:  24%|██▎       | 793M/3.28G [04:33<08:55, 5.04MB/s][A[A[A[A[A[A[A[A








Downloading [model-00002-of-00002.safetensors]:  24%|██▎       | 794M/3.28G [04:33<10:29, 4.28MB/s][A[A[A[A[A[A[A[A







Downloading [model-00001-of-00002.safetensors]:  25%|██▌       | 963M/3.71G [04:33<13:37, 3.63MB/s][A[A[A[A[A[A[A








Downloading [model-00002-of-00002.safetensors]:  24%|██▎       | 795M/3.28G [04:33<10:40, 4.21MB/s][A[A[A[A[A[A[A[A







Downloading [model-00001-of-00002.safetensors]:  25%|██▌       | 965M/3.71G [04:33<13:00, 3.80MB/s][A[A[A[A[A[A[A








Downloading [model-00002-of-00002.safetensors]:  24%|██▎       | 796M/3.28G [04:34<12:49, 3.50MB/s][A[A[A[A[A[A[A[A








Downloading [model-00002-of-00002.safetensors]:  24%|██▎       | 797M/3.28G [04:34<12:16, 3.66MB/s][A[A[A[A[A[A[A[A







Downloading [model-00001-of-00002.safetensors]:  25%|██▌       | 966M/3.71G [04:34<13:24, 3.69MB/s][A[A[A[A[A[A[A








Downloading [model-00002-of-00002.safetensors]:  24%|██▎       | 798M/3.28G [04:34<13:51, 3.24MB/s][A[A[A[A[A[A[A[A







Downloading [model-00001-of-00002.safetensors]:  25%|██▌       | 967M/3.71G [04:34<16:13, 3.05MB/s][A[A[A[A[A[A[A








Downloading [model-00002-of-00002.safetensors]:  24%|██▍       | 799M/3.28G [04:35<16:13, 2.76MB/s][A[A[A[A[A[A[A[A







Downloading [model-00001-of-00002.safetensors]:  25%|██▌       | 968M/3.71G [04:35<19:50, 2.49MB/s][A[A[A[A[A[A[A








Downloading [model-00002-of-00002.safetensors]:  24%|██▍       | 800M/3.28G [04:35<19:36, 2.29MB/s][A[A[A[A[A[A[A[A







Downloading [model-00001-of-00002.safetensors]:  26%|██▌       | 969M/3.71G [04:35<21:07, 2.34MB/s][A[A[A[A[A[A[A








Downloading [model-00002-of-00002.safetensors]:  24%|██▍       | 801M/3.28G [04:36<17:32, 2.55MB/s][A[A[A[A[A[A[A[A







Downloading [model-00001-of-00002.safetensors]:  26%|██▌       | 970M/3.71G [04:36<20:55, 2.36MB/s][A[A[A[A[A[A[A








Downloading [model-00002-of-00002.safetensors]:  24%|██▍       | 802M/3.28G [04:36<17:46, 2.52MB/s][A[A[A[A[A[A[A[A








Downloading [model-00002-of-00002.safetensors]:  24%|██▍       | 803M/3.28G [04:36<15:56, 2.81MB/s][A[A[A[A[A[A[A[A







Downloading [model-00001-of-00002.safetensors]:  26%|██▌       | 971M/3.71G [04:37<25:07, 1.97MB/s][A[A[A[A[A[A[A








Downloading [model-00002-of-00002.safetensors]:  24%|██▍       | 804M/3.28G [04:37<17:00, 2.63MB/s][A[A[A[A[A[A[A[A







Downloading [model-00001-of-00002.safetensors]:  26%|██▌       | 973M/3.71G [04:37<16:12, 3.05MB/s][A[A[A[A[A[A[A








Downloading [model-00002-of-00002.safetensors]:  24%|██▍       | 806M/3.28G [04:37<10:51, 4.12MB/s][A[A[A[A[A[A[A[A







Downloading [model-00001-of-00002.safetensors]:  26%|██▌       | 974M/3.71G [04:37<13:55, 3.54MB/s][A[A[A[A[A[A[A








Downloading [model-00002-of-00002.safetensors]:  24%|██▍       | 807M/3.28G [04:37<09:13, 4.84MB/s][A[A[A[A[A[A[A[A







Downloading [model-00001-of-00002.safetensors]:  26%|██▌       | 975M/3.71G [04:37<14:22, 3.43MB/s][A[A[A[A[A[A[A








Downloading [model-00002-of-00002.safetensors]:  24%|██▍       | 808M/3.28G [04:37<11:00, 4.06MB/s][A[A[A[A[A[A[A[A








Downloading [model-00002-of-00002.safetensors]:  24%|██▍       | 809M/3.28G [04:38<10:56, 4.08MB/s][A[A[A[A[A[A[A[A







Downloading [model-00001-of-00002.safetensors]:  26%|██▌       | 976M/3.71G [04:38<16:34, 2.98MB/s][A[A[A[A[A[A[A








Downloading [model-00002-of-00002.safetensors]:  24%|██▍       | 810M/3.28G [04:38<09:58, 4.47MB/s][A[A[A[A[A[A[A[A








Downloading [model-00002-of-00002.safetensors]:  24%|██▍       | 811M/3.28G [04:38<09:05, 4.90MB/s][A[A[A[A[A[A[A[A







Downloading [model-00001-of-00002.safetensors]:  26%|██▌       | 977M/3.71G [04:38<15:09, 3.25MB/s][A[A[A[A[A[A[A








Downloading [model-00002-of-00002.safetensors]:  24%|██▍       | 812M/3.28G [04:38<11:05, 4.02MB/s][A[A[A[A[A[A[A[A







Downloading [model-00001-of-00002.safetensors]:  26%|██▌       | 978M/3.71G [04:39<17:54, 2.75MB/s][A[A[A[A[A[A[A








Downloading [model-00002-of-00002.safetensors]:  24%|██▍       | 813M/3.28G [04:39<11:56, 3.73MB/s][A[A[A[A[A[A[A[A







Downloading [model-00001-of-00002.safetensors]:  26%|██▌       | 979M/3.71G [04:39<16:00, 3.08MB/s][A[A[A[A[A[A[A







Downloading [model-00001-of-00002.safetensors]:  26%|██▌       | 980M/3.71G [04:39<14:28, 3.40MB/s][A[A[A[A[A[A[A








Downloading [model-00002-of-00002.safetensors]:  24%|██▍       | 814M/3.28G [04:39<14:23, 3.09MB/s][A[A[A[A[A[A[A[A







Downloading [model-00001-of-00002.safetensors]:  26%|██▌       | 981M/3.71G [04:39<13:54, 3.54MB/s][A[A[A[A[A[A[A








Downloading [model-00002-of-00002.safetensors]:  24%|██▍       | 815M/3.28G [04:39<12:45, 3.49MB/s][A[A[A[A[A[A[A[A







Downloading [model-00001-of-00002.safetensors]:  26%|██▌       | 982M/3.71G [04:40<12:20, 3.99MB/s][A[A[A[A[A[A[A








Downloading [model-00002-of-00002.safetensors]:  24%|██▍       | 816M/3.28G [04:40<11:31, 3.86MB/s][A[A[A[A[A[A[A[A







Downloading [model-00001-of-00002.safetensors]:  26%|██▌       | 983M/3.71G [04:40<10:45, 4.57MB/s][A[A[A[A[A[A[A








Downloading [model-00002-of-00002.safetensors]:  24%|██▍       | 817M/3.28G [04:40<13:12, 3.37MB/s][A[A[A[A[A[A[A[A







Downloading [model-00001-of-00002.safetensors]:  26%|██▌       | 984M/3.71G [04:40<12:53, 3.82MB/s][A[A[A[A[A[A[A







Downloading [model-00001-of-00002.safetensors]:  26%|██▌       | 985M/3.71G [04:40<13:30, 3.64MB/s][A[A[A[A[A[A[A








Downloading [model-00002-of-00002.safetensors]:  24%|██▍       | 818M/3.28G [04:40<13:47, 3.23MB/s][A[A[A[A[A[A[A[A








Downloading [model-00002-of-00002.safetensors]:  24%|██▍       | 819M/3.28G [04:41<12:16, 3.62MB/s][A[A[A[A[A[A[A[A







Downloading [model-00001-of-00002.safetensors]:  26%|██▌       | 986M/3.71G [04:41<13:21, 3.68MB/s][A[A[A[A[A[A[A








Downloading [model-00002-of-00002.safetensors]:  24%|██▍       | 820M/3.28G [04:41<13:50, 3.21MB/s][A[A[A[A[A[A[A[A







Downloading [model-00001-of-00002.safetensors]:  26%|██▌       | 987M/3.71G [04:41<16:32, 2.97MB/s][A[A[A[A[A[A[A








Downloading [model-00002-of-00002.safetensors]:  24%|██▍       | 821M/3.28G [04:41<14:31, 3.06MB/s][A[A[A[A[A[A[A[A







Downloading [model-00001-of-00002.safetensors]:  26%|██▌       | 988M/3.71G [04:41<16:16, 3.02MB/s][A[A[A[A[A[A[A








Downloading [model-00002-of-00002.safetensors]:  24%|██▍       | 822M/3.28G [04:42<15:39, 2.84MB/s][A[A[A[A[A[A[A[A







Downloading [model-00001-of-00002.safetensors]:  26%|██▌       | 989M/3.71G [04:42<16:38, 2.95MB/s][A[A[A[A[A[A[A








Downloading [model-00002-of-00002.safetensors]:  24%|██▍       | 823M/3.28G [04:42<17:39, 2.51MB/s][A[A[A[A[A[A[A[A







Downloading [model-00001-of-00002.safetensors]:  26%|██▌       | 990M/3.71G [04:42<18:34, 2.64MB/s][A[A[A[A[A[A[A








Downloading [model-00002-of-00002.safetensors]:  24%|██▍       | 824M/3.28G [04:43<15:44, 2.82MB/s][A[A[A[A[A[A[A[A







Downloading [model-00001-of-00002.safetensors]:  26%|██▌       | 991M/3.71G [04:43<17:52, 2.74MB/s][A[A[A[A[A[A[A








Downloading [model-00002-of-00002.safetensors]:  25%|██▍       | 825M/3.28G [04:43<13:22, 3.32MB/s][A[A[A[A[A[A[A[A








Downloading [model-00002-of-00002.safetensors]:  25%|██▍       | 826M/3.28G [04:43<11:19, 3.92MB/s][A[A[A[A[A[A[A[A







Downloading [model-00001-of-00002.safetensors]:  26%|██▌       | 992M/3.71G [04:43<16:09, 3.03MB/s][A[A[A[A[A[A[A








Downloading [model-00002-of-00002.safetensors]:  25%|██▍       | 827M/3.28G [04:43<11:03, 4.01MB/s][A[A[A[A[A[A[A[A







Downloading [model-00001-of-00002.safetensors]:  26%|██▌       | 993M/3.71G [04:43<16:12, 3.03MB/s][A[A[A[A[A[A[A








Downloading [model-00002-of-00002.safetensors]:  25%|██▍       | 828M/3.28G [04:43<11:18, 3.92MB/s][A[A[A[A[A[A[A[A







Downloading [model-00001-of-00002.safetensors]:  26%|██▌       | 994M/3.71G [04:44<15:59, 3.06MB/s][A[A[A[A[A[A[A








Downloading [model-00002-of-00002.safetensors]:  25%|██▍       | 829M/3.28G [04:44<11:55, 3.71MB/s][A[A[A[A[A[A[A[A







Downloading [model-00001-of-00002.safetensors]:  26%|██▌       | 995M/3.71G [04:44<17:59, 2.72MB/s][A[A[A[A[A[A[A








Downloading [model-00002-of-00002.safetensors]:  25%|██▍       | 830M/3.28G [04:44<14:41, 3.01MB/s][A[A[A[A[A[A[A[A







Downloading [model-00001-of-00002.safetensors]:  26%|██▌       | 996M/3.71G [04:44<16:36, 2.95MB/s][A[A[A[A[A[A[A







Downloading [model-00001-of-00002.safetensors]:  26%|██▌       | 997M/3.71G [04:45<14:28, 3.38MB/s][A[A[A[A[A[A[A








Downloading [model-00002-of-00002.safetensors]:  25%|██▍       | 831M/3.28G [04:45<14:32, 3.04MB/s][A[A[A[A[A[A[A[A







Downloading [model-00001-of-00002.safetensors]:  26%|██▋       | 998M/3.71G [04:45<12:57, 3.78MB/s][A[A[A[A[A[A[A








Downloading [model-00002-of-00002.safetensors]:  25%|██▍       | 832M/3.28G [04:45<13:46, 3.21MB/s][A[A[A[A[A[A[A[A







Downloading [model-00001-of-00002.safetensors]:  26%|██▋       | 999M/3.71G [04:45<11:43, 4.17MB/s][A[A[A[A[A[A[A







Downloading [model-00001-of-00002.safetensors]:  26%|██▋       | 0.98G/3.71G [04:45<10:20, 4.73MB/s][A[A[A[A[A[A[A








Downloading [model-00002-of-00002.safetensors]:  25%|██▍       | 833M/3.28G [04:45<13:20, 3.31MB/s][A[A[A[A[A[A[A[A







Downloading [model-00001-of-00002.safetensors]:  26%|██▋       | 0.98G/3.71G [04:45<09:10, 5.32MB/s][A[A[A[A[A[A[A







Downloading [model-00001-of-00002.safetensors]:  26%|██▋       | 0.98G/3.71G [04:45<08:25, 5.81MB/s][A[A[A[A[A[A[A








Downloading [model-00002-of-00002.safetensors]:  25%|██▍       | 834M/3.28G [04:45<12:16, 3.60MB/s][A[A[A[A[A[A[A[A







Downloading [model-00001-of-00002.safetensors]:  26%|██▋       | 0.98G/3.71G [04:46<11:52, 4.11MB/s][A[A[A[A[A[A[A








Downloading [model-00002-of-00002.safetensors]:  25%|██▍       | 835M/3.28G [04:46<17:31, 2.52MB/s][A[A[A[A[A[A[A[A







Downloading [model-00001-of-00002.safetensors]:  26%|██▋       | 0.98G/3.71G [04:46<14:53, 3.28MB/s][A[A[A[A[A[A[A








Downloading [model-00002-of-00002.safetensors]:  25%|██▍       | 836M/3.28G [04:46<14:59, 2.94MB/s][A[A[A[A[A[A[A[A








Downloading [model-00002-of-00002.safetensors]:  25%|██▍       | 837M/3.28G [04:47<14:09, 3.12MB/s][A[A[A[A[A[A[A[A







Downloading [model-00001-of-00002.safetensors]:  26%|██▋       | 0.98G/3.71G [04:47<15:06, 3.23MB/s][A[A[A[A[A[A[A








Downloading [model-00002-of-00002.safetensors]:  25%|██▍       | 838M/3.28G [04:47<13:58, 3.16MB/s][A[A[A[A[A[A[A[A







Downloading [model-00001-of-00002.safetensors]:  26%|██▋       | 0.98G/3.71G [04:47<16:53, 2.89MB/s][A[A[A[A[A[A[A








Downloading [model-00002-of-00002.safetensors]:  25%|██▍       | 839M/3.28G [04:47<14:34, 3.03MB/s][A[A[A[A[A[A[A[A







Downloading [model-00001-of-00002.safetensors]:  27%|██▋       | 0.98G/3.71G [04:48<18:33, 2.63MB/s][A[A[A[A[A[A[A








Downloading [model-00002-of-00002.safetensors]:  25%|██▍       | 840M/3.28G [04:48<14:11, 3.11MB/s][A[A[A[A[A[A[A[A








Downloading [model-00002-of-00002.safetensors]:  25%|██▌       | 841M/3.28G [04:48<18:00, 2.45MB/s][A[A[A[A[A[A[A[A







Downloading [model-00001-of-00002.safetensors]:  27%|██▋       | 0.98G/3.71G [04:48<23:03, 2.12MB/s][A[A[A[A[A[A[A







Downloading [model-00001-of-00002.safetensors]:  27%|██▋       | 0.99G/3.71G [04:49<20:49, 2.34MB/s][A[A[A[A[A[A[A








Downloading [model-00002-of-00002.safetensors]:  25%|██▌       | 842M/3.28G [04:49<19:33, 2.25MB/s][A[A[A[A[A[A[A[A







Downloading [model-00001-of-00002.safetensors]:  27%|██▋       | 0.99G/3.71G [04:49<20:43, 2.35MB/s][A[A[A[A[A[A[A







Downloading [model-00001-of-00002.safetensors]:  27%|██▋       | 0.99G/3.71G [04:49<19:14, 2.53MB/s][A[A[A[A[A[A[A








Downloading [model-00002-of-00002.safetensors]:  25%|██▌       | 843M/3.28G [04:49<21:00, 2.10MB/s][A[A[A[A[A[A[A[A







Downloading [model-00001-of-00002.safetensors]:  27%|██▋       | 0.99G/3.71G [04:50<20:30, 2.37MB/s][A[A[A[A[A[A[A








Downloading [model-00002-of-00002.safetensors]:  25%|██▌       | 844M/3.28G [04:50<22:01, 2.00MB/s][A[A[A[A[A[A[A[A







Downloading [model-00001-of-00002.safetensors]:  27%|██▋       | 0.99G/3.71G [04:50<18:19, 2.66MB/s][A[A[A[A[A[A[A








Downloading [model-00002-of-00002.safetensors]:  25%|██▌       | 845M/3.28G [04:50<19:35, 2.25MB/s][A[A[A[A[A[A[A[A







Downloading [model-00001-of-00002.safetensors]:  27%|██▋       | 0.99G/3.71G [04:51<18:41, 2.60MB/s][A[A[A[A[A[A[A








Downloading [model-00002-of-00002.safetensors]:  25%|██▌       | 846M/3.28G [04:51<17:32, 2.51MB/s][A[A[A[A[A[A[A[A








Downloading [model-00002-of-00002.safetensors]:  25%|██▌       | 847M/3.28G [04:51<15:57, 2.76MB/s][A[A[A[A[A[A[A[A







Downloading [model-00001-of-00002.safetensors]:  27%|██▋       | 0.99G/3.71G [04:51<18:39, 2.61MB/s][A[A[A[A[A[A[A








Downloading [model-00002-of-00002.safetensors]:  25%|██▌       | 848M/3.28G [04:51<13:55, 3.16MB/s][A[A[A[A[A[A[A[A








Downloading [model-00002-of-00002.safetensors]:  25%|██▌       | 849M/3.28G [04:52<16:12, 2.71MB/s][A[A[A[A[A[A[A[A







Downloading [model-00001-of-00002.safetensors]:  27%|██▋       | 0.99G/3.71G [04:52<18:37, 2.61MB/s][A[A[A[A[A[A[A








Downloading [model-00002-of-00002.safetensors]:  25%|██▌       | 850M/3.28G [04:52<13:41, 3.21MB/s][A[A[A[A[A[A[A[A







Downloading [model-00001-of-00002.safetensors]:  27%|██▋       | 0.99G/3.71G [04:52<15:35, 3.12MB/s][A[A[A[A[A[A[A








Downloading [model-00002-of-00002.safetensors]:  25%|██▌       | 851M/3.28G [04:52<11:46, 3.73MB/s][A[A[A[A[A[A[A[A







Downloading [model-00001-of-00002.safetensors]:  27%|██▋       | 1.00G/3.71G [04:52<14:47, 3.28MB/s][A[A[A[A[A[A[A








Downloading [model-00002-of-00002.safetensors]:  25%|██▌       | 852M/3.28G [04:52<11:11, 3.92MB/s][A[A[A[A[A[A[A[A







Downloading [model-00001-of-00002.safetensors]:  27%|██▋       | 1.00G/3.71G [04:53<13:48, 3.51MB/s][A[A[A[A[A[A[A








Downloading [model-00002-of-00002.safetensors]:  25%|██▌       | 853M/3.28G [04:53<12:23, 3.54MB/s][A[A[A[A[A[A[A[A







Downloading [model-00001-of-00002.safetensors]:  27%|██▋       | 1.00G/3.71G [04:53<14:33, 3.33MB/s][A[A[A[A[A[A[A








Downloading [model-00002-of-00002.safetensors]:  25%|██▌       | 854M/3.28G [04:53<13:36, 3.22MB/s][A[A[A[A[A[A[A[A







Downloading [model-00001-of-00002.safetensors]:  27%|██▋       | 1.00G/3.71G [04:53<14:19, 3.39MB/s][A[A[A[A[A[A[A








Downloading [model-00002-of-00002.safetensors]:  25%|██▌       | 855M/3.28G [04:53<12:14, 3.58MB/s][A[A[A[A[A[A[A[A







Downloading [model-00001-of-00002.safetensors]:  27%|██▋       | 1.00G/3.71G [04:53<13:35, 3.57MB/s][A[A[A[A[A[A[A








Downloading [model-00002-of-00002.safetensors]:  25%|██▌       | 856M/3.28G [04:54<11:59, 3.66MB/s][A[A[A[A[A[A[A[A








Downloading [model-00002-of-00002.safetensors]:  25%|██▌       | 857M/3.28G [04:54<11:15, 3.89MB/s][A[A[A[A[A[A[A[A







Downloading [model-00001-of-00002.safetensors]:  27%|██▋       | 1.00G/3.71G [04:54<14:30, 3.34MB/s][A[A[A[A[A[A[A








Downloading [model-00002-of-00002.safetensors]:  26%|██▌       | 858M/3.28G [04:54<11:54, 3.68MB/s][A[A[A[A[A[A[A[A







Downloading [model-00001-of-00002.safetensors]:  27%|██▋       | 1.00G/3.71G [04:54<18:52, 2.57MB/s][A[A[A[A[A[A[A








Downloading [model-00002-of-00002.safetensors]:  26%|██▌       | 859M/3.28G [04:55<16:19, 2.68MB/s][A[A[A[A[A[A[A[A







Downloading [model-00001-of-00002.safetensors]:  27%|██▋       | 1.00G/3.71G [04:55<19:21, 2.50MB/s][A[A[A[A[A[A[A








Downloading [model-00002-of-00002.safetensors]:  26%|██▌       | 860M/3.28G [04:55<15:08, 2.89MB/s][A[A[A[A[A[A[A[A







Downloading [model-00001-of-00002.safetensors]:  27%|██▋       | 1.00G/3.71G [04:55<17:13, 2.81MB/s][A[A[A[A[A[A[A








Downloading [model-00002-of-00002.safetensors]:  26%|██▌       | 861M/3.28G [04:55<13:56, 3.14MB/s][A[A[A[A[A[A[A[A







Downloading [model-00001-of-00002.safetensors]:  27%|██▋       | 1.00G/3.71G [04:55<15:04, 3.21MB/s][A[A[A[A[A[A[A








Downloading [model-00002-of-00002.safetensors]:  26%|██▌       | 862M/3.28G [04:56<12:12, 3.58MB/s][A[A[A[A[A[A[A[A







Downloading [model-00001-of-00002.safetensors]:  27%|██▋       | 1.00G/3.71G [04:56<13:03, 3.71MB/s][A[A[A[A[A[A[A








Downloading [model-00002-of-00002.safetensors]:  26%|██▌       | 863M/3.28G [04:56<10:31, 4.15MB/s][A[A[A[A[A[A[A[A







Downloading [model-00001-of-00002.safetensors]:  27%|██▋       | 1.01G/3.71G [04:56<11:17, 4.28MB/s][A[A[A[A[A[A[A








Downloading [model-00002-of-00002.safetensors]:  26%|██▌       | 864M/3.28G [04:56<09:18, 4.69MB/s][A[A[A[A[A[A[A[A







Downloading [model-00001-of-00002.safetensors]:  27%|██▋       | 1.01G/3.71G [04:56<10:00, 4.83MB/s][A[A[A[A[A[A[A








Downloading [model-00002-of-00002.safetensors]:  26%|██▌       | 865M/3.28G [04:56<08:45, 4.98MB/s][A[A[A[A[A[A[A[A







Downloading [model-00001-of-00002.safetensors]:  27%|██▋       | 1.01G/3.71G [04:56<10:07, 4.77MB/s][A[A[A[A[A[A[A








Downloading [model-00002-of-00002.safetensors]:  26%|██▌       | 866M/3.28G [04:56<08:50, 4.93MB/s][A[A[A[A[A[A[A[A







Downloading [model-00001-of-00002.safetensors]:  27%|██▋       | 1.01G/3.71G [04:56<11:18, 4.27MB/s][A[A[A[A[A[A[A








Downloading [model-00002-of-00002.safetensors]:  26%|██▌       | 867M/3.28G [04:56<08:35, 5.08MB/s][A[A[A[A[A[A[A[A








Downloading [model-00002-of-00002.safetensors]:  26%|██▌       | 868M/3.28G [04:57<07:40, 5.69MB/s][A[A[A[A[A[A[A[A







Downloading [model-00001-of-00002.safetensors]:  27%|██▋       | 1.01G/3.71G [04:57<10:18, 4.68MB/s][A[A[A[A[A[A[A








Downloading [model-00002-of-00002.safetensors]:  26%|██▌       | 869M/3.28G [04:57<07:31, 5.80MB/s][A[A[A[A[A[A[A[A







Downloading [model-00001-of-00002.safetensors]:  27%|██▋       | 1.01G/3.71G [04:57<09:55, 4.87MB/s][A[A[A[A[A[A[A








Downloading [model-00002-of-00002.safetensors]:  26%|██▌       | 870M/3.28G [04:57<06:55, 6.30MB/s][A[A[A[A[A[A[A[A







Downloading [model-00001-of-00002.safetensors]:  27%|██▋       | 1.01G/3.71G [04:57<10:15, 4.70MB/s][A[A[A[A[A[A[A








Downloading [model-00002-of-00002.safetensors]:  26%|██▌       | 871M/3.28G [04:57<06:45, 6.44MB/s][A[A[A[A[A[A[A[A








Downloading [model-00002-of-00002.safetensors]:  26%|██▌       | 872M/3.28G [04:57<07:16, 5.98MB/s][A[A[A[A[A[A[A[A







Downloading [model-00001-of-00002.safetensors]:  27%|██▋       | 1.01G/3.71G [04:57<11:14, 4.29MB/s][A[A[A[A[A[A[A







Downloading [model-00001-of-00002.safetensors]:  27%|██▋       | 1.01G/3.71G [04:58<11:30, 4.19MB/s][A[A[A[A[A[A[A








Downloading [model-00002-of-00002.safetensors]:  26%|██▌       | 873M/3.28G [04:58<10:36, 4.10MB/s][A[A[A[A[A[A[A[A








Downloading [model-00002-of-00002.safetensors]:  26%|██▌       | 874M/3.28G [04:58<08:44, 4.98MB/s][A[A[A[A[A[A[A[A







Downloading [model-00001-of-00002.safetensors]:  27%|██▋       | 1.01G/3.71G [04:58<13:12, 3.65MB/s][A[A[A[A[A[A[A








Downloading [model-00002-of-00002.safetensors]:  26%|██▌       | 875M/3.28G [04:58<10:38, 4.08MB/s][A[A[A[A[A[A[A[A







Downloading [model-00001-of-00002.safetensors]:  27%|██▋       | 1.02G/3.71G [04:58<13:07, 3.67MB/s][A[A[A[A[A[A[A








Downloading [model-00002-of-00002.safetensors]:  26%|██▌       | 876M/3.28G [04:58<10:15, 4.23MB/s][A[A[A[A[A[A[A[A







Downloading [model-00001-of-00002.safetensors]:  27%|██▋       | 1.02G/3.71G [04:58<12:04, 3.99MB/s][A[A[A[A[A[A[A







Downloading [model-00001-of-00002.safetensors]:  27%|██▋       | 1.02G/3.71G [04:59<11:23, 4.23MB/s][A[A[A[A[A[A[A








Downloading [model-00002-of-00002.safetensors]:  26%|██▌       | 877M/3.28G [04:59<10:57, 3.96MB/s][A[A[A[A[A[A[A[A







Downloading [model-00001-of-00002.safetensors]:  27%|██▋       | 1.02G/3.71G [04:59<10:12, 4.72MB/s][A[A[A[A[A[A[A








Downloading [model-00002-of-00002.safetensors]:  26%|██▌       | 878M/3.28G [04:59<10:18, 4.21MB/s][A[A[A[A[A[A[A[A







Downloading [model-00001-of-00002.safetensors]:  27%|██▋       | 1.02G/3.71G [04:59<09:43, 4.95MB/s][A[A[A[A[A[A[A







Downloading [model-00001-of-00002.safetensors]:  28%|██▊       | 1.02G/3.71G [04:59<11:07, 4.33MB/s][A[A[A[A[A[A[A








Downloading [model-00002-of-00002.safetensors]:  26%|██▌       | 879M/3.28G [04:59<13:03, 3.33MB/s][A[A[A[A[A[A[A[A







Downloading [model-00001-of-00002.safetensors]:  28%|██▊       | 1.02G/3.71G [05:00<11:02, 4.36MB/s][A[A[A[A[A[A[A








Downloading [model-00002-of-00002.safetensors]:  26%|██▌       | 880M/3.28G [05:00<12:32, 3.46MB/s][A[A[A[A[A[A[A[A







Downloading [model-00001-of-00002.safetensors]:  28%|██▊       | 1.02G/3.71G [05:00<10:47, 4.45MB/s][A[A[A[A[A[A[A








Downloading [model-00002-of-00002.safetensors]:  26%|██▌       | 881M/3.28G [05:00<12:02, 3.60MB/s][A[A[A[A[A[A[A[A







Downloading [model-00001-of-00002.safetensors]:  28%|██▊       | 1.02G/3.71G [05:00<10:54, 4.40MB/s][A[A[A[A[A[A[A







Downloading [model-00001-of-00002.safetensors]:  28%|██▊       | 1.02G/3.71G [05:00<11:11, 4.29MB/s][A[A[A[A[A[A[A








Downloading [model-00002-of-00002.safetensors]:  26%|██▌       | 882M/3.28G [05:00<15:31, 2.79MB/s][A[A[A[A[A[A[A[A







Downloading [model-00001-of-00002.safetensors]:  28%|██▊       | 1.03G/3.71G [05:01<12:52, 3.73MB/s][A[A[A[A[A[A[A








Downloading [model-00002-of-00002.safetensors]:  26%|██▋       | 883M/3.28G [05:01<15:31, 2.79MB/s][A[A[A[A[A[A[A[A







Downloading [model-00001-of-00002.safetensors]:  28%|██▊       | 1.03G/3.71G [05:01<11:47, 4.07MB/s][A[A[A[A[A[A[A







Downloading [model-00001-of-00002.safetensors]:  28%|██▊       | 1.03G/3.71G [05:01<11:16, 4.26MB/s][A[A[A[A[A[A[A








Downloading [model-00002-of-00002.safetensors]:  26%|██▋       | 884M/3.28G [05:01<15:37, 2.77MB/s][A[A[A[A[A[A[A[A







Downloading [model-00001-of-00002.safetensors]:  28%|██▊       | 1.03G/3.71G [05:01<13:07, 3.66MB/s][A[A[A[A[A[A[A








Downloading [model-00002-of-00002.safetensors]:  26%|██▋       | 885M/3.28G [05:02<16:25, 2.64MB/s][A[A[A[A[A[A[A[A








Downloading [model-00002-of-00002.safetensors]:  26%|██▋       | 886M/3.28G [05:02<15:24, 2.81MB/s][A[A[A[A[A[A[A[A







Downloading [model-00001-of-00002.safetensors]:  28%|██▊       | 1.03G/3.71G [05:02<16:40, 2.88MB/s][A[A[A[A[A[A[A








Downloading [model-00002-of-00002.safetensors]:  26%|██▋       | 887M/3.28G [05:03<18:25, 2.35MB/s][A[A[A[A[A[A[A[A







Downloading [model-00001-of-00002.safetensors]:  28%|██▊       | 1.03G/3.71G [05:03<20:39, 2.32MB/s][A[A[A[A[A[A[A







Downloading [model-00001-of-00002.safetensors]:  28%|██▊       | 1.03G/3.71G [05:03<19:29, 2.46MB/s][A[A[A[A[A[A[A








Downloading [model-00002-of-00002.safetensors]:  26%|██▋       | 888M/3.28G [05:03<18:28, 2.34MB/s][A[A[A[A[A[A[A[A







Downloading [model-00001-of-00002.safetensors]:  28%|██▊       | 1.03G/3.71G [05:03<17:59, 2.66MB/s][A[A[A[A[A[A[A








Downloading [model-00002-of-00002.safetensors]:  26%|██▋       | 889M/3.28G [05:03<16:31, 2.62MB/s][A[A[A[A[A[A[A[A







Downloading [model-00001-of-00002.safetensors]:  28%|██▊       | 1.03G/3.71G [05:04<15:17, 3.13MB/s][A[A[A[A[A[A[A








Downloading [model-00002-of-00002.safetensors]:  26%|██▋       | 890M/3.28G [05:04<15:17, 2.83MB/s][A[A[A[A[A[A[A[A







Downloading [model-00001-of-00002.safetensors]:  28%|██▊       | 1.03G/3.71G [05:04<14:34, 3.28MB/s][A[A[A[A[A[A[A








Downloading [model-00002-of-00002.safetensors]:  26%|██▋       | 891M/3.28G [05:04<13:55, 3.10MB/s][A[A[A[A[A[A[A[A







Downloading [model-00001-of-00002.safetensors]:  28%|██▊       | 1.04G/3.71G [05:04<13:10, 3.63MB/s][A[A[A[A[A[A[A








Downloading [model-00002-of-00002.safetensors]:  27%|██▋       | 892M/3.28G [05:04<12:43, 3.39MB/s][A[A[A[A[A[A[A[A







Downloading [model-00001-of-00002.safetensors]:  28%|██▊       | 1.04G/3.71G [05:04<14:39, 3.26MB/s][A[A[A[A[A[A[A







Downloading [model-00001-of-00002.safetensors]:  28%|██▊       | 1.04G/3.71G [05:05<14:38, 3.27MB/s][A[A[A[A[A[A[A








Downloading [model-00002-of-00002.safetensors]:  27%|██▋       | 893M/3.28G [05:05<16:44, 2.58MB/s][A[A[A[A[A[A[A[A








Downloading [model-00002-of-00002.safetensors]:  27%|██▋       | 894M/3.28G [05:05<13:21, 3.23MB/s][A[A[A[A[A[A[A[A







Downloading [model-00001-of-00002.safetensors]:  28%|██▊       | 1.04G/3.71G [05:05<15:50, 3.02MB/s][A[A[A[A[A[A[A








Downloading [model-00002-of-00002.safetensors]:  27%|██▋       | 895M/3.28G [05:05<13:59, 3.08MB/s][A[A[A[A[A[A[A[A







Downloading [model-00001-of-00002.safetensors]:  28%|██▊       | 1.04G/3.71G [05:05<14:38, 3.26MB/s][A[A[A[A[A[A[A








Downloading [model-00002-of-00002.safetensors]:  27%|██▋       | 896M/3.28G [05:05<12:37, 3.42MB/s][A[A[A[A[A[A[A[A







Downloading [model-00001-of-00002.safetensors]:  28%|██▊       | 1.04G/3.71G [05:06<14:05, 3.39MB/s][A[A[A[A[A[A[A








Downloading [model-00002-of-00002.safetensors]:  27%|██▋       | 897M/3.28G [05:06<12:02, 3.58MB/s][A[A[A[A[A[A[A[A







Downloading [model-00001-of-00002.safetensors]:  28%|██▊       | 1.04G/3.71G [05:06<14:40, 3.25MB/s][A[A[A[A[A[A[A








Downloading [model-00002-of-00002.safetensors]:  27%|██▋       | 898M/3.28G [05:06<15:41, 2.75MB/s][A[A[A[A[A[A[A[A








Downloading [model-00002-of-00002.safetensors]:  27%|██▋       | 899M/3.28G [05:07<23:26, 1.84MB/s][A[A[A[A[A[A[A[A







Downloading [model-00001-of-00002.safetensors]:  28%|██▊       | 1.04G/3.71G [05:08<31:26, 1.52MB/s][A[A[A[A[A[A[A







Downloading [model-00001-of-00002.safetensors]:  28%|██▊       | 1.04G/3.71G [05:08<25:44, 1.85MB/s][A[A[A[A[A[A[A








Downloading [model-00002-of-00002.safetensors]:  27%|██▋       | 900M/3.28G [05:08<25:40, 1.68MB/s][A[A[A[A[A[A[A[A







Downloading [model-00001-of-00002.safetensors]:  28%|██▊       | 1.04G/3.71G [05:08<26:38, 1.79MB/s][A[A[A[A[A[A[A








Downloading [model-00002-of-00002.safetensors]:  27%|██▋       | 901M/3.28G [05:09<24:40, 1.74MB/s][A[A[A[A[A[A[A[A








Downloading [model-00002-of-00002.safetensors]:  27%|██▋       | 902M/3.28G [05:09<20:41, 2.08MB/s][A[A[A[A[A[A[A[A







Downloading [model-00001-of-00002.safetensors]:  28%|██▊       | 1.04G/3.71G [05:09<24:47, 1.92MB/s][A[A[A[A[A[A[A







Downloading [model-00001-of-00002.safetensors]:  28%|██▊       | 1.05G/3.71G [05:09<21:49, 2.18MB/s][A[A[A[A[A[A[A








Downloading [model-00002-of-00002.safetensors]:  27%|██▋       | 903M/3.28G [05:09<19:01, 2.26MB/s][A[A[A[A[A[A[A[A







Downloading [model-00001-of-00002.safetensors]:  28%|██▊       | 1.05G/3.71G [05:10<20:51, 2.28MB/s][A[A[A[A[A[A[A








Downloading [model-00002-of-00002.safetensors]:  27%|██▋       | 904M/3.28G [05:10<19:56, 2.15MB/s][A[A[A[A[A[A[A[A








Downloading [model-00002-of-00002.safetensors]:  27%|██▋       | 905M/3.28G [05:10<18:56, 2.27MB/s][A[A[A[A[A[A[A[A







Downloading [model-00001-of-00002.safetensors]:  28%|██▊       | 1.05G/3.71G [05:10<22:52, 2.08MB/s][A[A[A[A[A[A[A







Downloading [model-00001-of-00002.safetensors]:  28%|██▊       | 1.05G/3.71G [05:11<19:39, 2.42MB/s][A[A[A[A[A[A[A








Downloading [model-00002-of-00002.safetensors]:  27%|██▋       | 906M/3.28G [05:11<17:09, 2.50MB/s][A[A[A[A[A[A[A[A







Downloading [model-00001-of-00002.safetensors]:  28%|██▊       | 1.05G/3.71G [05:11<21:20, 2.23MB/s][A[A[A[A[A[A[A








Downloading [model-00002-of-00002.safetensors]:  27%|██▋       | 907M/3.28G [05:11<22:17, 1.93MB/s][A[A[A[A[A[A[A[A







Downloading [model-00001-of-00002.safetensors]:  28%|██▊       | 1.05G/3.71G [05:12<26:47, 1.78MB/s][A[A[A[A[A[A[A








Downloading [model-00002-of-00002.safetensors]:  27%|██▋       | 908M/3.28G [05:12<25:21, 1.69MB/s][A[A[A[A[A[A[A[A







Downloading [model-00001-of-00002.safetensors]:  28%|██▊       | 1.05G/3.71G [05:13<29:15, 1.63MB/s][A[A[A[A[A[A[A








Downloading [model-00002-of-00002.safetensors]:  27%|██▋       | 909M/3.28G [05:13<27:14, 1.57MB/s][A[A[A[A[A[A[A[A







Downloading [model-00001-of-00002.safetensors]:  28%|██▊       | 1.05G/3.71G [05:13<27:24, 1.73MB/s][A[A[A[A[A[A[A








Downloading [model-00002-of-00002.safetensors]:  27%|██▋       | 910M/3.28G [05:13<23:50, 1.80MB/s][A[A[A[A[A[A[A[A







Downloading [model-00001-of-00002.safetensors]:  28%|██▊       | 1.05G/3.71G [05:13<22:17, 2.13MB/s][A[A[A[A[A[A[A








Downloading [model-00002-of-00002.safetensors]:  27%|██▋       | 911M/3.28G [05:14<19:47, 2.17MB/s][A[A[A[A[A[A[A[A







Downloading [model-00001-of-00002.safetensors]:  28%|██▊       | 1.05G/3.71G [05:14<22:04, 2.15MB/s][A[A[A[A[A[A[A








Downloading [model-00002-of-00002.safetensors]:  27%|██▋       | 912M/3.28G [05:14<18:25, 2.33MB/s][A[A[A[A[A[A[A[A







Downloading [model-00001-of-00002.safetensors]:  28%|██▊       | 1.06G/3.71G [05:14<21:06, 2.25MB/s][A[A[A[A[A[A[A








Downloading [model-00002-of-00002.safetensors]:  27%|██▋       | 913M/3.28G [05:14<18:44, 2.29MB/s][A[A[A[A[A[A[A[A







Downloading [model-00001-of-00002.safetensors]:  28%|██▊       | 1.06G/3.71G [05:15<18:03, 2.63MB/s][A[A[A[A[A[A[A








Downloading [model-00002-of-00002.safetensors]:  27%|██▋       | 914M/3.28G [05:15<15:05, 2.84MB/s][A[A[A[A[A[A[A[A







Downloading [model-00001-of-00002.safetensors]:  29%|██▊       | 1.06G/3.71G [05:15<15:53, 2.99MB/s][A[A[A[A[A[A[A








Downloading [model-00002-of-00002.safetensors]:  27%|██▋       | 915M/3.28G [05:15<13:37, 3.14MB/s][A[A[A[A[A[A[A[A








Downloading [model-00002-of-00002.safetensors]:  27%|██▋       | 916M/3.28G [05:15<12:18, 3.47MB/s][A[A[A[A[A[A[A[A







Downloading [model-00001-of-00002.safetensors]:  29%|██▊       | 1.06G/3.71G [05:15<14:24, 3.29MB/s][A[A[A[A[A[A[A








Downloading [model-00002-of-00002.safetensors]:  27%|██▋       | 917M/3.28G [05:15<11:43, 3.65MB/s][A[A[A[A[A[A[A[A







Downloading [model-00001-of-00002.safetensors]:  29%|██▊       | 1.06G/3.71G [05:15<14:34, 3.25MB/s][A[A[A[A[A[A[A








Downloading [model-00002-of-00002.safetensors]:  27%|██▋       | 918M/3.28G [05:16<13:45, 3.10MB/s][A[A[A[A[A[A[A[A







Downloading [model-00001-of-00002.safetensors]:  29%|██▊       | 1.06G/3.71G [05:16<16:07, 2.94MB/s][A[A[A[A[A[A[A








Downloading [model-00002-of-00002.safetensors]:  27%|██▋       | 919M/3.28G [05:16<12:26, 3.43MB/s][A[A[A[A[A[A[A[A







Downloading [model-00001-of-00002.safetensors]:  29%|██▊       | 1.06G/3.71G [05:16<16:06, 2.94MB/s][A[A[A[A[A[A[A








Downloading [model-00002-of-00002.safetensors]:  27%|██▋       | 920M/3.28G [05:16<11:09, 3.82MB/s][A[A[A[A[A[A[A[A








Downloading [model-00002-of-00002.safetensors]:  27%|██▋       | 921M/3.28G [05:17<13:27, 3.17MB/s][A[A[A[A[A[A[A[A







Downloading [model-00001-of-00002.safetensors]:  29%|██▊       | 1.06G/3.71G [05:17<18:16, 2.59MB/s][A[A[A[A[A[A[A








Downloading [model-00002-of-00002.safetensors]:  27%|██▋       | 922M/3.28G [05:17<12:26, 3.43MB/s][A[A[A[A[A[A[A[A







Downloading [model-00001-of-00002.safetensors]:  29%|██▊       | 1.06G/3.71G [05:17<18:40, 2.54MB/s][A[A[A[A[A[A[A








Downloading [model-00002-of-00002.safetensors]:  27%|██▋       | 923M/3.28G [05:18<15:49, 2.69MB/s][A[A[A[A[A[A[A[A







Downloading [model-00001-of-00002.safetensors]:  29%|██▊       | 1.06G/3.71G [05:18<19:00, 2.49MB/s][A[A[A[A[A[A[A








Downloading [model-00002-of-00002.safetensors]:  27%|██▋       | 924M/3.28G [05:18<14:42, 2.90MB/s][A[A[A[A[A[A[A[A







Downloading [model-00001-of-00002.safetensors]:  29%|██▊       | 1.07G/3.71G [05:18<17:35, 2.69MB/s][A[A[A[A[A[A[A








Downloading [model-00002-of-00002.safetensors]:  28%|██▊       | 925M/3.28G [05:18<15:02, 2.83MB/s][A[A[A[A[A[A[A[A







Downloading [model-00001-of-00002.safetensors]:  29%|██▉       | 1.07G/3.71G [05:18<16:46, 2.82MB/s][A[A[A[A[A[A[A








Downloading [model-00002-of-00002.safetensors]:  28%|██▊       | 926M/3.28G [05:19<14:17, 2.98MB/s][A[A[A[A[A[A[A[A







Downloading [model-00001-of-00002.safetensors]:  29%|██▉       | 1.07G/3.71G [05:19<15:25, 3.07MB/s][A[A[A[A[A[A[A







Downloading [model-00001-of-00002.safetensors]:  29%|██▉       | 1.07G/3.71G [05:19<13:49, 3.42MB/s][A[A[A[A[A[A[A








Downloading [model-00002-of-00002.safetensors]:  28%|██▊       | 927M/3.28G [05:19<13:22, 3.18MB/s][A[A[A[A[A[A[A[A







Downloading [model-00001-of-00002.safetensors]:  29%|██▉       | 1.07G/3.71G [05:19<12:38, 3.74MB/s][A[A[A[A[A[A[A








Downloading [model-00002-of-00002.safetensors]:  28%|██▊       | 928M/3.28G [05:19<13:33, 3.14MB/s][A[A[A[A[A[A[A[A







Downloading [model-00001-of-00002.safetensors]:  29%|██▉       | 1.07G/3.71G [05:19<13:11, 3.58MB/s][A[A[A[A[A[A[A








Downloading [model-00002-of-00002.safetensors]:  28%|██▊       | 929M/3.28G [05:19<13:15, 3.21MB/s][A[A[A[A[A[A[A[A







Downloading [model-00001-of-00002.safetensors]:  29%|██▉       | 1.07G/3.71G [05:20<12:20, 3.83MB/s][A[A[A[A[A[A[A








Downloading [model-00002-of-00002.safetensors]:  28%|██▊       | 930M/3.28G [05:20<12:51, 3.31MB/s][A[A[A[A[A[A[A[A







Downloading [model-00001-of-00002.safetensors]:  29%|██▉       | 1.07G/3.71G [05:20<11:48, 4.00MB/s][A[A[A[A[A[A[A







Downloading [model-00001-of-00002.safetensors]:  29%|██▉       | 1.07G/3.71G [05:20<11:53, 3.97MB/s][A[A[A[A[A[A[A








Downloading [model-00002-of-00002.safetensors]:  28%|██▊       | 931M/3.28G [05:20<12:44, 3.34MB/s][A[A[A[A[A[A[A[A







Downloading [model-00001-of-00002.safetensors]:  29%|██▉       | 1.07G/3.71G [05:20<11:58, 3.94MB/s][A[A[A[A[A[A[A








Downloading [model-00002-of-00002.safetensors]:  28%|██▊       | 932M/3.28G [05:20<13:09, 3.23MB/s][A[A[A[A[A[A[A[A







Downloading [model-00001-of-00002.safetensors]:  29%|██▉       | 1.08G/3.71G [05:21<12:34, 3.75MB/s][A[A[A[A[A[A[A








Downloading [model-00002-of-00002.safetensors]:  28%|██▊       | 933M/3.28G [05:21<13:09, 3.23MB/s][A[A[A[A[A[A[A[A







Downloading [model-00001-of-00002.safetensors]:  29%|██▉       | 1.08G/3.71G [05:21<15:47, 2.98MB/s][A[A[A[A[A[A[A








Downloading [model-00002-of-00002.safetensors]:  28%|██▊       | 934M/3.28G [05:21<15:40, 2.71MB/s][A[A[A[A[A[A[A[A







Downloading [model-00001-of-00002.safetensors]:  29%|██▉       | 1.08G/3.71G [05:21<14:44, 3.20MB/s][A[A[A[A[A[A[A








Downloading [model-00002-of-00002.safetensors]:  28%|██▊       | 935M/3.28G [05:22<13:58, 3.04MB/s][A[A[A[A[A[A[A[A







Downloading [model-00001-of-00002.safetensors]:  29%|██▉       | 1.08G/3.71G [05:22<12:48, 3.67MB/s][A[A[A[A[A[A[A








Downloading [model-00002-of-00002.safetensors]:  28%|██▊       | 936M/3.28G [05:22<11:55, 3.56MB/s][A[A[A[A[A[A[A[A







Downloading [model-00001-of-00002.safetensors]:  29%|██▉       | 1.08G/3.71G [05:22<11:00, 4.27MB/s][A[A[A[A[A[A[A








Downloading [model-00002-of-00002.safetensors]:  28%|██▊       | 937M/3.28G [05:22<10:48, 3.92MB/s][A[A[A[A[A[A[A[A







Downloading [model-00001-of-00002.safetensors]:  29%|██▉       | 1.08G/3.71G [05:22<10:16, 4.58MB/s][A[A[A[A[A[A[A








Downloading [model-00002-of-00002.safetensors]:  28%|██▊       | 938M/3.28G [05:22<09:52, 4.30MB/s][A[A[A[A[A[A[A[A







Downloading [model-00001-of-00002.safetensors]:  29%|██▉       | 1.08G/3.71G [05:22<09:29, 4.96MB/s][A[A[A[A[A[A[A








Downloading [model-00002-of-00002.safetensors]:  28%|██▊       | 939M/3.28G [05:22<09:57, 4.25MB/s][A[A[A[A[A[A[A[A







Downloading [model-00001-of-00002.safetensors]:  29%|██▉       | 1.08G/3.71G [05:22<09:59, 4.71MB/s][A[A[A[A[A[A[A







Downloading [model-00001-of-00002.safetensors]:  29%|██▉       | 1.08G/3.71G [05:23<09:31, 4.93MB/s][A[A[A[A[A[A[A








Downloading [model-00002-of-00002.safetensors]:  28%|██▊       | 940M/3.28G [05:23<09:49, 4.31MB/s][A[A[A[A[A[A[A[A







Downloading [model-00001-of-00002.safetensors]:  29%|██▉       | 1.08G/3.71G [05:23<11:26, 4.11MB/s][A[A[A[A[A[A[A








Downloading [model-00002-of-00002.safetensors]:  28%|██▊       | 941M/3.28G [05:23<11:50, 3.57MB/s][A[A[A[A[A[A[A[A







Downloading [model-00001-of-00002.safetensors]:  29%|██▉       | 1.08G/3.71G [05:23<12:38, 3.71MB/s][A[A[A[A[A[A[A








Downloading [model-00002-of-00002.safetensors]:  28%|██▊       | 942M/3.28G [05:23<14:10, 2.99MB/s][A[A[A[A[A[A[A[A







Downloading [model-00001-of-00002.safetensors]:  29%|██▉       | 1.09G/3.71G [05:24<14:23, 3.26MB/s][A[A[A[A[A[A[A








Downloading [model-00002-of-00002.safetensors]:  28%|██▊       | 943M/3.28G [05:24<15:25, 2.74MB/s][A[A[A[A[A[A[A[A








Downloading [model-00002-of-00002.safetensors]:  28%|██▊       | 944M/3.28G [05:24<13:35, 3.11MB/s][A[A[A[A[A[A[A[A







Downloading [model-00001-of-00002.safetensors]:  29%|██▉       | 1.09G/3.71G [05:24<19:13, 2.44MB/s][A[A[A[A[A[A[A








Downloading [model-00002-of-00002.safetensors]:  28%|██▊       | 945M/3.28G [05:24<11:51, 3.56MB/s][A[A[A[A[A[A[A[A







Downloading [model-00001-of-00002.safetensors]:  29%|██▉       | 1.09G/3.71G [05:24<11:46, 3.98MB/s][A[A[A[A[A[A[A








Downloading [model-00002-of-00002.safetensors]:  28%|██▊       | 946M/3.28G [05:25<11:11, 3.77MB/s][A[A[A[A[A[A[A[A







Downloading [model-00001-of-00002.safetensors]:  29%|██▉       | 1.09G/3.71G [05:25<11:19, 4.14MB/s][A[A[A[A[A[A[A








Downloading [model-00002-of-00002.safetensors]:  28%|██▊       | 947M/3.28G [05:25<09:10, 4.60MB/s][A[A[A[A[A[A[A[A








Downloading [model-00002-of-00002.safetensors]:  28%|██▊       | 948M/3.28G [05:25<08:17, 5.09MB/s][A[A[A[A[A[A[A[A







Downloading [model-00001-of-00002.safetensors]:  29%|██▉       | 1.09G/3.71G [05:25<11:39, 4.02MB/s][A[A[A[A[A[A[A








Downloading [model-00002-of-00002.safetensors]:  28%|██▊       | 949M/3.28G [05:25<07:59, 5.28MB/s][A[A[A[A[A[A[A[A








Downloading [model-00002-of-00002.safetensors]:  28%|██▊       | 950M/3.28G [05:25<08:00, 5.26MB/s][A[A[A[A[A[A[A[A







Downloading [model-00001-of-00002.safetensors]:  29%|██▉       | 1.09G/3.71G [05:25<13:59, 3.35MB/s][A[A[A[A[A[A[A








Downloading [model-00002-of-00002.safetensors]:  28%|██▊       | 951M/3.28G [05:26<09:49, 4.29MB/s][A[A[A[A[A[A[A[A







Downloading [model-00001-of-00002.safetensors]:  29%|██▉       | 1.09G/3.71G [05:26<14:58, 3.13MB/s][A[A[A[A[A[A[A








Downloading [model-00002-of-00002.safetensors]:  28%|██▊       | 952M/3.28G [05:26<10:18, 4.09MB/s][A[A[A[A[A[A[A[A








Downloading [model-00002-of-00002.safetensors]:  28%|██▊       | 953M/3.28G [05:26<11:38, 3.62MB/s][A[A[A[A[A[A[A[A







Downloading [model-00001-of-00002.safetensors]:  29%|██▉       | 1.09G/3.71G [05:26<16:43, 2.80MB/s][A[A[A[A[A[A[A








Downloading [model-00002-of-00002.safetensors]:  28%|██▊       | 954M/3.28G [05:26<10:53, 3.87MB/s][A[A[A[A[A[A[A[A







Downloading [model-00001-of-00002.safetensors]:  30%|██▉       | 1.09G/3.71G [05:27<15:32, 3.01MB/s][A[A[A[A[A[A[A








Downloading [model-00002-of-00002.safetensors]:  28%|██▊       | 955M/3.28G [05:27<10:35, 3.97MB/s][A[A[A[A[A[A[A[A







Downloading [model-00001-of-00002.safetensors]:  30%|██▉       | 1.10G/3.71G [05:27<13:55, 3.36MB/s][A[A[A[A[A[A[A








Downloading [model-00002-of-00002.safetensors]:  28%|██▊       | 956M/3.28G [05:27<09:02, 4.65MB/s][A[A[A[A[A[A[A[A








Downloading [model-00002-of-00002.safetensors]:  28%|██▊       | 957M/3.28G [05:27<09:08, 4.60MB/s][A[A[A[A[A[A[A[A








Downloading [model-00002-of-00002.safetensors]:  28%|██▊       | 958M/3.28G [05:27<08:27, 4.97MB/s][A[A[A[A[A[A[A[A







Downloading [model-00001-of-00002.safetensors]:  30%|██▉       | 1.10G/3.71G [05:27<16:15, 2.88MB/s][A[A[A[A[A[A[A








Downloading [model-00002-of-00002.safetensors]:  29%|██▊       | 959M/3.28G [05:27<07:59, 5.26MB/s][A[A[A[A[A[A[A[A







Downloading [model-00001-of-00002.safetensors]:  30%|██▉       | 1.10G/3.71G [05:28<15:24, 3.03MB/s][A[A[A[A[A[A[A








Downloading [model-00002-of-00002.safetensors]:  29%|██▊       | 960M/3.28G [05:28<07:42, 5.45MB/s][A[A[A[A[A[A[A[A








Downloading [model-00002-of-00002.safetensors]:  29%|██▊       | 961M/3.28G [05:28<10:21, 4.05MB/s][A[A[A[A[A[A[A[A








Downloading [model-00002-of-00002.safetensors]:  29%|██▊       | 962M/3.28G [05:28<09:05, 4.62MB/s][A[A[A[A[A[A[A[A







Downloading [model-00001-of-00002.safetensors]:  30%|██▉       | 1.10G/3.71G [05:28<19:28, 2.40MB/s][A[A[A[A[A[A[A







Downloading [model-00001-of-00002.safetensors]:  30%|██▉       | 1.10G/3.71G [05:28<15:14, 3.07MB/s][A[A[A[A[A[A[A








Downloading [model-00002-of-00002.safetensors]:  29%|██▊       | 963M/3.28G [05:28<08:53, 4.72MB/s][A[A[A[A[A[A[A[A








Downloading [model-00002-of-00002.safetensors]:  29%|██▊       | 964M/3.28G [05:29<08:10, 5.13MB/s][A[A[A[A[A[A[A[A







Downloading [model-00001-of-00002.safetensors]:  30%|██▉       | 1.10G/3.71G [05:29<13:14, 3.52MB/s][A[A[A[A[A[A[A








Downloading [model-00002-of-00002.safetensors]:  29%|██▊       | 965M/3.28G [05:29<07:43, 5.42MB/s][A[A[A[A[A[A[A[A







Downloading [model-00001-of-00002.safetensors]:  30%|██▉       | 1.10G/3.71G [05:29<11:43, 3.98MB/s][A[A[A[A[A[A[A








Downloading [model-00002-of-00002.safetensors]:  29%|██▊       | 966M/3.28G [05:29<07:25, 5.64MB/s][A[A[A[A[A[A[A[A







Downloading [model-00001-of-00002.safetensors]:  30%|██▉       | 1.10G/3.71G [05:29<10:34, 4.41MB/s][A[A[A[A[A[A[A








Downloading [model-00002-of-00002.safetensors]:  29%|██▉       | 967M/3.28G [05:29<07:24, 5.66MB/s][A[A[A[A[A[A[A[A







Downloading [model-00001-of-00002.safetensors]:  30%|██▉       | 1.10G/3.71G [05:29<09:40, 4.82MB/s][A[A[A[A[A[A[A








Downloading [model-00002-of-00002.safetensors]:  29%|██▉       | 968M/3.28G [05:29<06:53, 6.08MB/s][A[A[A[A[A[A[A[A







Downloading [model-00001-of-00002.safetensors]:  30%|██▉       | 1.10G/3.71G [05:29<11:44, 3.97MB/s][A[A[A[A[A[A[A








Downloading [model-00002-of-00002.safetensors]:  29%|██▉       | 969M/3.28G [05:30<09:25, 4.44MB/s][A[A[A[A[A[A[A[A








Downloading [model-00002-of-00002.safetensors]:  29%|██▉       | 970M/3.28G [05:30<08:03, 5.19MB/s][A[A[A[A[A[A[A[A







Downloading [model-00001-of-00002.safetensors]:  30%|██▉       | 1.11G/3.71G [05:30<12:59, 3.58MB/s][A[A[A[A[A[A[A








Downloading [model-00002-of-00002.safetensors]:  29%|██▉       | 971M/3.28G [05:30<09:26, 4.43MB/s][A[A[A[A[A[A[A[A







Downloading [model-00001-of-00002.safetensors]:  30%|██▉       | 1.11G/3.71G [05:30<12:08, 3.84MB/s][A[A[A[A[A[A[A







Downloading [model-00001-of-00002.safetensors]:  30%|██▉       | 1.11G/3.71G [05:30<10:44, 4.34MB/s][A[A[A[A[A[A[A








Downloading [model-00002-of-00002.safetensors]:  29%|██▉       | 973M/3.28G [05:30<07:04, 5.90MB/s][A[A[A[A[A[A[A[A







Downloading [model-00001-of-00002.safetensors]:  30%|██▉       | 1.11G/3.71G [05:30<10:08, 4.59MB/s][A[A[A[A[A[A[A








Downloading [model-00002-of-00002.safetensors]:  29%|██▉       | 974M/3.28G [05:31<09:19, 4.48MB/s][A[A[A[A[A[A[A[A







Downloading [model-00001-of-00002.safetensors]:  30%|██▉       | 1.11G/3.71G [05:31<13:51, 3.36MB/s][A[A[A[A[A[A[A








Downloading [model-00002-of-00002.safetensors]:  29%|██▉       | 975M/3.28G [05:31<11:01, 3.79MB/s][A[A[A[A[A[A[A[A







Downloading [model-00001-of-00002.safetensors]:  30%|██▉       | 1.11G/3.71G [05:31<14:34, 3.19MB/s][A[A[A[A[A[A[A








Downloading [model-00002-of-00002.safetensors]:  29%|██▉       | 976M/3.28G [05:31<12:24, 3.36MB/s][A[A[A[A[A[A[A[A







Downloading [model-00001-of-00002.safetensors]:  30%|██▉       | 1.11G/3.71G [05:32<14:21, 3.24MB/s][A[A[A[A[A[A[A







Downloading [model-00001-of-00002.safetensors]:  30%|██▉       | 1.11G/3.71G [05:32<13:23, 3.47MB/s][A[A[A[A[A[A[A








Downloading [model-00002-of-00002.safetensors]:  29%|██▉       | 977M/3.28G [05:32<14:26, 2.89MB/s][A[A[A[A[A[A[A[A







Downloading [model-00001-of-00002.safetensors]:  30%|███       | 1.11G/3.71G [05:32<13:21, 3.48MB/s][A[A[A[A[A[A[A







Downloading [model-00001-of-00002.safetensors]:  30%|███       | 1.11G/3.71G [05:32<13:05, 3.55MB/s][A[A[A[A[A[A[A








Downloading [model-00002-of-00002.safetensors]:  29%|██▉       | 978M/3.28G [05:32<16:19, 2.55MB/s][A[A[A[A[A[A[A[A







Downloading [model-00001-of-00002.safetensors]:  30%|███       | 1.12G/3.71G [05:33<11:47, 3.94MB/s][A[A[A[A[A[A[A








Downloading [model-00002-of-00002.safetensors]:  29%|██▉       | 979M/3.28G [05:33<14:59, 2.78MB/s][A[A[A[A[A[A[A[A







Downloading [model-00001-of-00002.safetensors]:  30%|███       | 1.12G/3.71G [05:33<11:33, 4.01MB/s][A[A[A[A[A[A[A







Downloading [model-00001-of-00002.safetensors]:  30%|███       | 1.12G/3.71G [05:33<10:33, 4.39MB/s][A[A[A[A[A[A[A








Downloading [model-00002-of-00002.safetensors]:  29%|██▉       | 980M/3.28G [05:33<14:22, 2.90MB/s][A[A[A[A[A[A[A[A







Downloading [model-00001-of-00002.safetensors]:  30%|███       | 1.12G/3.71G [05:33<09:23, 4.94MB/s][A[A[A[A[A[A[A








Downloading [model-00002-of-00002.safetensors]:  29%|██▉       | 981M/3.28G [05:33<12:47, 3.26MB/s][A[A[A[A[A[A[A[A







Downloading [model-00001-of-00002.safetensors]:  30%|███       | 1.12G/3.71G [05:33<08:35, 5.40MB/s][A[A[A[A[A[A[A







Downloading [model-00001-of-00002.safetensors]:  30%|███       | 1.12G/3.71G [05:34<08:16, 5.60MB/s][A[A[A[A[A[A[A








Downloading [model-00002-of-00002.safetensors]:  29%|██▉       | 982M/3.28G [05:34<11:59, 3.47MB/s][A[A[A[A[A[A[A[A







Downloading [model-00001-of-00002.safetensors]:  30%|███       | 1.12G/3.71G [05:34<08:30, 5.44MB/s][A[A[A[A[A[A[A








Downloading [model-00002-of-00002.safetensors]:  29%|██▉       | 983M/3.28G [05:34<11:03, 3.76MB/s][A[A[A[A[A[A[A[A







Downloading [model-00001-of-00002.safetensors]:  30%|███       | 1.12G/3.71G [05:34<09:02, 5.12MB/s][A[A[A[A[A[A[A








Downloading [model-00002-of-00002.safetensors]:  29%|██▉       | 984M/3.28G [05:34<10:55, 3.81MB/s][A[A[A[A[A[A[A[A







Downloading [model-00001-of-00002.safetensors]:  30%|███       | 1.12G/3.71G [05:34<09:25, 4.91MB/s][A[A[A[A[A[A[A








Downloading [model-00002-of-00002.safetensors]:  29%|██▉       | 985M/3.28G [05:34<10:03, 4.13MB/s][A[A[A[A[A[A[A[A







Downloading [model-00001-of-00002.safetensors]:  30%|███       | 1.12G/3.71G [05:34<09:04, 5.10MB/s][A[A[A[A[A[A[A








Downloading [model-00002-of-00002.safetensors]:  29%|██▉       | 986M/3.28G [05:34<08:58, 4.63MB/s][A[A[A[A[A[A[A[A







Downloading [model-00001-of-00002.safetensors]:  30%|███       | 1.12G/3.71G [05:35<09:14, 5.00MB/s][A[A[A[A[A[A[A








Downloading [model-00002-of-00002.safetensors]:  29%|██▉       | 987M/3.28G [05:35<08:44, 4.75MB/s][A[A[A[A[A[A[A[A







Downloading [model-00001-of-00002.safetensors]:  30%|███       | 1.13G/3.71G [05:35<08:50, 5.23MB/s][A[A[A[A[A[A[A








Downloading [model-00002-of-00002.safetensors]:  29%|██▉       | 988M/3.28G [05:35<08:53, 4.67MB/s][A[A[A[A[A[A[A[A







Downloading [model-00001-of-00002.safetensors]:  30%|███       | 1.13G/3.71G [05:35<08:10, 5.65MB/s][A[A[A[A[A[A[A








Downloading [model-00002-of-00002.safetensors]:  29%|██▉       | 989M/3.28G [05:35<08:21, 4.97MB/s][A[A[A[A[A[A[A[A







Downloading [model-00001-of-00002.safetensors]:  30%|███       | 1.13G/3.71G [05:35<07:31, 6.14MB/s][A[A[A[A[A[A[A







Downloading [model-00001-of-00002.safetensors]:  30%|███       | 1.13G/3.71G [05:35<08:05, 5.71MB/s][A[A[A[A[A[A[A








Downloading [model-00002-of-00002.safetensors]:  29%|██▉       | 990M/3.28G [05:35<08:55, 4.65MB/s][A[A[A[A[A[A[A[A







Downloading [model-00001-of-00002.safetensors]:  30%|███       | 1.13G/3.71G [05:36<09:07, 5.06MB/s][A[A[A[A[A[A[A








Downloading [model-00002-of-00002.safetensors]:  29%|██▉       | 991M/3.28G [05:36<09:44, 4.26MB/s][A[A[A[A[A[A[A[A







Downloading [model-00001-of-00002.safetensors]:  30%|███       | 1.13G/3.71G [05:36<08:58, 5.14MB/s][A[A[A[A[A[A[A








Downloading [model-00002-of-00002.safetensors]:  29%|██▉       | 992M/3.28G [05:36<09:42, 4.27MB/s][A[A[A[A[A[A[A[A







Downloading [model-00001-of-00002.safetensors]:  31%|███       | 1.13G/3.71G [05:36<08:16, 5.58MB/s][A[A[A[A[A[A[A







Downloading [model-00001-of-00002.safetensors]:  31%|███       | 1.13G/3.71G [05:36<07:28, 6.17MB/s][A[A[A[A[A[A[A








Downloading [model-00002-of-00002.safetensors]:  30%|██▉       | 993M/3.28G [05:36<09:19, 4.44MB/s][A[A[A[A[A[A[A[A







Downloading [model-00001-of-00002.safetensors]:  31%|███       | 1.13G/3.71G [05:36<06:53, 6.69MB/s][A[A[A[A[A[A[A








Downloading [model-00002-of-00002.safetensors]:  30%|██▉       | 994M/3.28G [05:36<08:35, 4.81MB/s][A[A[A[A[A[A[A[A







Downloading [model-00001-of-00002.safetensors]:  31%|███       | 1.13G/3.71G [05:36<06:38, 6.94MB/s][A[A[A[A[A[A[A







Downloading [model-00001-of-00002.safetensors]:  31%|███       | 1.14G/3.71G [05:36<06:36, 6.96MB/s][A[A[A[A[A[A[A








Downloading [model-00002-of-00002.safetensors]:  30%|██▉       | 995M/3.28G [05:36<08:30, 4.87MB/s][A[A[A[A[A[A[A[A







Downloading [model-00001-of-00002.safetensors]:  31%|███       | 1.14G/3.71G [05:37<06:35, 6.99MB/s][A[A[A[A[A[A[A








Downloading [model-00002-of-00002.safetensors]:  30%|██▉       | 996M/3.28G [05:37<09:52, 4.19MB/s][A[A[A[A[A[A[A[A







Downloading [model-00001-of-00002.safetensors]:  31%|███       | 1.14G/3.71G [05:37<09:04, 5.07MB/s][A[A[A[A[A[A[A








Downloading [model-00002-of-00002.safetensors]:  30%|██▉       | 997M/3.28G [05:37<11:06, 3.73MB/s][A[A[A[A[A[A[A[A







Downloading [model-00001-of-00002.safetensors]:  31%|███       | 1.14G/3.71G [05:37<10:04, 4.57MB/s][A[A[A[A[A[A[A








Downloading [model-00002-of-00002.safetensors]:  30%|██▉       | 998M/3.28G [05:37<11:42, 3.53MB/s][A[A[A[A[A[A[A[A







Downloading [model-00001-of-00002.safetensors]:  31%|███       | 1.14G/3.71G [05:38<10:41, 4.30MB/s][A[A[A[A[A[A[A








Downloading [model-00002-of-00002.safetensors]:  30%|██▉       | 999M/3.28G [05:38<14:32, 2.84MB/s][A[A[A[A[A[A[A[A







Downloading [model-00001-of-00002.safetensors]:  31%|███       | 1.14G/3.71G [05:38<15:08, 3.03MB/s][A[A[A[A[A[A[A








Downloading [model-00002-of-00002.safetensors]:  30%|██▉       | 0.98G/3.28G [05:39<17:16, 2.39MB/s][A[A[A[A[A[A[A[A







Downloading [model-00001-of-00002.safetensors]:  31%|███       | 1.14G/3.71G [05:39<18:14, 2.52MB/s][A[A[A[A[A[A[A








Downloading [model-00002-of-00002.safetensors]:  30%|██▉       | 0.98G/3.28G [05:39<17:04, 2.42MB/s][A[A[A[A[A[A[A[A







Downloading [model-00001-of-00002.safetensors]:  31%|███       | 1.14G/3.71G [05:39<19:58, 2.30MB/s][A[A[A[A[A[A[A








Downloading [model-00002-of-00002.safetensors]:  30%|██▉       | 0.98G/3.28G [05:40<17:35, 2.35MB/s][A[A[A[A[A[A[A[A







Downloading [model-00001-of-00002.safetensors]:  31%|███       | 1.14G/3.71G [05:40<19:17, 2.38MB/s][A[A[A[A[A[A[A








Downloading [model-00002-of-00002.safetensors]:  30%|██▉       | 0.98G/3.28G [05:40<15:58, 2.58MB/s][A[A[A[A[A[A[A[A







Downloading [model-00001-of-00002.safetensors]:  31%|███       | 1.14G/3.71G [05:40<17:02, 2.69MB/s][A[A[A[A[A[A[A








Downloading [model-00002-of-00002.safetensors]:  30%|██▉       | 0.98G/3.28G [05:40<15:21, 2.68MB/s][A[A[A[A[A[A[A[A







Downloading [model-00001-of-00002.safetensors]:  31%|███       | 1.15G/3.71G [05:40<17:11, 2.67MB/s][A[A[A[A[A[A[A








Downloading [model-00002-of-00002.safetensors]:  30%|██▉       | 0.98G/3.28G [05:41<17:52, 2.31MB/s][A[A[A[A[A[A[A[A







Downloading [model-00001-of-00002.safetensors]:  31%|███       | 1.15G/3.71G [05:41<18:54, 2.42MB/s][A[A[A[A[A[A[A







Downloading [model-00001-of-00002.safetensors]:  31%|███       | 1.15G/3.71G [05:41<18:51, 2.43MB/s][A[A[A[A[A[A[A








Downloading [model-00002-of-00002.safetensors]:  30%|██▉       | 0.98G/3.28G [05:41<18:18, 2.25MB/s][A[A[A[A[A[A[A[A







Downloading [model-00001-of-00002.safetensors]:  31%|███       | 1.15G/3.71G [05:42<16:32, 2.77MB/s][A[A[A[A[A[A[A







Downloading [model-00001-of-00002.safetensors]:  31%|███       | 1.15G/3.71G [05:42<15:27, 2.96MB/s][A[A[A[A[A[A[A








Downloading [model-00002-of-00002.safetensors]:  30%|██▉       | 0.98G/3.28G [05:42<19:20, 2.13MB/s][A[A[A[A[A[A[A[A







Downloading [model-00001-of-00002.safetensors]:  31%|███       | 1.15G/3.71G [05:42<18:57, 2.42MB/s][A[A[A[A[A[A[A








Downloading [model-00002-of-00002.safetensors]:  30%|██▉       | 0.98G/3.28G [05:42<20:40, 1.99MB/s][A[A[A[A[A[A[A[A







Downloading [model-00001-of-00002.safetensors]:  31%|███       | 1.15G/3.71G [05:43<15:01, 3.04MB/s][A[A[A[A[A[A[A








Downloading [model-00002-of-00002.safetensors]:  30%|███       | 0.99G/3.28G [05:43<18:13, 2.26MB/s][A[A[A[A[A[A[A[A







Downloading [model-00001-of-00002.safetensors]:  31%|███       | 1.15G/3.71G [05:43<17:19, 2.64MB/s][A[A[A[A[A[A[A








Downloading [model-00002-of-00002.safetensors]:  30%|███       | 0.99G/3.28G [05:43<17:06, 2.40MB/s][A[A[A[A[A[A[A[A







Downloading [model-00001-of-00002.safetensors]:  31%|███       | 1.15G/3.71G [05:43<15:46, 2.90MB/s][A[A[A[A[A[A[A








Downloading [model-00002-of-00002.safetensors]:  30%|███       | 0.99G/3.28G [05:43<16:08, 2.55MB/s][A[A[A[A[A[A[A[A








Downloading [model-00002-of-00002.safetensors]:  30%|███       | 0.99G/3.28G [05:44<15:23, 2.67MB/s][A[A[A[A[A[A[A[A







Downloading [model-00001-of-00002.safetensors]:  31%|███       | 1.15G/3.71G [05:44<18:17, 2.50MB/s][A[A[A[A[A[A[A








Downloading [model-00002-of-00002.safetensors]:  30%|███       | 0.99G/3.28G [05:44<14:35, 2.82MB/s][A[A[A[A[A[A[A[A







Downloading [model-00001-of-00002.safetensors]:  31%|███       | 1.16G/3.71G [05:44<18:51, 2.42MB/s][A[A[A[A[A[A[A








Downloading [model-00002-of-00002.safetensors]:  30%|███       | 0.99G/3.28G [05:44<13:48, 2.97MB/s][A[A[A[A[A[A[A[A







Downloading [model-00001-of-00002.safetensors]:  31%|███       | 1.16G/3.71G [05:45<19:28, 2.35MB/s][A[A[A[A[A[A[A








Downloading [model-00002-of-00002.safetensors]:  30%|███       | 0.99G/3.28G [05:45<15:54, 2.58MB/s][A[A[A[A[A[A[A[A







Downloading [model-00001-of-00002.safetensors]:  31%|███       | 1.16G/3.71G [05:46<34:46, 1.31MB/s][A[A[A[A[A[A[A








Downloading [model-00002-of-00002.safetensors]:  30%|███       | 0.99G/3.28G [05:47<30:33, 1.34MB/s][A[A[A[A[A[A[A[A








Downloading [model-00002-of-00002.safetensors]:  30%|███       | 0.99G/3.28G [05:47<26:58, 1.52MB/s][A[A[A[A[A[A[A[A







Downloading [model-00001-of-00002.safetensors]:  31%|███       | 1.16G/3.71G [05:47<35:48, 1.27MB/s][A[A[A[A[A[A[A








Downloading [model-00002-of-00002.safetensors]:  30%|███       | 0.99G/3.28G [05:48<25:01, 1.64MB/s][A[A[A[A[A[A[A[A







Downloading [model-00001-of-00002.safetensors]:  31%|███▏      | 1.16G/3.71G [05:48<29:10, 1.56MB/s][A[A[A[A[A[A[A







Downloading [model-00001-of-00002.safetensors]:  31%|███▏      | 1.16G/3.71G [05:48<26:35, 1.72MB/s][A[A[A[A[A[A[A








Downloading [model-00002-of-00002.safetensors]:  30%|███       | 1.00G/3.28G [05:48<23:26, 1.75MB/s][A[A[A[A[A[A[A[A








Downloading [model-00002-of-00002.safetensors]:  30%|███       | 1.00G/3.28G [05:48<19:37, 2.09MB/s][A[A[A[A[A[A[A[A







Downloading [model-00001-of-00002.safetensors]:  31%|███▏      | 1.16G/3.71G [05:49<26:52, 1.70MB/s][A[A[A[A[A[A[A








Downloading [model-00002-of-00002.safetensors]:  30%|███       | 1.00G/3.28G [05:49<22:32, 1.82MB/s][A[A[A[A[A[A[A[A







Downloading [model-00001-of-00002.safetensors]:  31%|███▏      | 1.16G/3.71G [05:50<28:59, 1.57MB/s][A[A[A[A[A[A[A








Downloading [model-00002-of-00002.safetensors]:  30%|███       | 1.00G/3.28G [05:50<27:23, 1.49MB/s][A[A[A[A[A[A[A[A







Downloading [model-00001-of-00002.safetensors]:  31%|███▏      | 1.16G/3.71G [05:50<28:43, 1.59MB/s][A[A[A[A[A[A[A








Downloading [model-00002-of-00002.safetensors]:  30%|███       | 1.00G/3.28G [05:51<27:48, 1.47MB/s][A[A[A[A[A[A[A[A







Downloading [model-00001-of-00002.safetensors]:  31%|███▏      | 1.16G/3.71G [05:51<29:28, 1.55MB/s][A[A[A[A[A[A[A








Downloading [model-00002-of-00002.safetensors]:  30%|███       | 1.00G/3.28G [05:51<24:26, 1.67MB/s][A[A[A[A[A[A[A[A







Downloading [model-00001-of-00002.safetensors]:  31%|███▏      | 1.17G/3.71G [05:52<32:03, 1.42MB/s][A[A[A[A[A[A[A








Downloading [model-00002-of-00002.safetensors]:  30%|███       | 1.00G/3.28G [05:52<29:05, 1.40MB/s][A[A[A[A[A[A[A[A







Downloading [model-00001-of-00002.safetensors]:  31%|███▏      | 1.17G/3.71G [05:52<30:30, 1.49MB/s][A[A[A[A[A[A[A







Downloading [model-00001-of-00002.safetensors]:  31%|███▏      | 1.17G/3.71G [05:53<25:08, 1.81MB/s][A[A[A[A[A[A[A








Downloading [model-00002-of-00002.safetensors]:  31%|███       | 1.00G/3.28G [05:53<24:43, 1.65MB/s][A[A[A[A[A[A[A[A







Downloading [model-00001-of-00002.safetensors]:  31%|███▏      | 1.17G/3.71G [05:53<20:40, 2.20MB/s][A[A[A[A[A[A[A








Downloading [model-00002-of-00002.safetensors]:  31%|███       | 1.00G/3.28G [05:53<20:08, 2.03MB/s][A[A[A[A[A[A[A[A







Downloading [model-00001-of-00002.safetensors]:  32%|███▏      | 1.17G/3.71G [05:53<17:46, 2.56MB/s][A[A[A[A[A[A[A








Downloading [model-00002-of-00002.safetensors]:  31%|███       | 1.00G/3.28G [05:53<16:53, 2.42MB/s][A[A[A[A[A[A[A[A







Downloading [model-00001-of-00002.safetensors]:  32%|███▏      | 1.17G/3.71G [05:53<14:50, 3.06MB/s][A[A[A[A[A[A[A








Downloading [model-00002-of-00002.safetensors]:  31%|███       | 1.00G/3.28G [05:53<14:09, 2.88MB/s][A[A[A[A[A[A[A[A







Downloading [model-00001-of-00002.safetensors]:  32%|███▏      | 1.17G/3.71G [05:54<16:36, 2.74MB/s][A[A[A[A[A[A[A








Downloading [model-00002-of-00002.safetensors]:  31%|███       | 1.01G/3.28G [05:54<15:01, 2.71MB/s][A[A[A[A[A[A[A[A








Downloading [model-00002-of-00002.safetensors]:  31%|███       | 1.01G/3.28G [05:54<15:59, 2.55MB/s][A[A[A[A[A[A[A[A







Downloading [model-00001-of-00002.safetensors]:  32%|███▏      | 1.17G/3.71G [05:54<17:56, 2.53MB/s][A[A[A[A[A[A[A








Downloading [model-00002-of-00002.safetensors]:  31%|███       | 1.01G/3.28G [05:55<17:37, 2.31MB/s][A[A[A[A[A[A[A[A







Downloading [model-00001-of-00002.safetensors]:  32%|███▏      | 1.17G/3.71G [05:55<21:11, 2.14MB/s][A[A[A[A[A[A[A







Downloading [model-00001-of-00002.safetensors]:  32%|███▏      | 1.17G/3.71G [05:55<19:48, 2.29MB/s][A[A[A[A[A[A[A








Downloading [model-00002-of-00002.safetensors]:  31%|███       | 1.01G/3.28G [05:55<18:51, 2.16MB/s][A[A[A[A[A[A[A[A







Downloading [model-00001-of-00002.safetensors]:  32%|███▏      | 1.17G/3.71G [05:56<17:21, 2.61MB/s][A[A[A[A[A[A[A








Downloading [model-00002-of-00002.safetensors]:  31%|███       | 1.01G/3.28G [05:56<16:44, 2.43MB/s][A[A[A[A[A[A[A[A







Downloading [model-00001-of-00002.safetensors]:  32%|███▏      | 1.18G/3.71G [05:56<15:54, 2.85MB/s][A[A[A[A[A[A[A








Downloading [model-00002-of-00002.safetensors]:  31%|███       | 1.01G/3.28G [05:56<16:17, 2.50MB/s][A[A[A[A[A[A[A[A







Downloading [model-00001-of-00002.safetensors]:  32%|███▏      | 1.18G/3.71G [05:56<16:09, 2.80MB/s][A[A[A[A[A[A[A








Downloading [model-00002-of-00002.safetensors]:  31%|███       | 1.01G/3.28G [05:57<15:27, 2.63MB/s][A[A[A[A[A[A[A[A








Downloading [model-00002-of-00002.safetensors]:  31%|███       | 1.01G/3.28G [05:57<16:09, 2.52MB/s][A[A[A[A[A[A[A[A







Downloading [model-00001-of-00002.safetensors]:  32%|███▏      | 1.18G/3.71G [05:57<21:28, 2.11MB/s][A[A[A[A[A[A[A








Downloading [model-00002-of-00002.safetensors]:  31%|███       | 1.01G/3.28G [05:58<19:35, 2.07MB/s][A[A[A[A[A[A[A[A







Downloading [model-00001-of-00002.safetensors]:  32%|███▏      | 1.18G/3.71G [05:58<23:24, 1.94MB/s][A[A[A[A[A[A[A








Downloading [model-00002-of-00002.safetensors]:  31%|███       | 1.01G/3.28G [05:58<18:34, 2.19MB/s][A[A[A[A[A[A[A[A







Downloading [model-00001-of-00002.safetensors]:  32%|███▏      | 1.18G/3.71G [05:58<21:54, 2.07MB/s][A[A[A[A[A[A[A








Downloading [model-00002-of-00002.safetensors]:  31%|███       | 1.02G/3.28G [05:58<15:40, 2.59MB/s][A[A[A[A[A[A[A[A







Downloading [model-00001-of-00002.safetensors]:  32%|███▏      | 1.18G/3.71G [05:59<21:58, 2.06MB/s][A[A[A[A[A[A[A








Downloading [model-00002-of-00002.safetensors]:  31%|███       | 1.02G/3.28G [05:59<19:06, 2.12MB/s][A[A[A[A[A[A[A[A







Downloading [model-00001-of-00002.safetensors]:  32%|███▏      | 1.18G/3.71G [05:59<21:31, 2.10MB/s][A[A[A[A[A[A[A








Downloading [model-00002-of-00002.safetensors]:  31%|███       | 1.02G/3.28G [05:59<17:47, 2.28MB/s][A[A[A[A[A[A[A[A







Downloading [model-00001-of-00002.safetensors]:  32%|███▏      | 1.18G/3.71G [05:59<18:41, 2.42MB/s][A[A[A[A[A[A[A








Downloading [model-00002-of-00002.safetensors]:  31%|███       | 1.02G/3.28G [06:00<15:34, 2.60MB/s][A[A[A[A[A[A[A[A







Downloading [model-00001-of-00002.safetensors]:  32%|███▏      | 1.18G/3.71G [06:00<16:47, 2.69MB/s][A[A[A[A[A[A[A








Downloading [model-00002-of-00002.safetensors]:  31%|███       | 1.02G/3.28G [06:00<14:11, 2.86MB/s][A[A[A[A[A[A[A[A







Downloading [model-00001-of-00002.safetensors]:  32%|███▏      | 1.18G/3.71G [06:00<16:59, 2.66MB/s][A[A[A[A[A[A[A








Downloading [model-00002-of-00002.safetensors]:  31%|███       | 1.02G/3.28G [06:00<13:43, 2.95MB/s][A[A[A[A[A[A[A[A







Downloading [model-00001-of-00002.safetensors]:  32%|███▏      | 1.19G/3.71G [06:00<15:06, 2.99MB/s][A[A[A[A[A[A[A








Downloading [model-00002-of-00002.safetensors]:  31%|███       | 1.02G/3.28G [06:01<12:10, 3.33MB/s][A[A[A[A[A[A[A[A







Downloading [model-00001-of-00002.safetensors]:  32%|███▏      | 1.19G/3.71G [06:01<13:49, 3.26MB/s][A[A[A[A[A[A[A








Downloading [model-00002-of-00002.safetensors]:  31%|███       | 1.02G/3.28G [06:01<11:07, 3.64MB/s][A[A[A[A[A[A[A[A








Downloading [model-00002-of-00002.safetensors]:  31%|███       | 1.02G/3.28G [06:01<09:07, 4.44MB/s][A[A[A[A[A[A[A[A







Downloading [model-00001-of-00002.safetensors]:  32%|███▏      | 1.19G/3.71G [06:01<12:01, 3.75MB/s][A[A[A[A[A[A[A








Downloading [model-00002-of-00002.safetensors]:  31%|███       | 1.02G/3.28G [06:01<08:15, 4.90MB/s][A[A[A[A[A[A[A[A







Downloading [model-00001-of-00002.safetensors]:  32%|███▏      | 1.19G/3.71G [06:01<10:53, 4.14MB/s][A[A[A[A[A[A[A








Downloading [model-00002-of-00002.safetensors]:  31%|███       | 1.03G/3.28G [06:01<07:51, 5.15MB/s][A[A[A[A[A[A[A[A








Downloading [model-00002-of-00002.safetensors]:  31%|███       | 1.03G/3.28G [06:01<07:07, 5.67MB/s][A[A[A[A[A[A[A[A







Downloading [model-00001-of-00002.safetensors]:  32%|███▏      | 1.19G/3.71G [06:01<11:30, 3.92MB/s][A[A[A[A[A[A[A








Downloading [model-00002-of-00002.safetensors]:  31%|███▏      | 1.03G/3.28G [06:02<08:43, 4.63MB/s][A[A[A[A[A[A[A[A







Downloading [model-00001-of-00002.safetensors]:  32%|███▏      | 1.19G/3.71G [06:02<13:19, 3.38MB/s][A[A[A[A[A[A[A








Downloading [model-00002-of-00002.safetensors]:  31%|███▏      | 1.03G/3.28G [06:02<10:17, 3.92MB/s][A[A[A[A[A[A[A[A







Downloading [model-00001-of-00002.safetensors]:  32%|███▏      | 1.19G/3.71G [06:02<14:06, 3.19MB/s][A[A[A[A[A[A[A








Downloading [model-00002-of-00002.safetensors]:  31%|███▏      | 1.03G/3.28G [06:02<10:22, 3.89MB/s][A[A[A[A[A[A[A[A







Downloading [model-00001-of-00002.safetensors]:  32%|███▏      | 1.19G/3.71G [06:02<12:56, 3.48MB/s][A[A[A[A[A[A[A








Downloading [model-00002-of-00002.safetensors]:  31%|███▏      | 1.03G/3.28G [06:02<09:28, 4.26MB/s][A[A[A[A[A[A[A[A








Downloading [model-00002-of-00002.safetensors]:  31%|███▏      | 1.03G/3.28G [06:03<08:43, 4.62MB/s][A[A[A[A[A[A[A[A







Downloading [model-00001-of-00002.safetensors]:  32%|███▏      | 1.19G/3.71G [06:03<13:49, 3.26MB/s][A[A[A[A[A[A[A








Downloading [model-00002-of-00002.safetensors]:  31%|███▏      | 1.03G/3.28G [06:03<09:13, 4.37MB/s][A[A[A[A[A[A[A[A







Downloading [model-00001-of-00002.safetensors]:  32%|███▏      | 1.20G/3.71G [06:03<10:03, 4.47MB/s][A[A[A[A[A[A[A







Downloading [model-00001-of-00002.safetensors]:  32%|███▏      | 1.20G/3.71G [06:03<10:21, 4.34MB/s][A[A[A[A[A[A[A








Downloading [model-00002-of-00002.safetensors]:  31%|███▏      | 1.03G/3.28G [06:03<10:36, 3.80MB/s][A[A[A[A[A[A[A[A







Downloading [model-00001-of-00002.safetensors]:  32%|███▏      | 1.20G/3.71G [06:04<10:14, 4.39MB/s][A[A[A[A[A[A[A








Downloading [model-00002-of-00002.safetensors]:  31%|███▏      | 1.03G/3.28G [06:04<12:58, 3.10MB/s][A[A[A[A[A[A[A[A







Downloading [model-00001-of-00002.safetensors]:  32%|███▏      | 1.20G/3.71G [06:04<11:12, 4.01MB/s][A[A[A[A[A[A[A








Downloading [model-00002-of-00002.safetensors]:  32%|███▏      | 1.04G/3.28G [06:04<12:05, 3.33MB/s][A[A[A[A[A[A[A[A







Downloading [model-00001-of-00002.safetensors]:  32%|███▏      | 1.20G/3.71G [06:04<10:55, 4.11MB/s][A[A[A[A[A[A[A








Downloading [model-00002-of-00002.safetensors]:  32%|███▏      | 1.04G/3.28G [06:04<10:50, 3.71MB/s][A[A[A[A[A[A[A[A







Downloading [model-00001-of-00002.safetensors]:  32%|███▏      | 1.20G/3.71G [06:04<10:25, 4.31MB/s][A[A[A[A[A[A[A








Downloading [model-00002-of-00002.safetensors]:  32%|███▏      | 1.04G/3.28G [06:04<10:10, 3.95MB/s][A[A[A[A[A[A[A[A







Downloading [model-00001-of-00002.safetensors]:  32%|███▏      | 1.20G/3.71G [06:05<11:05, 4.05MB/s][A[A[A[A[A[A[A








Downloading [model-00002-of-00002.safetensors]:  32%|███▏      | 1.04G/3.28G [06:05<09:42, 4.14MB/s][A[A[A[A[A[A[A[A








Downloading [model-00002-of-00002.safetensors]:  32%|███▏      | 1.04G/3.28G [06:05<08:53, 4.52MB/s][A[A[A[A[A[A[A[A







Downloading [model-00001-of-00002.safetensors]:  32%|███▏      | 1.20G/3.71G [06:05<11:45, 3.82MB/s][A[A[A[A[A[A[A








Downloading [model-00002-of-00002.safetensors]:  32%|███▏      | 1.04G/3.28G [06:05<08:16, 4.86MB/s][A[A[A[A[A[A[A[A







Downloading [model-00001-of-00002.safetensors]:  32%|███▏      | 1.20G/3.71G [06:05<11:05, 4.04MB/s][A[A[A[A[A[A[A








Downloading [model-00002-of-00002.safetensors]:  32%|███▏      | 1.04G/3.28G [06:05<07:46, 5.16MB/s][A[A[A[A[A[A[A[A







Downloading [model-00001-of-00002.safetensors]:  32%|███▏      | 1.20G/3.71G [06:05<10:31, 4.26MB/s][A[A[A[A[A[A[A








Downloading [model-00002-of-00002.safetensors]:  32%|███▏      | 1.04G/3.28G [06:06<11:32, 3.48MB/s][A[A[A[A[A[A[A[A







Downloading [model-00001-of-00002.safetensors]:  32%|███▏      | 1.21G/3.71G [06:06<13:17, 3.37MB/s][A[A[A[A[A[A[A








Downloading [model-00002-of-00002.safetensors]:  32%|███▏      | 1.04G/3.28G [06:06<10:56, 3.67MB/s][A[A[A[A[A[A[A[A







Downloading [model-00001-of-00002.safetensors]:  33%|███▎      | 1.21G/3.71G [06:06<12:24, 3.61MB/s][A[A[A[A[A[A[A







Downloading [model-00001-of-00002.safetensors]:  33%|███▎      | 1.21G/3.71G [06:06<10:54, 4.10MB/s][A[A[A[A[A[A[A








Downloading [model-00002-of-00002.safetensors]:  32%|███▏      | 1.04G/3.28G [06:06<10:17, 3.90MB/s][A[A[A[A[A[A[A[A







Downloading [model-00001-of-00002.safetensors]:  33%|███▎      | 1.21G/3.71G [06:06<10:25, 4.30MB/s][A[A[A[A[A[A[A








Downloading [model-00002-of-00002.safetensors]:  32%|███▏      | 1.04G/3.28G [06:06<09:47, 4.09MB/s][A[A[A[A[A[A[A[A







Downloading [model-00001-of-00002.safetensors]:  33%|███▎      | 1.21G/3.71G [06:07<12:26, 3.60MB/s][A[A[A[A[A[A[A








Downloading [model-00002-of-00002.safetensors]:  32%|███▏      | 1.05G/3.28G [06:07<11:33, 3.47MB/s][A[A[A[A[A[A[A[A







Downloading [model-00001-of-00002.safetensors]:  33%|███▎      | 1.21G/3.71G [06:07<13:36, 3.29MB/s][A[A[A[A[A[A[A








Downloading [model-00002-of-00002.safetensors]:  32%|███▏      | 1.05G/3.28G [06:07<11:51, 3.38MB/s][A[A[A[A[A[A[A[A








Downloading [model-00002-of-00002.safetensors]:  32%|███▏      | 1.05G/3.28G [06:07<10:52, 3.68MB/s][A[A[A[A[A[A[A[A







Downloading [model-00001-of-00002.safetensors]:  33%|███▎      | 1.21G/3.71G [06:07<12:57, 3.45MB/s][A[A[A[A[A[A[A








Downloading [model-00002-of-00002.safetensors]:  32%|███▏      | 1.05G/3.28G [06:08<09:36, 4.17MB/s][A[A[A[A[A[A[A[A







Downloading [model-00001-of-00002.safetensors]:  33%|███▎      | 1.21G/3.71G [06:08<11:39, 3.83MB/s][A[A[A[A[A[A[A








Downloading [model-00002-of-00002.safetensors]:  32%|███▏      | 1.05G/3.28G [06:08<08:55, 4.48MB/s][A[A[A[A[A[A[A[A







Downloading [model-00001-of-00002.safetensors]:  33%|███▎      | 1.21G/3.71G [06:08<11:09, 4.00MB/s][A[A[A[A[A[A[A








Downloading [model-00002-of-00002.safetensors]:  32%|███▏      | 1.05G/3.28G [06:08<08:20, 4.79MB/s][A[A[A[A[A[A[A[A







Downloading [model-00001-of-00002.safetensors]:  33%|███▎      | 1.21G/3.71G [06:08<10:21, 4.31MB/s][A[A[A[A[A[A[A








Downloading [model-00002-of-00002.safetensors]:  32%|███▏      | 1.05G/3.28G [06:08<08:33, 4.67MB/s][A[A[A[A[A[A[A[A








Downloading [model-00002-of-00002.safetensors]:  32%|███▏      | 1.05G/3.28G [06:08<08:38, 4.62MB/s][A[A[A[A[A[A[A[A







Downloading [model-00001-of-00002.safetensors]:  33%|███▎      | 1.21G/3.71G [06:08<11:39, 3.83MB/s][A[A[A[A[A[A[A








Downloading [model-00002-of-00002.safetensors]:  32%|███▏      | 1.05G/3.28G [06:09<08:26, 4.73MB/s][A[A[A[A[A[A[A[A







Downloading [model-00001-of-00002.safetensors]:  33%|███▎      | 1.22G/3.71G [06:09<11:29, 3.88MB/s][A[A[A[A[A[A[A








Downloading [model-00002-of-00002.safetensors]:  32%|███▏      | 1.05G/3.28G [06:09<07:52, 5.06MB/s][A[A[A[A[A[A[A[A







Downloading [model-00001-of-00002.safetensors]:  33%|███▎      | 1.22G/3.71G [06:09<10:31, 4.24MB/s][A[A[A[A[A[A[A








Downloading [model-00002-of-00002.safetensors]:  32%|███▏      | 1.06G/3.28G [06:09<07:16, 5.49MB/s][A[A[A[A[A[A[A[A







Downloading [model-00001-of-00002.safetensors]:  33%|███▎      | 1.22G/3.71G [06:09<09:42, 4.59MB/s][A[A[A[A[A[A[A








Downloading [model-00002-of-00002.safetensors]:  32%|███▏      | 1.06G/3.28G [06:09<08:22, 4.76MB/s][A[A[A[A[A[A[A[A







Downloading [model-00001-of-00002.safetensors]:  33%|███▎      | 1.22G/3.71G [06:10<13:17, 3.35MB/s][A[A[A[A[A[A[A








Downloading [model-00002-of-00002.safetensors]:  32%|███▏      | 1.06G/3.28G [06:10<13:30, 2.95MB/s][A[A[A[A[A[A[A[A







Downloading [model-00001-of-00002.safetensors]:  33%|███▎      | 1.22G/3.71G [06:10<14:33, 3.06MB/s][A[A[A[A[A[A[A







Downloading [model-00001-of-00002.safetensors]:  33%|███▎      | 1.22G/3.71G [06:10<15:53, 2.80MB/s][A[A[A[A[A[A[A








Downloading [model-00002-of-00002.safetensors]:  32%|███▏      | 1.06G/3.28G [06:10<15:30, 2.57MB/s][A[A[A[A[A[A[A[A







Downloading [model-00001-of-00002.safetensors]:  33%|███▎      | 1.22G/3.71G [06:11<15:03, 2.96MB/s][A[A[A[A[A[A[A








Downloading [model-00002-of-00002.safetensors]:  32%|███▏      | 1.06G/3.28G [06:11<14:22, 2.77MB/s][A[A[A[A[A[A[A[A







Downloading [model-00001-of-00002.safetensors]:  33%|███▎      | 1.22G/3.71G [06:11<14:47, 3.01MB/s][A[A[A[A[A[A[A








Downloading [model-00002-of-00002.safetensors]:  32%|███▏      | 1.06G/3.28G [06:11<14:45, 2.70MB/s][A[A[A[A[A[A[A[A







Downloading [model-00001-of-00002.safetensors]:  33%|███▎      | 1.22G/3.71G [06:11<14:48, 3.00MB/s][A[A[A[A[A[A[A








Downloading [model-00002-of-00002.safetensors]:  32%|███▏      | 1.06G/3.28G [06:12<13:56, 2.85MB/s][A[A[A[A[A[A[A[A







Downloading [model-00001-of-00002.safetensors]:  33%|███▎      | 1.22G/3.71G [06:12<12:57, 3.43MB/s][A[A[A[A[A[A[A








Downloading [model-00002-of-00002.safetensors]:  32%|███▏      | 1.06G/3.28G [06:12<12:09, 3.27MB/s][A[A[A[A[A[A[A[A







Downloading [model-00001-of-00002.safetensors]:  33%|███▎      | 1.23G/3.71G [06:12<12:17, 3.62MB/s][A[A[A[A[A[A[A








Downloading [model-00002-of-00002.safetensors]:  32%|███▏      | 1.06G/3.28G [06:12<11:04, 3.59MB/s][A[A[A[A[A[A[A[A








Downloading [model-00002-of-00002.safetensors]:  32%|███▏      | 1.06G/3.28G [06:12<10:26, 3.80MB/s][A[A[A[A[A[A[A[A







Downloading [model-00001-of-00002.safetensors]:  33%|███▎      | 1.23G/3.71G [06:12<12:08, 3.66MB/s][A[A[A[A[A[A[A








Downloading [model-00002-of-00002.safetensors]:  32%|███▏      | 1.07G/3.28G [06:12<10:44, 3.70MB/s][A[A[A[A[A[A[A[A







Downloading [model-00001-of-00002.safetensors]:  33%|███▎      | 1.23G/3.71G [06:13<12:27, 3.56MB/s][A[A[A[A[A[A[A








Downloading [model-00002-of-00002.safetensors]:  32%|███▏      | 1.07G/3.28G [06:13<11:00, 3.60MB/s][A[A[A[A[A[A[A[A







Downloading [model-00001-of-00002.safetensors]:  33%|███▎      | 1.23G/3.71G [06:13<13:24, 3.31MB/s][A[A[A[A[A[A[A








Downloading [model-00002-of-00002.safetensors]:  32%|███▏      | 1.07G/3.28G [06:13<10:31, 3.77MB/s][A[A[A[A[A[A[A[A







Downloading [model-00001-of-00002.safetensors]:  33%|███▎      | 1.23G/3.71G [06:13<12:23, 3.58MB/s][A[A[A[A[A[A[A








Downloading [model-00002-of-00002.safetensors]:  33%|███▎      | 1.07G/3.28G [06:13<09:54, 4.00MB/s][A[A[A[A[A[A[A[A







Downloading [model-00001-of-00002.safetensors]:  33%|███▎      | 1.23G/3.71G [06:13<12:27, 3.56MB/s][A[A[A[A[A[A[A








Downloading [model-00002-of-00002.safetensors]:  33%|███▎      | 1.07G/3.28G [06:14<10:47, 3.67MB/s][A[A[A[A[A[A[A[A







Downloading [model-00001-of-00002.safetensors]:  33%|███▎      | 1.23G/3.71G [06:14<14:12, 3.12MB/s][A[A[A[A[A[A[A








Downloading [model-00002-of-00002.safetensors]:  33%|███▎      | 1.07G/3.28G [06:14<10:48, 3.67MB/s][A[A[A[A[A[A[A[A








Downloading [model-00002-of-00002.safetensors]:  33%|███▎      | 1.07G/3.28G [06:14<10:09, 3.90MB/s][A[A[A[A[A[A[A[A







Downloading [model-00001-of-00002.safetensors]:  33%|███▎      | 1.23G/3.71G [06:14<16:30, 2.68MB/s][A[A[A[A[A[A[A








Downloading [model-00002-of-00002.safetensors]:  33%|███▎      | 1.07G/3.28G [06:15<11:13, 3.53MB/s][A[A[A[A[A[A[A[A







Downloading [model-00001-of-00002.safetensors]:  33%|███▎      | 1.23G/3.71G [06:15<13:13, 3.35MB/s][A[A[A[A[A[A[A








Downloading [model-00002-of-00002.safetensors]:  33%|███▎      | 1.07G/3.28G [06:15<16:23, 2.41MB/s][A[A[A[A[A[A[A[A







Downloading [model-00001-of-00002.safetensors]:  33%|███▎      | 1.24G/3.71G [06:15<16:33, 2.67MB/s][A[A[A[A[A[A[A








Downloading [model-00002-of-00002.safetensors]:  33%|███▎      | 1.07G/3.28G [06:16<15:39, 2.53MB/s][A[A[A[A[A[A[A[A







Downloading [model-00001-of-00002.safetensors]:  33%|███▎      | 1.24G/3.71G [06:16<18:10, 2.43MB/s][A[A[A[A[A[A[A








Downloading [model-00002-of-00002.safetensors]:  33%|███▎      | 1.08G/3.28G [06:16<16:17, 2.43MB/s][A[A[A[A[A[A[A[A








Downloading [model-00002-of-00002.safetensors]:  33%|███▎      | 1.08G/3.28G [06:16<11:07, 3.55MB/s][A[A[A[A[A[A[A[A







Downloading [model-00001-of-00002.safetensors]:  33%|███▎      | 1.24G/3.71G [06:16<18:05, 2.44MB/s][A[A[A[A[A[A[A








Downloading [model-00002-of-00002.safetensors]:  33%|███▎      | 1.08G/3.28G [06:17<12:43, 3.10MB/s][A[A[A[A[A[A[A[A







Downloading [model-00001-of-00002.safetensors]:  33%|███▎      | 1.24G/3.71G [06:17<18:06, 2.44MB/s][A[A[A[A[A[A[A







Downloading [model-00001-of-00002.safetensors]:  33%|███▎      | 1.24G/3.71G [06:17<14:30, 3.05MB/s][A[A[A[A[A[A[A








Downloading [model-00002-of-00002.safetensors]:  33%|███▎      | 1.08G/3.28G [06:17<10:56, 3.61MB/s][A[A[A[A[A[A[A[A







Downloading [model-00001-of-00002.safetensors]:  33%|███▎      | 1.24G/3.71G [06:17<12:21, 3.58MB/s][A[A[A[A[A[A[A








Downloading [model-00002-of-00002.safetensors]:  33%|███▎      | 1.08G/3.28G [06:17<11:32, 3.42MB/s][A[A[A[A[A[A[A[A







Downloading [model-00001-of-00002.safetensors]:  33%|███▎      | 1.24G/3.71G [06:17<11:57, 3.69MB/s][A[A[A[A[A[A[A








Downloading [model-00002-of-00002.safetensors]:  33%|███▎      | 1.08G/3.28G [06:17<09:49, 4.02MB/s][A[A[A[A[A[A[A[A







Downloading [model-00001-of-00002.safetensors]:  33%|███▎      | 1.24G/3.71G [06:18<11:42, 3.77MB/s][A[A[A[A[A[A[A








Downloading [model-00002-of-00002.safetensors]:  33%|███▎      | 1.08G/3.28G [06:18<10:34, 3.73MB/s][A[A[A[A[A[A[A[A







Downloading [model-00001-of-00002.safetensors]:  34%|███▎      | 1.24G/3.71G [06:18<12:19, 3.58MB/s][A[A[A[A[A[A[A








Downloading [model-00002-of-00002.safetensors]:  33%|███▎      | 1.08G/3.28G [06:18<12:38, 3.11MB/s][A[A[A[A[A[A[A[A







Downloading [model-00001-of-00002.safetensors]:  34%|███▎      | 1.24G/3.71G [06:18<12:51, 3.43MB/s][A[A[A[A[A[A[A








Downloading [model-00002-of-00002.safetensors]:  33%|███▎      | 1.08G/3.28G [06:19<13:10, 2.99MB/s][A[A[A[A[A[A[A[A








Downloading [model-00002-of-00002.safetensors]:  33%|███▎      | 1.08G/3.28G [06:19<12:41, 3.10MB/s][A[A[A[A[A[A[A[A







Downloading [model-00001-of-00002.safetensors]:  34%|███▎      | 1.25G/3.71G [06:19<18:05, 2.44MB/s][A[A[A[A[A[A[A








Downloading [model-00002-of-00002.safetensors]:  33%|███▎      | 1.09G/3.28G [06:19<11:06, 3.54MB/s][A[A[A[A[A[A[A[A







Downloading [model-00001-of-00002.safetensors]:  34%|███▎      | 1.25G/3.71G [06:19<16:11, 2.72MB/s][A[A[A[A[A[A[A








Downloading [model-00002-of-00002.safetensors]:  33%|███▎      | 1.09G/3.28G [06:19<10:12, 3.85MB/s][A[A[A[A[A[A[A[A







Downloading [model-00001-of-00002.safetensors]:  34%|███▎      | 1.25G/3.71G [06:20<14:24, 3.06MB/s][A[A[A[A[A[A[A








Downloading [model-00002-of-00002.safetensors]:  33%|███▎      | 1.09G/3.28G [06:20<09:58, 3.94MB/s][A[A[A[A[A[A[A[A








Downloading [model-00002-of-00002.safetensors]:  33%|███▎      | 1.09G/3.28G [06:20<09:16, 4.23MB/s][A[A[A[A[A[A[A[A







Downloading [model-00001-of-00002.safetensors]:  34%|███▎      | 1.25G/3.71G [06:20<14:48, 2.97MB/s][A[A[A[A[A[A[A








Downloading [model-00002-of-00002.safetensors]:  33%|███▎      | 1.09G/3.28G [06:20<09:29, 4.14MB/s][A[A[A[A[A[A[A[A







Downloading [model-00001-of-00002.safetensors]:  34%|███▎      | 1.25G/3.71G [06:20<16:05, 2.74MB/s][A[A[A[A[A[A[A








Downloading [model-00002-of-00002.safetensors]:  33%|███▎      | 1.09G/3.28G [06:21<11:46, 3.34MB/s][A[A[A[A[A[A[A[A







Downloading [model-00001-of-00002.safetensors]:  34%|███▎      | 1.25G/3.71G [06:21<20:25, 2.15MB/s][A[A[A[A[A[A[A








Downloading [model-00002-of-00002.safetensors]:  33%|███▎      | 1.09G/3.28G [06:21<15:05, 2.60MB/s][A[A[A[A[A[A[A[A







Downloading [model-00001-of-00002.safetensors]:  34%|███▎      | 1.25G/3.71G [06:22<20:17, 2.17MB/s][A[A[A[A[A[A[A








Downloading [model-00002-of-00002.safetensors]:  33%|███▎      | 1.09G/3.28G [06:22<16:54, 2.32MB/s][A[A[A[A[A[A[A[A







Downloading [model-00001-of-00002.safetensors]:  34%|███▍      | 1.25G/3.71G [06:22<19:47, 2.22MB/s][A[A[A[A[A[A[A







Downloading [model-00001-of-00002.safetensors]:  34%|███▍      | 1.25G/3.71G [06:23<20:45, 2.12MB/s][A[A[A[A[A[A[A








Downloading [model-00002-of-00002.safetensors]:  33%|███▎      | 1.09G/3.28G [06:23<25:27, 1.54MB/s][A[A[A[A[A[A[A[A







Downloading [model-00001-of-00002.safetensors]:  34%|███▍      | 1.25G/3.71G [06:23<20:04, 2.19MB/s][A[A[A[A[A[A[A








Downloading [model-00002-of-00002.safetensors]:  33%|███▎      | 1.09G/3.28G [06:24<25:03, 1.56MB/s][A[A[A[A[A[A[A[A







Downloading [model-00001-of-00002.safetensors]:  34%|███▍      | 1.25G/3.71G [06:24<23:08, 1.90MB/s][A[A[A[A[A[A[A








Downloading [model-00002-of-00002.safetensors]:  33%|███▎      | 1.10G/3.28G [06:24<22:33, 1.74MB/s][A[A[A[A[A[A[A[A







Downloading [model-00001-of-00002.safetensors]:  34%|███▍      | 1.26G/3.71G [06:24<23:18, 1.88MB/s][A[A[A[A[A[A[A








Downloading [model-00002-of-00002.safetensors]:  33%|███▎      | 1.10G/3.28G [06:25<20:53, 1.87MB/s][A[A[A[A[A[A[A[A







Downloading [model-00001-of-00002.safetensors]:  34%|███▍      | 1.26G/3.71G [06:25<20:56, 2.10MB/s][A[A[A[A[A[A[A








Downloading [model-00002-of-00002.safetensors]:  33%|███▎      | 1.10G/3.28G [06:25<22:59, 1.70MB/s][A[A[A[A[A[A[A[A







Downloading [model-00001-of-00002.safetensors]:  34%|███▍      | 1.26G/3.71G [06:25<22:05, 1.99MB/s][A[A[A[A[A[A[A







Downloading [model-00001-of-00002.safetensors]:  34%|███▍      | 1.26G/3.71G [06:26<18:46, 2.34MB/s][A[A[A[A[A[A[A








Downloading [model-00002-of-00002.safetensors]:  33%|███▎      | 1.10G/3.28G [06:26<19:46, 1.98MB/s][A[A[A[A[A[A[A[A








Downloading [model-00002-of-00002.safetensors]:  33%|███▎      | 1.10G/3.28G [06:26<15:16, 2.56MB/s][A[A[A[A[A[A[A[A







Downloading [model-00001-of-00002.safetensors]:  34%|███▍      | 1.26G/3.71G [06:26<15:31, 2.82MB/s][A[A[A[A[A[A[A








Downloading [model-00002-of-00002.safetensors]:  34%|███▎      | 1.10G/3.28G [06:26<11:47, 3.31MB/s][A[A[A[A[A[A[A[A







Downloading [model-00001-of-00002.safetensors]:  34%|███▍      | 1.26G/3.71G [06:26<17:48, 2.46MB/s][A[A[A[A[A[A[A








Downloading [model-00002-of-00002.safetensors]:  34%|███▎      | 1.10G/3.28G [06:27<14:04, 2.78MB/s][A[A[A[A[A[A[A[A







Downloading [model-00001-of-00002.safetensors]:  34%|███▍      | 1.26G/3.71G [06:27<20:01, 2.19MB/s][A[A[A[A[A[A[A








Downloading [model-00002-of-00002.safetensors]:  34%|███▎      | 1.10G/3.28G [06:27<13:28, 2.90MB/s][A[A[A[A[A[A[A[A







Downloading [model-00001-of-00002.safetensors]:  34%|███▍      | 1.26G/3.71G [06:27<18:54, 2.32MB/s][A[A[A[A[A[A[A







Downloading [model-00001-of-00002.safetensors]:  34%|███▍      | 1.26G/3.71G [06:28<19:14, 2.27MB/s][A[A[A[A[A[A[A








Downloading [model-00002-of-00002.safetensors]:  34%|███▎      | 1.10G/3.28G [06:28<18:14, 2.14MB/s][A[A[A[A[A[A[A[A








Downloading [model-00002-of-00002.safetensors]:  34%|███▎      | 1.11G/3.28G [06:28<15:04, 2.59MB/s][A[A[A[A[A[A[A[A







Downloading [model-00001-of-00002.safetensors]:  34%|███▍      | 1.26G/3.71G [06:28<17:13, 2.54MB/s][A[A[A[A[A[A[A








Downloading [model-00002-of-00002.safetensors]:  34%|███▎      | 1.11G/3.28G [06:28<11:52, 3.28MB/s][A[A[A[A[A[A[A[A








Downloading [model-00002-of-00002.safetensors]:  34%|███▎      | 1.11G/3.28G [06:28<08:10, 4.76MB/s][A[A[A[A[A[A[A[A







Downloading [model-00001-of-00002.safetensors]:  34%|███▍      | 1.27G/3.71G [06:28<15:45, 2.77MB/s][A[A[A[A[A[A[A








Downloading [model-00002-of-00002.safetensors]:  34%|███▍      | 1.11G/3.28G [06:28<07:32, 5.16MB/s][A[A[A[A[A[A[A[A







Downloading [model-00001-of-00002.safetensors]:  34%|███▍      | 1.27G/3.71G [06:29<14:48, 2.95MB/s][A[A[A[A[A[A[A








Downloading [model-00002-of-00002.safetensors]:  34%|███▍      | 1.11G/3.28G [06:29<07:25, 5.24MB/s][A[A[A[A[A[A[A[A








Downloading [model-00002-of-00002.safetensors]:  34%|███▍      | 1.11G/3.28G [06:29<06:44, 5.76MB/s][A[A[A[A[A[A[A[A







Downloading [model-00001-of-00002.safetensors]:  34%|███▍      | 1.27G/3.71G [06:29<12:13, 3.57MB/s][A[A[A[A[A[A[A







Downloading [model-00001-of-00002.safetensors]:  34%|███▍      | 1.27G/3.71G [06:29<11:42, 3.73MB/s][A[A[A[A[A[A[A








Downloading [model-00002-of-00002.safetensors]:  34%|███▍      | 1.11G/3.28G [06:29<08:38, 4.50MB/s][A[A[A[A[A[A[A[A








Downloading [model-00002-of-00002.safetensors]:  34%|███▍      | 1.11G/3.28G [06:29<07:30, 5.17MB/s][A[A[A[A[A[A[A[A







Downloading [model-00001-of-00002.safetensors]:  34%|███▍      | 1.27G/3.71G [06:29<11:17, 3.87MB/s][A[A[A[A[A[A[A








Downloading [model-00002-of-00002.safetensors]:  34%|███▍      | 1.11G/3.28G [06:29<07:05, 5.47MB/s][A[A[A[A[A[A[A[A







Downloading [model-00001-of-00002.safetensors]:  34%|███▍      | 1.27G/3.71G [06:30<11:00, 3.96MB/s][A[A[A[A[A[A[A







Downloading [model-00001-of-00002.safetensors]:  34%|███▍      | 1.27G/3.71G [06:30<10:56, 3.99MB/s][A[A[A[A[A[A[A








Downloading [model-00002-of-00002.safetensors]:  34%|███▍      | 1.12G/3.28G [06:30<09:05, 4.27MB/s][A[A[A[A[A[A[A[A







Downloading [model-00001-of-00002.safetensors]:  34%|███▍      | 1.27G/3.71G [06:30<11:56, 3.65MB/s][A[A[A[A[A[A[A








Downloading [model-00002-of-00002.safetensors]:  34%|███▍      | 1.12G/3.28G [06:30<11:37, 3.34MB/s][A[A[A[A[A[A[A[A







Downloading [model-00001-of-00002.safetensors]:  34%|███▍      | 1.27G/3.71G [06:31<13:35, 3.21MB/s][A[A[A[A[A[A[A








Downloading [model-00002-of-00002.safetensors]:  34%|███▍      | 1.12G/3.28G [06:31<10:23, 3.73MB/s][A[A[A[A[A[A[A[A








Downloading [model-00002-of-00002.safetensors]:  34%|███▍      | 1.12G/3.28G [06:31<11:03, 3.50MB/s][A[A[A[A[A[A[A[A







Downloading [model-00001-of-00002.safetensors]:  34%|███▍      | 1.27G/3.71G [06:31<17:05, 2.55MB/s][A[A[A[A[A[A[A








Downloading [model-00002-of-00002.safetensors]:  34%|███▍      | 1.12G/3.28G [06:31<10:15, 3.78MB/s][A[A[A[A[A[A[A[A







Downloading [model-00001-of-00002.safetensors]:  34%|███▍      | 1.28G/3.71G [06:32<15:39, 2.78MB/s][A[A[A[A[A[A[A








Downloading [model-00002-of-00002.safetensors]:  34%|███▍      | 1.12G/3.28G [06:32<09:16, 4.17MB/s][A[A[A[A[A[A[A[A







Downloading [model-00001-of-00002.safetensors]:  34%|███▍      | 1.28G/3.71G [06:32<13:30, 3.22MB/s][A[A[A[A[A[A[A








Downloading [model-00002-of-00002.safetensors]:  34%|███▍      | 1.12G/3.28G [06:32<08:17, 4.67MB/s][A[A[A[A[A[A[A[A








Downloading [model-00002-of-00002.safetensors]:  34%|███▍      | 1.12G/3.28G [06:32<09:23, 4.12MB/s][A[A[A[A[A[A[A[A







Downloading [model-00001-of-00002.safetensors]:  34%|███▍      | 1.28G/3.71G [06:32<14:29, 3.00MB/s][A[A[A[A[A[A[A








Downloading [model-00002-of-00002.safetensors]:  34%|███▍      | 1.12G/3.28G [06:32<10:12, 3.79MB/s][A[A[A[A[A[A[A[A







Downloading [model-00001-of-00002.safetensors]:  34%|███▍      | 1.28G/3.71G [06:33<16:43, 2.60MB/s][A[A[A[A[A[A[A








Downloading [model-00002-of-00002.safetensors]:  34%|███▍      | 1.12G/3.28G [06:33<11:52, 3.25MB/s][A[A[A[A[A[A[A[A







Downloading [model-00001-of-00002.safetensors]:  34%|███▍      | 1.28G/3.71G [06:33<16:33, 2.63MB/s][A[A[A[A[A[A[A







Downloading [model-00001-of-00002.safetensors]:  35%|███▍      | 1.28G/3.71G [06:33<15:29, 2.80MB/s][A[A[A[A[A[A[A








Downloading [model-00002-of-00002.safetensors]:  34%|███▍      | 1.13G/3.28G [06:33<15:01, 2.57MB/s][A[A[A[A[A[A[A[A







Downloading [model-00001-of-00002.safetensors]:  35%|███▍      | 1.28G/3.71G [06:34<18:28, 2.35MB/s][A[A[A[A[A[A[A








Downloading [model-00002-of-00002.safetensors]:  34%|███▍      | 1.13G/3.28G [06:34<17:51, 2.16MB/s][A[A[A[A[A[A[A[A








Downloading [model-00002-of-00002.safetensors]:  34%|███▍      | 1.13G/3.28G [06:34<16:30, 2.34MB/s][A[A[A[A[A[A[A[A







Downloading [model-00001-of-00002.safetensors]:  35%|███▍      | 1.28G/3.71G [06:34<19:31, 2.22MB/s][A[A[A[A[A[A[A







Downloading [model-00001-of-00002.safetensors]:  35%|███▍      | 1.28G/3.71G [06:35<15:14, 2.85MB/s][A[A[A[A[A[A[A








Downloading [model-00002-of-00002.safetensors]:  34%|███▍      | 1.13G/3.28G [06:35<17:23, 2.22MB/s][A[A[A[A[A[A[A[A







Downloading [model-00001-of-00002.safetensors]:  35%|███▍      | 1.28G/3.71G [06:35<15:50, 2.74MB/s][A[A[A[A[A[A[A







Downloading [model-00001-of-00002.safetensors]:  35%|███▍      | 1.29G/3.71G [06:36<18:18, 2.37MB/s][A[A[A[A[A[A[A








Downloading [model-00002-of-00002.safetensors]:  34%|███▍      | 1.13G/3.28G [06:36<21:37, 1.78MB/s][A[A[A[A[A[A[A[A







Downloading [model-00001-of-00002.safetensors]:  35%|███▍      | 1.29G/3.71G [06:36<19:39, 2.20MB/s][A[A[A[A[A[A[A








Downloading [model-00002-of-00002.safetensors]:  34%|███▍      | 1.13G/3.28G [06:36<19:28, 1.98MB/s][A[A[A[A[A[A[A[A








Downloading [model-00002-of-00002.safetensors]:  34%|███▍      | 1.13G/3.28G [06:37<16:46, 2.30MB/s][A[A[A[A[A[A[A[A







Downloading [model-00001-of-00002.safetensors]:  35%|███▍      | 1.29G/3.71G [06:37<20:53, 2.07MB/s][A[A[A[A[A[A[A








Downloading [model-00002-of-00002.safetensors]:  34%|███▍      | 1.13G/3.28G [06:37<14:33, 2.65MB/s][A[A[A[A[A[A[A[A








Downloading [model-00002-of-00002.safetensors]:  35%|███▍      | 1.13G/3.28G [06:37<13:03, 2.95MB/s][A[A[A[A[A[A[A[A







Downloading [model-00001-of-00002.safetensors]:  35%|███▍      | 1.29G/3.71G [06:37<15:00, 2.89MB/s][A[A[A[A[A[A[A








Downloading [model-00002-of-00002.safetensors]:  35%|███▍      | 1.13G/3.28G [06:38<17:15, 2.23MB/s][A[A[A[A[A[A[A[A







Downloading [model-00001-of-00002.safetensors]:  35%|███▍      | 1.29G/3.71G [06:38<18:41, 2.32MB/s][A[A[A[A[A[A[A








Downloading [model-00002-of-00002.safetensors]:  35%|███▍      | 1.14G/3.28G [06:39<21:58, 1.75MB/s][A[A[A[A[A[A[A[A







Downloading [model-00001-of-00002.safetensors]:  35%|███▍      | 1.29G/3.71G [06:39<23:00, 1.88MB/s][A[A[A[A[A[A[A







Downloading [model-00001-of-00002.safetensors]:  35%|███▍      | 1.29G/3.71G [06:40<26:57, 1.60MB/s][A[A[A[A[A[A[A








Downloading [model-00002-of-00002.safetensors]:  35%|███▍      | 1.14G/3.28G [06:40<26:16, 1.46MB/s][A[A[A[A[A[A[A[A







Downloading [model-00001-of-00002.safetensors]:  35%|███▍      | 1.29G/3.71G [06:40<27:37, 1.57MB/s][A[A[A[A[A[A[A







Downloading [model-00001-of-00002.safetensors]:  35%|███▍      | 1.29G/3.71G [06:41<22:54, 1.89MB/s][A[A[A[A[A[A[A








Downloading [model-00002-of-00002.safetensors]:  35%|███▍      | 1.14G/3.28G [06:41<30:37, 1.25MB/s][A[A[A[A[A[A[A[A







Downloading [model-00001-of-00002.safetensors]:  35%|███▍      | 1.29G/3.71G [06:41<19:33, 2.21MB/s][A[A[A[A[A[A[A








Downloading [model-00002-of-00002.safetensors]:  35%|███▍      | 1.14G/3.28G [06:41<18:31, 2.07MB/s][A[A[A[A[A[A[A[A







Downloading [model-00001-of-00002.safetensors]:  35%|███▍      | 1.30G/3.71G [06:41<18:15, 2.37MB/s][A[A[A[A[A[A[A








Downloading [model-00002-of-00002.safetensors]:  35%|███▍      | 1.14G/3.28G [06:41<16:30, 2.32MB/s][A[A[A[A[A[A[A[A







Downloading [model-00001-of-00002.safetensors]:  35%|███▍      | 1.30G/3.71G [06:41<15:25, 2.80MB/s][A[A[A[A[A[A[A








Downloading [model-00002-of-00002.safetensors]:  35%|███▍      | 1.14G/3.28G [06:42<14:03, 2.73MB/s][A[A[A[A[A[A[A[A








Downloading [model-00002-of-00002.safetensors]:  35%|███▍      | 1.14G/3.28G [06:42<11:45, 3.26MB/s][A[A[A[A[A[A[A[A







Downloading [model-00001-of-00002.safetensors]:  35%|███▍      | 1.30G/3.71G [06:42<14:04, 3.07MB/s][A[A[A[A[A[A[A








Downloading [model-00002-of-00002.safetensors]:  35%|███▍      | 1.14G/3.28G [06:42<12:27, 3.07MB/s][A[A[A[A[A[A[A[A







Downloading [model-00001-of-00002.safetensors]:  35%|███▌      | 1.30G/3.71G [06:43<21:54, 1.97MB/s][A[A[A[A[A[A[A








Downloading [model-00002-of-00002.safetensors]:  35%|███▍      | 1.14G/3.28G [06:43<17:55, 2.14MB/s][A[A[A[A[A[A[A[A







Downloading [model-00001-of-00002.safetensors]:  35%|███▌      | 1.30G/3.71G [06:44<25:54, 1.66MB/s][A[A[A[A[A[A[A








Downloading [model-00002-of-00002.safetensors]:  35%|███▍      | 1.15G/3.28G [06:44<19:57, 1.92MB/s][A[A[A[A[A[A[A[A







Downloading [model-00001-of-00002.safetensors]:  35%|███▌      | 1.30G/3.71G [06:44<24:43, 1.74MB/s][A[A[A[A[A[A[A








Downloading [model-00002-of-00002.safetensors]:  35%|███▍      | 1.15G/3.28G [06:45<27:56, 1.37MB/s][A[A[A[A[A[A[A[A







Downloading [model-00001-of-00002.safetensors]:  35%|███▌      | 1.30G/3.71G [06:46<39:05, 1.10MB/s][A[A[A[A[A[A[A







Downloading [model-00001-of-00002.safetensors]:  35%|███▌      | 1.30G/3.71G [06:46<33:52, 1.27MB/s][A[A[A[A[A[A[A








Downloading [model-00002-of-00002.safetensors]:  35%|███▍      | 1.15G/3.28G [06:46<36:01, 1.06MB/s][A[A[A[A[A[A[A[A







Downloading [model-00001-of-00002.safetensors]:  35%|███▌      | 1.30G/3.71G [06:47<35:04, 1.23MB/s][A[A[A[A[A[A[A








Downloading [model-00002-of-00002.safetensors]:  35%|███▍      | 1.15G/3.28G [06:47<36:59, 1.03MB/s][A[A[A[A[A[A[A[A







Downloading [model-00001-of-00002.safetensors]:  35%|███▌      | 1.30G/3.71G [06:48<31:10, 1.38MB/s][A[A[A[A[A[A[A








Downloading [model-00002-of-00002.safetensors]:  35%|███▍      | 1.15G/3.28G [06:48<31:53, 1.20MB/s][A[A[A[A[A[A[A[A







Downloading [model-00001-of-00002.safetensors]:  35%|███▌      | 1.31G/3.71G [06:48<28:17, 1.52MB/s][A[A[A[A[A[A[A








Downloading [model-00002-of-00002.safetensors]:  35%|███▌      | 1.15G/3.28G [06:49<30:06, 1.27MB/s][A[A[A[A[A[A[A[A







Downloading [model-00001-of-00002.safetensors]:  35%|███▌      | 1.31G/3.71G [06:49<31:47, 1.35MB/s][A[A[A[A[A[A[A








Downloading [model-00002-of-00002.safetensors]:  35%|███▌      | 1.15G/3.28G [06:50<30:44, 1.24MB/s][A[A[A[A[A[A[A[A







Downloading [model-00001-of-00002.safetensors]:  35%|███▌      | 1.31G/3.71G [06:51<38:55, 1.10MB/s][A[A[A[A[A[A[A








Downloading [model-00002-of-00002.safetensors]:  35%|███▌      | 1.15G/3.28G [06:51<35:31, 1.07MB/s][A[A[A[A[A[A[A[A







Downloading [model-00001-of-00002.safetensors]:  35%|███▌      | 1.31G/3.71G [06:51<35:21, 1.21MB/s][A[A[A[A[A[A[A








Downloading [model-00002-of-00002.safetensors]:  35%|███▌      | 1.15G/3.28G [06:52<32:00, 1.19MB/s][A[A[A[A[A[A[A[A







Downloading [model-00001-of-00002.safetensors]:  35%|███▌      | 1.31G/3.71G [06:52<34:55, 1.23MB/s][A[A[A[A[A[A[A








Downloading [model-00002-of-00002.safetensors]:  35%|███▌      | 1.15G/3.28G [06:52<30:51, 1.24MB/s][A[A[A[A[A[A[A[A







Downloading [model-00001-of-00002.safetensors]:  35%|███▌      | 1.31G/3.71G [06:53<33:33, 1.28MB/s][A[A[A[A[A[A[A








Downloading [model-00002-of-00002.safetensors]:  35%|███▌      | 1.16G/3.28G [06:53<28:57, 1.32MB/s][A[A[A[A[A[A[A[A







Downloading [model-00001-of-00002.safetensors]:  35%|███▌      | 1.31G/3.71G [06:53<28:59, 1.48MB/s][A[A[A[A[A[A[A








Downloading [model-00002-of-00002.safetensors]:  35%|███▌      | 1.16G/3.28G [06:54<26:40, 1.43MB/s][A[A[A[A[A[A[A[A







Downloading [model-00001-of-00002.safetensors]:  35%|███▌      | 1.31G/3.71G [06:54<23:53, 1.80MB/s][A[A[A[A[A[A[A








Downloading [model-00002-of-00002.safetensors]:  35%|███▌      | 1.16G/3.28G [06:54<21:18, 1.79MB/s][A[A[A[A[A[A[A[A







Downloading [model-00001-of-00002.safetensors]:  35%|███▌      | 1.31G/3.71G [06:55<30:16, 1.42MB/s][A[A[A[A[A[A[A








Downloading [model-00002-of-00002.safetensors]:  35%|███▌      | 1.16G/3.28G [06:56<27:46, 1.37MB/s][A[A[A[A[A[A[A[A







Downloading [model-00001-of-00002.safetensors]:  35%|███▌      | 1.31G/3.71G [06:56<38:30, 1.11MB/s][A[A[A[A[A[A[A








Downloading [model-00002-of-00002.safetensors]:  35%|███▌      | 1.16G/3.28G [06:57<28:21, 1.34MB/s][A[A[A[A[A[A[A[A







Downloading [model-00001-of-00002.safetensors]:  35%|███▌      | 1.32G/3.71G [06:57<36:45, 1.17MB/s][A[A[A[A[A[A[A








Downloading [model-00002-of-00002.safetensors]:  35%|███▌      | 1.16G/3.28G [06:57<27:38, 1.37MB/s][A[A[A[A[A[A[A[A







Downloading [model-00001-of-00002.safetensors]:  35%|███▌      | 1.32G/3.71G [06:58<33:45, 1.27MB/s][A[A[A[A[A[A[A








Downloading [model-00002-of-00002.safetensors]:  35%|███▌      | 1.16G/3.28G [06:58<25:57, 1.46MB/s][A[A[A[A[A[A[A[A







Downloading [model-00001-of-00002.safetensors]:  36%|███▌      | 1.32G/3.71G [06:58<28:36, 1.50MB/s][A[A[A[A[A[A[A








Downloading [model-00002-of-00002.safetensors]:  35%|███▌      | 1.16G/3.28G [06:58<23:21, 1.63MB/s][A[A[A[A[A[A[A[A







Downloading [model-00001-of-00002.safetensors]:  36%|███▌      | 1.32G/3.71G [06:59<25:30, 1.68MB/s][A[A[A[A[A[A[A








Downloading [model-00002-of-00002.safetensors]:  35%|███▌      | 1.16G/3.28G [06:59<22:19, 1.70MB/s][A[A[A[A[A[A[A[A







Downloading [model-00001-of-00002.safetensors]:  36%|███▌      | 1.32G/3.71G [06:59<24:56, 1.71MB/s][A[A[A[A[A[A[A








Downloading [model-00002-of-00002.safetensors]:  35%|███▌      | 1.17G/3.28G [07:00<23:06, 1.64MB/s][A[A[A[A[A[A[A[A







Downloading [model-00001-of-00002.safetensors]:  36%|███▌      | 1.32G/3.71G [07:00<25:52, 1.65MB/s][A[A[A[A[A[A[A








Downloading [model-00002-of-00002.safetensors]:  36%|███▌      | 1.17G/3.28G [07:00<24:34, 1.54MB/s][A[A[A[A[A[A[A[A







Downloading [model-00001-of-00002.safetensors]:  36%|███▌      | 1.32G/3.71G [07:01<29:26, 1.45MB/s][A[A[A[A[A[A[A








Downloading [model-00002-of-00002.safetensors]:  36%|███▌      | 1.17G/3.28G [07:01<23:07, 1.64MB/s][A[A[A[A[A[A[A[A







Downloading [model-00001-of-00002.safetensors]:  36%|███▌      | 1.32G/3.71G [07:01<26:06, 1.64MB/s][A[A[A[A[A[A[A








Downloading [model-00002-of-00002.safetensors]:  36%|███▌      | 1.17G/3.28G [07:01<20:23, 1.86MB/s][A[A[A[A[A[A[A[A







Downloading [model-00001-of-00002.safetensors]:  36%|███▌      | 1.32G/3.71G [07:02<22:18, 1.91MB/s][A[A[A[A[A[A[A








Downloading [model-00002-of-00002.safetensors]:  36%|███▌      | 1.17G/3.28G [07:02<17:11, 2.20MB/s][A[A[A[A[A[A[A[A







Downloading [model-00001-of-00002.safetensors]:  36%|███▌      | 1.32G/3.71G [07:02<20:30, 2.08MB/s][A[A[A[A[A[A[A








Downloading [model-00002-of-00002.safetensors]:  36%|███▌      | 1.17G/3.28G [07:02<16:51, 2.25MB/s][A[A[A[A[A[A[A[A







Downloading [model-00001-of-00002.safetensors]:  36%|███▌      | 1.33G/3.71G [07:03<22:03, 1.93MB/s][A[A[A[A[A[A[A








Downloading [model-00002-of-00002.safetensors]:  36%|███▌      | 1.17G/3.28G [07:03<22:15, 1.70MB/s][A[A[A[A[A[A[A[A







Downloading [model-00001-of-00002.safetensors]:  36%|███▌      | 1.33G/3.71G [07:03<24:16, 1.76MB/s][A[A[A[A[A[A[A








Downloading [model-00002-of-00002.safetensors]:  36%|███▌      | 1.17G/3.28G [07:04<26:19, 1.44MB/s][A[A[A[A[A[A[A[A







Downloading [model-00001-of-00002.safetensors]:  36%|███▌      | 1.33G/3.71G [07:04<30:30, 1.40MB/s][A[A[A[A[A[A[A








Downloading [model-00002-of-00002.safetensors]:  36%|███▌      | 1.17G/3.28G [07:05<26:06, 1.45MB/s][A[A[A[A[A[A[A[A







Downloading [model-00001-of-00002.safetensors]:  36%|███▌      | 1.33G/3.71G [07:05<31:03, 1.37MB/s][A[A[A[A[A[A[A








Downloading [model-00002-of-00002.safetensors]:  36%|███▌      | 1.17G/3.28G [07:05<23:57, 1.58MB/s][A[A[A[A[A[A[A[A







Downloading [model-00001-of-00002.safetensors]:  36%|███▌      | 1.33G/3.71G [07:06<28:16, 1.51MB/s][A[A[A[A[A[A[A








Downloading [model-00002-of-00002.safetensors]:  36%|███▌      | 1.17G/3.28G [07:06<22:41, 1.66MB/s][A[A[A[A[A[A[A[A







Downloading [model-00001-of-00002.safetensors]:  36%|███▌      | 1.33G/3.71G [07:06<24:55, 1.71MB/s][A[A[A[A[A[A[A








Downloading [model-00002-of-00002.safetensors]:  36%|███▌      | 1.18G/3.28G [07:06<20:42, 1.82MB/s][A[A[A[A[A[A[A[A







Downloading [model-00001-of-00002.safetensors]:  36%|███▌      | 1.33G/3.71G [07:07<22:04, 1.93MB/s][A[A[A[A[A[A[A








Downloading [model-00002-of-00002.safetensors]:  36%|███▌      | 1.18G/3.28G [07:07<17:44, 2.13MB/s][A[A[A[A[A[A[A[A








Downloading [model-00002-of-00002.safetensors]:  36%|███▌      | 1.18G/3.28G [07:07<14:44, 2.56MB/s][A[A[A[A[A[A[A[A







Downloading [model-00001-of-00002.safetensors]:  36%|███▌      | 1.33G/3.71G [07:07<18:35, 2.29MB/s][A[A[A[A[A[A[A








Downloading [model-00002-of-00002.safetensors]:  36%|███▌      | 1.18G/3.28G [07:07<14:26, 2.61MB/s][A[A[A[A[A[A[A[A







Downloading [model-00001-of-00002.safetensors]:  36%|███▌      | 1.33G/3.71G [07:07<19:37, 2.17MB/s][A[A[A[A[A[A[A








Downloading [model-00002-of-00002.safetensors]:  36%|███▌      | 1.18G/3.28G [07:08<15:00, 2.51MB/s][A[A[A[A[A[A[A[A







Downloading [model-00001-of-00002.safetensors]:  36%|███▌      | 1.33G/3.71G [07:08<20:12, 2.10MB/s][A[A[A[A[A[A[A








Downloading [model-00002-of-00002.safetensors]:  36%|███▌      | 1.18G/3.28G [07:08<14:36, 2.58MB/s][A[A[A[A[A[A[A[A







Downloading [model-00001-of-00002.safetensors]:  36%|███▌      | 1.33G/3.71G [07:08<17:20, 2.45MB/s][A[A[A[A[A[A[A








Downloading [model-00002-of-00002.safetensors]:  36%|███▌      | 1.18G/3.28G [07:08<12:38, 2.98MB/s][A[A[A[A[A[A[A[A







Downloading [model-00001-of-00002.safetensors]:  36%|███▌      | 1.34G/3.71G [07:08<14:20, 2.96MB/s][A[A[A[A[A[A[A








Downloading [model-00002-of-00002.safetensors]:  36%|███▌      | 1.18G/3.28G [07:08<11:02, 3.41MB/s][A[A[A[A[A[A[A[A







Downloading [model-00001-of-00002.safetensors]:  36%|███▌      | 1.34G/3.71G [07:08<12:19, 3.45MB/s][A[A[A[A[A[A[A







Downloading [model-00001-of-00002.safetensors]:  36%|███▌      | 1.34G/3.71G [07:09<14:16, 2.97MB/s][A[A[A[A[A[A[A








Downloading [model-00002-of-00002.safetensors]:  36%|███▌      | 1.18G/3.28G [07:09<15:02, 2.50MB/s][A[A[A[A[A[A[A[A







Downloading [model-00001-of-00002.safetensors]:  36%|███▌      | 1.34G/3.71G [07:09<14:42, 2.88MB/s][A[A[A[A[A[A[A








Downloading [model-00002-of-00002.safetensors]:  36%|███▌      | 1.18G/3.28G [07:09<15:03, 2.49MB/s][A[A[A[A[A[A[A[A








Downloading [model-00002-of-00002.safetensors]:  36%|███▌      | 1.19G/3.28G [07:10<13:55, 2.70MB/s][A[A[A[A[A[A[A[A








Downloading [model-00002-of-00002.safetensors]:  36%|███▌      | 1.19G/3.28G [07:10<12:12, 3.07MB/s][A[A[A[A[A[A[A[A








Downloading [model-00002-of-00002.safetensors]:  36%|███▌      | 1.19G/3.28G [07:11<14:17, 2.63MB/s][A[A[A[A[A[A[A[A








Downloading [model-00002-of-00002.safetensors]:  36%|███▌      | 1.19G/3.28G [07:11<12:59, 2.89MB/s][A[A[A[A[A[A[A[A








Downloading [model-00002-of-00002.safetensors]:  36%|███▌      | 1.19G/3.28G [07:11<11:35, 3.24MB/s][A[A[A[A[A[A[A[A








Downloading [model-00002-of-00002.safetensors]:  36%|███▌      | 1.19G/3.28G [07:12<13:02, 2.87MB/s][A[A[A[A[A[A[A[A








Downloading [model-00002-of-00002.safetensors]:  36%|███▋      | 1.19G/3.28G [07:12<14:34, 2.57MB/s][A[A[A[A[A[A[A[A








Downloading [model-00002-of-00002.safetensors]:  36%|███▋      | 1.19G/3.28G [07:12<13:31, 2.77MB/s][A[A[A[A[A[A[A[A








Downloading [model-00002-of-00002.safetensors]:  36%|███▋      | 1.19G/3.28G [07:13<13:34, 2.76MB/s][A[A[A[A[A[A[A[A








Downloading [model-00002-of-00002.safetensors]:  36%|███▋      | 1.19G/3.28G [07:13<12:46, 2.93MB/s][A[A[A[A[A[A[A[A








Downloading [model-00002-of-00002.safetensors]:  36%|███▋      | 1.20G/3.28G [07:13<11:08, 3.36MB/s][A[A[A[A[A[A[A[A








Downloading [model-00002-of-00002.safetensors]:  36%|███▋      | 1.20G/3.28G [07:14<11:00, 3.39MB/s][A[A[A[A[A[A[A[A








Downloading [model-00002-of-00002.safetensors]:  36%|███▋      | 1.20G/3.28G [07:14<11:54, 3.14MB/s][A[A[A[A[A[A[A[A








Downloading [model-00002-of-00002.safetensors]:  36%|███▋      | 1.20G/3.28G [07:14<10:50, 3.44MB/s][A[A[A[A[A[A[A[A








Downloading [model-00002-of-00002.safetensors]:  37%|███▋      | 1.20G/3.28G [07:15<11:01, 3.38MB/s][A[A[A[A[A[A[A[A








Downloading [model-00002-of-00002.safetensors]:  37%|███▋      | 1.20G/3.28G [07:15<08:25, 4.42MB/s][A[A[A[A[A[A[A[A








Downloading [model-00002-of-00002.safetensors]:  37%|███▋      | 1.20G/3.28G [07:15<09:24, 3.96MB/s][A[A[A[A[A[A[A[A








Downloading [model-00002-of-00002.safetensors]:  37%|███▋      | 1.20G/3.28G [07:16<11:21, 3.28MB/s][A[A[A[A[A[A[A[A







Downloading [model-00001-of-00002.safetensors]:  36%|███▌      | 1.34G/3.71G [07:16<1:33:49, 452kB/s][A[A[A[A[A[A[A








Downloading [model-00002-of-00002.safetensors]:  37%|███▋      | 1.20G/3.28G [07:16<14:32, 2.56MB/s][A[A[A[A[A[A[A[A







Downloading [model-00001-of-00002.safetensors]:  36%|███▌      | 1.34G/3.71G [07:17<1:09:46, 607kB/s][A[A[A[A[A[A[A








Downloading [model-00002-of-00002.safetensors]:  37%|███▋      | 1.21G/3.28G [07:17<13:58, 2.66MB/s][A[A[A[A[A[A[A[A







Downloading [model-00001-of-00002.safetensors]:  36%|███▌      | 1.34G/3.71G [07:17<51:20, 825kB/s]  [A[A[A[A[A[A[A








Downloading [model-00002-of-00002.safetensors]:  37%|███▋      | 1.21G/3.28G [07:17<12:34, 2.96MB/s][A[A[A[A[A[A[A[A







Downloading [model-00001-of-00002.safetensors]:  36%|███▌      | 1.34G/3.71G [07:17<40:25, 1.05MB/s][A[A[A[A[A[A[A








Downloading [model-00002-of-00002.safetensors]:  37%|███▋      | 1.21G/3.28G [07:17<11:43, 3.17MB/s][A[A[A[A[A[A[A[A








Downloading [model-00002-of-00002.safetensors]:  37%|███▋      | 1.21G/3.28G [07:17<10:59, 3.38MB/s][A[A[A[A[A[A[A[A







Downloading [model-00001-of-00002.safetensors]:  36%|███▌      | 1.34G/3.71G [07:17<32:21, 1.31MB/s][A[A[A[A[A[A[A








Downloading [model-00002-of-00002.safetensors]:  37%|███▋      | 1.21G/3.28G [07:18<10:12, 3.64MB/s][A[A[A[A[A[A[A[A







Downloading [model-00001-of-00002.safetensors]:  36%|███▋      | 1.34G/3.71G [07:18<25:44, 1.64MB/s][A[A[A[A[A[A[A








Downloading [model-00002-of-00002.safetensors]:  37%|███▋      | 1.21G/3.28G [07:18<09:48, 3.79MB/s][A[A[A[A[A[A[A[A







Downloading [model-00001-of-00002.safetensors]:  36%|███▋      | 1.35G/3.71G [07:18<20:22, 2.08MB/s][A[A[A[A[A[A[A







Downloading [model-00001-of-00002.safetensors]:  36%|███▋      | 1.35G/3.71G [07:18<16:10, 2.61MB/s][A[A[A[A[A[A[A








Downloading [model-00002-of-00002.safetensors]:  37%|███▋      | 1.21G/3.28G [07:18<08:51, 4.19MB/s][A[A[A[A[A[A[A[A







Downloading [model-00001-of-00002.safetensors]:  36%|███▋      | 1.35G/3.71G [07:18<13:09, 3.21MB/s][A[A[A[A[A[A[A








Downloading [model-00002-of-00002.safetensors]:  37%|███▋      | 1.21G/3.28G [07:18<08:13, 4.50MB/s][A[A[A[A[A[A[A[A







Downloading [model-00001-of-00002.safetensors]:  36%|███▋      | 1.35G/3.71G [07:18<11:28, 3.68MB/s][A[A[A[A[A[A[A








Downloading [model-00002-of-00002.safetensors]:  37%|███▋      | 1.21G/3.28G [07:19<08:47, 4.22MB/s][A[A[A[A[A[A[A[A







Downloading [model-00001-of-00002.safetensors]:  36%|███▋      | 1.35G/3.71G [07:19<10:11, 4.15MB/s][A[A[A[A[A[A[A








Downloading [model-00002-of-00002.safetensors]:  37%|███▋      | 1.21G/3.28G [07:19<08:53, 4.16MB/s][A[A[A[A[A[A[A[A







Downloading [model-00001-of-00002.safetensors]:  36%|███▋      | 1.35G/3.71G [07:19<10:12, 4.13MB/s][A[A[A[A[A[A[A








Downloading [model-00002-of-00002.safetensors]:  37%|███▋      | 1.21G/3.28G [07:19<09:30, 3.89MB/s][A[A[A[A[A[A[A[A







Downloading [model-00001-of-00002.safetensors]:  36%|███▋      | 1.35G/3.71G [07:19<12:13, 3.45MB/s][A[A[A[A[A[A[A








Downloading [model-00002-of-00002.safetensors]:  37%|███▋      | 1.22G/3.28G [07:20<12:19, 3.00MB/s][A[A[A[A[A[A[A[A







Downloading [model-00001-of-00002.safetensors]:  36%|███▋      | 1.35G/3.71G [07:20<14:09, 2.98MB/s][A[A[A[A[A[A[A








Downloading [model-00002-of-00002.safetensors]:  37%|███▋      | 1.22G/3.28G [07:20<11:16, 3.28MB/s][A[A[A[A[A[A[A[A







Downloading [model-00001-of-00002.safetensors]:  36%|███▋      | 1.35G/3.71G [07:20<12:43, 3.31MB/s][A[A[A[A[A[A[A








Downloading [model-00002-of-00002.safetensors]:  37%|███▋      | 1.22G/3.28G [07:20<10:55, 3.39MB/s][A[A[A[A[A[A[A[A







Downloading [model-00001-of-00002.safetensors]:  37%|███▋      | 1.35G/3.71G [07:20<11:55, 3.53MB/s][A[A[A[A[A[A[A







Downloading [model-00001-of-00002.safetensors]:  37%|███▋      | 1.36G/3.71G [07:21<11:41, 3.60MB/s][A[A[A[A[A[A[A








Downloading [model-00002-of-00002.safetensors]:  37%|███▋      | 1.22G/3.28G [07:21<12:43, 2.90MB/s][A[A[A[A[A[A[A[A







Downloading [model-00001-of-00002.safetensors]:  37%|███▋      | 1.36G/3.71G [07:21<11:09, 3.77MB/s][A[A[A[A[A[A[A







Downloading [model-00001-of-00002.safetensors]:  37%|███▋      | 1.36G/3.71G [07:21<10:27, 4.02MB/s][A[A[A[A[A[A[A








Downloading [model-00002-of-00002.safetensors]:  37%|███▋      | 1.22G/3.28G [07:21<13:57, 2.65MB/s][A[A[A[A[A[A[A[A







Downloading [model-00001-of-00002.safetensors]:  37%|███▋      | 1.36G/3.71G [07:21<10:32, 3.99MB/s][A[A[A[A[A[A[A







Downloading [model-00001-of-00002.safetensors]:  37%|███▋      | 1.36G/3.71G [07:21<09:48, 4.29MB/s][A[A[A[A[A[A[A








Downloading [model-00002-of-00002.safetensors]:  37%|███▋      | 1.22G/3.28G [07:22<13:22, 2.76MB/s][A[A[A[A[A[A[A[A







Downloading [model-00001-of-00002.safetensors]:  37%|███▋      | 1.36G/3.71G [07:22<08:54, 4.72MB/s][A[A[A[A[A[A[A








Downloading [model-00002-of-00002.safetensors]:  37%|███▋      | 1.22G/3.28G [07:22<12:07, 3.04MB/s][A[A[A[A[A[A[A[A







Downloading [model-00001-of-00002.safetensors]:  37%|███▋      | 1.36G/3.71G [07:22<09:07, 4.61MB/s][A[A[A[A[A[A[A








Downloading [model-00002-of-00002.safetensors]:  37%|███▋      | 1.22G/3.28G [07:22<11:30, 3.21MB/s][A[A[A[A[A[A[A[A







Downloading [model-00001-of-00002.safetensors]:  37%|███▋      | 1.36G/3.71G [07:22<10:14, 4.10MB/s][A[A[A[A[A[A[A








Downloading [model-00002-of-00002.safetensors]:  37%|███▋      | 1.22G/3.28G [07:22<11:12, 3.29MB/s][A[A[A[A[A[A[A[A







Downloading [model-00001-of-00002.safetensors]:  37%|███▋      | 1.36G/3.71G [07:22<10:16, 4.09MB/s][A[A[A[A[A[A[A







Downloading [model-00001-of-00002.safetensors]:  37%|███▋      | 1.36G/3.71G [07:23<09:45, 4.30MB/s][A[A[A[A[A[A[A








Downloading [model-00002-of-00002.safetensors]:  37%|███▋      | 1.22G/3.28G [07:23<11:12, 3.29MB/s][A[A[A[A[A[A[A[A







Downloading [model-00001-of-00002.safetensors]:  37%|███▋      | 1.37G/3.71G [07:23<09:54, 4.23MB/s][A[A[A[A[A[A[A








Downloading [model-00002-of-00002.safetensors]:  37%|███▋      | 1.23G/3.28G [07:23<11:07, 3.31MB/s][A[A[A[A[A[A[A[A







Downloading [model-00001-of-00002.safetensors]:  37%|███▋      | 1.37G/3.71G [07:23<13:22, 3.14MB/s][A[A[A[A[A[A[A








Downloading [model-00002-of-00002.safetensors]:  37%|███▋      | 1.23G/3.28G [07:24<17:47, 2.07MB/s][A[A[A[A[A[A[A[A







Downloading [model-00001-of-00002.safetensors]:  37%|███▋      | 1.37G/3.71G [07:24<17:46, 2.36MB/s][A[A[A[A[A[A[A








Downloading [model-00002-of-00002.safetensors]:  37%|███▋      | 1.23G/3.28G [07:24<15:43, 2.34MB/s][A[A[A[A[A[A[A[A







Downloading [model-00001-of-00002.safetensors]:  37%|███▋      | 1.37G/3.71G [07:24<16:19, 2.57MB/s][A[A[A[A[A[A[A








Downloading [model-00002-of-00002.safetensors]:  37%|███▋      | 1.23G/3.28G [07:25<15:16, 2.41MB/s][A[A[A[A[A[A[A[A







Downloading [model-00001-of-00002.safetensors]:  37%|███▋      | 1.37G/3.71G [07:25<16:13, 2.58MB/s][A[A[A[A[A[A[A








Downloading [model-00002-of-00002.safetensors]:  37%|███▋      | 1.23G/3.28G [07:25<15:07, 2.43MB/s][A[A[A[A[A[A[A[A








Downloading [model-00002-of-00002.safetensors]:  37%|███▋      | 1.23G/3.28G [07:25<12:46, 2.88MB/s][A[A[A[A[A[A[A[A







Downloading [model-00001-of-00002.safetensors]:  37%|███▋      | 1.37G/3.71G [07:25<12:37, 3.31MB/s][A[A[A[A[A[A[A








Downloading [model-00002-of-00002.safetensors]:  37%|███▋      | 1.23G/3.28G [07:25<11:05, 3.31MB/s][A[A[A[A[A[A[A[A







Downloading [model-00001-of-00002.safetensors]:  37%|███▋      | 1.37G/3.71G [07:26<14:19, 2.92MB/s][A[A[A[A[A[A[A








Downloading [model-00002-of-00002.safetensors]:  38%|███▊      | 1.23G/3.28G [07:26<11:24, 3.22MB/s][A[A[A[A[A[A[A[A







Downloading [model-00001-of-00002.safetensors]:  37%|███▋      | 1.37G/3.71G [07:26<13:54, 3.00MB/s][A[A[A[A[A[A[A








Downloading [model-00002-of-00002.safetensors]:  38%|███▊      | 1.23G/3.28G [07:26<13:53, 2.64MB/s][A[A[A[A[A[A[A[A







Downloading [model-00001-of-00002.safetensors]:  37%|███▋      | 1.37G/3.71G [07:28<28:07, 1.49MB/s][A[A[A[A[A[A[A








Downloading [model-00002-of-00002.safetensors]:  38%|███▊      | 1.23G/3.28G [07:28<23:58, 1.53MB/s][A[A[A[A[A[A[A[A








Downloading [model-00002-of-00002.safetensors]:  38%|███▊      | 1.24G/3.28G [07:28<23:00, 1.59MB/s][A[A[A[A[A[A[A[A







Downloading [model-00001-of-00002.safetensors]:  37%|███▋      | 1.38G/3.71G [07:29<19:19, 2.16MB/s][A[A[A[A[A[A[A







Downloading [model-00001-of-00002.safetensors]:  37%|███▋      | 1.38G/3.71G [07:29<22:01, 1.89MB/s][A[A[A[A[A[A[A







Downloading [model-00001-of-00002.safetensors]:  37%|███▋      | 1.38G/3.71G [07:30<15:21, 2.71MB/s][A[A[A[A[A[A[A








Downloading [model-00002-of-00002.safetensors]:  38%|███▊      | 1.24G/3.28G [07:30<31:26, 1.17MB/s][A[A[A[A[A[A[A[A







Downloading [model-00001-of-00002.safetensors]:  37%|███▋      | 1.38G/3.71G [07:30<11:17, 3.69MB/s][A[A[A[A[A[A[A







Downloading [model-00001-of-00002.safetensors]:  37%|███▋      | 1.38G/3.71G [07:30<08:50, 4.71MB/s][A[A[A[A[A[A[A








Downloading [model-00002-of-00002.safetensors]:  38%|███▊      | 1.24G/3.28G [07:30<26:31, 1.38MB/s][A[A[A[A[A[A[A[A







Downloading [model-00001-of-00002.safetensors]:  37%|███▋      | 1.38G/3.71G [07:30<09:01, 4.61MB/s][A[A[A[A[A[A[A








Downloading [model-00002-of-00002.safetensors]:  38%|███▊      | 1.24G/3.28G [07:30<20:49, 1.76MB/s][A[A[A[A[A[A[A[A







Downloading [model-00001-of-00002.safetensors]:  37%|███▋      | 1.39G/3.71G [07:31<06:21, 6.52MB/s][A[A[A[A[A[A[A







Downloading [model-00001-of-00002.safetensors]:  38%|███▊      | 1.39G/3.71G [07:31<05:51, 7.08MB/s][A[A[A[A[A[A[A







Downloading [model-00001-of-00002.safetensors]:  38%|███▊      | 1.39G/3.71G [07:31<06:09, 6.72MB/s][A[A[A[A[A[A[A








Downloading [model-00002-of-00002.safetensors]:  38%|███▊      | 1.24G/3.28G [07:31<24:53, 1.47MB/s][A[A[A[A[A[A[A[A







Downloading [model-00001-of-00002.safetensors]:  38%|███▊      | 1.39G/3.71G [07:32<07:09, 5.79MB/s][A[A[A[A[A[A[A








Downloading [model-00002-of-00002.safetensors]:  38%|███▊      | 1.24G/3.28G [07:32<15:46, 2.32MB/s][A[A[A[A[A[A[A[A







Downloading [model-00001-of-00002.safetensors]:  38%|███▊      | 1.39G/3.71G [07:32<07:28, 5.54MB/s][A[A[A[A[A[A[A








Downloading [model-00002-of-00002.safetensors]:  38%|███▊      | 1.24G/3.28G [07:32<13:27, 2.72MB/s][A[A[A[A[A[A[A[A








Downloading [model-00002-of-00002.safetensors]:  38%|███▊      | 1.24G/3.28G [07:32<11:22, 3.21MB/s][A[A[A[A[A[A[A[A







Downloading [model-00001-of-00002.safetensors]:  38%|███▊      | 1.40G/3.71G [07:32<08:55, 4.64MB/s][A[A[A[A[A[A[A







Downloading [model-00001-of-00002.safetensors]:  38%|███▊      | 1.40G/3.71G [07:32<08:30, 4.86MB/s][A[A[A[A[A[A[A







Downloading [model-00001-of-00002.safetensors]:  38%|███▊      | 1.40G/3.71G [07:33<08:04, 5.12MB/s][A[A[A[A[A[A[A








Downloading [model-00002-of-00002.safetensors]:  38%|███▊      | 1.24G/3.28G [07:33<12:31, 2.91MB/s][A[A[A[A[A[A[A[A







Downloading [model-00001-of-00002.safetensors]:  38%|███▊      | 1.40G/3.71G [07:33<04:31, 9.13MB/s][A[A[A[A[A[A[A








Downloading [model-00002-of-00002.safetensors]:  38%|███▊      | 1.25G/3.28G [07:33<10:35, 3.45MB/s][A[A[A[A[A[A[A[A








Downloading [model-00002-of-00002.safetensors]:  38%|███▊      | 1.25G/3.28G [07:33<09:24, 3.88MB/s][A[A[A[A[A[A[A[A







Downloading [model-00001-of-00002.safetensors]:  38%|███▊      | 1.40G/3.71G [07:33<05:07, 8.05MB/s][A[A[A[A[A[A[A








Downloading [model-00002-of-00002.safetensors]:  38%|███▊      | 1.25G/3.28G [07:33<06:52, 5.30MB/s][A[A[A[A[A[A[A[A








Downloading [model-00002-of-00002.safetensors]:  38%|███▊      | 1.25G/3.28G [07:33<06:43, 5.42MB/s][A[A[A[A[A[A[A[A








Downloading [model-00002-of-00002.safetensors]:  38%|███▊      | 1.25G/3.28G [07:33<06:30, 5.59MB/s][A[A[A[A[A[A[A[A








Downloading [model-00002-of-00002.safetensors]:  38%|███▊      | 1.25G/3.28G [07:34<04:54, 7.42MB/s][A[A[A[A[A[A[A[A








Downloading [model-00002-of-00002.safetensors]:  38%|███▊      | 1.25G/3.28G [07:34<04:35, 7.93MB/s][A[A[A[A[A[A[A[A








Downloading [model-00002-of-00002.safetensors]:  38%|███▊      | 1.25G/3.28G [07:34<03:59, 9.10MB/s][A[A[A[A[A[A[A[A








Downloading [model-00002-of-00002.safetensors]:  38%|███▊      | 1.26G/3.28G [07:34<03:29, 10.4MB/s][A[A[A[A[A[A[A[A







Downloading [model-00001-of-00002.safetensors]:  38%|███▊      | 1.40G/3.71G [07:34<11:14, 3.67MB/s][A[A[A[A[A[A[A








Downloading [model-00002-of-00002.safetensors]:  38%|███▊      | 1.26G/3.28G [07:34<03:27, 10.5MB/s][A[A[A[A[A[A[A[A








Downloading [model-00002-of-00002.safetensors]:  38%|███▊      | 1.26G/3.28G [07:34<03:41, 9.80MB/s][A[A[A[A[A[A[A[A







Downloading [model-00001-of-00002.safetensors]:  38%|███▊      | 1.41G/3.71G [07:35<11:47, 3.50MB/s][A[A[A[A[A[A[A








Downloading [model-00002-of-00002.safetensors]:  38%|███▊      | 1.26G/3.28G [07:35<03:44, 9.67MB/s][A[A[A[A[A[A[A[A








Downloading [model-00002-of-00002.safetensors]:  38%|███▊      | 1.26G/3.28G [07:35<03:43, 9.71MB/s][A[A[A[A[A[A[A[A








Downloading [model-00002-of-00002.safetensors]:  38%|███▊      | 1.26G/3.28G [07:35<03:44, 9.66MB/s][A[A[A[A[A[A[A[A







Downloading [model-00001-of-00002.safetensors]:  38%|███▊      | 1.41G/3.71G [07:35<12:36, 3.27MB/s][A[A[A[A[A[A[A








Downloading [model-00002-of-00002.safetensors]:  39%|███▊      | 1.26G/3.28G [07:35<06:21, 5.68MB/s][A[A[A[A[A[A[A[A







Downloading [model-00001-of-00002.safetensors]:  38%|███▊      | 1.41G/3.71G [07:35<12:53, 3.20MB/s][A[A[A[A[A[A[A








Downloading [model-00002-of-00002.safetensors]:  39%|███▊      | 1.27G/3.28G [07:36<07:23, 4.88MB/s][A[A[A[A[A[A[A[A







Downloading [model-00001-of-00002.safetensors]:  38%|███▊      | 1.41G/3.71G [07:36<13:16, 3.10MB/s][A[A[A[A[A[A[A








Downloading [model-00002-of-00002.safetensors]:  39%|███▊      | 1.27G/3.28G [07:36<08:25, 4.29MB/s][A[A[A[A[A[A[A[A







Downloading [model-00001-of-00002.safetensors]:  38%|███▊      | 1.41G/3.71G [07:36<12:58, 3.17MB/s][A[A[A[A[A[A[A








Downloading [model-00002-of-00002.safetensors]:  39%|███▊      | 1.27G/3.28G [07:36<09:29, 3.80MB/s][A[A[A[A[A[A[A[A







Downloading [model-00001-of-00002.safetensors]:  38%|███▊      | 1.41G/3.71G [07:36<13:49, 2.98MB/s][A[A[A[A[A[A[A








Downloading [model-00002-of-00002.safetensors]:  39%|███▊      | 1.27G/3.28G [07:37<09:56, 3.63MB/s][A[A[A[A[A[A[A[A







Downloading [model-00001-of-00002.safetensors]:  38%|███▊      | 1.41G/3.71G [07:37<15:30, 2.65MB/s][A[A[A[A[A[A[A








Downloading [model-00002-of-00002.safetensors]:  39%|███▊      | 1.27G/3.28G [07:37<10:27, 3.45MB/s][A[A[A[A[A[A[A[A








Downloading [model-00002-of-00002.safetensors]:  39%|███▊      | 1.27G/3.28G [07:37<10:01, 3.59MB/s][A[A[A[A[A[A[A[A







Downloading [model-00001-of-00002.safetensors]:  38%|███▊      | 1.41G/3.71G [07:37<15:06, 2.72MB/s][A[A[A[A[A[A[A








Downloading [model-00002-of-00002.safetensors]:  39%|███▊      | 1.27G/3.28G [07:37<09:32, 3.78MB/s][A[A[A[A[A[A[A[A







Downloading [model-00001-of-00002.safetensors]:  38%|███▊      | 1.41G/3.71G [07:38<15:10, 2.71MB/s][A[A[A[A[A[A[A








Downloading [model-00002-of-00002.safetensors]:  39%|███▊      | 1.27G/3.28G [07:38<09:06, 3.96MB/s][A[A[A[A[A[A[A[A








Downloading [model-00002-of-00002.safetensors]:  39%|███▉      | 1.27G/3.28G [07:38<09:43, 3.70MB/s][A[A[A[A[A[A[A[A







Downloading [model-00001-of-00002.safetensors]:  38%|███▊      | 1.41G/3.71G [07:38<16:18, 2.52MB/s][A[A[A[A[A[A[A








Downloading [model-00002-of-00002.safetensors]:  39%|███▉      | 1.27G/3.28G [07:38<10:41, 3.37MB/s][A[A[A[A[A[A[A[A







Downloading [model-00001-of-00002.safetensors]:  38%|███▊      | 1.42G/3.71G [07:39<16:40, 2.46MB/s][A[A[A[A[A[A[A








Downloading [model-00002-of-00002.safetensors]:  39%|███▉      | 1.28G/3.28G [07:39<11:10, 3.22MB/s][A[A[A[A[A[A[A[A







Downloading [model-00001-of-00002.safetensors]:  38%|███▊      | 1.42G/3.71G [07:39<15:55, 2.58MB/s][A[A[A[A[A[A[A








Downloading [model-00002-of-00002.safetensors]:  39%|███▉      | 1.28G/3.28G [07:39<10:12, 3.52MB/s][A[A[A[A[A[A[A[A








Downloading [model-00002-of-00002.safetensors]:  39%|███▉      | 1.28G/3.28G [07:39<09:52, 3.64MB/s][A[A[A[A[A[A[A[A







Downloading [model-00001-of-00002.safetensors]:  38%|███▊      | 1.42G/3.71G [07:39<16:20, 2.51MB/s][A[A[A[A[A[A[A








Downloading [model-00002-of-00002.safetensors]:  39%|███▉      | 1.28G/3.28G [07:40<10:34, 3.40MB/s][A[A[A[A[A[A[A[A








Downloading [model-00002-of-00002.safetensors]:  39%|███▉      | 1.28G/3.28G [07:40<09:12, 3.90MB/s][A[A[A[A[A[A[A[A







Downloading [model-00001-of-00002.safetensors]:  38%|███▊      | 1.42G/3.71G [07:40<16:29, 2.49MB/s][A[A[A[A[A[A[A








Downloading [model-00002-of-00002.safetensors]:  39%|███▉      | 1.28G/3.28G [07:40<08:12, 4.37MB/s][A[A[A[A[A[A[A[A







Downloading [model-00001-of-00002.safetensors]:  38%|███▊      | 1.42G/3.71G [07:40<15:04, 2.72MB/s][A[A[A[A[A[A[A








Downloading [model-00002-of-00002.safetensors]:  39%|███▉      | 1.28G/3.28G [07:40<08:08, 4.40MB/s][A[A[A[A[A[A[A[A








Downloading [model-00002-of-00002.safetensors]:  39%|███▉      | 1.28G/3.28G [07:40<09:12, 3.89MB/s][A[A[A[A[A[A[A[A







Downloading [model-00001-of-00002.safetensors]:  38%|███▊      | 1.42G/3.71G [07:41<15:28, 2.65MB/s][A[A[A[A[A[A[A








Downloading [model-00002-of-00002.safetensors]:  39%|███▉      | 1.28G/3.28G [07:41<11:26, 3.13MB/s][A[A[A[A[A[A[A[A







Downloading [model-00001-of-00002.safetensors]:  38%|███▊      | 1.42G/3.71G [07:41<16:13, 2.52MB/s][A[A[A[A[A[A[A







Downloading [model-00001-of-00002.safetensors]:  38%|███▊      | 1.42G/3.71G [07:41<15:41, 2.61MB/s][A[A[A[A[A[A[A








Downloading [model-00002-of-00002.safetensors]:  39%|███▉      | 1.28G/3.28G [07:41<12:35, 2.84MB/s][A[A[A[A[A[A[A[A







Downloading [model-00001-of-00002.safetensors]:  38%|███▊      | 1.42G/3.71G [07:42<14:43, 2.78MB/s][A[A[A[A[A[A[A








Downloading [model-00002-of-00002.safetensors]:  39%|███▉      | 1.29G/3.28G [07:42<13:25, 2.67MB/s][A[A[A[A[A[A[A[A







Downloading [model-00001-of-00002.safetensors]:  38%|███▊      | 1.42G/3.71G [07:42<13:24, 3.05MB/s][A[A[A[A[A[A[A







Downloading [model-00001-of-00002.safetensors]:  38%|███▊      | 1.42G/3.71G [07:42<12:40, 3.23MB/s][A[A[A[A[A[A[A








Downloading [model-00002-of-00002.safetensors]:  39%|███▉      | 1.29G/3.28G [07:42<13:29, 2.65MB/s][A[A[A[A[A[A[A[A







Downloading [model-00001-of-00002.safetensors]:  38%|███▊      | 1.43G/3.71G [07:42<11:34, 3.53MB/s][A[A[A[A[A[A[A








Downloading [model-00002-of-00002.safetensors]:  39%|███▉      | 1.29G/3.28G [07:43<12:21, 2.89MB/s][A[A[A[A[A[A[A[A







Downloading [model-00001-of-00002.safetensors]:  38%|███▊      | 1.43G/3.71G [07:43<10:12, 4.00MB/s][A[A[A[A[A[A[A








Downloading [model-00002-of-00002.safetensors]:  39%|███▉      | 1.29G/3.28G [07:43<10:43, 3.33MB/s][A[A[A[A[A[A[A[A







Downloading [model-00001-of-00002.safetensors]:  38%|███▊      | 1.43G/3.71G [07:43<09:10, 4.45MB/s][A[A[A[A[A[A[A







Downloading [model-00001-of-00002.safetensors]:  39%|███▊      | 1.43G/3.71G [07:43<08:01, 5.09MB/s][A[A[A[A[A[A[A








Downloading [model-00002-of-00002.safetensors]:  39%|███▉      | 1.29G/3.28G [07:43<09:36, 3.71MB/s][A[A[A[A[A[A[A[A







Downloading [model-00001-of-00002.safetensors]:  39%|███▊      | 1.43G/3.71G [07:43<07:06, 5.74MB/s][A[A[A[A[A[A[A








Downloading [model-00002-of-00002.safetensors]:  39%|███▉      | 1.29G/3.28G [07:43<09:29, 3.76MB/s][A[A[A[A[A[A[A[A







Downloading [model-00001-of-00002.safetensors]:  39%|███▊      | 1.43G/3.71G [07:43<09:01, 4.52MB/s][A[A[A[A[A[A[A








Downloading [model-00002-of-00002.safetensors]:  39%|███▉      | 1.29G/3.28G [07:43<09:29, 3.76MB/s][A[A[A[A[A[A[A[A







Downloading [model-00001-of-00002.safetensors]:  39%|███▊      | 1.43G/3.71G [07:44<09:39, 4.22MB/s][A[A[A[A[A[A[A








Downloading [model-00002-of-00002.safetensors]:  39%|███▉      | 1.29G/3.28G [07:44<08:56, 3.99MB/s][A[A[A[A[A[A[A[A








Downloading [model-00002-of-00002.safetensors]:  39%|███▉      | 1.29G/3.28G [07:44<08:35, 4.15MB/s][A[A[A[A[A[A[A[A







Downloading [model-00001-of-00002.safetensors]:  39%|███▊      | 1.43G/3.71G [07:44<09:54, 4.11MB/s][A[A[A[A[A[A[A








Downloading [model-00002-of-00002.safetensors]:  39%|███▉      | 1.29G/3.28G [07:44<08:12, 4.34MB/s][A[A[A[A[A[A[A[A







Downloading [model-00001-of-00002.safetensors]:  39%|███▊      | 1.43G/3.71G [07:44<10:50, 3.76MB/s][A[A[A[A[A[A[A








Downloading [model-00002-of-00002.safetensors]:  39%|███▉      | 1.29G/3.28G [07:44<08:59, 3.96MB/s][A[A[A[A[A[A[A[A







Downloading [model-00001-of-00002.safetensors]:  39%|███▊      | 1.43G/3.71G [07:45<13:55, 2.92MB/s][A[A[A[A[A[A[A








Downloading [model-00002-of-00002.safetensors]:  39%|███▉      | 1.30G/3.28G [07:45<13:44, 2.59MB/s][A[A[A[A[A[A[A[A







Downloading [model-00001-of-00002.safetensors]:  39%|███▊      | 1.44G/3.71G [07:45<15:36, 2.61MB/s][A[A[A[A[A[A[A








Downloading [model-00002-of-00002.safetensors]:  39%|███▉      | 1.30G/3.28G [07:46<17:31, 2.03MB/s][A[A[A[A[A[A[A[A







Downloading [model-00001-of-00002.safetensors]:  39%|███▊      | 1.44G/3.71G [07:46<21:07, 1.92MB/s][A[A[A[A[A[A[A








Downloading [model-00002-of-00002.safetensors]:  40%|███▉      | 1.30G/3.28G [07:46<15:44, 2.26MB/s][A[A[A[A[A[A[A[A







Downloading [model-00001-of-00002.safetensors]:  39%|███▉      | 1.44G/3.71G [07:47<19:02, 2.14MB/s][A[A[A[A[A[A[A








Downloading [model-00002-of-00002.safetensors]:  40%|███▉      | 1.30G/3.28G [07:47<16:33, 2.15MB/s][A[A[A[A[A[A[A[A







Downloading [model-00001-of-00002.safetensors]:  39%|███▉      | 1.44G/3.71G [07:48<24:10, 1.68MB/s][A[A[A[A[A[A[A








Downloading [model-00002-of-00002.safetensors]:  40%|███▉      | 1.30G/3.28G [07:48<23:55, 1.48MB/s][A[A[A[A[A[A[A[A







Downloading [model-00001-of-00002.safetensors]:  39%|███▉      | 1.44G/3.71G [07:49<35:28, 1.14MB/s][A[A[A[A[A[A[A








Downloading [model-00002-of-00002.safetensors]:  40%|███▉      | 1.30G/3.28G [07:49<28:43, 1.24MB/s][A[A[A[A[A[A[A[A







Downloading [model-00001-of-00002.safetensors]:  39%|███▉      | 1.44G/3.71G [07:50<30:49, 1.32MB/s][A[A[A[A[A[A[A








Downloading [model-00002-of-00002.safetensors]:  40%|███▉      | 1.30G/3.28G [07:50<23:58, 1.48MB/s][A[A[A[A[A[A[A[A








Downloading [model-00002-of-00002.safetensors]:  40%|███▉      | 1.30G/3.28G [07:50<22:04, 1.61MB/s][A[A[A[A[A[A[A[A







Downloading [model-00001-of-00002.safetensors]:  39%|███▉      | 1.44G/3.71G [07:50<28:03, 1.45MB/s][A[A[A[A[A[A[A








Downloading [model-00002-of-00002.safetensors]:  40%|███▉      | 1.30G/3.28G [07:51<27:08, 1.31MB/s][A[A[A[A[A[A[A[A







Downloading [model-00001-of-00002.safetensors]:  39%|███▉      | 1.44G/3.71G [07:51<32:56, 1.23MB/s][A[A[A[A[A[A[A








Downloading [model-00002-of-00002.safetensors]:  40%|███▉      | 1.30G/3.28G [07:52<24:56, 1.42MB/s][A[A[A[A[A[A[A[A







Downloading [model-00001-of-00002.safetensors]:  39%|███▉      | 1.44G/3.71G [07:52<33:07, 1.22MB/s][A[A[A[A[A[A[A








Downloading [model-00002-of-00002.safetensors]:  40%|███▉      | 1.31G/3.28G [07:52<23:06, 1.53MB/s][A[A[A[A[A[A[A[A








Downloading [model-00002-of-00002.safetensors]:  40%|███▉      | 1.31G/3.28G [07:53<21:29, 1.65MB/s][A[A[A[A[A[A[A[A







Downloading [model-00001-of-00002.safetensors]:  39%|███▉      | 1.44G/3.71G [07:53<33:23, 1.21MB/s][A[A[A[A[A[A[A








Downloading [model-00002-of-00002.safetensors]:  40%|███▉      | 1.31G/3.28G [07:53<19:46, 1.79MB/s][A[A[A[A[A[A[A[A







Downloading [model-00001-of-00002.safetensors]:  39%|███▉      | 1.45G/3.71G [07:54<30:38, 1.32MB/s][A[A[A[A[A[A[A








Downloading [model-00002-of-00002.safetensors]:  40%|███▉      | 1.31G/3.28G [07:54<16:18, 2.17MB/s][A[A[A[A[A[A[A[A








Downloading [model-00002-of-00002.safetensors]:  40%|███▉      | 1.31G/3.28G [07:54<13:36, 2.60MB/s][A[A[A[A[A[A[A[A







Downloading [model-00001-of-00002.safetensors]:  39%|███▉      | 1.45G/3.71G [07:54<25:56, 1.56MB/s][A[A[A[A[A[A[A








Downloading [model-00002-of-00002.safetensors]:  40%|███▉      | 1.31G/3.28G [07:54<12:08, 2.91MB/s][A[A[A[A[A[A[A[A







Downloading [model-00001-of-00002.safetensors]:  39%|███▉      | 1.45G/3.71G [07:55<29:09, 1.39MB/s][A[A[A[A[A[A[A








Downloading [model-00002-of-00002.safetensors]:  40%|███▉      | 1.31G/3.28G [07:55<17:31, 2.01MB/s][A[A[A[A[A[A[A[A








Downloading [model-00002-of-00002.safetensors]:  40%|███▉      | 1.31G/3.28G [07:56<19:02, 1.85MB/s][A[A[A[A[A[A[A[A







Downloading [model-00001-of-00002.safetensors]:  39%|███▉      | 1.45G/3.71G [07:56<34:12, 1.18MB/s][A[A[A[A[A[A[A








Downloading [model-00002-of-00002.safetensors]:  40%|███▉      | 1.31G/3.28G [07:56<19:29, 1.81MB/s][A[A[A[A[A[A[A[A








Downloading [model-00002-of-00002.safetensors]:  40%|████      | 1.31G/3.28G [07:57<21:15, 1.66MB/s][A[A[A[A[A[A[A[A







Downloading [model-00001-of-00002.safetensors]:  39%|███▉      | 1.45G/3.71G [07:57<36:17, 1.11MB/s][A[A[A[A[A[A[A








Downloading [model-00002-of-00002.safetensors]:  40%|████      | 1.32G/3.28G [07:58<20:54, 1.68MB/s][A[A[A[A[A[A[A[A







Downloading [model-00001-of-00002.safetensors]:  39%|███▉      | 1.45G/3.71G [07:58<35:15, 1.15MB/s][A[A[A[A[A[A[A








Downloading [model-00002-of-00002.safetensors]:  40%|████      | 1.32G/3.28G [07:58<21:09, 1.66MB/s][A[A[A[A[A[A[A[A








Downloading [model-00002-of-00002.safetensors]:  40%|████      | 1.32G/3.28G [08:00<28:08, 1.25MB/s][A[A[A[A[A[A[A[A







Downloading [model-00001-of-00002.safetensors]:  39%|███▉      | 1.45G/3.71G [08:00<43:59, 919kB/s] [A[A[A[A[A[A[A








Downloading [model-00002-of-00002.safetensors]:  40%|████      | 1.32G/3.28G [08:01<29:21, 1.20MB/s][A[A[A[A[A[A[A[A







Downloading [model-00001-of-00002.safetensors]:  39%|███▉      | 1.45G/3.71G [08:01<49:52, 810kB/s][A[A[A[A[A[A[A








Downloading [model-00002-of-00002.safetensors]:  40%|████      | 1.32G/3.28G [08:02<31:32, 1.12MB/s][A[A[A[A[A[A[A[A








Downloading [model-00002-of-00002.safetensors]:  40%|████      | 1.32G/3.28G [08:03<34:10, 1.03MB/s][A[A[A[A[A[A[A[A







Downloading [model-00001-of-00002.safetensors]:  39%|███▉      | 1.45G/3.71G [08:03<54:16, 744kB/s][A[A[A[A[A[A[A








Downloading [model-00002-of-00002.safetensors]:  40%|████      | 1.32G/3.28G [08:04<32:30, 1.08MB/s][A[A[A[A[A[A[A[A







Downloading [model-00001-of-00002.safetensors]:  39%|███▉      | 1.45G/3.71G [08:04<49:35, 814kB/s][A[A[A[A[A[A[A








Downloading [model-00002-of-00002.safetensors]:  40%|████      | 1.32G/3.28G [08:04<26:58, 1.30MB/s][A[A[A[A[A[A[A[A







Downloading [model-00001-of-00002.safetensors]:  39%|███▉      | 1.46G/3.71G [08:05<45:13, 892kB/s][A[A[A[A[A[A[A








Downloading [model-00002-of-00002.safetensors]:  40%|████      | 1.32G/3.28G [08:05<27:51, 1.26MB/s][A[A[A[A[A[A[A[A







Downloading [model-00001-of-00002.safetensors]:  39%|███▉      | 1.46G/3.71G [08:06<38:22, 1.05MB/s][A[A[A[A[A[A[A








Downloading [model-00002-of-00002.safetensors]:  40%|████      | 1.32G/3.28G [08:06<26:56, 1.30MB/s][A[A[A[A[A[A[A[A







Downloading [model-00001-of-00002.safetensors]:  39%|███▉      | 1.46G/3.71G [08:06<34:10, 1.18MB/s][A[A[A[A[A[A[A








Downloading [model-00002-of-00002.safetensors]:  40%|████      | 1.33G/3.28G [08:07<25:58, 1.35MB/s][A[A[A[A[A[A[A[A







Downloading [model-00001-of-00002.safetensors]:  39%|███▉      | 1.46G/3.71G [08:07<31:55, 1.26MB/s][A[A[A[A[A[A[A








Downloading [model-00002-of-00002.safetensors]:  40%|████      | 1.33G/3.28G [08:07<22:31, 1.56MB/s][A[A[A[A[A[A[A[A







Downloading [model-00001-of-00002.safetensors]:  39%|███▉      | 1.46G/3.71G [08:07<27:29, 1.47MB/s][A[A[A[A[A[A[A








Downloading [model-00002-of-00002.safetensors]:  40%|████      | 1.33G/3.28G [08:08<20:41, 1.69MB/s][A[A[A[A[A[A[A[A








Downloading [model-00002-of-00002.safetensors]:  40%|████      | 1.33G/3.28G [08:08<17:25, 2.01MB/s][A[A[A[A[A[A[A[A







Downloading [model-00001-of-00002.safetensors]:  39%|███▉      | 1.46G/3.71G [08:08<28:29, 1.41MB/s][A[A[A[A[A[A[A








Downloading [model-00002-of-00002.safetensors]:  40%|████      | 1.33G/3.28G [08:09<20:26, 1.71MB/s][A[A[A[A[A[A[A[A








Downloading [model-00002-of-00002.safetensors]:  40%|████      | 1.33G/3.28G [08:10<26:16, 1.33MB/s][A[A[A[A[A[A[A[A







Downloading [model-00001-of-00002.safetensors]:  39%|███▉      | 1.46G/3.71G [08:10<39:21, 1.02MB/s][A[A[A[A[A[A[A








Downloading [model-00002-of-00002.safetensors]:  41%|████      | 1.33G/3.28G [08:11<27:21, 1.28MB/s][A[A[A[A[A[A[A[A







Downloading [model-00001-of-00002.safetensors]:  39%|███▉      | 1.46G/3.71G [08:11<37:01, 1.09MB/s][A[A[A[A[A[A[A








Downloading [model-00002-of-00002.safetensors]:  41%|████      | 1.33G/3.28G [08:11<21:47, 1.60MB/s][A[A[A[A[A[A[A[A







Downloading [model-00001-of-00002.safetensors]:  39%|███▉      | 1.46G/3.71G [08:11<29:00, 1.39MB/s][A[A[A[A[A[A[A








Downloading [model-00002-of-00002.safetensors]:  41%|████      | 1.33G/3.28G [08:11<17:39, 1.98MB/s][A[A[A[A[A[A[A[A







Downloading [model-00001-of-00002.safetensors]:  39%|███▉      | 1.46G/3.71G [08:11<23:22, 1.72MB/s][A[A[A[A[A[A[A








Downloading [model-00002-of-00002.safetensors]:  41%|████      | 1.33G/3.28G [08:11<14:35, 2.39MB/s][A[A[A[A[A[A[A[A







Downloading [model-00001-of-00002.safetensors]:  39%|███▉      | 1.46G/3.71G [08:12<23:40, 1.70MB/s][A[A[A[A[A[A[A








Downloading [model-00002-of-00002.safetensors]:  41%|████      | 1.33G/3.28G [08:12<16:11, 2.15MB/s][A[A[A[A[A[A[A[A







Downloading [model-00001-of-00002.safetensors]:  40%|███▉      | 1.47G/3.71G [08:13<31:13, 1.29MB/s][A[A[A[A[A[A[A








Downloading [model-00002-of-00002.safetensors]:  41%|████      | 1.34G/3.28G [08:13<24:23, 1.43MB/s][A[A[A[A[A[A[A[A







Downloading [model-00001-of-00002.safetensors]:  40%|███▉      | 1.47G/3.71G [08:14<30:41, 1.31MB/s][A[A[A[A[A[A[A








Downloading [model-00002-of-00002.safetensors]:  41%|████      | 1.34G/3.28G [08:14<28:15, 1.23MB/s][A[A[A[A[A[A[A[A







Downloading [model-00001-of-00002.safetensors]:  40%|███▉      | 1.47G/3.71G [08:15<33:19, 1.20MB/s][A[A[A[A[A[A[A








Downloading [model-00002-of-00002.safetensors]:  41%|████      | 1.34G/3.28G [08:15<26:31, 1.31MB/s][A[A[A[A[A[A[A[A







Downloading [model-00001-of-00002.safetensors]:  40%|███▉      | 1.47G/3.71G [08:16<32:14, 1.24MB/s][A[A[A[A[A[A[A








Downloading [model-00002-of-00002.safetensors]:  41%|████      | 1.34G/3.28G [08:16<27:03, 1.29MB/s][A[A[A[A[A[A[A[A







Downloading [model-00001-of-00002.safetensors]:  40%|███▉      | 1.47G/3.71G [08:17<31:09, 1.29MB/s][A[A[A[A[A[A[A








Downloading [model-00002-of-00002.safetensors]:  41%|████      | 1.34G/3.28G [08:17<27:17, 1.28MB/s][A[A[A[A[A[A[A[A







Downloading [model-00001-of-00002.safetensors]:  40%|███▉      | 1.47G/3.71G [08:17<26:15, 1.53MB/s][A[A[A[A[A[A[A







Downloading [model-00001-of-00002.safetensors]:  40%|███▉      | 1.47G/3.71G [08:17<24:08, 1.66MB/s][A[A[A[A[A[A[A








Downloading [model-00002-of-00002.safetensors]:  41%|████      | 1.34G/3.28G [08:18<26:00, 1.34MB/s][A[A[A[A[A[A[A[A







Downloading [model-00001-of-00002.safetensors]:  40%|███▉      | 1.47G/3.71G [08:18<25:21, 1.58MB/s][A[A[A[A[A[A[A








Downloading [model-00002-of-00002.safetensors]:  41%|████      | 1.34G/3.28G [08:18<24:59, 1.39MB/s][A[A[A[A[A[A[A[A








Downloading [model-00002-of-00002.safetensors]:  41%|████      | 1.34G/3.28G [08:19<20:57, 1.66MB/s][A[A[A[A[A[A[A[A







Downloading [model-00001-of-00002.safetensors]:  40%|███▉      | 1.47G/3.71G [08:19<24:57, 1.60MB/s][A[A[A[A[A[A[A








Downloading [model-00002-of-00002.safetensors]:  41%|████      | 1.34G/3.28G [08:19<17:00, 2.04MB/s][A[A[A[A[A[A[A[A








Downloading [model-00002-of-00002.safetensors]:  41%|████      | 1.34G/3.28G [08:19<17:27, 1.99MB/s][A[A[A[A[A[A[A[A







Downloading [model-00001-of-00002.safetensors]:  40%|███▉      | 1.47G/3.71G [08:20<31:13, 1.28MB/s][A[A[A[A[A[A[A








Downloading [model-00002-of-00002.safetensors]:  41%|████      | 1.35G/3.28G [08:20<22:13, 1.56MB/s][A[A[A[A[A[A[A[A







Downloading [model-00001-of-00002.safetensors]:  40%|███▉      | 1.48G/3.71G [08:21<35:30, 1.13MB/s][A[A[A[A[A[A[A








Downloading [model-00002-of-00002.safetensors]:  41%|████      | 1.35G/3.28G [08:21<26:06, 1.33MB/s][A[A[A[A[A[A[A[A








Downloading [model-00002-of-00002.safetensors]:  41%|████      | 1.35G/3.28G [08:22<20:17, 1.71MB/s][A[A[A[A[A[A[A[A







Downloading [model-00001-of-00002.safetensors]:  40%|███▉      | 1.48G/3.71G [08:22<30:43, 1.30MB/s][A[A[A[A[A[A[A








Downloading [model-00002-of-00002.safetensors]:  41%|████      | 1.35G/3.28G [08:22<17:05, 2.03MB/s][A[A[A[A[A[A[A[A







Downloading [model-00001-of-00002.safetensors]:  40%|███▉      | 1.48G/3.71G [08:22<24:42, 1.62MB/s][A[A[A[A[A[A[A








Downloading [model-00002-of-00002.safetensors]:  41%|████      | 1.35G/3.28G [08:22<16:52, 2.05MB/s][A[A[A[A[A[A[A[A







Downloading [model-00001-of-00002.safetensors]:  40%|███▉      | 1.48G/3.71G [08:23<24:30, 1.63MB/s][A[A[A[A[A[A[A








Downloading [model-00002-of-00002.safetensors]:  41%|████      | 1.35G/3.28G [08:23<21:15, 1.63MB/s][A[A[A[A[A[A[A[A







Downloading [model-00001-of-00002.safetensors]:  40%|███▉      | 1.48G/3.71G [08:24<29:47, 1.34MB/s][A[A[A[A[A[A[A








Downloading [model-00002-of-00002.safetensors]:  41%|████      | 1.35G/3.28G [08:24<20:15, 1.71MB/s][A[A[A[A[A[A[A[A







Downloading [model-00001-of-00002.safetensors]:  40%|███▉      | 1.48G/3.71G [08:24<21:31, 1.85MB/s][A[A[A[A[A[A[A








Downloading [model-00002-of-00002.safetensors]:  41%|████      | 1.35G/3.28G [08:25<20:27, 1.69MB/s][A[A[A[A[A[A[A[A







Downloading [model-00001-of-00002.safetensors]:  40%|███▉      | 1.48G/3.71G [08:25<21:43, 1.83MB/s][A[A[A[A[A[A[A








Downloading [model-00002-of-00002.safetensors]:  41%|████      | 1.35G/3.28G [08:25<20:40, 1.67MB/s][A[A[A[A[A[A[A[A








Downloading [model-00002-of-00002.safetensors]:  41%|████      | 1.35G/3.28G [08:26<18:31, 1.86MB/s][A[A[A[A[A[A[A[A







Downloading [model-00001-of-00002.safetensors]:  40%|███▉      | 1.48G/3.71G [08:26<24:41, 1.61MB/s][A[A[A[A[A[A[A








Downloading [model-00002-of-00002.safetensors]:  41%|████▏     | 1.36G/3.28G [08:26<17:25, 1.98MB/s][A[A[A[A[A[A[A[A








Downloading [model-00002-of-00002.safetensors]:  41%|████▏     | 1.36G/3.28G [08:27<17:51, 1.93MB/s][A[A[A[A[A[A[A[A







Downloading [model-00001-of-00002.safetensors]:  40%|████      | 1.48G/3.71G [08:27<29:55, 1.33MB/s][A[A[A[A[A[A[A








Downloading [model-00002-of-00002.safetensors]:  41%|████▏     | 1.36G/3.28G [08:27<20:23, 1.69MB/s][A[A[A[A[A[A[A[A







Downloading [model-00001-of-00002.safetensors]:  40%|████      | 1.49G/3.71G [08:28<31:10, 1.28MB/s][A[A[A[A[A[A[A








Downloading [model-00002-of-00002.safetensors]:  41%|████▏     | 1.36G/3.28G [08:28<21:31, 1.60MB/s][A[A[A[A[A[A[A[A







Downloading [model-00001-of-00002.safetensors]:  40%|████      | 1.49G/3.71G [08:29<29:40, 1.34MB/s][A[A[A[A[A[A[A








Downloading [model-00002-of-00002.safetensors]:  41%|████▏     | 1.36G/3.28G [08:29<20:38, 1.67MB/s][A[A[A[A[A[A[A[A







Downloading [model-00001-of-00002.safetensors]:  40%|████      | 1.49G/3.71G [08:29<27:40, 1.44MB/s][A[A[A[A[A[A[A








Downloading [model-00002-of-00002.safetensors]:  41%|████▏     | 1.36G/3.28G [08:29<18:44, 1.84MB/s][A[A[A[A[A[A[A[A







Downloading [model-00001-of-00002.safetensors]:  40%|████      | 1.49G/3.71G [08:30<23:15, 1.71MB/s][A[A[A[A[A[A[A








Downloading [model-00002-of-00002.safetensors]:  41%|████▏     | 1.36G/3.28G [08:30<17:40, 1.95MB/s][A[A[A[A[A[A[A[A







Downloading [model-00001-of-00002.safetensors]:  40%|████      | 1.49G/3.71G [08:30<20:30, 1.94MB/s][A[A[A[A[A[A[A








Downloading [model-00002-of-00002.safetensors]:  41%|████▏     | 1.36G/3.28G [08:30<15:30, 2.22MB/s][A[A[A[A[A[A[A[A







Downloading [model-00001-of-00002.safetensors]:  40%|████      | 1.49G/3.71G [08:30<19:12, 2.07MB/s][A[A[A[A[A[A[A








Downloading [model-00002-of-00002.safetensors]:  42%|████▏     | 1.36G/3.28G [08:30<14:17, 2.41MB/s][A[A[A[A[A[A[A[A








Downloading [model-00002-of-00002.safetensors]:  42%|████▏     | 1.36G/3.28G [08:31<12:08, 2.83MB/s][A[A[A[A[A[A[A[A







Downloading [model-00001-of-00002.safetensors]:  40%|████      | 1.49G/3.71G [08:31<16:30, 2.40MB/s][A[A[A[A[A[A[A








Downloading [model-00002-of-00002.safetensors]:  42%|████▏     | 1.37G/3.28G [08:31<10:25, 3.29MB/s][A[A[A[A[A[A[A[A







Downloading [model-00001-of-00002.safetensors]:  40%|████      | 1.49G/3.71G [08:31<14:10, 2.80MB/s][A[A[A[A[A[A[A








Downloading [model-00002-of-00002.safetensors]:  42%|████▏     | 1.37G/3.28G [08:31<12:01, 2.85MB/s][A[A[A[A[A[A[A[A







Downloading [model-00001-of-00002.safetensors]:  40%|████      | 1.49G/3.71G [08:32<20:12, 1.96MB/s][A[A[A[A[A[A[A








Downloading [model-00002-of-00002.safetensors]:  42%|████▏     | 1.37G/3.28G [08:32<13:32, 2.53MB/s][A[A[A[A[A[A[A[A








Downloading [model-00002-of-00002.safetensors]:  42%|████▏     | 1.37G/3.28G [08:32<14:29, 2.37MB/s][A[A[A[A[A[A[A[A







Downloading [model-00001-of-00002.safetensors]:  40%|████      | 1.49G/3.71G [08:33<23:50, 1.66MB/s][A[A[A[A[A[A[A








Downloading [model-00002-of-00002.safetensors]:  42%|████▏     | 1.37G/3.28G [08:33<17:11, 1.99MB/s][A[A[A[A[A[A[A[A







Downloading [model-00001-of-00002.safetensors]:  40%|████      | 1.50G/3.71G [08:33<21:53, 1.81MB/s][A[A[A[A[A[A[A








Downloading [model-00002-of-00002.safetensors]:  42%|████▏     | 1.37G/3.28G [08:33<15:07, 2.27MB/s][A[A[A[A[A[A[A[A







Downloading [model-00001-of-00002.safetensors]:  40%|████      | 1.50G/3.71G [08:33<19:08, 2.07MB/s][A[A[A[A[A[A[A







Downloading [model-00001-of-00002.safetensors]:  40%|████      | 1.50G/3.71G [08:34<18:13, 2.17MB/s][A[A[A[A[A[A[A








Downloading [model-00002-of-00002.safetensors]:  42%|████▏     | 1.37G/3.28G [08:34<16:14, 2.11MB/s][A[A[A[A[A[A[A[A








Downloading [model-00002-of-00002.safetensors]:  42%|████▏     | 1.37G/3.28G [08:34<14:49, 2.31MB/s][A[A[A[A[A[A[A[A







Downloading [model-00001-of-00002.safetensors]:  40%|████      | 1.50G/3.71G [08:34<18:03, 2.19MB/s][A[A[A[A[A[A[A








Downloading [model-00002-of-00002.safetensors]:  42%|████▏     | 1.37G/3.28G [08:35<13:07, 2.61MB/s][A[A[A[A[A[A[A[A







Downloading [model-00001-of-00002.safetensors]:  40%|████      | 1.50G/3.71G [08:35<19:27, 2.03MB/s][A[A[A[A[A[A[A








Downloading [model-00002-of-00002.safetensors]:  42%|████▏     | 1.37G/3.28G [08:35<14:43, 2.32MB/s][A[A[A[A[A[A[A[A







Downloading [model-00001-of-00002.safetensors]:  40%|████      | 1.50G/3.71G [08:36<21:57, 1.80MB/s][A[A[A[A[A[A[A








Downloading [model-00002-of-00002.safetensors]:  42%|████▏     | 1.38G/3.28G [08:36<18:59, 1.80MB/s][A[A[A[A[A[A[A[A







Downloading [model-00001-of-00002.safetensors]:  40%|████      | 1.50G/3.71G [08:36<21:32, 1.83MB/s][A[A[A[A[A[A[A








Downloading [model-00002-of-00002.safetensors]:  42%|████▏     | 1.38G/3.28G [08:36<17:42, 1.93MB/s][A[A[A[A[A[A[A[A







Downloading [model-00001-of-00002.safetensors]:  40%|████      | 1.50G/3.71G [08:37<19:37, 2.01MB/s][A[A[A[A[A[A[A








Downloading [model-00002-of-00002.safetensors]:  42%|████▏     | 1.38G/3.28G [08:37<15:25, 2.21MB/s][A[A[A[A[A[A[A[A







Downloading [model-00001-of-00002.safetensors]:  41%|████      | 1.50G/3.71G [08:37<19:02, 2.07MB/s][A[A[A[A[A[A[A








Downloading [model-00002-of-00002.safetensors]:  42%|████▏     | 1.38G/3.28G [08:37<16:00, 2.13MB/s][A[A[A[A[A[A[A[A








Downloading [model-00002-of-00002.safetensors]:  42%|████▏     | 1.38G/3.28G [08:38<19:08, 1.78MB/s][A[A[A[A[A[A[A[A







Downloading [model-00001-of-00002.safetensors]:  41%|████      | 1.50G/3.71G [08:38<25:56, 1.52MB/s][A[A[A[A[A[A[A








Downloading [model-00002-of-00002.safetensors]:  42%|████▏     | 1.38G/3.28G [08:39<20:35, 1.66MB/s][A[A[A[A[A[A[A[A







Downloading [model-00001-of-00002.safetensors]:  41%|████      | 1.50G/3.71G [08:39<27:27, 1.44MB/s][A[A[A[A[A[A[A








Downloading [model-00002-of-00002.safetensors]:  42%|████▏     | 1.38G/3.28G [08:40<22:16, 1.53MB/s][A[A[A[A[A[A[A[A







Downloading [model-00001-of-00002.safetensors]:  41%|████      | 1.51G/3.71G [08:40<29:54, 1.32MB/s][A[A[A[A[A[A[A








Downloading [model-00002-of-00002.safetensors]:  42%|████▏     | 1.38G/3.28G [08:40<20:41, 1.65MB/s][A[A[A[A[A[A[A[A








Downloading [model-00002-of-00002.safetensors]:  42%|████▏     | 1.38G/3.28G [08:41<20:36, 1.65MB/s][A[A[A[A[A[A[A[A







Downloading [model-00001-of-00002.safetensors]:  41%|████      | 1.51G/3.71G [08:41<33:42, 1.17MB/s][A[A[A[A[A[A[A








Downloading [model-00002-of-00002.safetensors]:  42%|████▏     | 1.38G/3.28G [08:41<18:53, 1.80MB/s][A[A[A[A[A[A[A[A







Downloading [model-00001-of-00002.safetensors]:  41%|████      | 1.51G/3.71G [08:41<27:58, 1.41MB/s][A[A[A[A[A[A[A








Downloading [model-00002-of-00002.safetensors]:  42%|████▏     | 1.38G/3.28G [08:42<16:29, 2.06MB/s][A[A[A[A[A[A[A[A








Downloading [model-00002-of-00002.safetensors]:  42%|████▏     | 1.39G/3.28G [08:42<14:52, 2.29MB/s][A[A[A[A[A[A[A[A







Downloading [model-00001-of-00002.safetensors]:  41%|████      | 1.51G/3.71G [08:42<25:32, 1.54MB/s][A[A[A[A[A[A[A








Downloading [model-00002-of-00002.safetensors]:  42%|████▏     | 1.39G/3.28G [08:42<15:53, 2.14MB/s][A[A[A[A[A[A[A[A







Downloading [model-00001-of-00002.safetensors]:  41%|████      | 1.51G/3.71G [08:43<24:57, 1.58MB/s][A[A[A[A[A[A[A







Downloading [model-00001-of-00002.safetensors]:  41%|████      | 1.51G/3.71G [08:43<27:34, 1.43MB/s][A[A[A[A[A[A[A








Downloading [model-00002-of-00002.safetensors]:  42%|████▏     | 1.39G/3.28G [08:44<23:49, 1.43MB/s][A[A[A[A[A[A[A[A







Downloading [model-00001-of-00002.safetensors]:  41%|████      | 1.51G/3.71G [08:44<30:16, 1.30MB/s][A[A[A[A[A[A[A








Downloading [model-00002-of-00002.safetensors]:  42%|████▏     | 1.39G/3.28G [08:45<24:29, 1.39MB/s][A[A[A[A[A[A[A[A







Downloading [model-00001-of-00002.safetensors]:  41%|████      | 1.51G/3.71G [08:45<26:42, 1.47MB/s][A[A[A[A[A[A[A








Downloading [model-00002-of-00002.safetensors]:  42%|████▏     | 1.39G/3.28G [08:45<23:32, 1.44MB/s][A[A[A[A[A[A[A[A







Downloading [model-00001-of-00002.safetensors]:  41%|████      | 1.51G/3.71G [08:46<25:14, 1.56MB/s][A[A[A[A[A[A[A








Downloading [model-00002-of-00002.safetensors]:  42%|████▏     | 1.39G/3.28G [08:46<21:39, 1.57MB/s][A[A[A[A[A[A[A[A







Downloading [model-00001-of-00002.safetensors]:  41%|████      | 1.51G/3.71G [08:46<26:36, 1.48MB/s][A[A[A[A[A[A[A








Downloading [model-00002-of-00002.safetensors]:  42%|████▏     | 1.39G/3.28G [08:46<21:52, 1.55MB/s][A[A[A[A[A[A[A[A







Downloading [model-00001-of-00002.safetensors]:  41%|████      | 1.52G/3.71G [08:47<27:29, 1.43MB/s][A[A[A[A[A[A[A








Downloading [model-00002-of-00002.safetensors]:  42%|████▏     | 1.39G/3.28G [08:47<22:50, 1.48MB/s][A[A[A[A[A[A[A[A







Downloading [model-00001-of-00002.safetensors]:  41%|████      | 1.52G/3.71G [08:47<22:42, 1.73MB/s][A[A[A[A[A[A[A








Downloading [model-00002-of-00002.safetensors]:  42%|████▏     | 1.39G/3.28G [08:47<18:11, 1.86MB/s][A[A[A[A[A[A[A[A








Downloading [model-00002-of-00002.safetensors]:  42%|████▏     | 1.39G/3.28G [08:48<16:55, 2.00MB/s][A[A[A[A[A[A[A[A







Downloading [model-00001-of-00002.safetensors]:  41%|████      | 1.52G/3.71G [08:48<24:01, 1.63MB/s][A[A[A[A[A[A[A








Downloading [model-00002-of-00002.safetensors]:  42%|████▏     | 1.40G/3.28G [08:49<17:54, 1.89MB/s][A[A[A[A[A[A[A[A







Downloading [model-00001-of-00002.safetensors]:  41%|████      | 1.52G/3.71G [08:49<21:52, 1.79MB/s][A[A[A[A[A[A[A








Downloading [model-00002-of-00002.safetensors]:  43%|████▎     | 1.40G/3.28G [08:49<15:19, 2.20MB/s][A[A[A[A[A[A[A[A







Downloading [model-00001-of-00002.safetensors]:  41%|████      | 1.52G/3.71G [08:49<18:07, 2.16MB/s][A[A[A[A[A[A[A







Downloading [model-00001-of-00002.safetensors]:  41%|████      | 1.52G/3.71G [08:49<16:57, 2.31MB/s][A[A[A[A[A[A[A








Downloading [model-00002-of-00002.safetensors]:  43%|████▎     | 1.40G/3.28G [08:49<15:50, 2.13MB/s][A[A[A[A[A[A[A[A







Downloading [model-00001-of-00002.safetensors]:  41%|████      | 1.52G/3.71G [08:50<16:53, 2.32MB/s][A[A[A[A[A[A[A








Downloading [model-00002-of-00002.safetensors]:  43%|████▎     | 1.40G/3.28G [08:50<15:18, 2.20MB/s][A[A[A[A[A[A[A[A








Downloading [model-00002-of-00002.safetensors]:  43%|████▎     | 1.40G/3.28G [08:50<14:20, 2.35MB/s][A[A[A[A[A[A[A[A







Downloading [model-00001-of-00002.safetensors]:  41%|████      | 1.52G/3.71G [08:50<19:36, 2.00MB/s][A[A[A[A[A[A[A








Downloading [model-00002-of-00002.safetensors]:  43%|████▎     | 1.40G/3.28G [08:51<13:40, 2.47MB/s][A[A[A[A[A[A[A[A







Downloading [model-00001-of-00002.safetensors]:  41%|████      | 1.52G/3.71G [08:51<19:52, 1.97MB/s][A[A[A[A[A[A[A








Downloading [model-00002-of-00002.safetensors]:  43%|████▎     | 1.40G/3.28G [08:51<15:55, 2.12MB/s][A[A[A[A[A[A[A[A







Downloading [model-00001-of-00002.safetensors]:  41%|████      | 1.52G/3.71G [08:52<27:48, 1.41MB/s][A[A[A[A[A[A[A








Downloading [model-00002-of-00002.safetensors]:  43%|████▎     | 1.40G/3.28G [08:52<21:59, 1.53MB/s][A[A[A[A[A[A[A[A








Downloading [model-00002-of-00002.safetensors]:  43%|████▎     | 1.40G/3.28G [08:54<27:21, 1.23MB/s][A[A[A[A[A[A[A[A







Downloading [model-00001-of-00002.safetensors]:  41%|████      | 1.53G/3.71G [08:54<43:04, 907kB/s] [A[A[A[A[A[A[A








Downloading [model-00002-of-00002.safetensors]:  43%|████▎     | 1.40G/3.28G [08:55<32:58, 1.02MB/s][A[A[A[A[A[A[A[A







Downloading [model-00001-of-00002.safetensors]:  41%|████      | 1.53G/3.71G [08:56<47:40, 819kB/s][A[A[A[A[A[A[A








Downloading [model-00002-of-00002.safetensors]:  43%|████▎     | 1.41G/3.28G [08:56<34:51, 965kB/s] [A[A[A[A[A[A[A[A







Downloading [model-00001-of-00002.safetensors]:  41%|████      | 1.53G/3.71G [08:57<43:02, 907kB/s][A[A[A[A[A[A[A








Downloading [model-00002-of-00002.safetensors]:  43%|████▎     | 1.41G/3.28G [08:57<30:55, 1.09MB/s][A[A[A[A[A[A[A[A







Downloading [model-00001-of-00002.safetensors]:  41%|████      | 1.53G/3.71G [08:57<34:36, 1.13MB/s][A[A[A[A[A[A[A








Downloading [model-00002-of-00002.safetensors]:  43%|████▎     | 1.41G/3.28G [08:57<25:00, 1.34MB/s][A[A[A[A[A[A[A[A







Downloading [model-00001-of-00002.safetensors]:  41%|████      | 1.53G/3.71G [08:57<27:05, 1.44MB/s][A[A[A[A[A[A[A








Downloading [model-00002-of-00002.safetensors]:  43%|████▎     | 1.41G/3.28G [08:57<18:59, 1.77MB/s][A[A[A[A[A[A[A[A








Downloading [model-00002-of-00002.safetensors]:  43%|████▎     | 1.41G/3.28G [08:58<15:51, 2.12MB/s][A[A[A[A[A[A[A[A







Downloading [model-00001-of-00002.safetensors]:  41%|████▏     | 1.53G/3.71G [08:58<26:56, 1.45MB/s][A[A[A[A[A[A[A








Downloading [model-00002-of-00002.safetensors]:  43%|████▎     | 1.41G/3.28G [08:58<17:25, 1.92MB/s][A[A[A[A[A[A[A[A







Downloading [model-00001-of-00002.safetensors]:  41%|████▏     | 1.53G/3.71G [08:59<27:31, 1.42MB/s][A[A[A[A[A[A[A








Downloading [model-00002-of-00002.safetensors]:  43%|████▎     | 1.41G/3.28G [08:59<21:38, 1.55MB/s][A[A[A[A[A[A[A[A







Downloading [model-00001-of-00002.safetensors]:  41%|████▏     | 1.53G/3.71G [09:00<34:12, 1.14MB/s][A[A[A[A[A[A[A








Downloading [model-00002-of-00002.safetensors]:  43%|████▎     | 1.41G/3.28G [09:00<24:59, 1.34MB/s][A[A[A[A[A[A[A[A








Downloading [model-00002-of-00002.safetensors]:  43%|████▎     | 1.41G/3.28G [09:02<29:08, 1.15MB/s][A[A[A[A[A[A[A[A







Downloading [model-00001-of-00002.safetensors]:  41%|████▏     | 1.53G/3.71G [09:02<43:45, 890kB/s] [A[A[A[A[A[A[A








Downloading [model-00002-of-00002.safetensors]:  43%|████▎     | 1.41G/3.28G [09:03<32:18, 1.04MB/s][A[A[A[A[A[A[A[A







Downloading [model-00001-of-00002.safetensors]:  41%|████▏     | 1.53G/3.71G [09:03<44:02, 884kB/s][A[A[A[A[A[A[A








Downloading [model-00002-of-00002.safetensors]:  43%|████▎     | 1.42G/3.28G [09:04<30:14, 1.11MB/s][A[A[A[A[A[A[A[A







Downloading [model-00001-of-00002.safetensors]:  41%|████▏     | 1.54G/3.71G [09:05<47:09, 825kB/s][A[A[A[A[A[A[A








Downloading [model-00002-of-00002.safetensors]:  43%|████▎     | 1.42G/3.28G [09:06<43:20, 772kB/s] [A[A[A[A[A[A[A[A







Downloading [model-00001-of-00002.safetensors]:  41%|████▏     | 1.54G/3.71G [09:07<54:02, 720kB/s][A[A[A[A[A[A[A








Downloading [model-00002-of-00002.safetensors]:  43%|████▎     | 1.42G/3.28G [09:07<41:38, 803kB/s][A[A[A[A[A[A[A[A







Downloading [model-00001-of-00002.safetensors]:  41%|████▏     | 1.54G/3.71G [09:07<47:30, 818kB/s][A[A[A[A[A[A[A








Downloading [model-00002-of-00002.safetensors]:  43%|████▎     | 1.42G/3.28G [09:09<43:16, 772kB/s][A[A[A[A[A[A[A[A







Downloading [model-00001-of-00002.safetensors]:  41%|████▏     | 1.54G/3.71G [09:09<48:56, 794kB/s][A[A[A[A[A[A[A








Downloading [model-00002-of-00002.safetensors]:  43%|████▎     | 1.42G/3.28G [09:10<38:54, 858kB/s][A[A[A[A[A[A[A[A







Downloading [model-00001-of-00002.safetensors]:  41%|████▏     | 1.54G/3.71G [09:10<46:52, 829kB/s][A[A[A[A[A[A[A








Downloading [model-00002-of-00002.safetensors]:  43%|████▎     | 1.42G/3.28G [09:10<36:12, 922kB/s][A[A[A[A[A[A[A[A







Downloading [model-00001-of-00002.safetensors]:  42%|████▏     | 1.54G/3.71G [09:11<42:52, 905kB/s][A[A[A[A[A[A[A








Downloading [model-00002-of-00002.safetensors]:  43%|████▎     | 1.42G/3.28G [09:13<44:51, 744kB/s][A[A[A[A[A[A[A[A







Downloading [model-00001-of-00002.safetensors]:  42%|████▏     | 1.54G/3.71G [09:13<48:31, 800kB/s][A[A[A[A[A[A[A








Downloading [model-00002-of-00002.safetensors]:  43%|████▎     | 1.42G/3.28G [09:13<39:36, 841kB/s][A[A[A[A[A[A[A[A







Downloading [model-00001-of-00002.safetensors]:  42%|████▏     | 1.54G/3.71G [09:14<46:07, 841kB/s][A[A[A[A[A[A[A







Downloading [model-00001-of-00002.safetensors]:  42%|████▏     | 1.54G/3.71G [09:14<39:44, 975kB/s][A[A[A[A[A[A[A








Downloading [model-00002-of-00002.safetensors]:  43%|████▎     | 1.42G/3.28G [09:14<38:30, 865kB/s][A[A[A[A[A[A[A[A







Downloading [model-00001-of-00002.safetensors]:  42%|████▏     | 1.54G/3.71G [09:15<39:12, 988kB/s][A[A[A[A[A[A[A








Downloading [model-00002-of-00002.safetensors]:  43%|████▎     | 1.42G/3.28G [09:15<36:22, 915kB/s][A[A[A[A[A[A[A[A







Downloading [model-00001-of-00002.safetensors]:  42%|████▏     | 1.54G/3.71G [09:16<36:26, 1.06MB/s][A[A[A[A[A[A[A








Downloading [model-00002-of-00002.safetensors]:  43%|████▎     | 1.42G/3.28G [09:18<44:43, 744kB/s][A[A[A[A[A[A[A[A







Downloading [model-00001-of-00002.safetensors]:  42%|████▏     | 1.55G/3.71G [09:18<40:38, 953kB/s] [A[A[A[A[A[A[A







Downloading [model-00001-of-00002.safetensors]:  42%|████▏     | 1.55G/3.71G [09:18<34:14, 1.13MB/s][A[A[A[A[A[A[A








Downloading [model-00002-of-00002.safetensors]:  43%|████▎     | 1.43G/3.28G [09:18<38:54, 855kB/s][A[A[A[A[A[A[A[A








Downloading [model-00002-of-00002.safetensors]:  43%|████▎     | 1.43G/3.28G [09:19<31:55, 1.04MB/s][A[A[A[A[A[A[A[A







Downloading [model-00001-of-00002.safetensors]:  42%|████▏     | 1.55G/3.71G [09:19<34:34, 1.12MB/s][A[A[A[A[A[A[A








Downloading [model-00002-of-00002.safetensors]:  43%|████▎     | 1.43G/3.28G [09:19<26:21, 1.26MB/s][A[A[A[A[A[A[A[A







Downloading [model-00001-of-00002.safetensors]:  42%|████▏     | 1.55G/3.71G [09:20<37:31, 1.03MB/s][A[A[A[A[A[A[A








Downloading [model-00002-of-00002.safetensors]:  43%|████▎     | 1.43G/3.28G [09:20<29:03, 1.14MB/s][A[A[A[A[A[A[A[A







Downloading [model-00001-of-00002.safetensors]:  42%|████▏     | 1.55G/3.71G [09:21<30:44, 1.26MB/s][A[A[A[A[A[A[A








Downloading [model-00002-of-00002.safetensors]:  44%|████▎     | 1.43G/3.28G [09:21<24:37, 1.35MB/s][A[A[A[A[A[A[A[A







Downloading [model-00001-of-00002.safetensors]:  42%|████▏     | 1.55G/3.71G [09:21<27:50, 1.39MB/s][A[A[A[A[A[A[A








Downloading [model-00002-of-00002.safetensors]:  44%|████▎     | 1.43G/3.28G [09:21<22:14, 1.49MB/s][A[A[A[A[A[A[A[A








Downloading [model-00002-of-00002.safetensors]:  44%|████▎     | 1.43G/3.28G [09:22<20:28, 1.62MB/s][A[A[A[A[A[A[A[A







Downloading [model-00001-of-00002.safetensors]:  42%|████▏     | 1.55G/3.71G [09:22<27:41, 1.39MB/s][A[A[A[A[A[A[A








Downloading [model-00002-of-00002.safetensors]:  44%|████▎     | 1.43G/3.28G [09:22<20:11, 1.64MB/s][A[A[A[A[A[A[A[A







Downloading [model-00001-of-00002.safetensors]:  42%|████▏     | 1.55G/3.71G [09:23<27:16, 1.42MB/s][A[A[A[A[A[A[A








Downloading [model-00002-of-00002.safetensors]:  44%|████▎     | 1.43G/3.28G [09:23<20:48, 1.59MB/s][A[A[A[A[A[A[A[A







Downloading [model-00001-of-00002.safetensors]:  42%|████▏     | 1.55G/3.71G [09:23<26:24, 1.46MB/s][A[A[A[A[A[A[A








Downloading [model-00002-of-00002.safetensors]:  44%|████▎     | 1.43G/3.28G [09:24<17:42, 1.87MB/s][A[A[A[A[A[A[A[A







Downloading [model-00001-of-00002.safetensors]:  42%|████▏     | 1.55G/3.71G [09:24<22:00, 1.75MB/s][A[A[A[A[A[A[A








Downloading [model-00002-of-00002.safetensors]:  44%|████▎     | 1.44G/3.28G [09:24<15:31, 2.13MB/s][A[A[A[A[A[A[A[A







Downloading [model-00001-of-00002.safetensors]:  42%|████▏     | 1.56G/3.71G [09:24<21:10, 1.82MB/s][A[A[A[A[A[A[A








Downloading [model-00002-of-00002.safetensors]:  44%|████▎     | 1.44G/3.28G [09:24<16:10, 2.04MB/s][A[A[A[A[A[A[A[A







Downloading [model-00001-of-00002.safetensors]:  42%|████▏     | 1.56G/3.71G [09:25<19:14, 2.00MB/s][A[A[A[A[A[A[A








Downloading [model-00002-of-00002.safetensors]:  44%|████▍     | 1.44G/3.28G [09:25<14:51, 2.22MB/s][A[A[A[A[A[A[A[A







Downloading [model-00001-of-00002.safetensors]:  42%|████▏     | 1.56G/3.71G [09:25<21:16, 1.81MB/s][A[A[A[A[A[A[A








Downloading [model-00002-of-00002.safetensors]:  44%|████▍     | 1.44G/3.28G [09:26<17:17, 1.91MB/s][A[A[A[A[A[A[A[A







Downloading [model-00001-of-00002.safetensors]:  42%|████▏     | 1.56G/3.71G [09:26<24:37, 1.56MB/s][A[A[A[A[A[A[A








Downloading [model-00002-of-00002.safetensors]:  44%|████▍     | 1.44G/3.28G [09:27<22:32, 1.46MB/s][A[A[A[A[A[A[A[A







Downloading [model-00001-of-00002.safetensors]:  42%|████▏     | 1.56G/3.71G [09:27<27:44, 1.39MB/s][A[A[A[A[A[A[A








Downloading [model-00002-of-00002.safetensors]:  44%|████▍     | 1.44G/3.28G [09:27<23:19, 1.41MB/s][A[A[A[A[A[A[A[A







Downloading [model-00001-of-00002.safetensors]:  42%|████▏     | 1.56G/3.71G [09:28<24:46, 1.55MB/s][A[A[A[A[A[A[A








Downloading [model-00002-of-00002.safetensors]:  44%|████▍     | 1.44G/3.28G [09:28<19:55, 1.66MB/s][A[A[A[A[A[A[A[A







Downloading [model-00001-of-00002.safetensors]:  42%|████▏     | 1.56G/3.71G [09:28<21:00, 1.83MB/s][A[A[A[A[A[A[A








Downloading [model-00002-of-00002.safetensors]:  44%|████▍     | 1.44G/3.28G [09:28<15:57, 2.07MB/s][A[A[A[A[A[A[A[A







Downloading [model-00001-of-00002.safetensors]:  42%|████▏     | 1.56G/3.71G [09:28<17:38, 2.18MB/s][A[A[A[A[A[A[A








Downloading [model-00002-of-00002.safetensors]:  44%|████▍     | 1.44G/3.28G [09:28<13:34, 2.43MB/s][A[A[A[A[A[A[A[A








Downloading [model-00002-of-00002.safetensors]:  44%|████▍     | 1.44G/3.28G [09:29<11:59, 2.75MB/s][A[A[A[A[A[A[A[A







Downloading [model-00001-of-00002.safetensors]:  42%|████▏     | 1.56G/3.71G [09:29<17:34, 2.18MB/s][A[A[A[A[A[A[A








Downloading [model-00002-of-00002.safetensors]:  44%|████▍     | 1.45G/3.28G [09:29<10:15, 3.21MB/s][A[A[A[A[A[A[A[A








Downloading [model-00002-of-00002.safetensors]:  44%|████▍     | 1.45G/3.28G [09:29<08:34, 3.84MB/s][A[A[A[A[A[A[A[A







Downloading [model-00001-of-00002.safetensors]:  42%|████▏     | 1.56G/3.71G [09:29<15:33, 2.47MB/s][A[A[A[A[A[A[A








Downloading [model-00002-of-00002.safetensors]:  44%|████▍     | 1.45G/3.28G [09:29<07:15, 4.53MB/s][A[A[A[A[A[A[A[A








Downloading [model-00002-of-00002.safetensors]:  44%|████▍     | 1.45G/3.28G [09:29<07:12, 4.56MB/s][A[A[A[A[A[A[A[A







Downloading [model-00001-of-00002.safetensors]:  42%|████▏     | 1.57G/3.71G [09:29<14:57, 2.57MB/s][A[A[A[A[A[A[A








Downloading [model-00002-of-00002.safetensors]:  44%|████▍     | 1.45G/3.28G [09:30<07:40, 4.28MB/s][A[A[A[A[A[A[A[A







Downloading [model-00001-of-00002.safetensors]:  42%|████▏     | 1.57G/3.71G [09:30<14:31, 2.64MB/s][A[A[A[A[A[A[A








Downloading [model-00002-of-00002.safetensors]:  44%|████▍     | 1.45G/3.28G [09:30<08:00, 4.10MB/s][A[A[A[A[A[A[A[A








Downloading [model-00002-of-00002.safetensors]:  44%|████▍     | 1.45G/3.28G [09:30<08:15, 3.97MB/s][A[A[A[A[A[A[A[A







Downloading [model-00001-of-00002.safetensors]:  42%|████▏     | 1.57G/3.71G [09:30<14:49, 2.59MB/s][A[A[A[A[A[A[A








Downloading [model-00002-of-00002.safetensors]:  44%|████▍     | 1.45G/3.28G [09:30<08:03, 4.07MB/s][A[A[A[A[A[A[A[A







Downloading [model-00001-of-00002.safetensors]:  42%|████▏     | 1.57G/3.71G [09:31<19:02, 2.01MB/s][A[A[A[A[A[A[A








Downloading [model-00002-of-00002.safetensors]:  44%|████▍     | 1.45G/3.28G [09:31<11:57, 2.74MB/s][A[A[A[A[A[A[A[A







Downloading [model-00001-of-00002.safetensors]:  42%|████▏     | 1.57G/3.71G [09:31<17:14, 2.22MB/s][A[A[A[A[A[A[A








Downloading [model-00002-of-00002.safetensors]:  44%|████▍     | 1.45G/3.28G [09:31<11:50, 2.77MB/s][A[A[A[A[A[A[A[A







Downloading [model-00001-of-00002.safetensors]:  42%|████▏     | 1.57G/3.71G [09:32<14:48, 2.58MB/s][A[A[A[A[A[A[A








Downloading [model-00002-of-00002.safetensors]:  44%|████▍     | 1.46G/3.28G [09:32<10:32, 3.11MB/s][A[A[A[A[A[A[A[A








Downloading [model-00002-of-00002.safetensors]:  44%|████▍     | 1.46G/3.28G [09:32<09:56, 3.29MB/s][A[A[A[A[A[A[A[A







Downloading [model-00001-of-00002.safetensors]:  42%|████▏     | 1.57G/3.71G [09:32<14:36, 2.62MB/s][A[A[A[A[A[A[A








Downloading [model-00002-of-00002.safetensors]:  44%|████▍     | 1.46G/3.28G [09:32<10:27, 3.13MB/s][A[A[A[A[A[A[A[A







Downloading [model-00001-of-00002.safetensors]:  42%|████▏     | 1.57G/3.71G [09:32<15:17, 2.50MB/s][A[A[A[A[A[A[A








Downloading [model-00002-of-00002.safetensors]:  44%|████▍     | 1.46G/3.28G [09:33<10:05, 3.24MB/s][A[A[A[A[A[A[A[A







Downloading [model-00001-of-00002.safetensors]:  42%|████▏     | 1.57G/3.71G [09:33<14:55, 2.56MB/s][A[A[A[A[A[A[A







Downloading [model-00001-of-00002.safetensors]:  42%|████▏     | 1.57G/3.71G [09:33<12:38, 3.02MB/s][A[A[A[A[A[A[A








Downloading [model-00002-of-00002.safetensors]:  44%|████▍     | 1.46G/3.28G [09:33<12:30, 2.61MB/s][A[A[A[A[A[A[A[A







Downloading [model-00001-of-00002.safetensors]:  42%|████▏     | 1.58G/3.71G [09:33<11:00, 3.47MB/s][A[A[A[A[A[A[A








Downloading [model-00002-of-00002.safetensors]:  44%|████▍     | 1.46G/3.28G [09:34<12:12, 2.68MB/s][A[A[A[A[A[A[A[A







Downloading [model-00001-of-00002.safetensors]:  42%|████▏     | 1.58G/3.71G [09:34<11:07, 3.43MB/s][A[A[A[A[A[A[A







Downloading [model-00001-of-00002.safetensors]:  43%|████▎     | 1.58G/3.71G [09:34<10:28, 3.64MB/s][A[A[A[A[A[A[A








Downloading [model-00002-of-00002.safetensors]:  44%|████▍     | 1.46G/3.28G [09:34<11:52, 2.75MB/s][A[A[A[A[A[A[A[A







Downloading [model-00001-of-00002.safetensors]:  43%|████▎     | 1.58G/3.71G [09:34<09:56, 3.84MB/s][A[A[A[A[A[A[A







Downloading [model-00001-of-00002.safetensors]:  43%|████▎     | 1.58G/3.71G [09:34<11:21, 3.36MB/s][A[A[A[A[A[A[A








Downloading [model-00002-of-00002.safetensors]:  45%|████▍     | 1.46G/3.28G [09:35<15:00, 2.17MB/s][A[A[A[A[A[A[A[A







Downloading [model-00001-of-00002.safetensors]:  43%|████▎     | 1.58G/3.71G [09:35<15:27, 2.46MB/s][A[A[A[A[A[A[A








Downloading [model-00002-of-00002.safetensors]:  45%|████▍     | 1.46G/3.28G [09:35<17:16, 1.89MB/s][A[A[A[A[A[A[A[A







Downloading [model-00001-of-00002.safetensors]:  43%|████▎     | 1.58G/3.71G [09:36<15:19, 2.49MB/s][A[A[A[A[A[A[A








Downloading [model-00002-of-00002.safetensors]:  45%|████▍     | 1.46G/3.28G [09:36<15:36, 2.09MB/s][A[A[A[A[A[A[A[A







Downloading [model-00001-of-00002.safetensors]:  43%|████▎     | 1.58G/3.71G [09:36<15:26, 2.47MB/s][A[A[A[A[A[A[A








Downloading [model-00002-of-00002.safetensors]:  45%|████▍     | 1.46G/3.28G [09:36<16:45, 1.94MB/s][A[A[A[A[A[A[A[A







Downloading [model-00001-of-00002.safetensors]:  43%|████▎     | 1.58G/3.71G [09:37<22:43, 1.67MB/s][A[A[A[A[A[A[A








Downloading [model-00002-of-00002.safetensors]:  45%|████▍     | 1.47G/3.28G [09:37<19:16, 1.69MB/s][A[A[A[A[A[A[A[A







Downloading [model-00001-of-00002.safetensors]:  43%|████▎     | 1.58G/3.71G [09:38<25:58, 1.46MB/s][A[A[A[A[A[A[A








Downloading [model-00002-of-00002.safetensors]:  45%|████▍     | 1.47G/3.28G [09:38<21:32, 1.51MB/s][A[A[A[A[A[A[A[A








Downloading [model-00002-of-00002.safetensors]:  45%|████▍     | 1.47G/3.28G [09:39<21:07, 1.54MB/s][A[A[A[A[A[A[A[A







Downloading [model-00001-of-00002.safetensors]:  43%|████▎     | 1.58G/3.71G [09:39<26:56, 1.41MB/s][A[A[A[A[A[A[A








Downloading [model-00002-of-00002.safetensors]:  45%|████▍     | 1.47G/3.28G [09:40<26:31, 1.23MB/s][A[A[A[A[A[A[A[A







Downloading [model-00001-of-00002.safetensors]:  43%|████▎     | 1.59G/3.71G [09:40<34:42, 1.09MB/s][A[A[A[A[A[A[A








Downloading [model-00002-of-00002.safetensors]:  45%|████▍     | 1.47G/3.28G [09:41<27:52, 1.16MB/s][A[A[A[A[A[A[A[A







Downloading [model-00001-of-00002.safetensors]:  43%|████▎     | 1.59G/3.71G [09:41<34:20, 1.11MB/s][A[A[A[A[A[A[A








Downloading [model-00002-of-00002.safetensors]:  45%|████▍     | 1.47G/3.28G [09:42<26:49, 1.21MB/s][A[A[A[A[A[A[A[A








Downloading [model-00002-of-00002.safetensors]:  45%|████▍     | 1.47G/3.28G [09:42<22:44, 1.43MB/s][A[A[A[A[A[A[A[A







Downloading [model-00001-of-00002.safetensors]:  43%|████▎     | 1.59G/3.71G [09:42<35:22, 1.07MB/s][A[A[A[A[A[A[A







Downloading [model-00001-of-00002.safetensors]:  43%|████▎     | 1.59G/3.71G [09:43<28:20, 1.34MB/s][A[A[A[A[A[A[A








Downloading [model-00002-of-00002.safetensors]:  45%|████▍     | 1.47G/3.28G [09:43<22:40, 1.43MB/s][A[A[A[A[A[A[A[A







Downloading [model-00001-of-00002.safetensors]:  43%|████▎     | 1.59G/3.71G [09:43<26:33, 1.43MB/s][A[A[A[A[A[A[A








Downloading [model-00002-of-00002.safetensors]:  45%|████▍     | 1.47G/3.28G [09:43<21:14, 1.53MB/s][A[A[A[A[A[A[A[A







Downloading [model-00001-of-00002.safetensors]:  43%|████▎     | 1.59G/3.71G [09:44<23:16, 1.63MB/s][A[A[A[A[A[A[A








Downloading [model-00002-of-00002.safetensors]:  45%|████▍     | 1.47G/3.28G [09:44<18:48, 1.72MB/s][A[A[A[A[A[A[A[A







Downloading [model-00001-of-00002.safetensors]:  43%|████▎     | 1.59G/3.71G [09:44<24:41, 1.53MB/s][A[A[A[A[A[A[A








Downloading [model-00002-of-00002.safetensors]:  45%|████▍     | 1.48G/3.28G [09:44<18:55, 1.71MB/s][A[A[A[A[A[A[A[A







Downloading [model-00001-of-00002.safetensors]:  43%|████▎     | 1.59G/3.71G [09:45<23:17, 1.63MB/s][A[A[A[A[A[A[A








Downloading [model-00002-of-00002.safetensors]:  45%|████▍     | 1.48G/3.28G [09:45<20:08, 1.61MB/s][A[A[A[A[A[A[A[A







Downloading [model-00001-of-00002.safetensors]:  43%|████▎     | 1.59G/3.71G [09:46<23:25, 1.62MB/s][A[A[A[A[A[A[A








Downloading [model-00002-of-00002.safetensors]:  45%|████▍     | 1.48G/3.28G [09:46<19:43, 1.64MB/s][A[A[A[A[A[A[A[A








Downloading [model-00002-of-00002.safetensors]:  45%|████▌     | 1.48G/3.28G [09:47<21:54, 1.48MB/s][A[A[A[A[A[A[A[A







Downloading [model-00001-of-00002.safetensors]:  43%|████▎     | 1.59G/3.71G [09:47<32:42, 1.16MB/s][A[A[A[A[A[A[A








Downloading [model-00002-of-00002.safetensors]:  45%|████▌     | 1.48G/3.28G [09:47<20:24, 1.58MB/s][A[A[A[A[A[A[A[A








Downloading [model-00002-of-00002.safetensors]:  45%|████▌     | 1.48G/3.28G [09:48<17:30, 1.84MB/s][A[A[A[A[A[A[A[A







Downloading [model-00001-of-00002.safetensors]:  43%|████▎     | 1.60G/3.71G [09:48<31:55, 1.18MB/s][A[A[A[A[A[A[A








Downloading [model-00002-of-00002.safetensors]:  45%|████▌     | 1.48G/3.28G [09:48<17:30, 1.84MB/s][A[A[A[A[A[A[A[A







Downloading [model-00001-of-00002.safetensors]:  43%|████▎     | 1.60G/3.71G [09:48<27:56, 1.35MB/s][A[A[A[A[A[A[A








Downloading [model-00002-of-00002.safetensors]:  45%|████▌     | 1.48G/3.28G [09:48<14:35, 2.21MB/s][A[A[A[A[A[A[A[A








Downloading [model-00002-of-00002.safetensors]:  45%|████▌     | 1.48G/3.28G [09:49<14:41, 2.19MB/s][A[A[A[A[A[A[A[A







Downloading [model-00001-of-00002.safetensors]:  43%|████▎     | 1.60G/3.71G [09:49<30:52, 1.22MB/s][A[A[A[A[A[A[A








Downloading [model-00002-of-00002.safetensors]:  45%|████▌     | 1.48G/3.28G [09:50<17:22, 1.85MB/s][A[A[A[A[A[A[A[A







Downloading [model-00001-of-00002.safetensors]:  43%|████▎     | 1.60G/3.71G [09:50<26:20, 1.43MB/s][A[A[A[A[A[A[A








Downloading [model-00002-of-00002.safetensors]:  45%|████▌     | 1.49G/3.28G [09:50<17:51, 1.80MB/s][A[A[A[A[A[A[A[A







Downloading [model-00001-of-00002.safetensors]:  43%|████▎     | 1.60G/3.71G [09:51<25:27, 1.48MB/s][A[A[A[A[A[A[A








Downloading [model-00002-of-00002.safetensors]:  45%|████▌     | 1.49G/3.28G [09:51<16:31, 1.95MB/s][A[A[A[A[A[A[A[A







Downloading [model-00001-of-00002.safetensors]:  43%|████▎     | 1.60G/3.71G [09:51<22:38, 1.67MB/s][A[A[A[A[A[A[A








Downloading [model-00002-of-00002.safetensors]:  45%|████▌     | 1.49G/3.28G [09:51<14:01, 2.29MB/s][A[A[A[A[A[A[A[A








Downloading [model-00002-of-00002.safetensors]:  45%|████▌     | 1.49G/3.28G [09:51<11:59, 2.68MB/s][A[A[A[A[A[A[A[A







Downloading [model-00001-of-00002.safetensors]:  43%|████▎     | 1.60G/3.71G [09:52<21:08, 1.78MB/s][A[A[A[A[A[A[A








Downloading [model-00002-of-00002.safetensors]:  45%|████▌     | 1.49G/3.28G [09:52<12:32, 2.56MB/s][A[A[A[A[A[A[A[A








Downloading [model-00002-of-00002.safetensors]:  45%|████▌     | 1.49G/3.28G [09:52<11:13, 2.86MB/s][A[A[A[A[A[A[A[A







Downloading [model-00001-of-00002.safetensors]:  43%|████▎     | 1.60G/3.71G [09:52<20:08, 1.87MB/s][A[A[A[A[A[A[A








Downloading [model-00002-of-00002.safetensors]:  45%|████▌     | 1.49G/3.28G [09:52<10:48, 2.97MB/s][A[A[A[A[A[A[A[A







Downloading [model-00001-of-00002.safetensors]:  43%|████▎     | 1.60G/3.71G [09:52<18:13, 2.07MB/s][A[A[A[A[A[A[A








Downloading [model-00002-of-00002.safetensors]:  45%|████▌     | 1.49G/3.28G [09:53<09:55, 3.23MB/s][A[A[A[A[A[A[A[A







Downloading [model-00001-of-00002.safetensors]:  43%|████▎     | 1.60G/3.71G [09:53<18:11, 2.07MB/s][A[A[A[A[A[A[A








Downloading [model-00002-of-00002.safetensors]:  45%|████▌     | 1.49G/3.28G [09:53<10:32, 3.04MB/s][A[A[A[A[A[A[A[A








Downloading [model-00002-of-00002.safetensors]:  45%|████▌     | 1.49G/3.28G [09:53<10:31, 3.04MB/s][A[A[A[A[A[A[A[A







Downloading [model-00001-of-00002.safetensors]:  43%|████▎     | 1.61G/3.71G [09:53<18:23, 2.05MB/s][A[A[A[A[A[A[A








Downloading [model-00002-of-00002.safetensors]:  46%|████▌     | 1.50G/3.28G [09:54<09:25, 3.40MB/s][A[A[A[A[A[A[A[A








Downloading [model-00002-of-00002.safetensors]:  46%|████▌     | 1.50G/3.28G [09:54<13:42, 2.33MB/s][A[A[A[A[A[A[A[A







Downloading [model-00001-of-00002.safetensors]:  43%|████▎     | 1.61G/3.71G [09:54<22:47, 1.65MB/s][A[A[A[A[A[A[A








Downloading [model-00002-of-00002.safetensors]:  46%|████▌     | 1.50G/3.28G [09:55<14:17, 2.24MB/s][A[A[A[A[A[A[A[A







Downloading [model-00001-of-00002.safetensors]:  43%|████▎     | 1.61G/3.71G [09:55<21:43, 1.73MB/s][A[A[A[A[A[A[A








Downloading [model-00002-of-00002.safetensors]:  46%|████▌     | 1.50G/3.28G [09:55<13:09, 2.43MB/s][A[A[A[A[A[A[A[A







Downloading [model-00001-of-00002.safetensors]:  43%|████▎     | 1.61G/3.71G [09:55<18:10, 2.07MB/s][A[A[A[A[A[A[A







Downloading [model-00001-of-00002.safetensors]:  43%|████▎     | 1.61G/3.71G [09:55<15:58, 2.35MB/s][A[A[A[A[A[A[A








Downloading [model-00002-of-00002.safetensors]:  46%|████▌     | 1.50G/3.28G [09:56<13:27, 2.37MB/s][A[A[A[A[A[A[A[A







Downloading [model-00001-of-00002.safetensors]:  43%|████▎     | 1.61G/3.71G [09:56<15:03, 2.49MB/s][A[A[A[A[A[A[A








Downloading [model-00002-of-00002.safetensors]:  46%|████▌     | 1.50G/3.28G [09:56<13:57, 2.29MB/s][A[A[A[A[A[A[A[A







Downloading [model-00001-of-00002.safetensors]:  43%|████▎     | 1.61G/3.71G [09:56<17:10, 2.19MB/s][A[A[A[A[A[A[A








Downloading [model-00002-of-00002.safetensors]:  46%|████▌     | 1.50G/3.28G [09:57<13:57, 2.29MB/s][A[A[A[A[A[A[A[A








Downloading [model-00002-of-00002.safetensors]:  46%|████▌     | 1.50G/3.28G [09:57<13:14, 2.41MB/s][A[A[A[A[A[A[A[A







Downloading [model-00001-of-00002.safetensors]:  43%|████▎     | 1.61G/3.71G [09:57<18:28, 2.03MB/s][A[A[A[A[A[A[A








Downloading [model-00002-of-00002.safetensors]:  46%|████▌     | 1.50G/3.28G [09:57<13:05, 2.43MB/s][A[A[A[A[A[A[A[A







Downloading [model-00001-of-00002.safetensors]:  43%|████▎     | 1.61G/3.71G [09:58<23:17, 1.61MB/s][A[A[A[A[A[A[A








Downloading [model-00002-of-00002.safetensors]:  46%|████▌     | 1.50G/3.28G [09:59<23:58, 1.33MB/s][A[A[A[A[A[A[A[A







Downloading [model-00001-of-00002.safetensors]:  44%|████▎     | 1.61G/3.71G [09:59<31:08, 1.20MB/s][A[A[A[A[A[A[A








Downloading [model-00002-of-00002.safetensors]:  46%|████▌     | 1.50G/3.28G [09:59<20:45, 1.53MB/s][A[A[A[A[A[A[A[A








Downloading [model-00002-of-00002.safetensors]:  46%|████▌     | 1.51G/3.28G [10:00<17:37, 1.81MB/s][A[A[A[A[A[A[A[A







Downloading [model-00001-of-00002.safetensors]:  44%|████▎     | 1.62G/3.71G [10:00<27:05, 1.38MB/s][A[A[A[A[A[A[A








Downloading [model-00002-of-00002.safetensors]:  46%|████▌     | 1.51G/3.28G [10:00<15:03, 2.11MB/s][A[A[A[A[A[A[A[A







Downloading [model-00001-of-00002.safetensors]:  44%|████▎     | 1.62G/3.71G [10:01<28:04, 1.33MB/s][A[A[A[A[A[A[A








Downloading [model-00002-of-00002.safetensors]:  46%|████▌     | 1.51G/3.28G [10:01<21:33, 1.47MB/s][A[A[A[A[A[A[A[A







Downloading [model-00001-of-00002.safetensors]:  44%|████▎     | 1.62G/3.71G [10:02<29:53, 1.25MB/s][A[A[A[A[A[A[A








Downloading [model-00002-of-00002.safetensors]:  46%|████▌     | 1.51G/3.28G [10:02<21:32, 1.48MB/s][A[A[A[A[A[A[A[A







Downloading [model-00001-of-00002.safetensors]:  44%|████▎     | 1.62G/3.71G [10:02<25:47, 1.45MB/s][A[A[A[A[A[A[A








Downloading [model-00002-of-00002.safetensors]:  46%|████▌     | 1.51G/3.28G [10:03<19:47, 1.60MB/s][A[A[A[A[A[A[A[A







Downloading [model-00001-of-00002.safetensors]:  44%|████▎     | 1.62G/3.71G [10:03<24:48, 1.51MB/s][A[A[A[A[A[A[A








Downloading [model-00002-of-00002.safetensors]:  46%|████▌     | 1.51G/3.28G [10:03<19:38, 1.62MB/s][A[A[A[A[A[A[A[A







Downloading [model-00001-of-00002.safetensors]:  44%|████▎     | 1.62G/3.71G [10:04<28:49, 1.30MB/s][A[A[A[A[A[A[A








Downloading [model-00002-of-00002.safetensors]:  46%|████▌     | 1.51G/3.28G [10:04<20:33, 1.54MB/s][A[A[A[A[A[A[A[A







Downloading [model-00001-of-00002.safetensors]:  44%|████▎     | 1.62G/3.71G [10:05<27:45, 1.35MB/s][A[A[A[A[A[A[A








Downloading [model-00002-of-00002.safetensors]:  46%|████▌     | 1.51G/3.28G [10:05<20:30, 1.55MB/s][A[A[A[A[A[A[A[A








Downloading [model-00002-of-00002.safetensors]:  46%|████▌     | 1.51G/3.28G [10:05<18:26, 1.72MB/s][A[A[A[A[A[A[A[A







Downloading [model-00001-of-00002.safetensors]:  44%|████▎     | 1.62G/3.71G [10:05<26:47, 1.39MB/s][A[A[A[A[A[A[A








Downloading [model-00002-of-00002.safetensors]:  46%|████▌     | 1.51G/3.28G [10:06<18:44, 1.69MB/s][A[A[A[A[A[A[A[A







Downloading [model-00001-of-00002.safetensors]:  44%|████▍     | 1.62G/3.71G [10:06<25:28, 1.47MB/s][A[A[A[A[A[A[A








Downloading [model-00002-of-00002.safetensors]:  46%|████▌     | 1.52G/3.28G [10:06<17:13, 1.84MB/s][A[A[A[A[A[A[A[A







Downloading [model-00001-of-00002.safetensors]:  44%|████▍     | 1.62G/3.71G [10:06<23:30, 1.59MB/s][A[A[A[A[A[A[A








Downloading [model-00002-of-00002.safetensors]:  46%|████▌     | 1.52G/3.28G [10:07<17:06, 1.85MB/s][A[A[A[A[A[A[A[A







Downloading [model-00001-of-00002.safetensors]:  44%|████▍     | 1.62G/3.71G [10:07<25:43, 1.45MB/s][A[A[A[A[A[A[A








Downloading [model-00002-of-00002.safetensors]:  46%|████▌     | 1.52G/3.28G [10:07<19:20, 1.63MB/s][A[A[A[A[A[A[A[A







Downloading [model-00001-of-00002.safetensors]:  44%|████▍     | 1.63G/3.71G [10:08<22:48, 1.63MB/s][A[A[A[A[A[A[A








Downloading [model-00002-of-00002.safetensors]:  46%|████▌     | 1.52G/3.28G [10:08<17:06, 1.85MB/s][A[A[A[A[A[A[A[A







Downloading [model-00001-of-00002.safetensors]:  44%|████▍     | 1.63G/3.71G [10:08<20:49, 1.79MB/s][A[A[A[A[A[A[A








Downloading [model-00002-of-00002.safetensors]:  46%|████▋     | 1.52G/3.28G [10:08<16:13, 1.95MB/s][A[A[A[A[A[A[A[A







Downloading [model-00001-of-00002.safetensors]:  44%|████▍     | 1.63G/3.71G [10:09<19:33, 1.90MB/s][A[A[A[A[A[A[A








Downloading [model-00002-of-00002.safetensors]:  46%|████▋     | 1.52G/3.28G [10:09<14:35, 2.16MB/s][A[A[A[A[A[A[A[A







Downloading [model-00001-of-00002.safetensors]:  44%|████▍     | 1.63G/3.71G [10:09<17:26, 2.13MB/s][A[A[A[A[A[A[A








Downloading [model-00002-of-00002.safetensors]:  46%|████▋     | 1.52G/3.28G [10:09<13:06, 2.41MB/s][A[A[A[A[A[A[A[A







Downloading [model-00001-of-00002.safetensors]:  44%|████▍     | 1.63G/3.71G [10:10<18:02, 2.06MB/s][A[A[A[A[A[A[A








Downloading [model-00002-of-00002.safetensors]:  46%|████▋     | 1.52G/3.28G [10:10<15:24, 2.05MB/s][A[A[A[A[A[A[A[A







Downloading [model-00001-of-00002.safetensors]:  44%|████▍     | 1.63G/3.71G [10:11<22:59, 1.62MB/s][A[A[A[A[A[A[A








Downloading [model-00002-of-00002.safetensors]:  46%|████▋     | 1.52G/3.28G [10:11<19:53, 1.58MB/s][A[A[A[A[A[A[A[A







Downloading [model-00001-of-00002.safetensors]:  44%|████▍     | 1.63G/3.71G [10:11<25:28, 1.46MB/s][A[A[A[A[A[A[A








Downloading [model-00002-of-00002.safetensors]:  46%|████▋     | 1.52G/3.28G [10:12<22:46, 1.38MB/s][A[A[A[A[A[A[A[A








Downloading [model-00002-of-00002.safetensors]:  46%|████▋     | 1.53G/3.28G [10:13<24:31, 1.28MB/s][A[A[A[A[A[A[A[A







Downloading [model-00001-of-00002.safetensors]:  44%|████▍     | 1.63G/3.71G [10:13<33:24, 1.11MB/s][A[A[A[A[A[A[A








Downloading [model-00002-of-00002.safetensors]:  46%|████▋     | 1.53G/3.28G [10:14<24:42, 1.27MB/s][A[A[A[A[A[A[A[A







Downloading [model-00001-of-00002.safetensors]:  44%|████▍     | 1.63G/3.71G [10:14<32:51, 1.13MB/s][A[A[A[A[A[A[A








Downloading [model-00002-of-00002.safetensors]:  47%|████▋     | 1.53G/3.28G [10:14<24:54, 1.26MB/s][A[A[A[A[A[A[A[A







Downloading [model-00001-of-00002.safetensors]:  44%|████▍     | 1.63G/3.71G [10:14<30:41, 1.21MB/s][A[A[A[A[A[A[A








Downloading [model-00002-of-00002.safetensors]:  47%|████▋     | 1.53G/3.28G [10:15<23:43, 1.32MB/s][A[A[A[A[A[A[A[A







Downloading [model-00001-of-00002.safetensors]:  44%|████▍     | 1.64G/3.71G [10:15<28:29, 1.30MB/s][A[A[A[A[A[A[A








Downloading [model-00002-of-00002.safetensors]:  47%|████▋     | 1.53G/3.28G [10:16<23:12, 1.35MB/s][A[A[A[A[A[A[A[A







Downloading [model-00001-of-00002.safetensors]:  44%|████▍     | 1.64G/3.71G [10:16<27:06, 1.37MB/s][A[A[A[A[A[A[A







Downloading [model-00001-of-00002.safetensors]:  44%|████▍     | 1.64G/3.71G [10:16<23:56, 1.55MB/s][A[A[A[A[A[A[A








Downloading [model-00002-of-00002.safetensors]:  47%|████▋     | 1.53G/3.28G [10:16<21:23, 1.47MB/s][A[A[A[A[A[A[A[A








Downloading [model-00002-of-00002.safetensors]:  47%|████▋     | 1.53G/3.28G [10:17<19:38, 1.60MB/s][A[A[A[A[A[A[A[A







Downloading [model-00001-of-00002.safetensors]:  44%|████▍     | 1.64G/3.71G [10:17<23:15, 1.59MB/s][A[A[A[A[A[A[A







Downloading [model-00001-of-00002.safetensors]:  44%|████▍     | 1.64G/3.71G [10:18<22:54, 1.62MB/s][A[A[A[A[A[A[A








Downloading [model-00002-of-00002.safetensors]:  47%|████▋     | 1.53G/3.28G [10:18<19:46, 1.59MB/s][A[A[A[A[A[A[A[A








Downloading [model-00002-of-00002.safetensors]:  47%|████▋     | 1.53G/3.28G [10:18<17:00, 1.84MB/s][A[A[A[A[A[A[A[A







Downloading [model-00001-of-00002.safetensors]:  44%|████▍     | 1.64G/3.71G [10:18<20:56, 1.77MB/s][A[A[A[A[A[A[A








Downloading [model-00002-of-00002.safetensors]:  47%|████▋     | 1.53G/3.28G [10:19<17:57, 1.74MB/s][A[A[A[A[A[A[A[A







Downloading [model-00001-of-00002.safetensors]:  44%|████▍     | 1.64G/3.71G [10:19<21:28, 1.72MB/s][A[A[A[A[A[A[A







Downloading [model-00001-of-00002.safetensors]:  44%|████▍     | 1.64G/3.71G [10:19<19:29, 1.90MB/s][A[A[A[A[A[A[A








Downloading [model-00002-of-00002.safetensors]:  47%|████▋     | 1.54G/3.28G [10:19<17:53, 1.75MB/s][A[A[A[A[A[A[A[A








Downloading [model-00002-of-00002.safetensors]:  47%|████▋     | 1.54G/3.28G [10:19<14:28, 2.16MB/s][A[A[A[A[A[A[A[A







Downloading [model-00001-of-00002.safetensors]:  44%|████▍     | 1.64G/3.71G [10:20<18:43, 1.97MB/s][A[A[A[A[A[A[A








Downloading [model-00002-of-00002.safetensors]:  47%|████▋     | 1.54G/3.28G [10:20<19:33, 1.60MB/s][A[A[A[A[A[A[A[A







Downloading [model-00001-of-00002.safetensors]:  44%|████▍     | 1.64G/3.71G [10:21<26:05, 1.42MB/s][A[A[A[A[A[A[A








Downloading [model-00002-of-00002.safetensors]:  47%|████▋     | 1.54G/3.28G [10:21<19:47, 1.58MB/s][A[A[A[A[A[A[A[A







Downloading [model-00001-of-00002.safetensors]:  44%|████▍     | 1.65G/3.71G [10:21<25:23, 1.45MB/s][A[A[A[A[A[A[A








Downloading [model-00002-of-00002.safetensors]:  47%|████▋     | 1.54G/3.28G [10:22<17:47, 1.76MB/s][A[A[A[A[A[A[A[A








Downloading [model-00002-of-00002.safetensors]:  47%|████▋     | 1.54G/3.28G [10:22<16:31, 1.89MB/s][A[A[A[A[A[A[A[A







Downloading [model-00001-of-00002.safetensors]:  44%|████▍     | 1.65G/3.71G [10:22<25:27, 1.45MB/s][A[A[A[A[A[A[A








Downloading [model-00002-of-00002.safetensors]:  47%|████▋     | 1.54G/3.28G [10:23<16:45, 1.86MB/s][A[A[A[A[A[A[A[A







Downloading [model-00001-of-00002.safetensors]:  44%|████▍     | 1.65G/3.71G [10:23<25:17, 1.46MB/s][A[A[A[A[A[A[A








Downloading [model-00002-of-00002.safetensors]:  47%|████▋     | 1.54G/3.28G [10:23<15:57, 1.96MB/s][A[A[A[A[A[A[A[A







Downloading [model-00001-of-00002.safetensors]:  44%|████▍     | 1.65G/3.71G [10:23<23:47, 1.55MB/s][A[A[A[A[A[A[A








Downloading [model-00002-of-00002.safetensors]:  47%|████▋     | 1.54G/3.28G [10:23<14:25, 2.16MB/s][A[A[A[A[A[A[A[A







Downloading [model-00001-of-00002.safetensors]:  44%|████▍     | 1.65G/3.71G [10:24<23:08, 1.59MB/s][A[A[A[A[A[A[A








Downloading [model-00002-of-00002.safetensors]:  47%|████▋     | 1.54G/3.28G [10:24<17:32, 1.78MB/s][A[A[A[A[A[A[A[A







Downloading [model-00001-of-00002.safetensors]:  44%|████▍     | 1.65G/3.71G [10:25<26:15, 1.40MB/s][A[A[A[A[A[A[A








Downloading [model-00002-of-00002.safetensors]:  47%|████▋     | 1.54G/3.28G [10:25<20:38, 1.51MB/s][A[A[A[A[A[A[A[A







Downloading [model-00001-of-00002.safetensors]:  45%|████▍     | 1.65G/3.71G [10:26<23:54, 1.54MB/s][A[A[A[A[A[A[A








Downloading [model-00002-of-00002.safetensors]:  47%|████▋     | 1.55G/3.28G [10:26<18:29, 1.68MB/s][A[A[A[A[A[A[A[A







Downloading [model-00001-of-00002.safetensors]:  45%|████▍     | 1.65G/3.71G [10:26<23:58, 1.53MB/s][A[A[A[A[A[A[A








Downloading [model-00002-of-00002.safetensors]:  47%|████▋     | 1.55G/3.28G [10:26<19:38, 1.58MB/s][A[A[A[A[A[A[A[A







Downloading [model-00001-of-00002.safetensors]:  45%|████▍     | 1.65G/3.71G [10:27<28:03, 1.31MB/s][A[A[A[A[A[A[A








Downloading [model-00002-of-00002.safetensors]:  47%|████▋     | 1.55G/3.28G [10:28<23:54, 1.30MB/s][A[A[A[A[A[A[A[A







Downloading [model-00001-of-00002.safetensors]:  45%|████▍     | 1.65G/3.71G [10:29<32:12, 1.14MB/s][A[A[A[A[A[A[A








Downloading [model-00002-of-00002.safetensors]:  47%|████▋     | 1.55G/3.28G [10:29<27:27, 1.13MB/s][A[A[A[A[A[A[A[A







Downloading [model-00001-of-00002.safetensors]:  45%|████▍     | 1.66G/3.71G [10:29<31:27, 1.17MB/s][A[A[A[A[A[A[A








Downloading [model-00002-of-00002.safetensors]:  47%|████▋     | 1.55G/3.28G [10:29<24:18, 1.28MB/s][A[A[A[A[A[A[A[A








Downloading [model-00002-of-00002.safetensors]:  47%|████▋     | 1.55G/3.28G [10:30<21:16, 1.46MB/s][A[A[A[A[A[A[A[A







Downloading [model-00001-of-00002.safetensors]:  45%|████▍     | 1.66G/3.71G [10:30<28:00, 1.31MB/s][A[A[A[A[A[A[A








Downloading [model-00002-of-00002.safetensors]:  47%|████▋     | 1.55G/3.28G [10:30<18:44, 1.65MB/s][A[A[A[A[A[A[A[A







Downloading [model-00001-of-00002.safetensors]:  45%|████▍     | 1.66G/3.71G [10:30<24:25, 1.50MB/s][A[A[A[A[A[A[A








Downloading [model-00002-of-00002.safetensors]:  47%|████▋     | 1.55G/3.28G [10:31<16:45, 1.85MB/s][A[A[A[A[A[A[A[A







Downloading [model-00001-of-00002.safetensors]:  45%|████▍     | 1.66G/3.71G [10:31<23:14, 1.58MB/s][A[A[A[A[A[A[A








Downloading [model-00002-of-00002.safetensors]:  47%|████▋     | 1.55G/3.28G [10:31<14:49, 2.09MB/s][A[A[A[A[A[A[A[A







Downloading [model-00001-of-00002.safetensors]:  45%|████▍     | 1.66G/3.71G [10:31<20:55, 1.75MB/s][A[A[A[A[A[A[A








Downloading [model-00002-of-00002.safetensors]:  47%|████▋     | 1.55G/3.28G [10:32<19:04, 1.62MB/s][A[A[A[A[A[A[A[A







Downloading [model-00001-of-00002.safetensors]:  45%|████▍     | 1.66G/3.71G [10:32<24:27, 1.50MB/s][A[A[A[A[A[A[A








Downloading [model-00002-of-00002.safetensors]:  47%|████▋     | 1.56G/3.28G [10:33<22:23, 1.38MB/s][A[A[A[A[A[A[A[A







Downloading [model-00001-of-00002.safetensors]:  45%|████▍     | 1.66G/3.71G [10:33<27:33, 1.33MB/s][A[A[A[A[A[A[A








Downloading [model-00002-of-00002.safetensors]:  47%|████▋     | 1.56G/3.28G [10:34<22:13, 1.39MB/s][A[A[A[A[A[A[A[A







Downloading [model-00001-of-00002.safetensors]:  45%|████▍     | 1.66G/3.71G [10:34<26:34, 1.38MB/s][A[A[A[A[A[A[A








Downloading [model-00002-of-00002.safetensors]:  47%|████▋     | 1.56G/3.28G [10:34<20:11, 1.53MB/s][A[A[A[A[A[A[A[A







Downloading [model-00001-of-00002.safetensors]:  45%|████▍     | 1.66G/3.71G [10:35<26:09, 1.40MB/s][A[A[A[A[A[A[A








Downloading [model-00002-of-00002.safetensors]:  47%|████▋     | 1.56G/3.28G [10:35<19:40, 1.57MB/s][A[A[A[A[A[A[A[A







Downloading [model-00001-of-00002.safetensors]:  45%|████▍     | 1.66G/3.71G [10:35<23:22, 1.57MB/s][A[A[A[A[A[A[A








Downloading [model-00002-of-00002.safetensors]:  47%|████▋     | 1.56G/3.28G [10:35<17:31, 1.76MB/s][A[A[A[A[A[A[A[A







Downloading [model-00001-of-00002.safetensors]:  45%|████▍     | 1.67G/3.71G [10:36<23:28, 1.56MB/s][A[A[A[A[A[A[A








Downloading [model-00002-of-00002.safetensors]:  48%|████▊     | 1.56G/3.28G [10:36<19:53, 1.55MB/s][A[A[A[A[A[A[A[A







Downloading [model-00001-of-00002.safetensors]:  45%|████▍     | 1.67G/3.71G [10:37<24:50, 1.47MB/s][A[A[A[A[A[A[A








Downloading [model-00002-of-00002.safetensors]:  48%|████▊     | 1.56G/3.28G [10:37<19:21, 1.59MB/s][A[A[A[A[A[A[A[A








Downloading [model-00002-of-00002.safetensors]:  48%|████▊     | 1.56G/3.28G [10:37<17:55, 1.72MB/s][A[A[A[A[A[A[A[A







Downloading [model-00001-of-00002.safetensors]:  45%|████▍     | 1.67G/3.71G [10:37<24:28, 1.49MB/s][A[A[A[A[A[A[A








Downloading [model-00002-of-00002.safetensors]:  48%|████▊     | 1.56G/3.28G [10:38<16:17, 1.89MB/s][A[A[A[A[A[A[A[A







Downloading [model-00001-of-00002.safetensors]:  45%|████▍     | 1.67G/3.71G [10:38<21:47, 1.68MB/s][A[A[A[A[A[A[A








Downloading [model-00002-of-00002.safetensors]:  48%|████▊     | 1.56G/3.28G [10:38<14:46, 2.08MB/s][A[A[A[A[A[A[A[A







Downloading [model-00001-of-00002.safetensors]:  45%|████▍     | 1.67G/3.71G [10:38<20:54, 1.75MB/s][A[A[A[A[A[A[A








Downloading [model-00002-of-00002.safetensors]:  48%|████▊     | 1.57G/3.28G [10:39<14:30, 2.12MB/s][A[A[A[A[A[A[A[A







Downloading [model-00001-of-00002.safetensors]:  45%|████▌     | 1.67G/3.71G [10:39<21:48, 1.67MB/s][A[A[A[A[A[A[A








Downloading [model-00002-of-00002.safetensors]:  48%|████▊     | 1.57G/3.28G [10:39<16:51, 1.82MB/s][A[A[A[A[A[A[A[A







Downloading [model-00001-of-00002.safetensors]:  45%|████▌     | 1.67G/3.71G [10:40<24:22, 1.50MB/s][A[A[A[A[A[A[A








Downloading [model-00002-of-00002.safetensors]:  48%|████▊     | 1.57G/3.28G [10:40<18:20, 1.68MB/s][A[A[A[A[A[A[A[A







Downloading [model-00001-of-00002.safetensors]:  45%|████▌     | 1.67G/3.71G [10:41<23:47, 1.53MB/s][A[A[A[A[A[A[A








Downloading [model-00002-of-00002.safetensors]:  48%|████▊     | 1.57G/3.28G [10:41<18:30, 1.66MB/s][A[A[A[A[A[A[A[A







Downloading [model-00001-of-00002.safetensors]:  45%|████▌     | 1.67G/3.71G [10:41<23:20, 1.56MB/s][A[A[A[A[A[A[A







Downloading [model-00001-of-00002.safetensors]:  45%|████▌     | 1.67G/3.71G [10:42<19:28, 1.87MB/s][A[A[A[A[A[A[A








Downloading [model-00002-of-00002.safetensors]:  48%|████▊     | 1.57G/3.28G [10:42<19:41, 1.56MB/s][A[A[A[A[A[A[A[A








Downloading [model-00002-of-00002.safetensors]:  48%|████▊     | 1.57G/3.28G [10:42<16:18, 1.88MB/s][A[A[A[A[A[A[A[A







Downloading [model-00001-of-00002.safetensors]:  45%|████▌     | 1.67G/3.71G [10:43<26:07, 1.39MB/s][A[A[A[A[A[A[A








Downloading [model-00002-of-00002.safetensors]:  48%|████▊     | 1.57G/3.28G [10:43<19:47, 1.55MB/s][A[A[A[A[A[A[A[A







Downloading [model-00001-of-00002.safetensors]:  45%|████▌     | 1.68G/3.71G [10:44<29:11, 1.25MB/s][A[A[A[A[A[A[A








Downloading [model-00002-of-00002.safetensors]:  48%|████▊     | 1.57G/3.28G [10:44<22:39, 1.35MB/s][A[A[A[A[A[A[A[A







Downloading [model-00001-of-00002.safetensors]:  45%|████▌     | 1.68G/3.71G [10:45<30:52, 1.18MB/s][A[A[A[A[A[A[A








Downloading [model-00002-of-00002.safetensors]:  48%|████▊     | 1.57G/3.28G [10:45<24:59, 1.23MB/s][A[A[A[A[A[A[A[A







Downloading [model-00001-of-00002.safetensors]:  45%|████▌     | 1.68G/3.71G [10:46<30:54, 1.18MB/s][A[A[A[A[A[A[A








Downloading [model-00002-of-00002.safetensors]:  48%|████▊     | 1.57G/3.28G [10:46<25:25, 1.20MB/s][A[A[A[A[A[A[A[A








Downloading [model-00002-of-00002.safetensors]:  48%|████▊     | 1.58G/3.28G [10:46<23:30, 1.30MB/s][A[A[A[A[A[A[A[A







Downloading [model-00001-of-00002.safetensors]:  45%|████▌     | 1.68G/3.71G [10:46<29:44, 1.22MB/s][A[A[A[A[A[A[A








Downloading [model-00002-of-00002.safetensors]:  48%|████▊     | 1.58G/3.28G [10:47<21:13, 1.44MB/s][A[A[A[A[A[A[A[A







Downloading [model-00001-of-00002.safetensors]:  45%|████▌     | 1.68G/3.71G [10:47<28:52, 1.26MB/s][A[A[A[A[A[A[A








Downloading [model-00002-of-00002.safetensors]:  48%|████▊     | 1.58G/3.28G [10:48<27:26, 1.11MB/s][A[A[A[A[A[A[A[A







Downloading [model-00001-of-00002.safetensors]:  45%|████▌     | 1.68G/3.71G [10:49<37:44, 962kB/s] [A[A[A[A[A[A[A








Downloading [model-00002-of-00002.safetensors]:  48%|████▊     | 1.58G/3.28G [10:49<27:30, 1.11MB/s][A[A[A[A[A[A[A[A







Downloading [model-00001-of-00002.safetensors]:  45%|████▌     | 1.68G/3.71G [10:49<30:43, 1.18MB/s][A[A[A[A[A[A[A







Downloading [model-00001-of-00002.safetensors]:  45%|████▌     | 1.68G/3.71G [10:50<27:45, 1.31MB/s][A[A[A[A[A[A[A








Downloading [model-00002-of-00002.safetensors]:  48%|████▊     | 1.58G/3.28G [10:50<28:33, 1.07MB/s][A[A[A[A[A[A[A[A







Downloading [model-00001-of-00002.safetensors]:  45%|████▌     | 1.68G/3.71G [10:51<27:41, 1.31MB/s][A[A[A[A[A[A[A








Downloading [model-00002-of-00002.safetensors]:  48%|████▊     | 1.58G/3.28G [10:51<25:24, 1.20MB/s][A[A[A[A[A[A[A[A







Downloading [model-00001-of-00002.safetensors]:  45%|████▌     | 1.68G/3.71G [10:52<27:05, 1.34MB/s][A[A[A[A[A[A[A








Downloading [model-00002-of-00002.safetensors]:  48%|████▊     | 1.58G/3.28G [10:52<23:01, 1.32MB/s][A[A[A[A[A[A[A[A







Downloading [model-00001-of-00002.safetensors]:  45%|████▌     | 1.69G/3.71G [10:52<23:53, 1.52MB/s][A[A[A[A[A[A[A








Downloading [model-00002-of-00002.safetensors]:  48%|████▊     | 1.58G/3.28G [10:52<19:46, 1.54MB/s][A[A[A[A[A[A[A[A







Downloading [model-00001-of-00002.safetensors]:  45%|████▌     | 1.69G/3.71G [10:52<21:09, 1.71MB/s][A[A[A[A[A[A[A








Downloading [model-00002-of-00002.safetensors]:  48%|████▊     | 1.58G/3.28G [10:52<17:06, 1.78MB/s][A[A[A[A[A[A[A[A







Downloading [model-00001-of-00002.safetensors]:  45%|████▌     | 1.69G/3.71G [10:53<18:41, 1.94MB/s][A[A[A[A[A[A[A








Downloading [model-00002-of-00002.safetensors]:  48%|████▊     | 1.58G/3.28G [10:53<16:06, 1.89MB/s][A[A[A[A[A[A[A[A








Downloading [model-00002-of-00002.safetensors]:  48%|████▊     | 1.58G/3.28G [10:53<12:41, 2.40MB/s][A[A[A[A[A[A[A[A







Downloading [model-00001-of-00002.safetensors]:  46%|████▌     | 1.69G/3.71G [10:53<16:11, 2.23MB/s][A[A[A[A[A[A[A








Downloading [model-00002-of-00002.safetensors]:  48%|████▊     | 1.59G/3.28G [10:53<10:39, 2.85MB/s][A[A[A[A[A[A[A[A







Downloading [model-00001-of-00002.safetensors]:  46%|████▌     | 1.69G/3.71G [10:53<13:58, 2.59MB/s][A[A[A[A[A[A[A








Downloading [model-00002-of-00002.safetensors]:  48%|████▊     | 1.59G/3.28G [10:53<08:57, 3.39MB/s][A[A[A[A[A[A[A[A








Downloading [model-00002-of-00002.safetensors]:  48%|████▊     | 1.59G/3.28G [10:54<07:50, 3.87MB/s][A[A[A[A[A[A[A[A







Downloading [model-00001-of-00002.safetensors]:  46%|████▌     | 1.69G/3.71G [10:54<13:18, 2.71MB/s][A[A[A[A[A[A[A








Downloading [model-00002-of-00002.safetensors]:  48%|████▊     | 1.59G/3.28G [10:54<10:16, 2.95MB/s][A[A[A[A[A[A[A[A







Downloading [model-00001-of-00002.safetensors]:  46%|████▌     | 1.69G/3.71G [10:55<18:23, 1.96MB/s][A[A[A[A[A[A[A








Downloading [model-00002-of-00002.safetensors]:  48%|████▊     | 1.59G/3.28G [10:55<12:41, 2.39MB/s][A[A[A[A[A[A[A[A







Downloading [model-00001-of-00002.safetensors]:  46%|████▌     | 1.69G/3.71G [10:55<18:23, 1.96MB/s][A[A[A[A[A[A[A








Downloading [model-00002-of-00002.safetensors]:  48%|████▊     | 1.59G/3.28G [10:55<11:52, 2.55MB/s][A[A[A[A[A[A[A[A








Downloading [model-00002-of-00002.safetensors]:  48%|████▊     | 1.59G/3.28G [10:56<13:06, 2.31MB/s][A[A[A[A[A[A[A[A







Downloading [model-00001-of-00002.safetensors]:  46%|████▌     | 1.69G/3.71G [10:56<19:34, 1.84MB/s][A[A[A[A[A[A[A








Downloading [model-00002-of-00002.safetensors]:  48%|████▊     | 1.59G/3.28G [10:56<15:21, 1.97MB/s][A[A[A[A[A[A[A[A







Downloading [model-00001-of-00002.safetensors]:  46%|████▌     | 1.69G/3.71G [10:57<21:38, 1.67MB/s][A[A[A[A[A[A[A








Downloading [model-00002-of-00002.safetensors]:  49%|████▊     | 1.59G/3.28G [10:57<18:15, 1.66MB/s][A[A[A[A[A[A[A[A







Downloading [model-00001-of-00002.safetensors]:  46%|████▌     | 1.70G/3.71G [10:57<23:45, 1.52MB/s][A[A[A[A[A[A[A







Downloading [model-00001-of-00002.safetensors]:  46%|████▌     | 1.70G/3.71G [10:58<22:50, 1.58MB/s][A[A[A[A[A[A[A








Downloading [model-00002-of-00002.safetensors]:  49%|████▊     | 1.59G/3.28G [10:58<18:45, 1.61MB/s][A[A[A[A[A[A[A[A








Downloading [model-00002-of-00002.safetensors]:  49%|████▊     | 1.60G/3.28G [10:59<17:59, 1.68MB/s][A[A[A[A[A[A[A[A







Downloading [model-00001-of-00002.safetensors]:  46%|████▌     | 1.70G/3.71G [10:59<23:31, 1.53MB/s][A[A[A[A[A[A[A








Downloading [model-00002-of-00002.safetensors]:  49%|████▊     | 1.60G/3.28G [10:59<16:09, 1.87MB/s][A[A[A[A[A[A[A[A







Downloading [model-00001-of-00002.safetensors]:  46%|████▌     | 1.70G/3.71G [10:59<20:25, 1.76MB/s][A[A[A[A[A[A[A








Downloading [model-00002-of-00002.safetensors]:  49%|████▊     | 1.60G/3.28G [10:59<13:58, 2.16MB/s][A[A[A[A[A[A[A[A







Downloading [model-00001-of-00002.safetensors]:  46%|████▌     | 1.70G/3.71G [10:59<17:14, 2.09MB/s][A[A[A[A[A[A[A








Downloading [model-00002-of-00002.safetensors]:  49%|████▊     | 1.60G/3.28G [11:00<16:01, 1.88MB/s][A[A[A[A[A[A[A[A







Downloading [model-00001-of-00002.safetensors]:  46%|████▌     | 1.70G/3.71G [11:00<19:14, 1.87MB/s][A[A[A[A[A[A[A








Downloading [model-00002-of-00002.safetensors]:  49%|████▊     | 1.60G/3.28G [11:00<13:37, 2.21MB/s][A[A[A[A[A[A[A[A







Downloading [model-00001-of-00002.safetensors]:  46%|████▌     | 1.70G/3.71G [11:00<16:26, 2.19MB/s][A[A[A[A[A[A[A








Downloading [model-00002-of-00002.safetensors]:  49%|████▊     | 1.60G/3.28G [11:01<12:16, 2.46MB/s][A[A[A[A[A[A[A[A







Downloading [model-00001-of-00002.safetensors]:  46%|████▌     | 1.70G/3.71G [11:01<15:18, 2.35MB/s][A[A[A[A[A[A[A








Downloading [model-00002-of-00002.safetensors]:  49%|████▉     | 1.60G/3.28G [11:01<13:43, 2.19MB/s][A[A[A[A[A[A[A[A







Downloading [model-00001-of-00002.safetensors]:  46%|████▌     | 1.70G/3.71G [11:02<18:40, 1.92MB/s][A[A[A[A[A[A[A








Downloading [model-00002-of-00002.safetensors]:  49%|████▉     | 1.60G/3.28G [11:02<12:21, 2.44MB/s][A[A[A[A[A[A[A[A








Downloading [model-00002-of-00002.safetensors]:  49%|████▉     | 1.60G/3.28G [11:02<10:48, 2.78MB/s][A[A[A[A[A[A[A[A







Downloading [model-00001-of-00002.safetensors]:  46%|████▌     | 1.70G/3.71G [11:02<17:05, 2.10MB/s][A[A[A[A[A[A[A








Downloading [model-00002-of-00002.safetensors]:  49%|████▉     | 1.60G/3.28G [11:02<10:09, 2.96MB/s][A[A[A[A[A[A[A[A







Downloading [model-00001-of-00002.safetensors]:  46%|████▌     | 1.71G/3.71G [11:02<16:01, 2.24MB/s][A[A[A[A[A[A[A








Downloading [model-00002-of-00002.safetensors]:  49%|████▉     | 1.61G/3.28G [11:03<10:50, 2.77MB/s][A[A[A[A[A[A[A[A








Downloading [model-00002-of-00002.safetensors]:  49%|████▉     | 1.61G/3.28G [11:03<12:32, 2.40MB/s][A[A[A[A[A[A[A[A







Downloading [model-00001-of-00002.safetensors]:  46%|████▌     | 1.71G/3.71G [11:03<20:25, 1.75MB/s][A[A[A[A[A[A[A








Downloading [model-00002-of-00002.safetensors]:  49%|████▉     | 1.61G/3.28G [11:04<12:21, 2.43MB/s][A[A[A[A[A[A[A[A








Downloading [model-00002-of-00002.safetensors]:  49%|████▉     | 1.61G/3.28G [11:04<13:58, 2.15MB/s][A[A[A[A[A[A[A[A







Downloading [model-00001-of-00002.safetensors]:  46%|████▌     | 1.71G/3.71G [11:04<25:15, 1.42MB/s][A[A[A[A[A[A[A








Downloading [model-00002-of-00002.safetensors]:  49%|████▉     | 1.61G/3.28G [11:05<13:06, 2.29MB/s][A[A[A[A[A[A[A[A







Downloading [model-00001-of-00002.safetensors]:  46%|████▌     | 1.71G/3.71G [11:05<25:04, 1.43MB/s][A[A[A[A[A[A[A








Downloading [model-00002-of-00002.safetensors]:  49%|████▉     | 1.61G/3.28G [11:05<14:31, 2.06MB/s][A[A[A[A[A[A[A[A







Downloading [model-00001-of-00002.safetensors]:  46%|████▌     | 1.71G/3.71G [11:06<24:10, 1.48MB/s][A[A[A[A[A[A[A








Downloading [model-00002-of-00002.safetensors]:  49%|████▉     | 1.61G/3.28G [11:06<15:44, 1.90MB/s][A[A[A[A[A[A[A[A







Downloading [model-00001-of-00002.safetensors]:  46%|████▌     | 1.71G/3.71G [11:06<23:03, 1.55MB/s][A[A[A[A[A[A[A








Downloading [model-00002-of-00002.safetensors]:  49%|████▉     | 1.61G/3.28G [11:06<15:15, 1.96MB/s][A[A[A[A[A[A[A[A







Downloading [model-00001-of-00002.safetensors]:  46%|████▌     | 1.71G/3.71G [11:07<22:32, 1.59MB/s][A[A[A[A[A[A[A








Downloading [model-00002-of-00002.safetensors]:  49%|████▉     | 1.61G/3.28G [11:07<16:14, 1.84MB/s][A[A[A[A[A[A[A[A







Downloading [model-00001-of-00002.safetensors]:  46%|████▌     | 1.71G/3.71G [11:08<22:31, 1.59MB/s][A[A[A[A[A[A[A








Downloading [model-00002-of-00002.safetensors]:  49%|████▉     | 1.61G/3.28G [11:08<17:46, 1.68MB/s][A[A[A[A[A[A[A[A








Downloading [model-00002-of-00002.safetensors]:  49%|████▉     | 1.62G/3.28G [11:08<15:41, 1.90MB/s][A[A[A[A[A[A[A[A







Downloading [model-00001-of-00002.safetensors]:  46%|████▌     | 1.71G/3.71G [11:08<22:39, 1.58MB/s][A[A[A[A[A[A[A








Downloading [model-00002-of-00002.safetensors]:  49%|████▉     | 1.62G/3.28G [11:08<14:24, 2.07MB/s][A[A[A[A[A[A[A[A







Downloading [model-00001-of-00002.safetensors]:  46%|████▌     | 1.71G/3.71G [11:09<19:36, 1.82MB/s][A[A[A[A[A[A[A








Downloading [model-00002-of-00002.safetensors]:  49%|████▉     | 1.62G/3.28G [11:09<13:38, 2.19MB/s][A[A[A[A[A[A[A[A







Downloading [model-00001-of-00002.safetensors]:  46%|████▌     | 1.71G/3.71G [11:09<19:57, 1.79MB/s][A[A[A[A[A[A[A








Downloading [model-00002-of-00002.safetensors]:  49%|████▉     | 1.62G/3.28G [11:09<13:58, 2.13MB/s][A[A[A[A[A[A[A[A







Downloading [model-00001-of-00002.safetensors]:  46%|████▋     | 1.72G/3.71G [11:09<16:48, 2.12MB/s][A[A[A[A[A[A[A








Downloading [model-00002-of-00002.safetensors]:  49%|████▉     | 1.62G/3.28G [11:10<12:33, 2.37MB/s][A[A[A[A[A[A[A[A







Downloading [model-00001-of-00002.safetensors]:  46%|████▋     | 1.72G/3.71G [11:10<16:44, 2.13MB/s][A[A[A[A[A[A[A








Downloading [model-00002-of-00002.safetensors]:  49%|████▉     | 1.62G/3.28G [11:10<11:37, 2.56MB/s][A[A[A[A[A[A[A[A








Downloading [model-00002-of-00002.safetensors]:  49%|████▉     | 1.62G/3.28G [11:11<15:46, 1.89MB/s][A[A[A[A[A[A[A[A







Downloading [model-00001-of-00002.safetensors]:  46%|████▋     | 1.72G/3.71G [11:11<22:44, 1.57MB/s][A[A[A[A[A[A[A








Downloading [model-00002-of-00002.safetensors]:  49%|████▉     | 1.62G/3.28G [11:12<20:47, 1.43MB/s][A[A[A[A[A[A[A[A







Downloading [model-00001-of-00002.safetensors]:  46%|████▋     | 1.72G/3.71G [11:12<30:36, 1.16MB/s][A[A[A[A[A[A[A








Downloading [model-00002-of-00002.safetensors]:  49%|████▉     | 1.62G/3.28G [11:13<21:45, 1.37MB/s][A[A[A[A[A[A[A[A







Downloading [model-00001-of-00002.safetensors]:  46%|████▋     | 1.72G/3.71G [11:13<30:14, 1.18MB/s][A[A[A[A[A[A[A








Downloading [model-00002-of-00002.safetensors]:  49%|████▉     | 1.62G/3.28G [11:13<19:21, 1.54MB/s][A[A[A[A[A[A[A[A







Downloading [model-00001-of-00002.safetensors]:  46%|████▋     | 1.72G/3.71G [11:14<26:39, 1.33MB/s][A[A[A[A[A[A[A








Downloading [model-00002-of-00002.safetensors]:  49%|████▉     | 1.62G/3.28G [11:14<19:24, 1.53MB/s][A[A[A[A[A[A[A[A







Downloading [model-00001-of-00002.safetensors]:  46%|████▋     | 1.72G/3.71G [11:14<24:28, 1.45MB/s][A[A[A[A[A[A[A








Downloading [model-00002-of-00002.safetensors]:  50%|████▉     | 1.63G/3.28G [11:15<16:52, 1.76MB/s][A[A[A[A[A[A[A[A








Downloading [model-00002-of-00002.safetensors]:  50%|████▉     | 1.63G/3.28G [11:15<13:55, 2.13MB/s][A[A[A[A[A[A[A[A







Downloading [model-00001-of-00002.safetensors]:  46%|████▋     | 1.72G/3.71G [11:15<20:49, 1.71MB/s][A[A[A[A[A[A[A








Downloading [model-00002-of-00002.safetensors]:  50%|████▉     | 1.63G/3.28G [11:15<11:23, 2.60MB/s][A[A[A[A[A[A[A[A








Downloading [model-00002-of-00002.safetensors]:  50%|████▉     | 1.63G/3.28G [11:15<09:21, 3.17MB/s][A[A[A[A[A[A[A[A







Downloading [model-00001-of-00002.safetensors]:  46%|████▋     | 1.72G/3.71G [11:15<17:51, 1.99MB/s][A[A[A[A[A[A[A








Downloading [model-00002-of-00002.safetensors]:  50%|████▉     | 1.63G/3.28G [11:16<09:54, 2.99MB/s][A[A[A[A[A[A[A[A







Downloading [model-00001-of-00002.safetensors]:  46%|████▋     | 1.72G/3.71G [11:16<17:14, 2.06MB/s][A[A[A[A[A[A[A








Downloading [model-00002-of-00002.safetensors]:  50%|████▉     | 1.63G/3.28G [11:16<09:53, 2.99MB/s][A[A[A[A[A[A[A[A







Downloading [model-00001-of-00002.safetensors]:  47%|████▋     | 1.73G/3.71G [11:16<15:36, 2.27MB/s][A[A[A[A[A[A[A








Downloading [model-00002-of-00002.safetensors]:  50%|████▉     | 1.63G/3.28G [11:16<08:46, 3.37MB/s][A[A[A[A[A[A[A[A







Downloading [model-00001-of-00002.safetensors]:  47%|████▋     | 1.73G/3.71G [11:16<13:12, 2.69MB/s][A[A[A[A[A[A[A








Downloading [model-00002-of-00002.safetensors]:  50%|████▉     | 1.63G/3.28G [11:16<08:57, 3.30MB/s][A[A[A[A[A[A[A[A







Downloading [model-00001-of-00002.safetensors]:  47%|████▋     | 1.73G/3.71G [11:17<15:02, 2.36MB/s][A[A[A[A[A[A[A








Downloading [model-00002-of-00002.safetensors]:  50%|████▉     | 1.63G/3.28G [11:17<09:52, 2.99MB/s][A[A[A[A[A[A[A[A







Downloading [model-00001-of-00002.safetensors]:  47%|████▋     | 1.73G/3.71G [11:17<13:36, 2.61MB/s][A[A[A[A[A[A[A








Downloading [model-00002-of-00002.safetensors]:  50%|████▉     | 1.63G/3.28G [11:17<09:13, 3.20MB/s][A[A[A[A[A[A[A[A







Downloading [model-00001-of-00002.safetensors]:  47%|████▋     | 1.73G/3.71G [11:17<11:45, 3.01MB/s][A[A[A[A[A[A[A








Downloading [model-00002-of-00002.safetensors]:  50%|████▉     | 1.64G/3.28G [11:17<08:04, 3.66MB/s][A[A[A[A[A[A[A[A







Downloading [model-00001-of-00002.safetensors]:  47%|████▋     | 1.73G/3.71G [11:17<10:17, 3.44MB/s][A[A[A[A[A[A[A








Downloading [model-00002-of-00002.safetensors]:  50%|████▉     | 1.64G/3.28G [11:18<09:57, 2.96MB/s][A[A[A[A[A[A[A[A







Downloading [model-00001-of-00002.safetensors]:  47%|████▋     | 1.73G/3.71G [11:18<15:17, 2.31MB/s][A[A[A[A[A[A[A








Downloading [model-00002-of-00002.safetensors]:  50%|████▉     | 1.64G/3.28G [11:18<11:48, 2.50MB/s][A[A[A[A[A[A[A[A








Downloading [model-00002-of-00002.safetensors]:  50%|████▉     | 1.64G/3.28G [11:19<10:32, 2.79MB/s][A[A[A[A[A[A[A[A







Downloading [model-00001-of-00002.safetensors]:  47%|████▋     | 1.73G/3.71G [11:19<15:23, 2.30MB/s][A[A[A[A[A[A[A








Downloading [model-00002-of-00002.safetensors]:  50%|████▉     | 1.64G/3.28G [11:19<08:57, 3.29MB/s][A[A[A[A[A[A[A[A







Downloading [model-00001-of-00002.safetensors]:  47%|████▋     | 1.73G/3.71G [11:19<13:58, 2.53MB/s][A[A[A[A[A[A[A








Downloading [model-00002-of-00002.safetensors]:  50%|████▉     | 1.64G/3.28G [11:19<08:09, 3.61MB/s][A[A[A[A[A[A[A[A







Downloading [model-00001-of-00002.safetensors]:  47%|████▋     | 1.73G/3.71G [11:19<13:55, 2.54MB/s][A[A[A[A[A[A[A








Downloading [model-00002-of-00002.safetensors]:  50%|████▉     | 1.64G/3.28G [11:20<10:56, 2.69MB/s][A[A[A[A[A[A[A[A







Downloading [model-00001-of-00002.safetensors]:  47%|████▋     | 1.74G/3.71G [11:20<12:34, 2.81MB/s][A[A[A[A[A[A[A







Downloading [model-00001-of-00002.safetensors]:  47%|████▋     | 1.74G/3.71G [11:20<13:13, 2.67MB/s][A[A[A[A[A[A[A








Downloading [model-00002-of-00002.safetensors]:  50%|█████     | 1.64G/3.28G [11:20<12:04, 2.43MB/s][A[A[A[A[A[A[A[A







Downloading [model-00001-of-00002.safetensors]:  47%|████▋     | 1.74G/3.71G [11:21<13:52, 2.54MB/s][A[A[A[A[A[A[A








Downloading [model-00002-of-00002.safetensors]:  50%|█████     | 1.64G/3.28G [11:21<13:06, 2.24MB/s][A[A[A[A[A[A[A[A







Downloading [model-00001-of-00002.safetensors]:  47%|████▋     | 1.74G/3.71G [11:21<13:21, 2.64MB/s][A[A[A[A[A[A[A








Downloading [model-00002-of-00002.safetensors]:  50%|█████     | 1.64G/3.28G [11:21<13:20, 2.20MB/s][A[A[A[A[A[A[A[A







Downloading [model-00001-of-00002.safetensors]:  47%|████▋     | 1.74G/3.71G [11:22<19:03, 1.85MB/s][A[A[A[A[A[A[A








Downloading [model-00002-of-00002.safetensors]:  50%|█████     | 1.65G/3.28G [11:22<16:49, 1.74MB/s][A[A[A[A[A[A[A[A







Downloading [model-00001-of-00002.safetensors]:  47%|████▋     | 1.74G/3.71G [11:22<18:00, 1.96MB/s][A[A[A[A[A[A[A








Downloading [model-00002-of-00002.safetensors]:  50%|█████     | 1.65G/3.28G [11:23<15:36, 1.88MB/s][A[A[A[A[A[A[A[A







Downloading [model-00001-of-00002.safetensors]:  47%|████▋     | 1.74G/3.71G [11:23<20:30, 1.72MB/s][A[A[A[A[A[A[A








Downloading [model-00002-of-00002.safetensors]:  50%|█████     | 1.65G/3.28G [11:24<18:13, 1.61MB/s][A[A[A[A[A[A[A[A








Downloading [model-00002-of-00002.safetensors]:  50%|█████     | 1.65G/3.28G [11:24<17:14, 1.70MB/s][A[A[A[A[A[A[A[A







Downloading [model-00001-of-00002.safetensors]:  47%|████▋     | 1.74G/3.71G [11:24<23:49, 1.48MB/s][A[A[A[A[A[A[A








Downloading [model-00002-of-00002.safetensors]:  50%|█████     | 1.65G/3.28G [11:25<17:15, 1.70MB/s][A[A[A[A[A[A[A[A







Downloading [model-00001-of-00002.safetensors]:  47%|████▋     | 1.74G/3.71G [11:25<24:06, 1.46MB/s][A[A[A[A[A[A[A








Downloading [model-00002-of-00002.safetensors]:  50%|█████     | 1.65G/3.28G [11:25<15:17, 1.91MB/s][A[A[A[A[A[A[A[A







Downloading [model-00001-of-00002.safetensors]:  47%|████▋     | 1.74G/3.71G [11:25<19:26, 1.81MB/s][A[A[A[A[A[A[A








Downloading [model-00002-of-00002.safetensors]:  50%|█████     | 1.65G/3.28G [11:26<16:06, 1.81MB/s][A[A[A[A[A[A[A[A







Downloading [model-00001-of-00002.safetensors]:  47%|████▋     | 1.75G/3.71G [11:26<19:37, 1.79MB/s][A[A[A[A[A[A[A








Downloading [model-00002-of-00002.safetensors]:  50%|█████     | 1.65G/3.28G [11:26<15:11, 1.92MB/s][A[A[A[A[A[A[A[A







Downloading [model-00001-of-00002.safetensors]:  47%|████▋     | 1.75G/3.71G [11:26<18:26, 1.91MB/s][A[A[A[A[A[A[A








Downloading [model-00002-of-00002.safetensors]:  50%|█████     | 1.65G/3.28G [11:26<12:45, 2.29MB/s][A[A[A[A[A[A[A[A







Downloading [model-00001-of-00002.safetensors]:  47%|████▋     | 1.75G/3.71G [11:27<15:43, 2.23MB/s][A[A[A[A[A[A[A








Downloading [model-00002-of-00002.safetensors]:  50%|█████     | 1.65G/3.28G [11:27<11:17, 2.58MB/s][A[A[A[A[A[A[A[A







Downloading [model-00001-of-00002.safetensors]:  47%|████▋     | 1.75G/3.71G [11:27<15:06, 2.32MB/s][A[A[A[A[A[A[A








Downloading [model-00002-of-00002.safetensors]:  50%|█████     | 1.66G/3.28G [11:27<10:49, 2.69MB/s][A[A[A[A[A[A[A[A







Downloading [model-00001-of-00002.safetensors]:  47%|████▋     | 1.75G/3.71G [11:27<13:44, 2.55MB/s][A[A[A[A[A[A[A








Downloading [model-00002-of-00002.safetensors]:  50%|█████     | 1.66G/3.28G [11:27<10:01, 2.91MB/s][A[A[A[A[A[A[A[A







Downloading [model-00001-of-00002.safetensors]:  47%|████▋     | 1.75G/3.71G [11:27<12:03, 2.91MB/s][A[A[A[A[A[A[A








Downloading [model-00002-of-00002.safetensors]:  50%|█████     | 1.66G/3.28G [11:28<09:29, 3.07MB/s][A[A[A[A[A[A[A[A







Downloading [model-00001-of-00002.safetensors]:  47%|████▋     | 1.75G/3.71G [11:28<11:34, 3.03MB/s][A[A[A[A[A[A[A








Downloading [model-00002-of-00002.safetensors]:  50%|█████     | 1.66G/3.28G [11:28<08:30, 3.42MB/s][A[A[A[A[A[A[A[A







Downloading [model-00001-of-00002.safetensors]:  47%|████▋     | 1.75G/3.71G [11:28<10:31, 3.33MB/s][A[A[A[A[A[A[A








Downloading [model-00002-of-00002.safetensors]:  51%|█████     | 1.66G/3.28G [11:28<07:30, 3.87MB/s][A[A[A[A[A[A[A[A







Downloading [model-00001-of-00002.safetensors]:  47%|████▋     | 1.75G/3.71G [11:28<09:59, 3.51MB/s][A[A[A[A[A[A[A








Downloading [model-00002-of-00002.safetensors]:  51%|█████     | 1.66G/3.28G [11:28<07:17, 3.99MB/s][A[A[A[A[A[A[A[A







Downloading [model-00001-of-00002.safetensors]:  47%|████▋     | 1.75G/3.71G [11:29<09:07, 3.83MB/s][A[A[A[A[A[A[A








Downloading [model-00002-of-00002.safetensors]:  51%|█████     | 1.66G/3.28G [11:29<07:08, 4.07MB/s][A[A[A[A[A[A[A[A







Downloading [model-00001-of-00002.safetensors]:  47%|████▋     | 1.75G/3.71G [11:29<08:44, 4.00MB/s][A[A[A[A[A[A[A








Downloading [model-00002-of-00002.safetensors]:  51%|█████     | 1.66G/3.28G [11:29<07:56, 3.66MB/s][A[A[A[A[A[A[A[A







Downloading [model-00001-of-00002.safetensors]:  47%|████▋     | 1.76G/3.71G [11:29<10:09, 3.44MB/s][A[A[A[A[A[A[A








Downloading [model-00002-of-00002.safetensors]:  51%|█████     | 1.66G/3.28G [11:30<10:50, 2.68MB/s][A[A[A[A[A[A[A[A







Downloading [model-00001-of-00002.safetensors]:  47%|████▋     | 1.76G/3.71G [11:30<12:55, 2.70MB/s][A[A[A[A[A[A[A








Downloading [model-00002-of-00002.safetensors]:  51%|█████     | 1.66G/3.28G [11:30<13:38, 2.13MB/s][A[A[A[A[A[A[A[A







Downloading [model-00001-of-00002.safetensors]:  47%|████▋     | 1.76G/3.71G [11:31<17:18, 2.02MB/s][A[A[A[A[A[A[A








Downloading [model-00002-of-00002.safetensors]:  51%|█████     | 1.67G/3.28G [11:31<14:11, 2.04MB/s][A[A[A[A[A[A[A[A







Downloading [model-00001-of-00002.safetensors]:  47%|████▋     | 1.76G/3.71G [11:31<19:03, 1.83MB/s][A[A[A[A[A[A[A








Downloading [model-00002-of-00002.safetensors]:  51%|█████     | 1.67G/3.28G [11:31<14:02, 2.06MB/s][A[A[A[A[A[A[A[A








Downloading [model-00002-of-00002.safetensors]:  51%|█████     | 1.67G/3.28G [11:32<13:22, 2.16MB/s][A[A[A[A[A[A[A[A







Downloading [model-00001-of-00002.safetensors]:  47%|████▋     | 1.76G/3.71G [11:32<19:50, 1.76MB/s][A[A[A[A[A[A[A








Downloading [model-00002-of-00002.safetensors]:  51%|█████     | 1.67G/3.28G [11:32<11:42, 2.47MB/s][A[A[A[A[A[A[A[A








Downloading [model-00002-of-00002.safetensors]:  51%|█████     | 1.67G/3.28G [11:32<09:51, 2.93MB/s][A[A[A[A[A[A[A[A







Downloading [model-00001-of-00002.safetensors]:  47%|████▋     | 1.76G/3.71G [11:32<18:36, 1.87MB/s][A[A[A[A[A[A[A








Downloading [model-00002-of-00002.safetensors]:  51%|█████     | 1.67G/3.28G [11:33<09:20, 3.09MB/s][A[A[A[A[A[A[A[A







Downloading [model-00001-of-00002.safetensors]:  47%|████▋     | 1.76G/3.71G [11:33<18:14, 1.91MB/s][A[A[A[A[A[A[A








Downloading [model-00002-of-00002.safetensors]:  51%|█████     | 1.67G/3.28G [11:33<09:43, 2.97MB/s][A[A[A[A[A[A[A[A







Downloading [model-00001-of-00002.safetensors]:  48%|████▊     | 1.76G/3.71G [11:33<15:50, 2.20MB/s][A[A[A[A[A[A[A








Downloading [model-00002-of-00002.safetensors]:  51%|█████     | 1.67G/3.28G [11:33<09:14, 3.12MB/s][A[A[A[A[A[A[A[A







Downloading [model-00001-of-00002.safetensors]:  48%|████▊     | 1.76G/3.71G [11:33<13:21, 2.61MB/s][A[A[A[A[A[A[A








Downloading [model-00002-of-00002.safetensors]:  51%|█████     | 1.67G/3.28G [11:33<08:36, 3.35MB/s][A[A[A[A[A[A[A[A








Downloading [model-00002-of-00002.safetensors]:  51%|█████     | 1.67G/3.28G [11:34<10:03, 2.87MB/s][A[A[A[A[A[A[A[A







Downloading [model-00001-of-00002.safetensors]:  48%|████▊     | 1.76G/3.71G [11:34<16:06, 2.16MB/s][A[A[A[A[A[A[A








Downloading [model-00002-of-00002.safetensors]:  51%|█████     | 1.67G/3.28G [11:34<10:52, 2.65MB/s][A[A[A[A[A[A[A[A







Downloading [model-00001-of-00002.safetensors]:  48%|████▊     | 1.77G/3.71G [11:35<16:03, 2.17MB/s][A[A[A[A[A[A[A








Downloading [model-00002-of-00002.safetensors]:  51%|█████     | 1.68G/3.28G [11:35<10:36, 2.71MB/s][A[A[A[A[A[A[A[A







Downloading [model-00001-of-00002.safetensors]:  48%|████▊     | 1.77G/3.71G [11:35<16:11, 2.15MB/s][A[A[A[A[A[A[A








Downloading [model-00002-of-00002.safetensors]:  51%|█████     | 1.68G/3.28G [11:35<10:57, 2.63MB/s][A[A[A[A[A[A[A[A








Downloading [model-00002-of-00002.safetensors]:  51%|█████     | 1.68G/3.28G [11:36<11:35, 2.48MB/s][A[A[A[A[A[A[A[A







Downloading [model-00001-of-00002.safetensors]:  48%|████▊     | 1.77G/3.71G [11:36<18:12, 1.91MB/s][A[A[A[A[A[A[A








Downloading [model-00002-of-00002.safetensors]:  51%|█████     | 1.68G/3.28G [11:36<12:10, 2.36MB/s][A[A[A[A[A[A[A[A







Downloading [model-00001-of-00002.safetensors]:  48%|████▊     | 1.77G/3.71G [11:36<18:52, 1.84MB/s][A[A[A[A[A[A[A







Downloading [model-00001-of-00002.safetensors]:  48%|████▊     | 1.77G/3.71G [11:37<17:09, 2.02MB/s][A[A[A[A[A[A[A








Downloading [model-00002-of-00002.safetensors]:  51%|█████     | 1.68G/3.28G [11:37<13:52, 2.07MB/s][A[A[A[A[A[A[A[A








Downloading [model-00002-of-00002.safetensors]:  51%|█████     | 1.68G/3.28G [11:37<11:06, 2.59MB/s][A[A[A[A[A[A[A[A







Downloading [model-00001-of-00002.safetensors]:  48%|████▊     | 1.77G/3.71G [11:37<14:22, 2.41MB/s][A[A[A[A[A[A[A








Downloading [model-00002-of-00002.safetensors]:  51%|█████     | 1.68G/3.28G [11:37<09:11, 3.12MB/s][A[A[A[A[A[A[A[A








Downloading [model-00002-of-00002.safetensors]:  51%|█████     | 1.68G/3.28G [11:37<08:06, 3.54MB/s][A[A[A[A[A[A[A[A







Downloading [model-00001-of-00002.safetensors]:  48%|████▊     | 1.77G/3.71G [11:38<15:05, 2.30MB/s][A[A[A[A[A[A[A








Downloading [model-00002-of-00002.safetensors]:  51%|█████▏    | 1.68G/3.28G [11:38<08:50, 3.24MB/s][A[A[A[A[A[A[A[A







Downloading [model-00001-of-00002.safetensors]:  48%|████▊     | 1.77G/3.71G [11:38<10:45, 3.22MB/s][A[A[A[A[A[A[A







Downloading [model-00001-of-00002.safetensors]:  48%|████▊     | 1.77G/3.71G [11:38<10:47, 3.21MB/s][A[A[A[A[A[A[A








Downloading [model-00002-of-00002.safetensors]:  51%|█████▏    | 1.68G/3.28G [11:38<10:15, 2.79MB/s][A[A[A[A[A[A[A[A







Downloading [model-00001-of-00002.safetensors]:  48%|████▊     | 1.78G/3.71G [11:39<11:10, 3.10MB/s][A[A[A[A[A[A[A








Downloading [model-00002-of-00002.safetensors]:  51%|█████▏    | 1.69G/3.28G [11:39<10:46, 2.66MB/s][A[A[A[A[A[A[A[A







Downloading [model-00001-of-00002.safetensors]:  48%|████▊     | 1.78G/3.71G [11:39<14:58, 2.31MB/s][A[A[A[A[A[A[A








Downloading [model-00002-of-00002.safetensors]:  51%|█████▏    | 1.69G/3.28G [11:39<13:30, 2.12MB/s][A[A[A[A[A[A[A[A








Downloading [model-00002-of-00002.safetensors]:  51%|█████▏    | 1.69G/3.28G [11:40<11:41, 2.44MB/s][A[A[A[A[A[A[A[A







Downloading [model-00001-of-00002.safetensors]:  48%|████▊     | 1.78G/3.71G [11:40<14:31, 2.38MB/s][A[A[A[A[A[A[A








Downloading [model-00002-of-00002.safetensors]:  51%|█████▏    | 1.69G/3.28G [11:40<09:51, 2.90MB/s][A[A[A[A[A[A[A[A







Downloading [model-00001-of-00002.safetensors]:  48%|████▊     | 1.78G/3.71G [11:40<12:59, 2.66MB/s][A[A[A[A[A[A[A








Downloading [model-00002-of-00002.safetensors]:  51%|█████▏    | 1.69G/3.28G [11:40<09:31, 3.00MB/s][A[A[A[A[A[A[A[A







Downloading [model-00001-of-00002.safetensors]:  48%|████▊     | 1.78G/3.71G [11:40<12:25, 2.78MB/s][A[A[A[A[A[A[A








Downloading [model-00002-of-00002.safetensors]:  51%|█████▏    | 1.69G/3.28G [11:41<08:46, 3.25MB/s][A[A[A[A[A[A[A[A







Downloading [model-00001-of-00002.safetensors]:  48%|████▊     | 1.78G/3.71G [11:41<11:03, 3.12MB/s][A[A[A[A[A[A[A








Downloading [model-00002-of-00002.safetensors]:  51%|█████▏    | 1.69G/3.28G [11:41<08:57, 3.18MB/s][A[A[A[A[A[A[A[A







Downloading [model-00001-of-00002.safetensors]:  48%|████▊     | 1.78G/3.71G [11:41<10:18, 3.35MB/s][A[A[A[A[A[A[A







Downloading [model-00001-of-00002.safetensors]:  48%|████▊     | 1.78G/3.71G [11:41<10:31, 3.28MB/s][A[A[A[A[A[A[A








Downloading [model-00002-of-00002.safetensors]:  52%|█████▏    | 1.69G/3.28G [11:42<12:05, 2.36MB/s][A[A[A[A[A[A[A[A







Downloading [model-00001-of-00002.safetensors]:  48%|████▊     | 1.78G/3.71G [11:42<14:38, 2.35MB/s][A[A[A[A[A[A[A








Downloading [model-00002-of-00002.safetensors]:  52%|█████▏    | 1.69G/3.28G [11:42<14:38, 1.94MB/s][A[A[A[A[A[A[A[A







Downloading [model-00001-of-00002.safetensors]:  48%|████▊     | 1.78G/3.71G [11:43<17:30, 1.97MB/s][A[A[A[A[A[A[A








Downloading [model-00002-of-00002.safetensors]:  52%|█████▏    | 1.69G/3.28G [11:43<16:33, 1.72MB/s][A[A[A[A[A[A[A[A







Downloading [model-00001-of-00002.safetensors]:  48%|████▊     | 1.79G/3.71G [11:43<18:31, 1.86MB/s][A[A[A[A[A[A[A







Downloading [model-00001-of-00002.safetensors]:  48%|████▊     | 1.79G/3.71G [11:44<17:52, 1.93MB/s][A[A[A[A[A[A[A








Downloading [model-00002-of-00002.safetensors]:  52%|█████▏    | 1.70G/3.28G [11:44<17:29, 1.63MB/s][A[A[A[A[A[A[A[A








Downloading [model-00002-of-00002.safetensors]:  52%|█████▏    | 1.70G/3.28G [11:44<14:37, 1.94MB/s][A[A[A[A[A[A[A[A







Downloading [model-00001-of-00002.safetensors]:  48%|████▊     | 1.79G/3.71G [11:44<16:33, 2.08MB/s][A[A[A[A[A[A[A








Downloading [model-00002-of-00002.safetensors]:  52%|█████▏    | 1.70G/3.28G [11:44<12:28, 2.28MB/s][A[A[A[A[A[A[A[A







Downloading [model-00001-of-00002.safetensors]:  48%|████▊     | 1.79G/3.71G [11:45<16:45, 2.05MB/s][A[A[A[A[A[A[A








Downloading [model-00002-of-00002.safetensors]:  52%|█████▏    | 1.70G/3.28G [11:45<12:51, 2.21MB/s][A[A[A[A[A[A[A[A







Downloading [model-00001-of-00002.safetensors]:  48%|████▊     | 1.79G/3.71G [11:45<15:58, 2.15MB/s][A[A[A[A[A[A[A








Downloading [model-00002-of-00002.safetensors]:  52%|█████▏    | 1.70G/3.28G [11:46<13:54, 2.04MB/s][A[A[A[A[A[A[A[A







Downloading [model-00001-of-00002.safetensors]:  48%|████▊     | 1.79G/3.71G [11:46<15:55, 2.16MB/s][A[A[A[A[A[A[A








Downloading [model-00002-of-00002.safetensors]:  52%|█████▏    | 1.70G/3.28G [11:46<14:22, 1.97MB/s][A[A[A[A[A[A[A[A







Downloading [model-00001-of-00002.safetensors]:  48%|████▊     | 1.79G/3.71G [11:46<15:21, 2.23MB/s][A[A[A[A[A[A[A








Downloading [model-00002-of-00002.safetensors]:  52%|█████▏    | 1.70G/3.28G [11:47<13:49, 2.05MB/s][A[A[A[A[A[A[A[A







Downloading [model-00001-of-00002.safetensors]:  48%|████▊     | 1.79G/3.71G [11:47<16:39, 2.06MB/s][A[A[A[A[A[A[A








Downloading [model-00002-of-00002.safetensors]:  52%|█████▏    | 1.70G/3.28G [11:47<12:20, 2.30MB/s][A[A[A[A[A[A[A[A







Downloading [model-00001-of-00002.safetensors]:  48%|████▊     | 1.79G/3.71G [11:47<11:35, 2.95MB/s][A[A[A[A[A[A[A








Downloading [model-00002-of-00002.safetensors]:  52%|█████▏    | 1.70G/3.28G [11:47<13:16, 2.13MB/s][A[A[A[A[A[A[A[A







Downloading [model-00001-of-00002.safetensors]:  48%|████▊     | 1.79G/3.71G [11:48<12:33, 2.73MB/s][A[A[A[A[A[A[A








Downloading [model-00002-of-00002.safetensors]:  52%|█████▏    | 1.70G/3.28G [11:48<11:04, 2.56MB/s][A[A[A[A[A[A[A[A








Downloading [model-00002-of-00002.safetensors]:  52%|█████▏    | 1.71G/3.28G [11:48<09:36, 2.94MB/s][A[A[A[A[A[A[A[A







Downloading [model-00001-of-00002.safetensors]:  48%|████▊     | 1.80G/3.71G [11:48<12:52, 2.66MB/s][A[A[A[A[A[A[A







Downloading [model-00001-of-00002.safetensors]:  48%|████▊     | 1.80G/3.71G [11:48<12:02, 2.84MB/s][A[A[A[A[A[A[A








Downloading [model-00002-of-00002.safetensors]:  52%|█████▏    | 1.71G/3.28G [11:48<09:47, 2.89MB/s][A[A[A[A[A[A[A[A







Downloading [model-00001-of-00002.safetensors]:  48%|████▊     | 1.80G/3.71G [11:49<12:15, 2.79MB/s][A[A[A[A[A[A[A








Downloading [model-00002-of-00002.safetensors]:  52%|█████▏    | 1.71G/3.28G [11:49<07:29, 3.76MB/s][A[A[A[A[A[A[A[A







Downloading [model-00001-of-00002.safetensors]:  48%|████▊     | 1.80G/3.71G [11:49<11:29, 2.97MB/s][A[A[A[A[A[A[A








Downloading [model-00002-of-00002.safetensors]:  52%|█████▏    | 1.71G/3.28G [11:49<07:40, 3.67MB/s][A[A[A[A[A[A[A[A








Downloading [model-00002-of-00002.safetensors]:  52%|█████▏    | 1.71G/3.28G [11:49<07:41, 3.66MB/s][A[A[A[A[A[A[A[A







Downloading [model-00001-of-00002.safetensors]:  49%|████▊     | 1.80G/3.71G [11:49<11:16, 3.03MB/s][A[A[A[A[A[A[A








Downloading [model-00002-of-00002.safetensors]:  52%|█████▏    | 1.71G/3.28G [11:49<07:02, 4.00MB/s][A[A[A[A[A[A[A[A







Downloading [model-00001-of-00002.safetensors]:  49%|████▊     | 1.80G/3.71G [11:49<10:01, 3.41MB/s][A[A[A[A[A[A[A








Downloading [model-00002-of-00002.safetensors]:  52%|█████▏    | 1.71G/3.28G [11:50<07:13, 3.89MB/s][A[A[A[A[A[A[A[A







Downloading [model-00001-of-00002.safetensors]:  49%|████▊     | 1.80G/3.71G [11:50<11:08, 3.07MB/s][A[A[A[A[A[A[A








Downloading [model-00002-of-00002.safetensors]:  52%|█████▏    | 1.71G/3.28G [11:51<13:18, 2.11MB/s][A[A[A[A[A[A[A[A







Downloading [model-00001-of-00002.safetensors]:  49%|████▊     | 1.80G/3.71G [11:51<17:35, 1.94MB/s][A[A[A[A[A[A[A








Downloading [model-00002-of-00002.safetensors]:  52%|█████▏    | 1.71G/3.28G [11:51<12:28, 2.25MB/s][A[A[A[A[A[A[A[A







Downloading [model-00001-of-00002.safetensors]:  49%|████▊     | 1.80G/3.71G [11:51<15:33, 2.19MB/s][A[A[A[A[A[A[A








Downloading [model-00002-of-00002.safetensors]:  52%|█████▏    | 1.71G/3.28G [11:51<10:35, 2.65MB/s][A[A[A[A[A[A[A[A







Downloading [model-00001-of-00002.safetensors]:  49%|████▊     | 1.80G/3.71G [11:52<13:51, 2.46MB/s][A[A[A[A[A[A[A








Downloading [model-00002-of-00002.safetensors]:  52%|█████▏    | 1.72G/3.28G [11:52<11:14, 2.50MB/s][A[A[A[A[A[A[A[A








Downloading [model-00002-of-00002.safetensors]:  52%|█████▏    | 1.72G/3.28G [11:52<10:32, 2.66MB/s][A[A[A[A[A[A[A[A







Downloading [model-00001-of-00002.safetensors]:  49%|████▊     | 1.81G/3.71G [11:52<16:29, 2.07MB/s][A[A[A[A[A[A[A







Downloading [model-00001-of-00002.safetensors]:  49%|████▊     | 1.81G/3.71G [11:52<13:20, 2.55MB/s][A[A[A[A[A[A[A








Downloading [model-00002-of-00002.safetensors]:  52%|█████▏    | 1.72G/3.28G [11:52<09:19, 3.01MB/s][A[A[A[A[A[A[A[A







Downloading [model-00001-of-00002.safetensors]:  49%|████▊     | 1.81G/3.71G [11:53<12:16, 2.77MB/s][A[A[A[A[A[A[A








Downloading [model-00002-of-00002.safetensors]:  52%|█████▏    | 1.72G/3.28G [11:53<09:24, 2.98MB/s][A[A[A[A[A[A[A[A







Downloading [model-00001-of-00002.safetensors]:  49%|████▉     | 1.81G/3.71G [11:53<13:22, 2.54MB/s][A[A[A[A[A[A[A








Downloading [model-00002-of-00002.safetensors]:  52%|█████▏    | 1.72G/3.28G [11:53<10:32, 2.66MB/s][A[A[A[A[A[A[A[A







Downloading [model-00001-of-00002.safetensors]:  49%|████▉     | 1.81G/3.71G [11:54<12:22, 2.75MB/s][A[A[A[A[A[A[A








Downloading [model-00002-of-00002.safetensors]:  52%|█████▏    | 1.72G/3.28G [11:54<10:13, 2.74MB/s][A[A[A[A[A[A[A[A







Downloading [model-00001-of-00002.safetensors]:  49%|████▉     | 1.81G/3.71G [11:54<11:28, 2.96MB/s][A[A[A[A[A[A[A








Downloading [model-00002-of-00002.safetensors]:  52%|█████▏    | 1.72G/3.28G [11:54<10:05, 2.77MB/s][A[A[A[A[A[A[A[A







Downloading [model-00001-of-00002.safetensors]:  49%|████▉     | 1.81G/3.71G [11:54<12:09, 2.79MB/s][A[A[A[A[A[A[A








Downloading [model-00002-of-00002.safetensors]:  52%|█████▏    | 1.72G/3.28G [11:55<11:27, 2.44MB/s][A[A[A[A[A[A[A[A







Downloading [model-00001-of-00002.safetensors]:  49%|████▉     | 1.81G/3.71G [11:55<14:28, 2.34MB/s][A[A[A[A[A[A[A








Downloading [model-00002-of-00002.safetensors]:  52%|█████▏    | 1.72G/3.28G [11:55<12:49, 2.18MB/s][A[A[A[A[A[A[A[A







Downloading [model-00001-of-00002.safetensors]:  49%|████▉     | 1.81G/3.71G [11:56<17:57, 1.89MB/s][A[A[A[A[A[A[A








Downloading [model-00002-of-00002.safetensors]:  53%|█████▎    | 1.72G/3.28G [11:56<15:05, 1.85MB/s][A[A[A[A[A[A[A[A







Downloading [model-00001-of-00002.safetensors]:  49%|████▉     | 1.81G/3.71G [11:56<18:19, 1.85MB/s][A[A[A[A[A[A[A








Downloading [model-00002-of-00002.safetensors]:  53%|█████▎    | 1.73G/3.28G [11:56<13:17, 2.10MB/s][A[A[A[A[A[A[A[A







Downloading [model-00001-of-00002.safetensors]:  49%|████▉     | 1.82G/3.71G [11:57<16:27, 2.06MB/s][A[A[A[A[A[A[A








Downloading [model-00002-of-00002.safetensors]:  53%|█████▎    | 1.73G/3.28G [11:57<12:50, 2.17MB/s][A[A[A[A[A[A[A[A







Downloading [model-00001-of-00002.safetensors]:  49%|████▉     | 1.82G/3.71G [11:57<13:53, 2.44MB/s][A[A[A[A[A[A[A








Downloading [model-00002-of-00002.safetensors]:  53%|█████▎    | 1.73G/3.28G [11:57<11:10, 2.49MB/s][A[A[A[A[A[A[A[A







Downloading [model-00001-of-00002.safetensors]:  49%|████▉     | 1.82G/3.71G [11:57<12:25, 2.72MB/s][A[A[A[A[A[A[A








Downloading [model-00002-of-00002.safetensors]:  53%|█████▎    | 1.73G/3.28G [11:58<12:29, 2.23MB/s][A[A[A[A[A[A[A[A







Downloading [model-00001-of-00002.safetensors]:  49%|████▉     | 1.82G/3.71G [11:58<14:01, 2.41MB/s][A[A[A[A[A[A[A








Downloading [model-00002-of-00002.safetensors]:  53%|█████▎    | 1.73G/3.28G [11:58<12:24, 2.24MB/s][A[A[A[A[A[A[A[A







Downloading [model-00001-of-00002.safetensors]:  49%|████▉     | 1.82G/3.71G [11:58<14:13, 2.38MB/s][A[A[A[A[A[A[A








Downloading [model-00002-of-00002.safetensors]:  53%|█████▎    | 1.73G/3.28G [11:59<13:27, 2.07MB/s][A[A[A[A[A[A[A[A







Downloading [model-00001-of-00002.safetensors]:  49%|████▉     | 1.82G/3.71G [11:59<15:12, 2.22MB/s][A[A[A[A[A[A[A








Downloading [model-00002-of-00002.safetensors]:  53%|█████▎    | 1.73G/3.28G [11:59<13:12, 2.10MB/s][A[A[A[A[A[A[A[A







Downloading [model-00001-of-00002.safetensors]:  49%|████▉     | 1.82G/3.71G [11:59<15:18, 2.21MB/s][A[A[A[A[A[A[A








Downloading [model-00002-of-00002.safetensors]:  53%|█████▎    | 1.73G/3.28G [12:00<12:19, 2.25MB/s][A[A[A[A[A[A[A[A







Downloading [model-00001-of-00002.safetensors]:  49%|████▉     | 1.82G/3.71G [12:00<14:48, 2.28MB/s][A[A[A[A[A[A[A








Downloading [model-00002-of-00002.safetensors]:  53%|█████▎    | 1.73G/3.28G [12:00<10:53, 2.55MB/s][A[A[A[A[A[A[A[A







Downloading [model-00001-of-00002.safetensors]:  49%|████▉     | 1.82G/3.71G [12:00<13:45, 2.45MB/s][A[A[A[A[A[A[A








Downloading [model-00002-of-00002.safetensors]:  53%|█████▎    | 1.73G/3.28G [12:00<11:15, 2.47MB/s][A[A[A[A[A[A[A[A







Downloading [model-00001-of-00002.safetensors]:  49%|████▉     | 1.82G/3.71G [12:00<13:59, 2.41MB/s][A[A[A[A[A[A[A








Downloading [model-00002-of-00002.safetensors]:  53%|█████▎    | 1.74G/3.28G [12:01<11:00, 2.52MB/s][A[A[A[A[A[A[A[A







Downloading [model-00001-of-00002.safetensors]:  49%|████▉     | 1.83G/3.71G [12:01<12:22, 2.72MB/s][A[A[A[A[A[A[A







Downloading [model-00001-of-00002.safetensors]:  49%|████▉     | 1.83G/3.71G [12:01<13:23, 2.52MB/s][A[A[A[A[A[A[A








Downloading [model-00002-of-00002.safetensors]:  53%|█████▎    | 1.74G/3.28G [12:01<13:14, 2.09MB/s][A[A[A[A[A[A[A[A








Downloading [model-00002-of-00002.safetensors]:  53%|█████▎    | 1.74G/3.28G [12:02<10:41, 2.59MB/s][A[A[A[A[A[A[A[A







Downloading [model-00001-of-00002.safetensors]:  49%|████▉     | 1.83G/3.71G [12:02<13:57, 2.41MB/s][A[A[A[A[A[A[A








Downloading [model-00002-of-00002.safetensors]:  53%|█████▎    | 1.74G/3.28G [12:02<09:53, 2.80MB/s][A[A[A[A[A[A[A[A







Downloading [model-00001-of-00002.safetensors]:  49%|████▉     | 1.83G/3.71G [12:02<13:05, 2.57MB/s][A[A[A[A[A[A[A








Downloading [model-00002-of-00002.safetensors]:  53%|█████▎    | 1.74G/3.28G [12:02<09:05, 3.04MB/s][A[A[A[A[A[A[A[A








Downloading [model-00002-of-00002.safetensors]:  53%|█████▎    | 1.74G/3.28G [12:02<08:04, 3.42MB/s][A[A[A[A[A[A[A[A







Downloading [model-00001-of-00002.safetensors]:  49%|████▉     | 1.83G/3.71G [12:02<12:43, 2.64MB/s][A[A[A[A[A[A[A








Downloading [model-00002-of-00002.safetensors]:  53%|█████▎    | 1.74G/3.28G [12:03<07:26, 3.71MB/s][A[A[A[A[A[A[A[A







Downloading [model-00001-of-00002.safetensors]:  49%|████▉     | 1.83G/3.71G [12:03<11:58, 2.81MB/s][A[A[A[A[A[A[A








Downloading [model-00002-of-00002.safetensors]:  53%|█████▎    | 1.74G/3.28G [12:03<06:39, 4.15MB/s][A[A[A[A[A[A[A[A








Downloading [model-00002-of-00002.safetensors]:  53%|█████▎    | 1.74G/3.28G [12:03<05:51, 4.71MB/s][A[A[A[A[A[A[A[A







Downloading [model-00001-of-00002.safetensors]:  49%|████▉     | 1.83G/3.71G [12:03<10:26, 3.22MB/s][A[A[A[A[A[A[A








Downloading [model-00002-of-00002.safetensors]:  53%|█████▎    | 1.74G/3.28G [12:03<05:07, 5.39MB/s][A[A[A[A[A[A[A[A








Downloading [model-00002-of-00002.safetensors]:  53%|█████▎    | 1.75G/3.28G [12:03<04:31, 6.09MB/s][A[A[A[A[A[A[A[A







Downloading [model-00001-of-00002.safetensors]:  49%|████▉     | 1.83G/3.71G [12:03<11:00, 3.05MB/s][A[A[A[A[A[A[A








Downloading [model-00002-of-00002.safetensors]:  53%|█████▎    | 1.75G/3.28G [12:03<05:06, 5.38MB/s][A[A[A[A[A[A[A[A







Downloading [model-00001-of-00002.safetensors]:  49%|████▉     | 1.83G/3.71G [12:04<07:52, 4.26MB/s][A[A[A[A[A[A[A








Downloading [model-00002-of-00002.safetensors]:  53%|█████▎    | 1.75G/3.28G [12:04<04:55, 5.59MB/s][A[A[A[A[A[A[A[A








Downloading [model-00002-of-00002.safetensors]:  53%|█████▎    | 1.75G/3.28G [12:04<05:37, 4.88MB/s][A[A[A[A[A[A[A[A







Downloading [model-00001-of-00002.safetensors]:  49%|████▉     | 1.83G/3.71G [12:04<08:43, 3.84MB/s][A[A[A[A[A[A[A







Downloading [model-00001-of-00002.safetensors]:  49%|████▉     | 1.84G/3.71G [12:04<08:08, 4.12MB/s][A[A[A[A[A[A[A








Downloading [model-00002-of-00002.safetensors]:  53%|█████▎    | 1.75G/3.28G [12:04<07:11, 3.82MB/s][A[A[A[A[A[A[A[A







Downloading [model-00001-of-00002.safetensors]:  50%|████▉     | 1.84G/3.71G [12:04<07:27, 4.49MB/s][A[A[A[A[A[A[A







Downloading [model-00001-of-00002.safetensors]:  50%|████▉     | 1.84G/3.71G [12:04<06:42, 5.00MB/s][A[A[A[A[A[A[A








Downloading [model-00002-of-00002.safetensors]:  53%|█████▎    | 1.75G/3.28G [12:04<06:45, 4.06MB/s][A[A[A[A[A[A[A[A







Downloading [model-00001-of-00002.safetensors]:  50%|████▉     | 1.84G/3.71G [12:05<06:31, 5.13MB/s][A[A[A[A[A[A[A








Downloading [model-00002-of-00002.safetensors]:  53%|█████▎    | 1.75G/3.28G [12:05<08:01, 3.42MB/s][A[A[A[A[A[A[A[A







Downloading [model-00001-of-00002.safetensors]:  50%|████▉     | 1.84G/3.71G [12:05<07:55, 4.22MB/s][A[A[A[A[A[A[A








Downloading [model-00002-of-00002.safetensors]:  53%|█████▎    | 1.75G/3.28G [12:05<09:43, 2.82MB/s][A[A[A[A[A[A[A[A







Downloading [model-00001-of-00002.safetensors]:  50%|████▉     | 1.84G/3.71G [12:05<09:39, 3.46MB/s][A[A[A[A[A[A[A








Downloading [model-00002-of-00002.safetensors]:  53%|█████▎    | 1.75G/3.28G [12:06<10:33, 2.60MB/s][A[A[A[A[A[A[A[A







Downloading [model-00001-of-00002.safetensors]:  50%|████▉     | 1.84G/3.71G [12:06<14:01, 2.38MB/s][A[A[A[A[A[A[A








Downloading [model-00002-of-00002.safetensors]:  53%|█████▎    | 1.75G/3.28G [12:06<11:53, 2.30MB/s][A[A[A[A[A[A[A[A







Downloading [model-00001-of-00002.safetensors]:  50%|████▉     | 1.84G/3.71G [12:07<12:56, 2.58MB/s][A[A[A[A[A[A[A








Downloading [model-00002-of-00002.safetensors]:  53%|█████▎    | 1.75G/3.28G [12:07<09:13, 2.97MB/s][A[A[A[A[A[A[A[A








Downloading [model-00002-of-00002.safetensors]:  53%|█████▎    | 1.76G/3.28G [12:07<07:15, 3.76MB/s][A[A[A[A[A[A[A[A







Downloading [model-00001-of-00002.safetensors]:  50%|████▉     | 1.84G/3.71G [12:07<11:15, 2.96MB/s][A[A[A[A[A[A[A








Downloading [model-00002-of-00002.safetensors]:  53%|█████▎    | 1.76G/3.28G [12:07<06:27, 4.24MB/s][A[A[A[A[A[A[A[A







Downloading [model-00001-of-00002.safetensors]:  50%|████▉     | 1.84G/3.71G [12:07<09:36, 3.47MB/s][A[A[A[A[A[A[A







Downloading [model-00001-of-00002.safetensors]:  50%|████▉     | 1.85G/3.71G [12:07<08:49, 3.78MB/s][A[A[A[A[A[A[A








Downloading [model-00002-of-00002.safetensors]:  54%|█████▎    | 1.76G/3.28G [12:07<07:29, 3.64MB/s][A[A[A[A[A[A[A[A








Downloading [model-00002-of-00002.safetensors]:  54%|█████▎    | 1.76G/3.28G [12:08<07:38, 3.57MB/s][A[A[A[A[A[A[A[A







Downloading [model-00001-of-00002.safetensors]:  50%|████▉     | 1.85G/3.71G [12:08<14:10, 2.35MB/s][A[A[A[A[A[A[A








Downloading [model-00002-of-00002.safetensors]:  54%|█████▎    | 1.76G/3.28G [12:08<07:39, 3.56MB/s][A[A[A[A[A[A[A[A







Downloading [model-00001-of-00002.safetensors]:  50%|████▉     | 1.85G/3.71G [12:08<12:13, 2.72MB/s][A[A[A[A[A[A[A








Downloading [model-00002-of-00002.safetensors]:  54%|█████▎    | 1.76G/3.28G [12:08<06:59, 3.90MB/s][A[A[A[A[A[A[A[A







Downloading [model-00001-of-00002.safetensors]:  50%|████▉     | 1.85G/3.71G [12:09<11:05, 3.00MB/s][A[A[A[A[A[A[A








Downloading [model-00002-of-00002.safetensors]:  54%|█████▎    | 1.76G/3.28G [12:09<06:16, 4.34MB/s][A[A[A[A[A[A[A[A








Downloading [model-00002-of-00002.safetensors]:  54%|█████▎    | 1.76G/3.28G [12:09<06:36, 4.11MB/s][A[A[A[A[A[A[A[A







Downloading [model-00001-of-00002.safetensors]:  50%|████▉     | 1.85G/3.71G [12:09<11:17, 2.95MB/s][A[A[A[A[A[A[A








Downloading [model-00002-of-00002.safetensors]:  54%|█████▎    | 1.76G/3.28G [12:09<07:51, 3.46MB/s][A[A[A[A[A[A[A[A







Downloading [model-00001-of-00002.safetensors]:  50%|████▉     | 1.85G/3.71G [12:09<12:08, 2.74MB/s][A[A[A[A[A[A[A








Downloading [model-00002-of-00002.safetensors]:  54%|█████▍    | 1.77G/3.28G [12:10<09:22, 2.90MB/s][A[A[A[A[A[A[A[A







Downloading [model-00001-of-00002.safetensors]:  50%|████▉     | 1.85G/3.71G [12:10<14:53, 2.23MB/s][A[A[A[A[A[A[A








Downloading [model-00002-of-00002.safetensors]:  54%|█████▍    | 1.77G/3.28G [12:10<09:28, 2.87MB/s][A[A[A[A[A[A[A[A







Downloading [model-00001-of-00002.safetensors]:  50%|████▉     | 1.85G/3.71G [12:10<14:14, 2.33MB/s][A[A[A[A[A[A[A








Downloading [model-00002-of-00002.safetensors]:  54%|█████▍    | 1.77G/3.28G [12:11<09:50, 2.76MB/s][A[A[A[A[A[A[A[A







Downloading [model-00001-of-00002.safetensors]:  50%|████▉     | 1.85G/3.71G [12:11<16:48, 1.98MB/s][A[A[A[A[A[A[A








Downloading [model-00002-of-00002.safetensors]:  54%|█████▍    | 1.77G/3.28G [12:11<14:11, 1.91MB/s][A[A[A[A[A[A[A[A







Downloading [model-00001-of-00002.safetensors]:  50%|████▉     | 1.85G/3.71G [12:11<15:15, 2.17MB/s][A[A[A[A[A[A[A







Downloading [model-00001-of-00002.safetensors]:  50%|█████     | 1.86G/3.71G [12:12<12:57, 2.56MB/s][A[A[A[A[A[A[A








Downloading [model-00002-of-00002.safetensors]:  54%|█████▍    | 1.77G/3.28G [12:12<12:39, 2.14MB/s][A[A[A[A[A[A[A[A







Downloading [model-00001-of-00002.safetensors]:  50%|█████     | 1.86G/3.71G [12:12<13:05, 2.53MB/s][A[A[A[A[A[A[A








Downloading [model-00002-of-00002.safetensors]:  54%|█████▍    | 1.77G/3.28G [12:12<11:56, 2.27MB/s][A[A[A[A[A[A[A[A








Downloading [model-00002-of-00002.safetensors]:  54%|█████▍    | 1.77G/3.28G [12:13<10:56, 2.47MB/s][A[A[A[A[A[A[A[A







Downloading [model-00001-of-00002.safetensors]:  50%|█████     | 1.86G/3.71G [12:13<14:01, 2.36MB/s][A[A[A[A[A[A[A








Downloading [model-00002-of-00002.safetensors]:  54%|█████▍    | 1.77G/3.28G [12:13<09:21, 2.89MB/s][A[A[A[A[A[A[A[A








Downloading [model-00002-of-00002.safetensors]:  54%|█████▍    | 1.77G/3.28G [12:13<07:49, 3.46MB/s][A[A[A[A[A[A[A[A







Downloading [model-00001-of-00002.safetensors]:  50%|█████     | 1.86G/3.71G [12:13<12:50, 2.58MB/s][A[A[A[A[A[A[A








Downloading [model-00002-of-00002.safetensors]:  54%|█████▍    | 1.77G/3.28G [12:13<06:58, 3.88MB/s][A[A[A[A[A[A[A[A








Downloading [model-00002-of-00002.safetensors]:  54%|█████▍    | 1.78G/3.28G [12:13<06:18, 4.28MB/s][A[A[A[A[A[A[A[A







Downloading [model-00001-of-00002.safetensors]:  50%|█████     | 1.86G/3.71G [12:13<12:19, 2.69MB/s][A[A[A[A[A[A[A








Downloading [model-00002-of-00002.safetensors]:  54%|█████▍    | 1.78G/3.28G [12:14<05:50, 4.62MB/s][A[A[A[A[A[A[A[A







Downloading [model-00001-of-00002.safetensors]:  50%|█████     | 1.86G/3.71G [12:14<11:59, 2.76MB/s][A[A[A[A[A[A[A








Downloading [model-00002-of-00002.safetensors]:  54%|█████▍    | 1.78G/3.28G [12:14<05:58, 4.51MB/s][A[A[A[A[A[A[A[A








Downloading [model-00002-of-00002.safetensors]:  54%|█████▍    | 1.78G/3.28G [12:14<06:02, 4.47MB/s][A[A[A[A[A[A[A[A







Downloading [model-00001-of-00002.safetensors]:  50%|█████     | 1.86G/3.71G [12:14<11:15, 2.94MB/s][A[A[A[A[A[A[A








Downloading [model-00002-of-00002.safetensors]:  54%|█████▍    | 1.78G/3.28G [12:14<06:06, 4.41MB/s][A[A[A[A[A[A[A[A







Downloading [model-00001-of-00002.safetensors]:  50%|█████     | 1.86G/3.71G [12:14<10:40, 3.10MB/s][A[A[A[A[A[A[A








Downloading [model-00002-of-00002.safetensors]:  54%|█████▍    | 1.78G/3.28G [12:15<07:29, 3.60MB/s][A[A[A[A[A[A[A[A







Downloading [model-00001-of-00002.safetensors]:  50%|█████     | 1.86G/3.71G [12:15<12:06, 2.73MB/s][A[A[A[A[A[A[A








Downloading [model-00002-of-00002.safetensors]:  54%|█████▍    | 1.78G/3.28G [12:15<06:13, 4.33MB/s][A[A[A[A[A[A[A[A








Downloading [model-00002-of-00002.safetensors]:  54%|█████▍    | 1.78G/3.28G [12:15<06:07, 4.39MB/s][A[A[A[A[A[A[A[A







Downloading [model-00001-of-00002.safetensors]:  50%|█████     | 1.86G/3.71G [12:15<11:24, 2.89MB/s][A[A[A[A[A[A[A








Downloading [model-00002-of-00002.safetensors]:  54%|█████▍    | 1.78G/3.28G [12:15<05:39, 4.75MB/s][A[A[A[A[A[A[A[A







Downloading [model-00001-of-00002.safetensors]:  50%|█████     | 1.87G/3.71G [12:15<11:20, 2.91MB/s][A[A[A[A[A[A[A








Downloading [model-00002-of-00002.safetensors]:  54%|█████▍    | 1.78G/3.28G [12:15<06:11, 4.33MB/s][A[A[A[A[A[A[A[A








Downloading [model-00002-of-00002.safetensors]:  54%|█████▍    | 1.79G/3.28G [12:16<06:38, 4.04MB/s][A[A[A[A[A[A[A[A







Downloading [model-00001-of-00002.safetensors]:  50%|█████     | 1.87G/3.71G [12:16<11:29, 2.87MB/s][A[A[A[A[A[A[A








Downloading [model-00002-of-00002.safetensors]:  54%|█████▍    | 1.79G/3.28G [12:16<07:37, 3.51MB/s][A[A[A[A[A[A[A[A







Downloading [model-00001-of-00002.safetensors]:  50%|█████     | 1.87G/3.71G [12:16<13:08, 2.51MB/s][A[A[A[A[A[A[A








Downloading [model-00002-of-00002.safetensors]:  54%|█████▍    | 1.79G/3.28G [12:16<07:27, 3.59MB/s][A[A[A[A[A[A[A[A







Downloading [model-00001-of-00002.safetensors]:  50%|█████     | 1.87G/3.71G [12:17<11:44, 2.80MB/s][A[A[A[A[A[A[A








Downloading [model-00002-of-00002.safetensors]:  54%|█████▍    | 1.79G/3.28G [12:17<06:57, 3.85MB/s][A[A[A[A[A[A[A[A







Downloading [model-00001-of-00002.safetensors]:  50%|█████     | 1.87G/3.71G [12:17<10:28, 3.14MB/s][A[A[A[A[A[A[A








Downloading [model-00002-of-00002.safetensors]:  54%|█████▍    | 1.79G/3.28G [12:17<07:13, 3.70MB/s][A[A[A[A[A[A[A[A







Downloading [model-00001-of-00002.safetensors]:  50%|█████     | 1.87G/3.71G [12:17<11:06, 2.96MB/s][A[A[A[A[A[A[A








Downloading [model-00002-of-00002.safetensors]:  54%|█████▍    | 1.79G/3.28G [12:17<08:12, 3.26MB/s][A[A[A[A[A[A[A[A







Downloading [model-00001-of-00002.safetensors]:  50%|█████     | 1.87G/3.71G [12:18<11:10, 2.94MB/s][A[A[A[A[A[A[A








Downloading [model-00002-of-00002.safetensors]:  55%|█████▍    | 1.79G/3.28G [12:18<08:02, 3.33MB/s][A[A[A[A[A[A[A[A








Downloading [model-00002-of-00002.safetensors]:  55%|█████▍    | 1.79G/3.28G [12:18<09:11, 2.90MB/s][A[A[A[A[A[A[A[A







Downloading [model-00001-of-00002.safetensors]:  50%|█████     | 1.87G/3.71G [12:18<14:29, 2.27MB/s][A[A[A[A[A[A[A








Downloading [model-00002-of-00002.safetensors]:  55%|█████▍    | 1.79G/3.28G [12:19<12:02, 2.22MB/s][A[A[A[A[A[A[A[A







Downloading [model-00001-of-00002.safetensors]:  50%|█████     | 1.87G/3.71G [12:19<17:07, 1.92MB/s][A[A[A[A[A[A[A








Downloading [model-00002-of-00002.safetensors]:  55%|█████▍    | 1.79G/3.28G [12:19<11:31, 2.31MB/s][A[A[A[A[A[A[A[A







Downloading [model-00001-of-00002.safetensors]:  51%|█████     | 1.87G/3.71G [12:20<16:20, 2.01MB/s][A[A[A[A[A[A[A








Downloading [model-00002-of-00002.safetensors]:  55%|█████▍    | 1.79G/3.28G [12:20<12:14, 2.18MB/s][A[A[A[A[A[A[A[A








Downloading [model-00002-of-00002.safetensors]:  55%|█████▍    | 1.80G/3.28G [12:20<12:35, 2.12MB/s][A[A[A[A[A[A[A[A







Downloading [model-00001-of-00002.safetensors]:  51%|█████     | 1.88G/3.71G [12:21<22:35, 1.45MB/s][A[A[A[A[A[A[A








Downloading [model-00002-of-00002.safetensors]:  55%|█████▍    | 1.80G/3.28G [12:21<13:43, 1.94MB/s][A[A[A[A[A[A[A[A







Downloading [model-00001-of-00002.safetensors]:  51%|█████     | 1.88G/3.71G [12:22<25:26, 1.29MB/s][A[A[A[A[A[A[A








Downloading [model-00002-of-00002.safetensors]:  55%|█████▍    | 1.80G/3.28G [12:22<16:15, 1.64MB/s][A[A[A[A[A[A[A[A







Downloading [model-00001-of-00002.safetensors]:  51%|█████     | 1.88G/3.71G [12:23<28:55, 1.13MB/s][A[A[A[A[A[A[A








Downloading [model-00002-of-00002.safetensors]:  55%|█████▍    | 1.80G/3.28G [12:23<21:18, 1.25MB/s][A[A[A[A[A[A[A[A







Downloading [model-00001-of-00002.safetensors]:  51%|█████     | 1.88G/3.71G [12:23<23:12, 1.41MB/s][A[A[A[A[A[A[A








Downloading [model-00002-of-00002.safetensors]:  55%|█████▍    | 1.80G/3.28G [12:23<16:15, 1.63MB/s][A[A[A[A[A[A[A[A







Downloading [model-00001-of-00002.safetensors]:  51%|█████     | 1.88G/3.71G [12:24<18:19, 1.79MB/s][A[A[A[A[A[A[A








Downloading [model-00002-of-00002.safetensors]:  55%|█████▍    | 1.80G/3.28G [12:24<13:46, 1.93MB/s][A[A[A[A[A[A[A[A







Downloading [model-00001-of-00002.safetensors]:  51%|█████     | 1.88G/3.71G [12:24<15:56, 2.05MB/s][A[A[A[A[A[A[A








Downloading [model-00002-of-00002.safetensors]:  55%|█████▍    | 1.80G/3.28G [12:24<11:40, 2.27MB/s][A[A[A[A[A[A[A[A







Downloading [model-00001-of-00002.safetensors]:  51%|█████     | 1.88G/3.71G [12:24<13:22, 2.45MB/s][A[A[A[A[A[A[A








Downloading [model-00002-of-00002.safetensors]:  55%|█████▍    | 1.80G/3.28G [12:24<09:34, 2.77MB/s][A[A[A[A[A[A[A[A








Downloading [model-00002-of-00002.safetensors]:  55%|█████▍    | 1.80G/3.28G [12:24<07:53, 3.36MB/s][A[A[A[A[A[A[A[A








Downloading [model-00002-of-00002.safetensors]:  55%|█████▍    | 1.80G/3.28G [12:25<07:09, 3.70MB/s][A[A[A[A[A[A[A[A







Downloading [model-00001-of-00002.safetensors]:  51%|█████     | 1.88G/3.71G [12:25<15:02, 2.17MB/s][A[A[A[A[A[A[A







Downloading [model-00001-of-00002.safetensors]:  51%|█████     | 1.88G/3.71G [12:25<08:53, 3.68MB/s][A[A[A[A[A[A[A








Downloading [model-00002-of-00002.safetensors]:  55%|█████▍    | 1.81G/3.28G [12:25<08:52, 2.98MB/s][A[A[A[A[A[A[A[A







Downloading [model-00001-of-00002.safetensors]:  51%|█████     | 1.88G/3.71G [12:25<10:03, 3.24MB/s][A[A[A[A[A[A[A








Downloading [model-00002-of-00002.safetensors]:  55%|█████▌    | 1.81G/3.28G [12:25<08:29, 3.11MB/s][A[A[A[A[A[A[A[A







Downloading [model-00001-of-00002.safetensors]:  51%|█████     | 1.89G/3.71G [12:26<10:41, 3.05MB/s][A[A[A[A[A[A[A








Downloading [model-00002-of-00002.safetensors]:  55%|█████▌    | 1.81G/3.28G [12:26<10:23, 2.54MB/s][A[A[A[A[A[A[A[A







Downloading [model-00001-of-00002.safetensors]:  51%|█████     | 1.89G/3.71G [12:26<13:39, 2.39MB/s][A[A[A[A[A[A[A








Downloading [model-00002-of-00002.safetensors]:  55%|█████▌    | 1.81G/3.28G [12:26<11:26, 2.31MB/s][A[A[A[A[A[A[A[A







Downloading [model-00001-of-00002.safetensors]:  51%|█████     | 1.89G/3.71G [12:27<12:44, 2.56MB/s][A[A[A[A[A[A[A








Downloading [model-00002-of-00002.safetensors]:  55%|█████▌    | 1.81G/3.28G [12:27<09:52, 2.67MB/s][A[A[A[A[A[A[A[A








Downloading [model-00002-of-00002.safetensors]:  55%|█████▌    | 1.81G/3.28G [12:27<09:00, 2.93MB/s][A[A[A[A[A[A[A[A







Downloading [model-00001-of-00002.safetensors]:  51%|█████     | 1.89G/3.71G [12:27<12:19, 2.64MB/s][A[A[A[A[A[A[A








Downloading [model-00002-of-00002.safetensors]:  55%|█████▌    | 1.81G/3.28G [12:27<09:29, 2.78MB/s][A[A[A[A[A[A[A[A







Downloading [model-00001-of-00002.safetensors]:  51%|█████     | 1.89G/3.71G [12:28<16:57, 1.92MB/s][A[A[A[A[A[A[A








Downloading [model-00002-of-00002.safetensors]:  55%|█████▌    | 1.81G/3.28G [12:28<10:47, 2.44MB/s][A[A[A[A[A[A[A[A








Downloading [model-00002-of-00002.safetensors]:  55%|█████▌    | 1.81G/3.28G [12:28<10:19, 2.55MB/s][A[A[A[A[A[A[A[A







Downloading [model-00001-of-00002.safetensors]:  51%|█████     | 1.89G/3.71G [12:28<16:32, 1.97MB/s][A[A[A[A[A[A[A








Downloading [model-00002-of-00002.safetensors]:  55%|█████▌    | 1.81G/3.28G [12:29<10:13, 2.57MB/s][A[A[A[A[A[A[A[A







Downloading [model-00001-of-00002.safetensors]:  51%|█████     | 1.89G/3.71G [12:29<16:37, 1.96MB/s][A[A[A[A[A[A[A








Downloading [model-00002-of-00002.safetensors]:  55%|█████▌    | 1.82G/3.28G [12:29<12:05, 2.17MB/s][A[A[A[A[A[A[A[A







Downloading [model-00001-of-00002.safetensors]:  51%|█████     | 1.89G/3.71G [12:30<17:24, 1.87MB/s][A[A[A[A[A[A[A








Downloading [model-00002-of-00002.safetensors]:  55%|█████▌    | 1.82G/3.28G [12:30<11:25, 2.30MB/s][A[A[A[A[A[A[A[A








Downloading [model-00002-of-00002.safetensors]:  55%|█████▌    | 1.82G/3.28G [12:31<13:49, 1.90MB/s][A[A[A[A[A[A[A[A







Downloading [model-00001-of-00002.safetensors]:  51%|█████     | 1.89G/3.71G [12:31<23:17, 1.40MB/s][A[A[A[A[A[A[A








Downloading [model-00002-of-00002.safetensors]:  55%|█████▌    | 1.82G/3.28G [12:31<12:14, 2.14MB/s][A[A[A[A[A[A[A[A








Downloading [model-00002-of-00002.safetensors]:  55%|█████▌    | 1.82G/3.28G [12:32<16:23, 1.60MB/s][A[A[A[A[A[A[A[A







Downloading [model-00001-of-00002.safetensors]:  51%|█████     | 1.89G/3.71G [12:32<30:44, 1.06MB/s][A[A[A[A[A[A[A








Downloading [model-00002-of-00002.safetensors]:  55%|█████▌    | 1.82G/3.28G [12:32<14:27, 1.81MB/s][A[A[A[A[A[A[A[A








Downloading [model-00002-of-00002.safetensors]:  55%|█████▌    | 1.82G/3.28G [12:33<13:05, 2.00MB/s][A[A[A[A[A[A[A[A







Downloading [model-00001-of-00002.safetensors]:  51%|█████     | 1.90G/3.71G [12:33<27:53, 1.16MB/s][A[A[A[A[A[A[A








Downloading [model-00002-of-00002.safetensors]:  55%|█████▌    | 1.82G/3.28G [12:33<11:45, 2.22MB/s][A[A[A[A[A[A[A[A








Downloading [model-00002-of-00002.safetensors]:  56%|█████▌    | 1.82G/3.28G [12:33<09:57, 2.63MB/s][A[A[A[A[A[A[A[A







Downloading [model-00001-of-00002.safetensors]:  51%|█████     | 1.90G/3.71G [12:34<23:47, 1.36MB/s][A[A[A[A[A[A[A








Downloading [model-00002-of-00002.safetensors]:  56%|█████▌    | 1.82G/3.28G [12:34<10:09, 2.57MB/s][A[A[A[A[A[A[A[A







Downloading [model-00001-of-00002.safetensors]:  51%|█████     | 1.90G/3.71G [12:34<22:00, 1.47MB/s][A[A[A[A[A[A[A








Downloading [model-00002-of-00002.safetensors]:  56%|█████▌    | 1.83G/3.28G [12:34<10:59, 2.38MB/s][A[A[A[A[A[A[A[A







Downloading [model-00001-of-00002.safetensors]:  51%|█████     | 1.90G/3.71G [12:35<19:36, 1.65MB/s][A[A[A[A[A[A[A








Downloading [model-00002-of-00002.safetensors]:  56%|█████▌    | 1.83G/3.28G [12:35<15:33, 1.68MB/s][A[A[A[A[A[A[A[A







Downloading [model-00001-of-00002.safetensors]:  51%|█████     | 1.90G/3.71G [12:36<23:07, 1.40MB/s][A[A[A[A[A[A[A








Downloading [model-00002-of-00002.safetensors]:  56%|█████▌    | 1.83G/3.28G [12:36<15:55, 1.64MB/s][A[A[A[A[A[A[A[A







Downloading [model-00001-of-00002.safetensors]:  51%|█████     | 1.90G/3.71G [12:36<21:55, 1.48MB/s][A[A[A[A[A[A[A








Downloading [model-00002-of-00002.safetensors]:  56%|█████▌    | 1.83G/3.28G [12:36<13:39, 1.91MB/s][A[A[A[A[A[A[A[A







Downloading [model-00001-of-00002.safetensors]:  51%|█████▏    | 1.90G/3.71G [12:36<18:05, 1.79MB/s][A[A[A[A[A[A[A








Downloading [model-00002-of-00002.safetensors]:  56%|█████▌    | 1.83G/3.28G [12:37<11:06, 2.34MB/s][A[A[A[A[A[A[A[A







Downloading [model-00001-of-00002.safetensors]:  51%|█████▏    | 1.90G/3.71G [12:37<15:04, 2.15MB/s][A[A[A[A[A[A[A








Downloading [model-00002-of-00002.safetensors]:  56%|█████▌    | 1.83G/3.28G [12:37<10:12, 2.55MB/s][A[A[A[A[A[A[A[A







Downloading [model-00001-of-00002.safetensors]:  51%|█████▏    | 1.90G/3.71G [12:37<13:58, 2.31MB/s][A[A[A[A[A[A[A








Downloading [model-00002-of-00002.safetensors]:  56%|█████▌    | 1.83G/3.28G [12:37<09:12, 2.82MB/s][A[A[A[A[A[A[A[A







Downloading [model-00001-of-00002.safetensors]:  51%|█████▏    | 1.90G/3.71G [12:37<12:58, 2.49MB/s][A[A[A[A[A[A[A








Downloading [model-00002-of-00002.safetensors]:  56%|█████▌    | 1.83G/3.28G [12:38<09:46, 2.66MB/s][A[A[A[A[A[A[A[A







Downloading [model-00001-of-00002.safetensors]:  51%|█████▏    | 1.91G/3.71G [12:38<11:54, 2.71MB/s][A[A[A[A[A[A[A








Downloading [model-00002-of-00002.safetensors]:  56%|█████▌    | 1.83G/3.28G [12:38<09:27, 2.75MB/s][A[A[A[A[A[A[A[A







Downloading [model-00001-of-00002.safetensors]:  51%|█████▏    | 1.91G/3.71G [12:38<13:00, 2.48MB/s][A[A[A[A[A[A[A








Downloading [model-00002-of-00002.safetensors]:  56%|█████▌    | 1.83G/3.28G [12:38<09:42, 2.67MB/s][A[A[A[A[A[A[A[A







Downloading [model-00001-of-00002.safetensors]:  51%|█████▏    | 1.91G/3.71G [12:39<15:27, 2.09MB/s][A[A[A[A[A[A[A








Downloading [model-00002-of-00002.safetensors]:  56%|█████▌    | 1.83G/3.28G [12:39<12:58, 2.00MB/s][A[A[A[A[A[A[A[A







Downloading [model-00001-of-00002.safetensors]:  51%|█████▏    | 1.91G/3.71G [12:40<16:28, 1.96MB/s][A[A[A[A[A[A[A








Downloading [model-00002-of-00002.safetensors]:  56%|█████▌    | 1.84G/3.28G [12:40<13:33, 1.91MB/s][A[A[A[A[A[A[A[A







Downloading [model-00001-of-00002.safetensors]:  51%|█████▏    | 1.91G/3.71G [12:40<18:17, 1.76MB/s][A[A[A[A[A[A[A








Downloading [model-00002-of-00002.safetensors]:  56%|█████▌    | 1.84G/3.28G [12:41<16:29, 1.57MB/s][A[A[A[A[A[A[A[A







Downloading [model-00001-of-00002.safetensors]:  51%|█████▏    | 1.91G/3.71G [12:41<19:40, 1.64MB/s][A[A[A[A[A[A[A








Downloading [model-00002-of-00002.safetensors]:  56%|█████▌    | 1.84G/3.28G [12:41<15:10, 1.71MB/s][A[A[A[A[A[A[A[A







Downloading [model-00001-of-00002.safetensors]:  52%|█████▏    | 1.91G/3.71G [12:41<17:34, 1.83MB/s][A[A[A[A[A[A[A








Downloading [model-00002-of-00002.safetensors]:  56%|█████▌    | 1.84G/3.28G [12:42<14:18, 1.81MB/s][A[A[A[A[A[A[A[A







Downloading [model-00001-of-00002.safetensors]:  52%|█████▏    | 1.91G/3.71G [12:42<16:00, 2.01MB/s][A[A[A[A[A[A[A







Downloading [model-00001-of-00002.safetensors]:  52%|█████▏    | 1.91G/3.71G [12:42<13:28, 2.38MB/s][A[A[A[A[A[A[A








Downloading [model-00002-of-00002.safetensors]:  56%|█████▌    | 1.84G/3.28G [12:42<12:40, 2.04MB/s][A[A[A[A[A[A[A[A








Downloading [model-00002-of-00002.safetensors]:  56%|█████▌    | 1.84G/3.28G [12:43<13:45, 1.88MB/s][A[A[A[A[A[A[A[A







Downloading [model-00001-of-00002.safetensors]:  52%|█████▏    | 1.91G/3.71G [12:43<16:09, 1.99MB/s][A[A[A[A[A[A[A








Downloading [model-00002-of-00002.safetensors]:  56%|█████▌    | 1.84G/3.28G [12:43<13:34, 1.90MB/s][A[A[A[A[A[A[A[A







Downloading [model-00001-of-00002.safetensors]:  52%|█████▏    | 1.92G/3.71G [12:44<18:04, 1.78MB/s][A[A[A[A[A[A[A








Downloading [model-00002-of-00002.safetensors]:  56%|█████▌    | 1.84G/3.28G [12:44<12:02, 2.14MB/s][A[A[A[A[A[A[A[A








Downloading [model-00002-of-00002.safetensors]:  56%|█████▌    | 1.84G/3.28G [12:44<10:16, 2.51MB/s][A[A[A[A[A[A[A[A







Downloading [model-00001-of-00002.safetensors]:  52%|█████▏    | 1.92G/3.71G [12:44<15:56, 2.01MB/s][A[A[A[A[A[A[A








Downloading [model-00002-of-00002.safetensors]:  56%|█████▌    | 1.84G/3.28G [12:45<12:09, 2.12MB/s][A[A[A[A[A[A[A[A







Downloading [model-00001-of-00002.safetensors]:  52%|█████▏    | 1.92G/3.71G [12:45<18:54, 1.70MB/s][A[A[A[A[A[A[A








Downloading [model-00002-of-00002.safetensors]:  56%|█████▌    | 1.85G/3.28G [12:45<11:56, 2.16MB/s][A[A[A[A[A[A[A[A







Downloading [model-00001-of-00002.safetensors]:  52%|█████▏    | 1.92G/3.71G [12:45<15:49, 2.03MB/s][A[A[A[A[A[A[A








Downloading [model-00002-of-00002.safetensors]:  56%|█████▌    | 1.85G/3.28G [12:46<11:38, 2.21MB/s][A[A[A[A[A[A[A[A







Downloading [model-00001-of-00002.safetensors]:  52%|█████▏    | 1.92G/3.71G [12:46<15:24, 2.08MB/s][A[A[A[A[A[A[A








Downloading [model-00002-of-00002.safetensors]:  56%|█████▋    | 1.85G/3.28G [12:46<12:37, 2.04MB/s][A[A[A[A[A[A[A[A








Downloading [model-00002-of-00002.safetensors]:  56%|█████▋    | 1.85G/3.28G [12:46<10:20, 2.48MB/s][A[A[A[A[A[A[A[A







Downloading [model-00001-of-00002.safetensors]:  52%|█████▏    | 1.92G/3.71G [12:46<18:21, 1.74MB/s][A[A[A[A[A[A[A







Downloading [model-00001-of-00002.safetensors]:  52%|█████▏    | 1.92G/3.71G [12:47<18:05, 1.77MB/s][A[A[A[A[A[A[A








Downloading [model-00002-of-00002.safetensors]:  56%|█████▋    | 1.85G/3.28G [12:47<11:57, 2.15MB/s][A[A[A[A[A[A[A[A








Downloading [model-00002-of-00002.safetensors]:  56%|█████▋    | 1.85G/3.28G [12:48<12:50, 2.00MB/s][A[A[A[A[A[A[A[A







Downloading [model-00001-of-00002.safetensors]:  52%|█████▏    | 1.92G/3.71G [12:48<21:10, 1.51MB/s][A[A[A[A[A[A[A








Downloading [model-00002-of-00002.safetensors]:  56%|█████▋    | 1.85G/3.28G [12:48<12:10, 2.11MB/s][A[A[A[A[A[A[A[A







Downloading [model-00001-of-00002.safetensors]:  52%|█████▏    | 1.92G/3.71G [12:48<13:01, 2.45MB/s][A[A[A[A[A[A[A








Downloading [model-00002-of-00002.safetensors]:  56%|█████▋    | 1.85G/3.28G [12:48<08:06, 3.16MB/s][A[A[A[A[A[A[A[A







Downloading [model-00001-of-00002.safetensors]:  52%|█████▏    | 1.92G/3.71G [12:48<11:25, 2.79MB/s][A[A[A[A[A[A[A








Downloading [model-00002-of-00002.safetensors]:  56%|█████▋    | 1.85G/3.28G [12:49<07:44, 3.30MB/s][A[A[A[A[A[A[A[A







Downloading [model-00001-of-00002.safetensors]:  52%|█████▏    | 1.93G/3.71G [12:49<10:54, 2.92MB/s][A[A[A[A[A[A[A








Downloading [model-00002-of-00002.safetensors]:  56%|█████▋    | 1.86G/3.28G [12:49<07:12, 3.55MB/s][A[A[A[A[A[A[A[A







Downloading [model-00001-of-00002.safetensors]:  52%|█████▏    | 1.93G/3.71G [12:49<10:18, 3.09MB/s][A[A[A[A[A[A[A








Downloading [model-00002-of-00002.safetensors]:  57%|█████▋    | 1.86G/3.28G [12:49<06:23, 3.99MB/s][A[A[A[A[A[A[A[A







Downloading [model-00001-of-00002.safetensors]:  52%|█████▏    | 1.93G/3.71G [12:49<09:04, 3.51MB/s][A[A[A[A[A[A[A








Downloading [model-00002-of-00002.safetensors]:  57%|█████▋    | 1.86G/3.28G [12:49<05:40, 4.51MB/s][A[A[A[A[A[A[A[A








Downloading [model-00002-of-00002.safetensors]:  57%|█████▋    | 1.86G/3.28G [12:49<06:04, 4.20MB/s][A[A[A[A[A[A[A[A







Downloading [model-00001-of-00002.safetensors]:  52%|█████▏    | 1.93G/3.71G [12:49<09:28, 3.36MB/s][A[A[A[A[A[A[A








Downloading [model-00002-of-00002.safetensors]:  57%|█████▋    | 1.86G/3.28G [12:50<06:42, 3.81MB/s][A[A[A[A[A[A[A[A







Downloading [model-00001-of-00002.safetensors]:  52%|█████▏    | 1.93G/3.71G [12:50<10:03, 3.17MB/s][A[A[A[A[A[A[A








Downloading [model-00002-of-00002.safetensors]:  57%|█████▋    | 1.86G/3.28G [12:50<09:08, 2.79MB/s][A[A[A[A[A[A[A[A







Downloading [model-00001-of-00002.safetensors]:  52%|█████▏    | 1.93G/3.71G [12:50<12:50, 2.48MB/s][A[A[A[A[A[A[A







Downloading [model-00001-of-00002.safetensors]:  52%|█████▏    | 1.93G/3.71G [12:51<12:39, 2.51MB/s][A[A[A[A[A[A[A








Downloading [model-00002-of-00002.safetensors]:  57%|█████▋    | 1.86G/3.28G [12:51<10:46, 2.36MB/s][A[A[A[A[A[A[A[A








Downloading [model-00002-of-00002.safetensors]:  57%|█████▋    | 1.86G/3.28G [12:52<11:46, 2.16MB/s][A[A[A[A[A[A[A[A







Downloading [model-00001-of-00002.safetensors]:  52%|█████▏    | 1.93G/3.71G [12:52<16:55, 1.88MB/s][A[A[A[A[A[A[A








Downloading [model-00002-of-00002.safetensors]:  57%|█████▋    | 1.86G/3.28G [12:52<12:18, 2.07MB/s][A[A[A[A[A[A[A[A







Downloading [model-00001-of-00002.safetensors]:  52%|█████▏    | 1.93G/3.71G [12:53<15:22, 2.07MB/s][A[A[A[A[A[A[A








Downloading [model-00002-of-00002.safetensors]:  57%|█████▋    | 1.86G/3.28G [12:53<12:54, 1.97MB/s][A[A[A[A[A[A[A[A








Downloading [model-00002-of-00002.safetensors]:  57%|█████▋    | 1.87G/3.28G [12:53<11:21, 2.24MB/s][A[A[A[A[A[A[A[A







Downloading [model-00001-of-00002.safetensors]:  52%|█████▏    | 1.94G/3.71G [12:53<15:30, 2.05MB/s][A[A[A[A[A[A[A








Downloading [model-00002-of-00002.safetensors]:  57%|█████▋    | 1.87G/3.28G [12:54<12:50, 1.98MB/s][A[A[A[A[A[A[A[A







Downloading [model-00001-of-00002.safetensors]:  52%|█████▏    | 1.94G/3.71G [12:54<15:48, 2.01MB/s][A[A[A[A[A[A[A








Downloading [model-00002-of-00002.safetensors]:  57%|█████▋    | 1.87G/3.28G [12:54<10:47, 2.35MB/s][A[A[A[A[A[A[A[A







Downloading [model-00001-of-00002.safetensors]:  52%|█████▏    | 1.94G/3.71G [12:54<13:28, 2.35MB/s][A[A[A[A[A[A[A








Downloading [model-00002-of-00002.safetensors]:  57%|█████▋    | 1.87G/3.28G [12:54<09:03, 2.80MB/s][A[A[A[A[A[A[A[A







Downloading [model-00001-of-00002.safetensors]:  52%|█████▏    | 1.94G/3.71G [12:54<11:16, 2.81MB/s][A[A[A[A[A[A[A







Downloading [model-00001-of-00002.safetensors]:  52%|█████▏    | 1.94G/3.71G [12:54<10:15, 3.09MB/s][A[A[A[A[A[A[A








Downloading [model-00002-of-00002.safetensors]:  57%|█████▋    | 1.87G/3.28G [12:55<09:12, 2.75MB/s][A[A[A[A[A[A[A[A







Downloading [model-00001-of-00002.safetensors]:  52%|█████▏    | 1.94G/3.71G [12:55<10:31, 3.01MB/s][A[A[A[A[A[A[A








Downloading [model-00002-of-00002.safetensors]:  57%|█████▋    | 1.87G/3.28G [12:55<10:19, 2.45MB/s][A[A[A[A[A[A[A[A







Downloading [model-00001-of-00002.safetensors]:  52%|█████▏    | 1.94G/3.71G [12:55<10:12, 3.10MB/s][A[A[A[A[A[A[A







Downloading [model-00001-of-00002.safetensors]:  52%|█████▏    | 1.94G/3.71G [12:56<15:06, 2.09MB/s][A[A[A[A[A[A[A








Downloading [model-00002-of-00002.safetensors]:  57%|█████▋    | 1.87G/3.28G [12:57<17:32, 1.44MB/s][A[A[A[A[A[A[A[A







Downloading [model-00001-of-00002.safetensors]:  52%|█████▏    | 1.94G/3.71G [12:57<17:11, 1.84MB/s][A[A[A[A[A[A[A








Downloading [model-00002-of-00002.safetensors]:  57%|█████▋    | 1.87G/3.28G [12:57<15:43, 1.61MB/s][A[A[A[A[A[A[A[A







Downloading [model-00001-of-00002.safetensors]:  52%|█████▏    | 1.94G/3.71G [12:57<18:03, 1.75MB/s][A[A[A[A[A[A[A








Downloading [model-00002-of-00002.safetensors]:  57%|█████▋    | 1.87G/3.28G [12:58<16:43, 1.51MB/s][A[A[A[A[A[A[A[A







Downloading [model-00001-of-00002.safetensors]:  52%|█████▏    | 1.95G/3.71G [12:58<18:13, 1.73MB/s][A[A[A[A[A[A[A








Downloading [model-00002-of-00002.safetensors]:  57%|█████▋    | 1.87G/3.28G [12:58<14:50, 1.70MB/s][A[A[A[A[A[A[A[A







Downloading [model-00001-of-00002.safetensors]:  52%|█████▏    | 1.95G/3.71G [12:59<17:25, 1.81MB/s][A[A[A[A[A[A[A








Downloading [model-00002-of-00002.safetensors]:  57%|█████▋    | 1.88G/3.28G [12:59<17:30, 1.44MB/s][A[A[A[A[A[A[A[A







Downloading [model-00001-of-00002.safetensors]:  52%|█████▏    | 1.95G/3.71G [12:59<18:31, 1.70MB/s][A[A[A[A[A[A[A








Downloading [model-00002-of-00002.safetensors]:  57%|█████▋    | 1.88G/3.28G [13:00<19:41, 1.28MB/s][A[A[A[A[A[A[A[A







Downloading [model-00001-of-00002.safetensors]:  53%|█████▎    | 1.95G/3.71G [13:01<24:15, 1.30MB/s][A[A[A[A[A[A[A








Downloading [model-00002-of-00002.safetensors]:  57%|█████▋    | 1.88G/3.28G [13:01<17:10, 1.47MB/s][A[A[A[A[A[A[A[A







Downloading [model-00001-of-00002.safetensors]:  53%|█████▎    | 1.95G/3.71G [13:01<22:57, 1.37MB/s][A[A[A[A[A[A[A








Downloading [model-00002-of-00002.safetensors]:  57%|█████▋    | 1.88G/3.28G [13:01<17:16, 1.46MB/s][A[A[A[A[A[A[A[A








Downloading [model-00002-of-00002.safetensors]:  57%|█████▋    | 1.88G/3.28G [13:02<16:09, 1.56MB/s][A[A[A[A[A[A[A[A







Downloading [model-00001-of-00002.safetensors]:  53%|█████▎    | 1.95G/3.71G [13:03<30:53, 1.02MB/s][A[A[A[A[A[A[A








Downloading [model-00002-of-00002.safetensors]:  57%|█████▋    | 1.88G/3.28G [13:03<17:32, 1.43MB/s][A[A[A[A[A[A[A[A








Downloading [model-00002-of-00002.safetensors]:  57%|█████▋    | 1.88G/3.28G [13:04<17:34, 1.43MB/s][A[A[A[A[A[A[A[A







Downloading [model-00001-of-00002.safetensors]:  53%|█████▎    | 1.95G/3.71G [13:04<28:57, 1.09MB/s][A[A[A[A[A[A[A








Downloading [model-00002-of-00002.safetensors]:  57%|█████▋    | 1.88G/3.28G [13:04<18:07, 1.39MB/s][A[A[A[A[A[A[A[A







Downloading [model-00001-of-00002.safetensors]:  53%|█████▎    | 1.95G/3.71G [13:04<27:46, 1.13MB/s][A[A[A[A[A[A[A








Downloading [model-00002-of-00002.safetensors]:  57%|█████▋    | 1.88G/3.28G [13:05<16:04, 1.56MB/s][A[A[A[A[A[A[A[A







Downloading [model-00001-of-00002.safetensors]:  53%|█████▎    | 1.95G/3.71G [13:05<26:42, 1.18MB/s][A[A[A[A[A[A[A








Downloading [model-00002-of-00002.safetensors]:  57%|█████▋    | 1.88G/3.28G [13:06<17:15, 1.45MB/s][A[A[A[A[A[A[A[A







Downloading [model-00001-of-00002.safetensors]:  53%|█████▎    | 1.95G/3.71G [13:06<23:38, 1.33MB/s][A[A[A[A[A[A[A







Downloading [model-00001-of-00002.safetensors]:  53%|█████▎    | 1.96G/3.71G [13:06<18:43, 1.68MB/s][A[A[A[A[A[A[A








Downloading [model-00002-of-00002.safetensors]:  57%|█████▋    | 1.88G/3.28G [13:06<16:16, 1.54MB/s][A[A[A[A[A[A[A[A







Downloading [model-00001-of-00002.safetensors]:  53%|█████▎    | 1.96G/3.71G [13:07<17:50, 1.76MB/s][A[A[A[A[A[A[A








Downloading [model-00002-of-00002.safetensors]:  57%|█████▋    | 1.89G/3.28G [13:07<14:49, 1.69MB/s][A[A[A[A[A[A[A[A







Downloading [model-00001-of-00002.safetensors]:  53%|█████▎    | 1.96G/3.71G [13:07<17:50, 1.76MB/s][A[A[A[A[A[A[A








Downloading [model-00002-of-00002.safetensors]:  57%|█████▋    | 1.89G/3.28G [13:08<15:38, 1.60MB/s][A[A[A[A[A[A[A[A








Downloading [model-00002-of-00002.safetensors]:  57%|█████▋    | 1.89G/3.28G [13:09<17:52, 1.40MB/s][A[A[A[A[A[A[A[A







Downloading [model-00001-of-00002.safetensors]:  53%|█████▎    | 1.96G/3.71G [13:09<26:03, 1.20MB/s][A[A[A[A[A[A[A








Downloading [model-00002-of-00002.safetensors]:  58%|█████▊    | 1.89G/3.28G [13:09<13:54, 1.80MB/s][A[A[A[A[A[A[A[A








Downloading [model-00002-of-00002.safetensors]:  58%|█████▊    | 1.89G/3.28G [13:09<10:28, 2.38MB/s][A[A[A[A[A[A[A[A







Downloading [model-00001-of-00002.safetensors]:  53%|█████▎    | 1.96G/3.71G [13:09<20:04, 1.56MB/s][A[A[A[A[A[A[A







Downloading [model-00001-of-00002.safetensors]:  53%|█████▎    | 1.96G/3.71G [13:09<15:35, 2.01MB/s][A[A[A[A[A[A[A







Downloading [model-00001-of-00002.safetensors]:  53%|█████▎    | 1.96G/3.71G [13:09<13:06, 2.39MB/s][A[A[A[A[A[A[A







Downloading [model-00001-of-00002.safetensors]:  53%|█████▎    | 1.96G/3.71G [13:10<10:43, 2.92MB/s][A[A[A[A[A[A[A







Downloading [model-00001-of-00002.safetensors]:  53%|█████▎    | 1.96G/3.71G [13:10<10:37, 2.94MB/s][A[A[A[A[A[A[A







Downloading [model-00001-of-00002.safetensors]:  53%|█████▎    | 1.96G/3.71G [13:10<09:39, 3.23MB/s][A[A[A[A[A[A[A







Downloading [model-00001-of-00002.safetensors]:  53%|█████▎    | 1.96G/3.71G [13:10<09:04, 3.44MB/s][A[A[A[A[A[A[A







Downloading [model-00001-of-00002.safetensors]:  53%|█████▎    | 1.97G/3.71G [13:11<08:46, 3.55MB/s][A[A[A[A[A[A[A







Downloading [model-00001-of-00002.safetensors]:  53%|█████▎    | 1.97G/3.71G [13:11<10:40, 2.92MB/s][A[A[A[A[A[A[A








Downloading [model-00002-of-00002.safetensors]:  58%|█████▊    | 1.89G/3.28G [13:11<24:20, 1.02MB/s][A[A[A[A[A[A[A[A








Downloading [model-00002-of-00002.safetensors]:  58%|█████▊    | 1.89G/3.28G [13:11<18:58, 1.31MB/s][A[A[A[A[A[A[A[A







Downloading [model-00001-of-00002.safetensors]:  53%|█████▎    | 1.97G/3.71G [13:12<10:36, 2.94MB/s][A[A[A[A[A[A[A








Downloading [model-00002-of-00002.safetensors]:  58%|█████▊    | 1.89G/3.28G [13:12<15:07, 1.65MB/s][A[A[A[A[A[A[A[A








Downloading [model-00002-of-00002.safetensors]:  58%|█████▊    | 1.89G/3.28G [13:12<13:10, 1.89MB/s][A[A[A[A[A[A[A[A







Downloading [model-00001-of-00002.safetensors]:  53%|█████▎    | 1.97G/3.71G [13:12<15:07, 2.06MB/s][A[A[A[A[A[A[A







Downloading [model-00001-of-00002.safetensors]:  53%|█████▎    | 1.97G/3.71G [13:13<13:36, 2.29MB/s][A[A[A[A[A[A[A








Downloading [model-00002-of-00002.safetensors]:  58%|█████▊    | 1.89G/3.28G [13:13<13:34, 1.83MB/s][A[A[A[A[A[A[A[A








Downloading [model-00002-of-00002.safetensors]:  58%|█████▊    | 1.90G/3.28G [13:13<10:31, 2.36MB/s][A[A[A[A[A[A[A[A








Downloading [model-00002-of-00002.safetensors]:  58%|█████▊    | 1.90G/3.28G [13:13<09:33, 2.60MB/s][A[A[A[A[A[A[A[A







Downloading [model-00001-of-00002.safetensors]:  53%|█████▎    | 1.97G/3.71G [13:13<13:52, 2.24MB/s][A[A[A[A[A[A[A







Downloading [model-00001-of-00002.safetensors]:  53%|█████▎    | 1.97G/3.71G [13:14<13:19, 2.33MB/s][A[A[A[A[A[A[A








Downloading [model-00002-of-00002.safetensors]:  58%|█████▊    | 1.90G/3.28G [13:14<09:53, 2.51MB/s][A[A[A[A[A[A[A[A








Downloading [model-00002-of-00002.safetensors]:  58%|█████▊    | 1.90G/3.28G [13:14<07:59, 3.11MB/s][A[A[A[A[A[A[A[A







Downloading [model-00001-of-00002.safetensors]:  53%|█████▎    | 1.97G/3.71G [13:14<13:28, 2.30MB/s][A[A[A[A[A[A[A








Downloading [model-00002-of-00002.safetensors]:  58%|█████▊    | 1.90G/3.28G [13:14<07:45, 3.20MB/s][A[A[A[A[A[A[A[A








Downloading [model-00002-of-00002.safetensors]:  58%|█████▊    | 1.90G/3.28G [13:14<06:54, 3.58MB/s][A[A[A[A[A[A[A[A







Downloading [model-00001-of-00002.safetensors]:  53%|█████▎    | 1.97G/3.71G [13:14<11:44, 2.65MB/s][A[A[A[A[A[A[A








Downloading [model-00002-of-00002.safetensors]:  58%|█████▊    | 1.90G/3.28G [13:15<07:16, 3.40MB/s][A[A[A[A[A[A[A[A







Downloading [model-00001-of-00002.safetensors]:  53%|█████▎    | 1.97G/3.71G [13:15<13:04, 2.37MB/s][A[A[A[A[A[A[A







Downloading [model-00001-of-00002.safetensors]:  53%|█████▎    | 1.98G/3.71G [13:15<11:56, 2.60MB/s][A[A[A[A[A[A[A








Downloading [model-00002-of-00002.safetensors]:  58%|█████▊    | 1.90G/3.28G [13:15<09:34, 2.58MB/s][A[A[A[A[A[A[A[A







Downloading [model-00001-of-00002.safetensors]:  53%|█████▎    | 1.98G/3.71G [13:15<10:05, 3.07MB/s][A[A[A[A[A[A[A








Downloading [model-00002-of-00002.safetensors]:  58%|█████▊    | 1.90G/3.28G [13:15<07:37, 3.24MB/s][A[A[A[A[A[A[A[A







Downloading [model-00001-of-00002.safetensors]:  53%|█████▎    | 1.98G/3.71G [13:16<08:30, 3.65MB/s][A[A[A[A[A[A[A








Downloading [model-00002-of-00002.safetensors]:  58%|█████▊    | 1.90G/3.28G [13:16<06:39, 3.71MB/s][A[A[A[A[A[A[A[A







Downloading [model-00001-of-00002.safetensors]:  53%|█████▎    | 1.98G/3.71G [13:16<07:22, 4.20MB/s][A[A[A[A[A[A[A








Downloading [model-00002-of-00002.safetensors]:  58%|█████▊    | 1.91G/3.28G [13:16<05:58, 4.13MB/s][A[A[A[A[A[A[A[A







Downloading [model-00001-of-00002.safetensors]:  53%|█████▎    | 1.98G/3.71G [13:16<06:32, 4.73MB/s][A[A[A[A[A[A[A








Downloading [model-00002-of-00002.safetensors]:  58%|█████▊    | 1.91G/3.28G [13:16<05:37, 4.38MB/s][A[A[A[A[A[A[A[A







Downloading [model-00001-of-00002.safetensors]:  53%|█████▎    | 1.98G/3.71G [13:16<05:55, 5.23MB/s][A[A[A[A[A[A[A







Downloading [model-00001-of-00002.safetensors]:  53%|█████▎    | 1.98G/3.71G [13:16<05:27, 5.66MB/s][A[A[A[A[A[A[A








Downloading [model-00002-of-00002.safetensors]:  58%|█████▊    | 1.91G/3.28G [13:16<05:29, 4.49MB/s][A[A[A[A[A[A[A[A







Downloading [model-00001-of-00002.safetensors]:  53%|█████▎    | 1.98G/3.71G [13:16<05:08, 6.01MB/s][A[A[A[A[A[A[A








Downloading [model-00002-of-00002.safetensors]:  58%|█████▊    | 1.91G/3.28G [13:16<05:44, 4.29MB/s][A[A[A[A[A[A[A[A







Downloading [model-00001-of-00002.safetensors]:  53%|█████▎    | 1.98G/3.71G [13:17<07:46, 3.97MB/s][A[A[A[A[A[A[A







Downloading [model-00001-of-00002.safetensors]:  53%|█████▎    | 1.98G/3.71G [13:17<08:39, 3.56MB/s][A[A[A[A[A[A[A








Downloading [model-00002-of-00002.safetensors]:  58%|█████▊    | 1.91G/3.28G [13:17<09:31, 2.58MB/s][A[A[A[A[A[A[A[A







Downloading [model-00001-of-00002.safetensors]:  54%|█████▎    | 1.99G/3.71G [13:18<10:50, 2.85MB/s][A[A[A[A[A[A[A








Downloading [model-00002-of-00002.safetensors]:  58%|█████▊    | 1.91G/3.28G [13:18<10:21, 2.37MB/s][A[A[A[A[A[A[A[A







Downloading [model-00001-of-00002.safetensors]:  54%|█████▎    | 1.99G/3.71G [13:18<09:52, 3.12MB/s][A[A[A[A[A[A[A








Downloading [model-00002-of-00002.safetensors]:  58%|█████▊    | 1.91G/3.28G [13:18<09:47, 2.51MB/s][A[A[A[A[A[A[A[A







Downloading [model-00001-of-00002.safetensors]:  54%|█████▎    | 1.99G/3.71G [13:19<12:54, 2.39MB/s][A[A[A[A[A[A[A








Downloading [model-00002-of-00002.safetensors]:  58%|█████▊    | 1.91G/3.28G [13:19<12:59, 1.89MB/s][A[A[A[A[A[A[A[A







Downloading [model-00001-of-00002.safetensors]:  54%|█████▎    | 1.99G/3.71G [13:19<13:14, 2.33MB/s][A[A[A[A[A[A[A







Downloading [model-00001-of-00002.safetensors]:  54%|█████▎    | 1.99G/3.71G [13:19<11:38, 2.64MB/s][A[A[A[A[A[A[A








Downloading [model-00002-of-00002.safetensors]:  58%|█████▊    | 1.91G/3.28G [13:19<11:57, 2.05MB/s][A[A[A[A[A[A[A[A








Downloading [model-00002-of-00002.safetensors]:  58%|█████▊    | 1.91G/3.28G [13:20<10:04, 2.43MB/s][A[A[A[A[A[A[A[A







Downloading [model-00001-of-00002.safetensors]:  54%|█████▎    | 1.99G/3.71G [13:20<11:35, 2.65MB/s][A[A[A[A[A[A[A








Downloading [model-00002-of-00002.safetensors]:  58%|█████▊    | 1.92G/3.28G [13:20<09:38, 2.54MB/s][A[A[A[A[A[A[A[A







Downloading [model-00001-of-00002.safetensors]:  54%|█████▎    | 1.99G/3.71G [13:20<12:04, 2.55MB/s][A[A[A[A[A[A[A








Downloading [model-00002-of-00002.safetensors]:  58%|█████▊    | 1.92G/3.28G [13:20<09:40, 2.53MB/s][A[A[A[A[A[A[A[A







Downloading [model-00001-of-00002.safetensors]:  54%|█████▎    | 1.99G/3.71G [13:21<13:22, 2.30MB/s][A[A[A[A[A[A[A








Downloading [model-00002-of-00002.safetensors]:  58%|█████▊    | 1.92G/3.28G [13:21<11:44, 2.08MB/s][A[A[A[A[A[A[A[A







Downloading [model-00001-of-00002.safetensors]:  54%|█████▎    | 1.99G/3.71G [13:21<13:58, 2.20MB/s][A[A[A[A[A[A[A








Downloading [model-00002-of-00002.safetensors]:  58%|█████▊    | 1.92G/3.28G [13:22<11:24, 2.14MB/s][A[A[A[A[A[A[A[A







Downloading [model-00001-of-00002.safetensors]:  54%|█████▍    | 1.99G/3.71G [13:22<13:50, 2.22MB/s][A[A[A[A[A[A[A








Downloading [model-00002-of-00002.safetensors]:  58%|█████▊    | 1.92G/3.28G [13:22<10:29, 2.33MB/s][A[A[A[A[A[A[A[A







Downloading [model-00001-of-00002.safetensors]:  54%|█████▍    | 2.00G/3.71G [13:22<12:19, 2.49MB/s][A[A[A[A[A[A[A








Downloading [model-00002-of-00002.safetensors]:  58%|█████▊    | 1.92G/3.28G [13:22<09:35, 2.54MB/s][A[A[A[A[A[A[A[A







Downloading [model-00001-of-00002.safetensors]:  54%|█████▍    | 2.00G/3.71G [13:23<12:40, 2.42MB/s][A[A[A[A[A[A[A








Downloading [model-00002-of-00002.safetensors]:  58%|█████▊    | 1.92G/3.28G [13:23<11:14, 2.17MB/s][A[A[A[A[A[A[A[A







Downloading [model-00001-of-00002.safetensors]:  54%|█████▍    | 2.00G/3.71G [13:23<13:22, 2.29MB/s][A[A[A[A[A[A[A








Downloading [model-00002-of-00002.safetensors]:  59%|█████▊    | 1.92G/3.28G [13:23<10:14, 2.38MB/s][A[A[A[A[A[A[A[A







Downloading [model-00001-of-00002.safetensors]:  54%|█████▍    | 2.00G/3.71G [13:24<13:52, 2.21MB/s][A[A[A[A[A[A[A








Downloading [model-00002-of-00002.safetensors]:  59%|█████▊    | 1.92G/3.28G [13:24<09:56, 2.45MB/s][A[A[A[A[A[A[A[A







Downloading [model-00001-of-00002.safetensors]:  54%|█████▍    | 2.00G/3.71G [13:24<14:51, 2.06MB/s][A[A[A[A[A[A[A








Downloading [model-00002-of-00002.safetensors]:  59%|█████▊    | 1.92G/3.28G [13:25<12:42, 1.92MB/s][A[A[A[A[A[A[A[A







Downloading [model-00001-of-00002.safetensors]:  54%|█████▍    | 2.00G/3.71G [13:25<16:16, 1.88MB/s][A[A[A[A[A[A[A








Downloading [model-00002-of-00002.safetensors]:  59%|█████▊    | 1.92G/3.28G [13:26<16:21, 1.49MB/s][A[A[A[A[A[A[A[A







Downloading [model-00001-of-00002.safetensors]:  54%|█████▍    | 2.00G/3.71G [13:26<18:20, 1.67MB/s][A[A[A[A[A[A[A







Downloading [model-00001-of-00002.safetensors]:  54%|█████▍    | 2.00G/3.71G [13:26<17:43, 1.72MB/s][A[A[A[A[A[A[A








Downloading [model-00002-of-00002.safetensors]:  59%|█████▊    | 1.93G/3.28G [13:26<15:43, 1.55MB/s][A[A[A[A[A[A[A[A







Downloading [model-00001-of-00002.safetensors]:  54%|█████▍    | 2.00G/3.71G [13:26<14:35, 2.09MB/s][A[A[A[A[A[A[A








Downloading [model-00002-of-00002.safetensors]:  59%|█████▊    | 1.93G/3.28G [13:27<14:33, 1.67MB/s][A[A[A[A[A[A[A[A







Downloading [model-00001-of-00002.safetensors]:  54%|█████▍    | 2.00G/3.71G [13:27<12:38, 2.41MB/s][A[A[A[A[A[A[A








Downloading [model-00002-of-00002.safetensors]:  59%|█████▊    | 1.93G/3.28G [13:27<11:36, 2.09MB/s][A[A[A[A[A[A[A[A







Downloading [model-00001-of-00002.safetensors]:  54%|█████▍    | 2.00G/3.71G [13:27<12:28, 2.44MB/s][A[A[A[A[A[A[A








Downloading [model-00002-of-00002.safetensors]:  59%|█████▊    | 1.93G/3.28G [13:27<11:05, 2.19MB/s][A[A[A[A[A[A[A[A







Downloading [model-00001-of-00002.safetensors]:  54%|█████▍    | 2.01G/3.71G [13:27<11:46, 2.59MB/s][A[A[A[A[A[A[A








Downloading [model-00002-of-00002.safetensors]:  59%|█████▉    | 1.93G/3.28G [13:28<10:39, 2.27MB/s][A[A[A[A[A[A[A[A







Downloading [model-00001-of-00002.safetensors]:  54%|█████▍    | 2.01G/3.71G [13:28<10:43, 2.84MB/s][A[A[A[A[A[A[A







Downloading [model-00001-of-00002.safetensors]:  54%|█████▍    | 2.01G/3.71G [13:28<11:34, 2.63MB/s][A[A[A[A[A[A[A








Downloading [model-00002-of-00002.safetensors]:  59%|█████▉    | 1.93G/3.28G [13:28<11:23, 2.13MB/s][A[A[A[A[A[A[A[A







Downloading [model-00001-of-00002.safetensors]:  54%|█████▍    | 2.01G/3.71G [13:28<09:55, 3.07MB/s][A[A[A[A[A[A[A








Downloading [model-00002-of-00002.safetensors]:  59%|█████▉    | 1.93G/3.28G [13:29<07:53, 3.07MB/s][A[A[A[A[A[A[A[A







Downloading [model-00001-of-00002.safetensors]:  54%|█████▍    | 2.01G/3.71G [13:29<10:15, 2.97MB/s][A[A[A[A[A[A[A








Downloading [model-00002-of-00002.safetensors]:  59%|█████▉    | 1.93G/3.28G [13:29<08:18, 2.91MB/s][A[A[A[A[A[A[A[A








Downloading [model-00002-of-00002.safetensors]:  59%|█████▉    | 1.93G/3.28G [13:29<06:45, 3.57MB/s][A[A[A[A[A[A[A[A







Downloading [model-00001-of-00002.safetensors]:  54%|█████▍    | 2.01G/3.71G [13:29<11:49, 2.57MB/s][A[A[A[A[A[A[A








Downloading [model-00002-of-00002.safetensors]:  59%|█████▉    | 1.94G/3.28G [13:30<07:51, 3.07MB/s][A[A[A[A[A[A[A[A







Downloading [model-00001-of-00002.safetensors]:  54%|█████▍    | 2.01G/3.71G [13:30<14:02, 2.16MB/s][A[A[A[A[A[A[A








Downloading [model-00002-of-00002.safetensors]:  59%|█████▉    | 1.94G/3.28G [13:30<09:44, 2.48MB/s][A[A[A[A[A[A[A[A







Downloading [model-00001-of-00002.safetensors]:  54%|█████▍    | 2.01G/3.71G [13:30<12:37, 2.41MB/s][A[A[A[A[A[A[A







Downloading [model-00001-of-00002.safetensors]:  54%|█████▍    | 2.01G/3.71G [13:31<12:56, 2.35MB/s][A[A[A[A[A[A[A








Downloading [model-00002-of-00002.safetensors]:  59%|█████▉    | 1.94G/3.28G [13:31<10:29, 2.30MB/s][A[A[A[A[A[A[A[A







Downloading [model-00001-of-00002.safetensors]:  54%|█████▍    | 2.01G/3.71G [13:32<15:31, 1.95MB/s][A[A[A[A[A[A[A








Downloading [model-00002-of-00002.safetensors]:  59%|█████▉    | 1.94G/3.28G [13:32<12:42, 1.90MB/s][A[A[A[A[A[A[A[A







Downloading [model-00001-of-00002.safetensors]:  54%|█████▍    | 2.02G/3.71G [13:32<15:44, 1.93MB/s][A[A[A[A[A[A[A








Downloading [model-00002-of-00002.safetensors]:  59%|█████▉    | 1.94G/3.28G [13:32<13:37, 1.77MB/s][A[A[A[A[A[A[A[A







Downloading [model-00001-of-00002.safetensors]:  54%|█████▍    | 2.02G/3.71G [13:33<16:48, 1.80MB/s][A[A[A[A[A[A[A








Downloading [model-00002-of-00002.safetensors]:  59%|█████▉    | 1.94G/3.28G [13:33<13:03, 1.84MB/s][A[A[A[A[A[A[A[A







Downloading [model-00001-of-00002.safetensors]:  54%|█████▍    | 2.02G/3.71G [13:34<18:01, 1.68MB/s][A[A[A[A[A[A[A








Downloading [model-00002-of-00002.safetensors]:  59%|█████▉    | 1.94G/3.28G [13:34<14:29, 1.66MB/s][A[A[A[A[A[A[A[A







Downloading [model-00001-of-00002.safetensors]:  54%|█████▍    | 2.02G/3.71G [13:34<19:36, 1.54MB/s][A[A[A[A[A[A[A








Downloading [model-00002-of-00002.safetensors]:  59%|█████▉    | 1.94G/3.28G [13:34<16:07, 1.49MB/s][A[A[A[A[A[A[A[A







Downloading [model-00001-of-00002.safetensors]:  54%|█████▍    | 2.02G/3.71G [13:35<20:35, 1.47MB/s][A[A[A[A[A[A[A








Downloading [model-00002-of-00002.safetensors]:  59%|█████▉    | 1.94G/3.28G [13:35<16:18, 1.47MB/s][A[A[A[A[A[A[A[A







Downloading [model-00001-of-00002.safetensors]:  54%|█████▍    | 2.02G/3.71G [13:35<17:18, 1.75MB/s][A[A[A[A[A[A[A








Downloading [model-00002-of-00002.safetensors]:  59%|█████▉    | 1.94G/3.28G [13:35<13:18, 1.80MB/s][A[A[A[A[A[A[A[A







Downloading [model-00001-of-00002.safetensors]:  55%|█████▍    | 2.02G/3.71G [13:36<14:44, 2.05MB/s][A[A[A[A[A[A[A








Downloading [model-00002-of-00002.safetensors]:  59%|█████▉    | 1.95G/3.28G [13:36<11:16, 2.12MB/s][A[A[A[A[A[A[A[A








Downloading [model-00002-of-00002.safetensors]:  59%|█████▉    | 1.95G/3.28G [13:36<10:27, 2.29MB/s][A[A[A[A[A[A[A[A







Downloading [model-00001-of-00002.safetensors]:  55%|█████▍    | 2.02G/3.71G [13:36<13:41, 2.20MB/s][A[A[A[A[A[A[A








Downloading [model-00002-of-00002.safetensors]:  59%|█████▉    | 1.95G/3.28G [13:37<10:22, 2.31MB/s][A[A[A[A[A[A[A[A







Downloading [model-00001-of-00002.safetensors]:  55%|█████▍    | 2.02G/3.71G [13:37<13:36, 2.22MB/s][A[A[A[A[A[A[A








Downloading [model-00002-of-00002.safetensors]:  59%|█████▉    | 1.95G/3.28G [13:37<10:27, 2.29MB/s][A[A[A[A[A[A[A[A







Downloading [model-00001-of-00002.safetensors]:  55%|█████▍    | 2.02G/3.71G [13:37<15:08, 1.99MB/s][A[A[A[A[A[A[A








Downloading [model-00002-of-00002.safetensors]:  59%|█████▉    | 1.95G/3.28G [13:38<10:21, 2.31MB/s][A[A[A[A[A[A[A[A







Downloading [model-00001-of-00002.safetensors]:  55%|█████▍    | 2.03G/3.71G [13:38<13:43, 2.19MB/s][A[A[A[A[A[A[A








Downloading [model-00002-of-00002.safetensors]:  59%|█████▉    | 1.95G/3.28G [13:38<09:00, 2.65MB/s][A[A[A[A[A[A[A[A







Downloading [model-00001-of-00002.safetensors]:  55%|█████▍    | 2.03G/3.71G [13:38<12:32, 2.40MB/s][A[A[A[A[A[A[A








Downloading [model-00002-of-00002.safetensors]:  59%|█████▉    | 1.95G/3.28G [13:38<08:09, 2.92MB/s][A[A[A[A[A[A[A[A







Downloading [model-00001-of-00002.safetensors]:  55%|█████▍    | 2.03G/3.71G [13:38<10:53, 2.77MB/s][A[A[A[A[A[A[A








Downloading [model-00002-of-00002.safetensors]:  59%|█████▉    | 1.95G/3.28G [13:38<07:28, 3.19MB/s][A[A[A[A[A[A[A[A







Downloading [model-00001-of-00002.safetensors]:  55%|█████▍    | 2.03G/3.71G [13:38<09:22, 3.21MB/s][A[A[A[A[A[A[A








Downloading [model-00002-of-00002.safetensors]:  59%|█████▉    | 1.95G/3.28G [13:39<08:33, 2.78MB/s][A[A[A[A[A[A[A[A







Downloading [model-00001-of-00002.safetensors]:  55%|█████▍    | 2.03G/3.71G [13:39<10:52, 2.76MB/s][A[A[A[A[A[A[A








Downloading [model-00002-of-00002.safetensors]:  59%|█████▉    | 1.95G/3.28G [13:39<09:10, 2.59MB/s][A[A[A[A[A[A[A[A







Downloading [model-00001-of-00002.safetensors]:  55%|█████▍    | 2.03G/3.71G [13:40<12:32, 2.40MB/s][A[A[A[A[A[A[A








Downloading [model-00002-of-00002.safetensors]:  60%|█████▉    | 1.96G/3.28G [13:40<11:08, 2.14MB/s][A[A[A[A[A[A[A[A







Downloading [model-00001-of-00002.safetensors]:  55%|█████▍    | 2.03G/3.71G [13:40<13:18, 2.26MB/s][A[A[A[A[A[A[A







Downloading [model-00001-of-00002.safetensors]:  55%|█████▍    | 2.03G/3.71G [13:41<14:26, 2.08MB/s][A[A[A[A[A[A[A








Downloading [model-00002-of-00002.safetensors]:  60%|█████▉    | 1.96G/3.28G [13:41<13:08, 1.81MB/s][A[A[A[A[A[A[A[A







Downloading [model-00001-of-00002.safetensors]:  55%|█████▍    | 2.03G/3.71G [13:41<12:33, 2.39MB/s][A[A[A[A[A[A[A








Downloading [model-00002-of-00002.safetensors]:  60%|█████▉    | 1.96G/3.28G [13:41<11:43, 2.03MB/s][A[A[A[A[A[A[A[A







Downloading [model-00001-of-00002.safetensors]:  55%|█████▍    | 2.03G/3.71G [13:41<12:40, 2.37MB/s][A[A[A[A[A[A[A








Downloading [model-00002-of-00002.safetensors]:  60%|█████▉    | 1.96G/3.28G [13:42<11:08, 2.13MB/s][A[A[A[A[A[A[A[A







Downloading [model-00001-of-00002.safetensors]:  55%|█████▍    | 2.04G/3.71G [13:42<11:21, 2.64MB/s][A[A[A[A[A[A[A








Downloading [model-00002-of-00002.safetensors]:  60%|█████▉    | 1.96G/3.28G [13:42<09:35, 2.47MB/s][A[A[A[A[A[A[A[A







Downloading [model-00001-of-00002.safetensors]:  55%|█████▍    | 2.04G/3.71G [13:42<09:36, 3.12MB/s][A[A[A[A[A[A[A







Downloading [model-00001-of-00002.safetensors]:  55%|█████▍    | 2.04G/3.71G [13:42<08:33, 3.50MB/s][A[A[A[A[A[A[A








Downloading [model-00002-of-00002.safetensors]:  60%|█████▉    | 1.96G/3.28G [13:42<08:36, 2.76MB/s][A[A[A[A[A[A[A[A







Downloading [model-00001-of-00002.safetensors]:  55%|█████▍    | 2.04G/3.71G [13:42<07:56, 3.76MB/s][A[A[A[A[A[A[A








Downloading [model-00002-of-00002.safetensors]:  60%|█████▉    | 1.96G/3.28G [13:43<09:10, 2.58MB/s][A[A[A[A[A[A[A[A







Downloading [model-00001-of-00002.safetensors]:  55%|█████▍    | 2.04G/3.71G [13:43<08:22, 3.57MB/s][A[A[A[A[A[A[A







Downloading [model-00001-of-00002.safetensors]:  55%|█████▌    | 2.04G/3.71G [13:43<08:32, 3.50MB/s][A[A[A[A[A[A[A








Downloading [model-00002-of-00002.safetensors]:  60%|█████▉    | 1.96G/3.28G [13:43<10:16, 2.30MB/s][A[A[A[A[A[A[A[A







Downloading [model-00001-of-00002.safetensors]:  55%|█████▌    | 2.04G/3.71G [13:44<10:57, 2.72MB/s][A[A[A[A[A[A[A







Downloading [model-00001-of-00002.safetensors]:  55%|█████▌    | 2.04G/3.71G [13:44<11:40, 2.55MB/s][A[A[A[A[A[A[A








Downloading [model-00002-of-00002.safetensors]:  60%|█████▉    | 1.96G/3.28G [13:44<13:58, 1.69MB/s][A[A[A[A[A[A[A[A








Downloading [model-00002-of-00002.safetensors]:  60%|█████▉    | 1.96G/3.28G [13:45<12:47, 1.85MB/s][A[A[A[A[A[A[A[A







Downloading [model-00001-of-00002.safetensors]:  55%|█████▌    | 2.04G/3.71G [13:45<13:03, 2.28MB/s][A[A[A[A[A[A[A








Downloading [model-00002-of-00002.safetensors]:  60%|█████▉    | 1.96G/3.28G [13:45<11:05, 2.13MB/s][A[A[A[A[A[A[A[A







Downloading [model-00001-of-00002.safetensors]:  55%|█████▌    | 2.04G/3.71G [13:45<13:03, 2.28MB/s][A[A[A[A[A[A[A








Downloading [model-00002-of-00002.safetensors]:  60%|█████▉    | 1.97G/3.28G [13:45<10:32, 2.24MB/s][A[A[A[A[A[A[A[A







Downloading [model-00001-of-00002.safetensors]:  55%|█████▌    | 2.04G/3.71G [13:45<11:54, 2.50MB/s][A[A[A[A[A[A[A







Downloading [model-00001-of-00002.safetensors]:  55%|█████▌    | 2.05G/3.71G [13:46<13:35, 2.19MB/s][A[A[A[A[A[A[A








Downloading [model-00002-of-00002.safetensors]:  60%|█████▉    | 1.97G/3.28G [13:46<12:05, 1.95MB/s][A[A[A[A[A[A[A[A







Downloading [model-00001-of-00002.safetensors]:  55%|█████▌    | 2.05G/3.71G [13:46<12:46, 2.33MB/s][A[A[A[A[A[A[A








Downloading [model-00002-of-00002.safetensors]:  60%|█████▉    | 1.97G/3.28G [13:46<11:17, 2.09MB/s][A[A[A[A[A[A[A[A







Downloading [model-00001-of-00002.safetensors]:  55%|█████▌    | 2.05G/3.71G [13:47<11:36, 2.56MB/s][A[A[A[A[A[A[A








Downloading [model-00002-of-00002.safetensors]:  60%|█████▉    | 1.97G/3.28G [13:47<11:21, 2.07MB/s][A[A[A[A[A[A[A[A







Downloading [model-00001-of-00002.safetensors]:  55%|█████▌    | 2.05G/3.71G [13:47<10:24, 2.85MB/s][A[A[A[A[A[A[A








Downloading [model-00002-of-00002.safetensors]:  60%|█████▉    | 1.97G/3.28G [13:47<09:13, 2.55MB/s][A[A[A[A[A[A[A[A







Downloading [model-00001-of-00002.safetensors]:  55%|█████▌    | 2.05G/3.71G [13:47<08:53, 3.34MB/s][A[A[A[A[A[A[A







Downloading [model-00001-of-00002.safetensors]:  55%|█████▌    | 2.05G/3.71G [13:47<07:56, 3.73MB/s][A[A[A[A[A[A[A








Downloading [model-00002-of-00002.safetensors]:  60%|██████    | 1.97G/3.28G [13:47<08:20, 2.82MB/s][A[A[A[A[A[A[A[A







Downloading [model-00001-of-00002.safetensors]:  55%|█████▌    | 2.05G/3.71G [13:48<08:30, 3.48MB/s][A[A[A[A[A[A[A








Downloading [model-00002-of-00002.safetensors]:  60%|██████    | 1.97G/3.28G [13:48<08:16, 2.84MB/s][A[A[A[A[A[A[A[A








Downloading [model-00002-of-00002.safetensors]:  60%|██████    | 1.97G/3.28G [13:48<07:16, 3.22MB/s][A[A[A[A[A[A[A[A







Downloading [model-00001-of-00002.safetensors]:  55%|█████▌    | 2.05G/3.71G [13:48<09:26, 3.14MB/s][A[A[A[A[A[A[A








Downloading [model-00002-of-00002.safetensors]:  60%|██████    | 1.97G/3.28G [13:48<06:28, 3.62MB/s][A[A[A[A[A[A[A[A







Downloading [model-00001-of-00002.safetensors]:  55%|█████▌    | 2.05G/3.71G [13:48<09:22, 3.16MB/s][A[A[A[A[A[A[A








Downloading [model-00002-of-00002.safetensors]:  60%|██████    | 1.97G/3.28G [13:48<06:06, 3.84MB/s][A[A[A[A[A[A[A[A







Downloading [model-00001-of-00002.safetensors]:  55%|█████▌    | 2.05G/3.71G [13:49<08:52, 3.33MB/s][A[A[A[A[A[A[A








Downloading [model-00002-of-00002.safetensors]:  60%|██████    | 1.98G/3.28G [13:49<06:28, 3.62MB/s][A[A[A[A[A[A[A[A








Downloading [model-00002-of-00002.safetensors]:  60%|██████    | 1.98G/3.28G [13:49<06:15, 3.74MB/s][A[A[A[A[A[A[A[A







Downloading [model-00001-of-00002.safetensors]:  55%|█████▌    | 2.06G/3.71G [13:49<08:59, 3.29MB/s][A[A[A[A[A[A[A








Downloading [model-00002-of-00002.safetensors]:  60%|██████    | 1.98G/3.28G [13:49<06:37, 3.53MB/s][A[A[A[A[A[A[A[A







Downloading [model-00001-of-00002.safetensors]:  55%|█████▌    | 2.06G/3.71G [13:50<11:14, 2.63MB/s][A[A[A[A[A[A[A








Downloading [model-00002-of-00002.safetensors]:  60%|██████    | 1.98G/3.28G [13:50<06:49, 3.42MB/s][A[A[A[A[A[A[A[A







Downloading [model-00001-of-00002.safetensors]:  55%|█████▌    | 2.06G/3.71G [13:50<10:33, 2.80MB/s][A[A[A[A[A[A[A








Downloading [model-00002-of-00002.safetensors]:  60%|██████    | 1.98G/3.28G [13:50<07:15, 3.21MB/s][A[A[A[A[A[A[A[A







Downloading [model-00001-of-00002.safetensors]:  56%|█████▌    | 2.06G/3.71G [13:50<10:29, 2.82MB/s][A[A[A[A[A[A[A








Downloading [model-00002-of-00002.safetensors]:  60%|██████    | 1.98G/3.28G [13:50<07:17, 3.20MB/s][A[A[A[A[A[A[A[A







Downloading [model-00001-of-00002.safetensors]:  56%|█████▌    | 2.06G/3.71G [13:51<09:40, 3.05MB/s][A[A[A[A[A[A[A








Downloading [model-00002-of-00002.safetensors]:  60%|██████    | 1.98G/3.28G [13:51<06:28, 3.60MB/s][A[A[A[A[A[A[A[A








Downloading [model-00002-of-00002.safetensors]:  60%|██████    | 1.98G/3.28G [13:51<05:40, 4.11MB/s][A[A[A[A[A[A[A[A







Downloading [model-00001-of-00002.safetensors]:  56%|█████▌    | 2.06G/3.71G [13:51<08:25, 3.50MB/s][A[A[A[A[A[A[A








Downloading [model-00002-of-00002.safetensors]:  60%|██████    | 1.98G/3.28G [13:51<04:55, 4.73MB/s][A[A[A[A[A[A[A[A







Downloading [model-00001-of-00002.safetensors]:  56%|█████▌    | 2.06G/3.71G [13:51<07:13, 4.08MB/s][A[A[A[A[A[A[A







Downloading [model-00001-of-00002.safetensors]:  56%|█████▌    | 2.06G/3.71G [13:51<06:12, 4.74MB/s][A[A[A[A[A[A[A








Downloading [model-00002-of-00002.safetensors]:  60%|██████    | 1.98G/3.28G [13:51<04:30, 5.17MB/s][A[A[A[A[A[A[A[A







Downloading [model-00001-of-00002.safetensors]:  56%|█████▌    | 2.06G/3.71G [13:51<05:20, 5.52MB/s][A[A[A[A[A[A[A








Downloading [model-00002-of-00002.safetensors]:  60%|██████    | 1.99G/3.28G [13:51<04:16, 5.44MB/s][A[A[A[A[A[A[A[A







Downloading [model-00001-of-00002.safetensors]:  56%|█████▌    | 2.06G/3.71G [13:51<05:04, 5.81MB/s][A[A[A[A[A[A[A








Downloading [model-00002-of-00002.safetensors]:  60%|██████    | 1.99G/3.28G [13:51<04:19, 5.38MB/s][A[A[A[A[A[A[A[A







Downloading [model-00001-of-00002.safetensors]:  56%|█████▌    | 2.07G/3.71G [13:52<04:52, 6.02MB/s][A[A[A[A[A[A[A








Downloading [model-00002-of-00002.safetensors]:  61%|██████    | 1.99G/3.28G [13:52<04:22, 5.30MB/s][A[A[A[A[A[A[A[A







Downloading [model-00001-of-00002.safetensors]:  56%|█████▌    | 2.07G/3.71G [13:52<04:43, 6.23MB/s][A[A[A[A[A[A[A







Downloading [model-00001-of-00002.safetensors]:  56%|█████▌    | 2.07G/3.71G [13:52<04:28, 6.57MB/s][A[A[A[A[A[A[A








Downloading [model-00002-of-00002.safetensors]:  61%|██████    | 1.99G/3.28G [13:52<04:35, 5.05MB/s][A[A[A[A[A[A[A[A







Downloading [model-00001-of-00002.safetensors]:  56%|█████▌    | 2.07G/3.71G [13:52<04:14, 6.92MB/s][A[A[A[A[A[A[A







Downloading [model-00001-of-00002.safetensors]:  56%|█████▌    | 2.07G/3.71G [13:52<04:01, 7.29MB/s][A[A[A[A[A[A[A








Downloading [model-00002-of-00002.safetensors]:  61%|██████    | 1.99G/3.28G [13:52<04:54, 4.73MB/s][A[A[A[A[A[A[A[A







Downloading [model-00001-of-00002.safetensors]:  56%|█████▌    | 2.07G/3.71G [13:52<03:56, 7.44MB/s][A[A[A[A[A[A[A








Downloading [model-00002-of-00002.safetensors]:  61%|██████    | 1.99G/3.28G [13:52<04:45, 4.87MB/s][A[A[A[A[A[A[A[A







Downloading [model-00001-of-00002.safetensors]:  56%|█████▌    | 2.07G/3.71G [13:52<05:10, 5.66MB/s][A[A[A[A[A[A[A








Downloading [model-00002-of-00002.safetensors]:  61%|██████    | 1.99G/3.28G [13:53<04:38, 4.99MB/s][A[A[A[A[A[A[A[A








Downloading [model-00002-of-00002.safetensors]:  61%|██████    | 1.99G/3.28G [13:53<04:18, 5.37MB/s][A[A[A[A[A[A[A[A







Downloading [model-00001-of-00002.safetensors]:  56%|█████▌    | 2.07G/3.71G [13:53<05:42, 5.13MB/s][A[A[A[A[A[A[A








Downloading [model-00002-of-00002.safetensors]:  61%|██████    | 1.99G/3.28G [13:53<03:54, 5.92MB/s][A[A[A[A[A[A[A[A







Downloading [model-00001-of-00002.safetensors]:  56%|█████▌    | 2.07G/3.71G [13:53<05:28, 5.35MB/s][A[A[A[A[A[A[A








Downloading [model-00002-of-00002.safetensors]:  61%|██████    | 1.99G/3.28G [13:53<03:31, 6.55MB/s][A[A[A[A[A[A[A[A








Downloading [model-00002-of-00002.safetensors]:  61%|██████    | 2.00G/3.28G [13:53<03:10, 7.29MB/s][A[A[A[A[A[A[A[A







Downloading [model-00001-of-00002.safetensors]:  56%|█████▌    | 2.07G/3.71G [13:53<05:05, 5.75MB/s][A[A[A[A[A[A[A








Downloading [model-00002-of-00002.safetensors]:  61%|██████    | 2.00G/3.28G [13:53<03:13, 7.15MB/s][A[A[A[A[A[A[A[A







Downloading [model-00001-of-00002.safetensors]:  56%|█████▌    | 2.08G/3.71G [13:53<05:11, 5.64MB/s][A[A[A[A[A[A[A








Downloading [model-00002-of-00002.safetensors]:  61%|██████    | 2.00G/3.28G [13:53<03:25, 6.74MB/s][A[A[A[A[A[A[A[A







Downloading [model-00001-of-00002.safetensors]:  56%|█████▌    | 2.08G/3.71G [13:53<04:59, 5.86MB/s][A[A[A[A[A[A[A








Downloading [model-00002-of-00002.safetensors]:  61%|██████    | 2.00G/3.28G [13:54<03:36, 6.39MB/s][A[A[A[A[A[A[A[A







Downloading [model-00001-of-00002.safetensors]:  56%|█████▌    | 2.08G/3.71G [13:54<04:50, 6.03MB/s][A[A[A[A[A[A[A








Downloading [model-00002-of-00002.safetensors]:  61%|██████    | 2.00G/3.28G [13:54<03:38, 6.30MB/s][A[A[A[A[A[A[A[A







Downloading [model-00001-of-00002.safetensors]:  56%|█████▌    | 2.08G/3.71G [13:54<04:54, 5.95MB/s][A[A[A[A[A[A[A







Downloading [model-00001-of-00002.safetensors]:  56%|█████▌    | 2.08G/3.71G [13:54<04:47, 6.10MB/s][A[A[A[A[A[A[A








Downloading [model-00002-of-00002.safetensors]:  61%|██████    | 2.00G/3.28G [13:54<03:47, 6.06MB/s][A[A[A[A[A[A[A[A







Downloading [model-00001-of-00002.safetensors]:  56%|█████▌    | 2.08G/3.71G [13:54<07:17, 4.00MB/s][A[A[A[A[A[A[A








Downloading [model-00002-of-00002.safetensors]:  61%|██████    | 2.00G/3.28G [13:54<06:09, 3.73MB/s][A[A[A[A[A[A[A[A







Downloading [model-00001-of-00002.safetensors]:  56%|█████▌    | 2.08G/3.71G [13:55<07:48, 3.73MB/s][A[A[A[A[A[A[A








Downloading [model-00002-of-00002.safetensors]:  61%|██████    | 2.00G/3.28G [13:55<06:44, 3.40MB/s][A[A[A[A[A[A[A[A







Downloading [model-00001-of-00002.safetensors]:  56%|█████▌    | 2.08G/3.71G [13:55<07:18, 3.99MB/s][A[A[A[A[A[A[A








Downloading [model-00002-of-00002.safetensors]:  61%|██████    | 2.00G/3.28G [13:55<06:40, 3.43MB/s][A[A[A[A[A[A[A[A







Downloading [model-00001-of-00002.safetensors]:  56%|█████▌    | 2.08G/3.71G [13:55<06:53, 4.22MB/s][A[A[A[A[A[A[A







Downloading [model-00001-of-00002.safetensors]:  56%|█████▌    | 2.08G/3.71G [13:55<06:43, 4.33MB/s][A[A[A[A[A[A[A








Downloading [model-00002-of-00002.safetensors]:  61%|██████    | 2.00G/3.28G [13:55<06:48, 3.37MB/s][A[A[A[A[A[A[A[A







Downloading [model-00001-of-00002.safetensors]:  56%|█████▌    | 2.08G/3.71G [13:56<07:06, 4.09MB/s][A[A[A[A[A[A[A








Downloading [model-00002-of-00002.safetensors]:  61%|██████    | 2.00G/3.28G [13:56<07:01, 3.26MB/s][A[A[A[A[A[A[A[A







Downloading [model-00001-of-00002.safetensors]:  56%|█████▌    | 2.09G/3.71G [13:56<06:31, 4.46MB/s][A[A[A[A[A[A[A








Downloading [model-00002-of-00002.safetensors]:  61%|██████    | 2.01G/3.28G [13:56<06:37, 3.45MB/s][A[A[A[A[A[A[A[A







Downloading [model-00001-of-00002.safetensors]:  56%|█████▋    | 2.09G/3.71G [13:56<06:18, 4.60MB/s][A[A[A[A[A[A[A







Downloading [model-00001-of-00002.safetensors]:  56%|█████▋    | 2.09G/3.71G [13:56<06:29, 4.47MB/s][A[A[A[A[A[A[A








Downloading [model-00002-of-00002.safetensors]:  61%|██████    | 2.01G/3.28G [13:56<06:37, 3.45MB/s][A[A[A[A[A[A[A[A







Downloading [model-00001-of-00002.safetensors]:  56%|█████▋    | 2.09G/3.71G [13:57<07:01, 4.13MB/s][A[A[A[A[A[A[A








Downloading [model-00002-of-00002.safetensors]:  61%|██████    | 2.01G/3.28G [13:57<06:57, 3.28MB/s][A[A[A[A[A[A[A[A







Downloading [model-00001-of-00002.safetensors]:  56%|█████▋    | 2.09G/3.71G [13:57<08:06, 3.57MB/s][A[A[A[A[A[A[A








Downloading [model-00002-of-00002.safetensors]:  61%|██████    | 2.01G/3.28G [13:57<07:46, 2.94MB/s][A[A[A[A[A[A[A[A








Downloading [model-00002-of-00002.safetensors]:  61%|██████    | 2.01G/3.28G [13:58<09:19, 2.45MB/s][A[A[A[A[A[A[A[A







Downloading [model-00001-of-00002.safetensors]:  56%|█████▋    | 2.09G/3.71G [13:58<13:53, 2.08MB/s][A[A[A[A[A[A[A







Downloading [model-00001-of-00002.safetensors]:  56%|█████▋    | 2.09G/3.71G [13:58<10:46, 2.68MB/s][A[A[A[A[A[A[A








Downloading [model-00002-of-00002.safetensors]:  61%|██████    | 2.01G/3.28G [13:58<09:14, 2.47MB/s][A[A[A[A[A[A[A[A







Downloading [model-00001-of-00002.safetensors]:  56%|█████▋    | 2.09G/3.71G [13:58<09:28, 3.05MB/s][A[A[A[A[A[A[A








Downloading [model-00002-of-00002.safetensors]:  61%|██████    | 2.01G/3.28G [13:58<08:00, 2.84MB/s][A[A[A[A[A[A[A[A







Downloading [model-00001-of-00002.safetensors]:  56%|█████▋    | 2.09G/3.71G [13:59<08:39, 3.34MB/s][A[A[A[A[A[A[A








Downloading [model-00002-of-00002.safetensors]:  61%|██████▏   | 2.01G/3.28G [13:59<07:47, 2.92MB/s][A[A[A[A[A[A[A[A







Downloading [model-00001-of-00002.safetensors]:  56%|█████▋    | 2.09G/3.71G [13:59<09:18, 3.10MB/s][A[A[A[A[A[A[A








Downloading [model-00002-of-00002.safetensors]:  61%|██████▏   | 2.01G/3.28G [13:59<07:08, 3.19MB/s][A[A[A[A[A[A[A[A








Downloading [model-00002-of-00002.safetensors]:  61%|██████▏   | 2.01G/3.28G [13:59<06:16, 3.62MB/s][A[A[A[A[A[A[A[A







Downloading [model-00001-of-00002.safetensors]:  57%|█████▋    | 2.10G/3.71G [13:59<08:23, 3.44MB/s][A[A[A[A[A[A[A








Downloading [model-00002-of-00002.safetensors]:  61%|██████▏   | 2.02G/3.28G [13:59<05:41, 4.00MB/s][A[A[A[A[A[A[A[A







Downloading [model-00001-of-00002.safetensors]:  57%|█████▋    | 2.10G/3.71G [13:59<08:01, 3.60MB/s][A[A[A[A[A[A[A








Downloading [model-00002-of-00002.safetensors]:  61%|██████▏   | 2.02G/3.28G [14:00<05:09, 4.41MB/s][A[A[A[A[A[A[A[A








Downloading [model-00002-of-00002.safetensors]:  61%|██████▏   | 2.02G/3.28G [14:00<04:36, 4.92MB/s][A[A[A[A[A[A[A[A







Downloading [model-00001-of-00002.safetensors]:  57%|█████▋    | 2.10G/3.71G [14:00<07:59, 3.61MB/s][A[A[A[A[A[A[A








Downloading [model-00002-of-00002.safetensors]:  61%|██████▏   | 2.02G/3.28G [14:00<04:54, 4.61MB/s][A[A[A[A[A[A[A[A







Downloading [model-00001-of-00002.safetensors]:  57%|█████▋    | 2.10G/3.71G [14:00<10:50, 2.66MB/s][A[A[A[A[A[A[A








Downloading [model-00002-of-00002.safetensors]:  61%|██████▏   | 2.02G/3.28G [14:01<07:08, 3.17MB/s][A[A[A[A[A[A[A[A







Downloading [model-00001-of-00002.safetensors]:  57%|█████▋    | 2.10G/3.71G [14:01<10:41, 2.69MB/s][A[A[A[A[A[A[A








Downloading [model-00002-of-00002.safetensors]:  62%|██████▏   | 2.02G/3.28G [14:01<06:54, 3.27MB/s][A[A[A[A[A[A[A[A







Downloading [model-00001-of-00002.safetensors]:  57%|█████▋    | 2.10G/3.71G [14:01<11:03, 2.60MB/s][A[A[A[A[A[A[A








Downloading [model-00002-of-00002.safetensors]:  62%|██████▏   | 2.02G/3.28G [14:02<09:33, 2.36MB/s][A[A[A[A[A[A[A[A







Downloading [model-00001-of-00002.safetensors]:  57%|█████▋    | 2.10G/3.71G [14:02<13:01, 2.21MB/s][A[A[A[A[A[A[A








Downloading [model-00002-of-00002.safetensors]:  62%|██████▏   | 2.02G/3.28G [14:02<08:43, 2.59MB/s][A[A[A[A[A[A[A[A







Downloading [model-00001-of-00002.safetensors]:  57%|█████▋    | 2.10G/3.71G [14:02<11:28, 2.51MB/s][A[A[A[A[A[A[A








Downloading [model-00002-of-00002.safetensors]:  62%|██████▏   | 2.02G/3.28G [14:02<08:02, 2.81MB/s][A[A[A[A[A[A[A[A







Downloading [model-00001-of-00002.safetensors]:  57%|█████▋    | 2.10G/3.71G [14:03<11:15, 2.55MB/s][A[A[A[A[A[A[A








Downloading [model-00002-of-00002.safetensors]:  62%|██████▏   | 2.02G/3.28G [14:03<08:27, 2.66MB/s][A[A[A[A[A[A[A[A







Downloading [model-00001-of-00002.safetensors]:  57%|█████▋    | 2.10G/3.71G [14:03<11:07, 2.58MB/s][A[A[A[A[A[A[A








Downloading [model-00002-of-00002.safetensors]:  62%|██████▏   | 2.03G/3.28G [14:03<08:21, 2.70MB/s][A[A[A[A[A[A[A[A







Downloading [model-00001-of-00002.safetensors]:  57%|█████▋    | 2.11G/3.71G [14:03<10:03, 2.85MB/s][A[A[A[A[A[A[A







Downloading [model-00001-of-00002.safetensors]:  57%|█████▋    | 2.11G/3.71G [14:03<08:44, 3.28MB/s][A[A[A[A[A[A[A







Downloading [model-00001-of-00002.safetensors]:  57%|█████▋    | 2.11G/3.71G [14:04<07:22, 3.89MB/s][A[A[A[A[A[A[A








Downloading [model-00002-of-00002.safetensors]:  62%|██████▏   | 2.03G/3.28G [14:04<07:15, 3.10MB/s][A[A[A[A[A[A[A[A







Downloading [model-00001-of-00002.safetensors]:  57%|█████▋    | 2.11G/3.71G [14:04<06:29, 4.41MB/s][A[A[A[A[A[A[A








Downloading [model-00002-of-00002.safetensors]:  62%|██████▏   | 2.03G/3.28G [14:04<05:11, 4.33MB/s][A[A[A[A[A[A[A[A







Downloading [model-00001-of-00002.safetensors]:  57%|█████▋    | 2.11G/3.71G [14:04<05:50, 4.91MB/s][A[A[A[A[A[A[A








Downloading [model-00002-of-00002.safetensors]:  62%|██████▏   | 2.03G/3.28G [14:04<04:07, 5.45MB/s][A[A[A[A[A[A[A[A







Downloading [model-00001-of-00002.safetensors]:  57%|█████▋    | 2.11G/3.71G [14:04<05:58, 4.79MB/s][A[A[A[A[A[A[A








Downloading [model-00002-of-00002.safetensors]:  62%|██████▏   | 2.03G/3.28G [14:04<03:52, 5.79MB/s][A[A[A[A[A[A[A[A








Downloading [model-00002-of-00002.safetensors]:  62%|██████▏   | 2.03G/3.28G [14:04<03:41, 6.07MB/s][A[A[A[A[A[A[A[A







Downloading [model-00001-of-00002.safetensors]:  57%|█████▋    | 2.11G/3.71G [14:04<05:50, 4.90MB/s][A[A[A[A[A[A[A








Downloading [model-00002-of-00002.safetensors]:  62%|██████▏   | 2.03G/3.28G [14:04<03:46, 5.93MB/s][A[A[A[A[A[A[A[A







Downloading [model-00001-of-00002.safetensors]:  57%|█████▋    | 2.11G/3.71G [14:04<05:20, 5.34MB/s][A[A[A[A[A[A[A







Downloading [model-00001-of-00002.safetensors]:  57%|█████▋    | 2.11G/3.71G [14:05<04:52, 5.86MB/s][A[A[A[A[A[A[A








Downloading [model-00002-of-00002.safetensors]:  62%|██████▏   | 2.04G/3.28G [14:05<04:07, 5.41MB/s][A[A[A[A[A[A[A[A







Downloading [model-00001-of-00002.safetensors]:  57%|█████▋    | 2.11G/3.71G [14:05<04:26, 6.43MB/s][A[A[A[A[A[A[A







Downloading [model-00001-of-00002.safetensors]:  57%|█████▋    | 2.12G/3.71G [14:05<04:46, 5.98MB/s][A[A[A[A[A[A[A








Downloading [model-00002-of-00002.safetensors]:  62%|██████▏   | 2.04G/3.28G [14:05<04:26, 5.02MB/s][A[A[A[A[A[A[A[A







Downloading [model-00001-of-00002.safetensors]:  57%|█████▋    | 2.12G/3.71G [14:05<03:55, 7.26MB/s][A[A[A[A[A[A[A








Downloading [model-00002-of-00002.safetensors]:  62%|██████▏   | 2.04G/3.28G [14:05<04:30, 4.95MB/s][A[A[A[A[A[A[A[A







Downloading [model-00001-of-00002.safetensors]:  57%|█████▋    | 2.12G/3.71G [14:05<04:04, 7.00MB/s][A[A[A[A[A[A[A








Downloading [model-00002-of-00002.safetensors]:  62%|██████▏   | 2.04G/3.28G [14:05<04:18, 5.18MB/s][A[A[A[A[A[A[A[A








Downloading [model-00002-of-00002.safetensors]:  62%|██████▏   | 2.04G/3.28G [14:06<03:59, 5.58MB/s][A[A[A[A[A[A[A[A







Downloading [model-00001-of-00002.safetensors]:  57%|█████▋    | 2.12G/3.71G [14:06<04:32, 6.27MB/s][A[A[A[A[A[A[A








Downloading [model-00002-of-00002.safetensors]:  62%|██████▏   | 2.04G/3.28G [14:06<03:39, 6.09MB/s][A[A[A[A[A[A[A[A








Downloading [model-00002-of-00002.safetensors]:  62%|██████▏   | 2.04G/3.28G [14:06<03:27, 6.45MB/s][A[A[A[A[A[A[A[A







Downloading [model-00001-of-00002.safetensors]:  57%|█████▋    | 2.12G/3.71G [14:06<05:03, 5.62MB/s][A[A[A[A[A[A[A








Downloading [model-00002-of-00002.safetensors]:  62%|██████▏   | 2.04G/3.28G [14:06<03:22, 6.60MB/s][A[A[A[A[A[A[A[A







Downloading [model-00001-of-00002.safetensors]:  57%|█████▋    | 2.12G/3.71G [14:06<05:14, 5.42MB/s][A[A[A[A[A[A[A








Downloading [model-00002-of-00002.safetensors]:  62%|██████▏   | 2.04G/3.28G [14:06<03:22, 6.59MB/s][A[A[A[A[A[A[A[A







Downloading [model-00001-of-00002.safetensors]:  57%|█████▋    | 2.12G/3.71G [14:06<04:52, 5.82MB/s][A[A[A[A[A[A[A







Downloading [model-00001-of-00002.safetensors]:  57%|█████▋    | 2.12G/3.71G [14:06<04:34, 6.21MB/s][A[A[A[A[A[A[A








Downloading [model-00002-of-00002.safetensors]:  62%|██████▏   | 2.04G/3.28G [14:06<04:07, 5.39MB/s][A[A[A[A[A[A[A[A







Downloading [model-00001-of-00002.safetensors]:  57%|█████▋    | 2.12G/3.71G [14:06<04:12, 6.73MB/s][A[A[A[A[A[A[A








Downloading [model-00002-of-00002.safetensors]:  62%|██████▏   | 2.04G/3.28G [14:07<04:05, 5.43MB/s][A[A[A[A[A[A[A[A







Downloading [model-00001-of-00002.safetensors]:  57%|█████▋    | 2.12G/3.71G [14:07<04:26, 6.38MB/s][A[A[A[A[A[A[A








Downloading [model-00002-of-00002.safetensors]:  62%|██████▏   | 2.05G/3.28G [14:07<03:45, 5.88MB/s][A[A[A[A[A[A[A[A







Downloading [model-00001-of-00002.safetensors]:  57%|█████▋    | 2.13G/3.71G [14:07<04:48, 5.90MB/s][A[A[A[A[A[A[A








Downloading [model-00002-of-00002.safetensors]:  62%|██████▏   | 2.05G/3.28G [14:07<03:35, 6.16MB/s][A[A[A[A[A[A[A[A








Downloading [model-00002-of-00002.safetensors]:  62%|██████▏   | 2.05G/3.28G [14:07<03:14, 6.83MB/s][A[A[A[A[A[A[A[A







Downloading [model-00001-of-00002.safetensors]:  57%|█████▋    | 2.13G/3.71G [14:07<05:29, 5.15MB/s][A[A[A[A[A[A[A








Downloading [model-00002-of-00002.safetensors]:  62%|██████▏   | 2.05G/3.28G [14:07<03:11, 6.94MB/s][A[A[A[A[A[A[A[A








Downloading [model-00002-of-00002.safetensors]:  62%|██████▏   | 2.05G/3.28G [14:07<03:09, 6.99MB/s][A[A[A[A[A[A[A[A







Downloading [model-00001-of-00002.safetensors]:  57%|█████▋    | 2.13G/3.71G [14:07<05:32, 5.11MB/s][A[A[A[A[A[A[A








Downloading [model-00002-of-00002.safetensors]:  62%|██████▏   | 2.05G/3.28G [14:07<03:12, 6.88MB/s][A[A[A[A[A[A[A[A







Downloading [model-00001-of-00002.safetensors]:  57%|█████▋    | 2.13G/3.71G [14:07<05:26, 5.20MB/s][A[A[A[A[A[A[A








Downloading [model-00002-of-00002.safetensors]:  62%|██████▏   | 2.05G/3.28G [14:08<03:25, 6.43MB/s][A[A[A[A[A[A[A[A







Downloading [model-00001-of-00002.safetensors]:  57%|█████▋    | 2.13G/3.71G [14:08<05:02, 5.60MB/s][A[A[A[A[A[A[A







Downloading [model-00001-of-00002.safetensors]:  57%|█████▋    | 2.13G/3.71G [14:08<04:47, 5.89MB/s][A[A[A[A[A[A[A








Downloading [model-00002-of-00002.safetensors]:  62%|██████▏   | 2.05G/3.28G [14:08<03:40, 6.01MB/s][A[A[A[A[A[A[A[A








Downloading [model-00002-of-00002.safetensors]:  63%|██████▎   | 2.05G/3.28G [14:08<03:26, 6.39MB/s][A[A[A[A[A[A[A[A







Downloading [model-00001-of-00002.safetensors]:  57%|█████▋    | 2.13G/3.71G [14:08<05:17, 5.34MB/s][A[A[A[A[A[A[A








Downloading [model-00002-of-00002.safetensors]:  63%|██████▎   | 2.05G/3.28G [14:08<03:10, 6.95MB/s][A[A[A[A[A[A[A[A








Downloading [model-00002-of-00002.safetensors]:  63%|██████▎   | 2.06G/3.28G [14:08<02:54, 7.57MB/s][A[A[A[A[A[A[A[A








Downloading [model-00002-of-00002.safetensors]:  63%|██████▎   | 2.06G/3.28G [14:08<02:44, 8.02MB/s][A[A[A[A[A[A[A[A







Downloading [model-00001-of-00002.safetensors]:  58%|█████▊    | 2.13G/3.71G [14:08<06:53, 4.09MB/s][A[A[A[A[A[A[A








Downloading [model-00002-of-00002.safetensors]:  63%|██████▎   | 2.06G/3.28G [14:09<03:28, 6.33MB/s][A[A[A[A[A[A[A[A








Downloading [model-00002-of-00002.safetensors]:  63%|██████▎   | 2.06G/3.28G [14:09<05:17, 4.15MB/s][A[A[A[A[A[A[A[A







Downloading [model-00001-of-00002.safetensors]:  58%|█████▊    | 2.13G/3.71G [14:09<09:51, 2.86MB/s][A[A[A[A[A[A[A








Downloading [model-00002-of-00002.safetensors]:  63%|██████▎   | 2.06G/3.28G [14:09<05:56, 3.69MB/s][A[A[A[A[A[A[A[A







Downloading [model-00001-of-00002.safetensors]:  58%|█████▊    | 2.13G/3.71G [14:09<09:55, 2.84MB/s][A[A[A[A[A[A[A








Downloading [model-00002-of-00002.safetensors]:  63%|██████▎   | 2.06G/3.28G [14:10<06:13, 3.51MB/s][A[A[A[A[A[A[A[A








Downloading [model-00002-of-00002.safetensors]:  63%|██████▎   | 2.06G/3.28G [14:10<06:14, 3.51MB/s][A[A[A[A[A[A[A[A







Downloading [model-00001-of-00002.safetensors]:  58%|█████▊    | 2.14G/3.71G [14:10<11:44, 2.40MB/s][A[A[A[A[A[A[A







Downloading [model-00001-of-00002.safetensors]:  58%|█████▊    | 2.14G/3.71G [14:11<09:27, 2.97MB/s][A[A[A[A[A[A[A








Downloading [model-00002-of-00002.safetensors]:  63%|██████▎   | 2.06G/3.28G [14:11<07:57, 2.75MB/s][A[A[A[A[A[A[A[A







Downloading [model-00001-of-00002.safetensors]:  58%|█████▊    | 2.14G/3.71G [14:11<08:53, 3.16MB/s][A[A[A[A[A[A[A








Downloading [model-00002-of-00002.safetensors]:  63%|██████▎   | 2.06G/3.28G [14:11<07:29, 2.92MB/s][A[A[A[A[A[A[A[A







Downloading [model-00001-of-00002.safetensors]:  58%|█████▊    | 2.14G/3.71G [14:11<07:56, 3.54MB/s][A[A[A[A[A[A[A








Downloading [model-00002-of-00002.safetensors]:  63%|██████▎   | 2.06G/3.28G [14:11<06:29, 3.37MB/s][A[A[A[A[A[A[A[A







Downloading [model-00001-of-00002.safetensors]:  58%|█████▊    | 2.14G/3.71G [14:11<07:01, 4.00MB/s][A[A[A[A[A[A[A








Downloading [model-00002-of-00002.safetensors]:  63%|██████▎   | 2.07G/3.28G [14:11<05:59, 3.64MB/s][A[A[A[A[A[A[A[A







Downloading [model-00001-of-00002.safetensors]:  58%|█████▊    | 2.14G/3.71G [14:11<06:07, 4.58MB/s][A[A[A[A[A[A[A







Downloading [model-00001-of-00002.safetensors]:  58%|█████▊    | 2.14G/3.71G [14:11<05:43, 4.89MB/s][A[A[A[A[A[A[A








Downloading [model-00002-of-00002.safetensors]:  63%|██████▎   | 2.07G/3.28G [14:12<05:49, 3.75MB/s][A[A[A[A[A[A[A[A







Downloading [model-00001-of-00002.safetensors]:  58%|█████▊    | 2.14G/3.71G [14:12<05:10, 5.41MB/s][A[A[A[A[A[A[A







Downloading [model-00001-of-00002.safetensors]:  58%|█████▊    | 2.14G/3.71G [14:12<04:46, 5.87MB/s][A[A[A[A[A[A[A








Downloading [model-00002-of-00002.safetensors]:  63%|██████▎   | 2.07G/3.28G [14:12<05:21, 4.06MB/s][A[A[A[A[A[A[A[A







Downloading [model-00001-of-00002.safetensors]:  58%|█████▊    | 2.15G/3.71G [14:12<05:47, 4.83MB/s][A[A[A[A[A[A[A








Downloading [model-00002-of-00002.safetensors]:  63%|██████▎   | 2.07G/3.28G [14:12<06:46, 3.21MB/s][A[A[A[A[A[A[A[A







Downloading [model-00001-of-00002.safetensors]:  58%|█████▊    | 2.15G/3.71G [14:12<06:57, 4.02MB/s][A[A[A[A[A[A[A








Downloading [model-00002-of-00002.safetensors]:  63%|██████▎   | 2.07G/3.28G [14:13<05:09, 4.21MB/s][A[A[A[A[A[A[A[A







Downloading [model-00001-of-00002.safetensors]:  58%|█████▊    | 2.15G/3.71G [14:13<07:44, 3.61MB/s][A[A[A[A[A[A[A








Downloading [model-00002-of-00002.safetensors]:  63%|██████▎   | 2.07G/3.28G [14:13<05:23, 4.03MB/s][A[A[A[A[A[A[A[A







Downloading [model-00001-of-00002.safetensors]:  58%|█████▊    | 2.15G/3.71G [14:13<07:13, 3.86MB/s][A[A[A[A[A[A[A








Downloading [model-00002-of-00002.safetensors]:  63%|██████▎   | 2.07G/3.28G [14:13<05:01, 4.31MB/s][A[A[A[A[A[A[A[A







Downloading [model-00001-of-00002.safetensors]:  58%|█████▊    | 2.15G/3.71G [14:13<06:28, 4.31MB/s][A[A[A[A[A[A[A








Downloading [model-00002-of-00002.safetensors]:  63%|██████▎   | 2.07G/3.28G [14:13<04:34, 4.74MB/s][A[A[A[A[A[A[A[A







Downloading [model-00001-of-00002.safetensors]:  58%|█████▊    | 2.15G/3.71G [14:13<05:55, 4.70MB/s][A[A[A[A[A[A[A








Downloading [model-00002-of-00002.safetensors]:  63%|██████▎   | 2.07G/3.28G [14:13<04:17, 5.05MB/s][A[A[A[A[A[A[A[A








Downloading [model-00002-of-00002.safetensors]:  63%|██████▎   | 2.08G/3.28G [14:14<04:46, 4.53MB/s][A[A[A[A[A[A[A[A







Downloading [model-00001-of-00002.safetensors]:  58%|█████▊    | 2.15G/3.71G [14:14<06:47, 4.11MB/s][A[A[A[A[A[A[A








Downloading [model-00002-of-00002.safetensors]:  63%|██████▎   | 2.08G/3.28G [14:14<04:53, 4.42MB/s][A[A[A[A[A[A[A[A







Downloading [model-00001-of-00002.safetensors]:  58%|█████▊    | 2.15G/3.71G [14:14<07:17, 3.82MB/s][A[A[A[A[A[A[A








Downloading [model-00002-of-00002.safetensors]:  63%|██████▎   | 2.08G/3.28G [14:14<06:08, 3.52MB/s][A[A[A[A[A[A[A[A







Downloading [model-00001-of-00002.safetensors]:  58%|█████▊    | 2.15G/3.71G [14:14<08:36, 3.23MB/s][A[A[A[A[A[A[A








Downloading [model-00002-of-00002.safetensors]:  63%|██████▎   | 2.08G/3.28G [14:15<05:56, 3.63MB/s][A[A[A[A[A[A[A[A







Downloading [model-00001-of-00002.safetensors]:  58%|█████▊    | 2.15G/3.71G [14:15<08:09, 3.41MB/s][A[A[A[A[A[A[A








Downloading [model-00002-of-00002.safetensors]:  63%|██████▎   | 2.08G/3.28G [14:15<05:27, 3.96MB/s][A[A[A[A[A[A[A[A








Downloading [model-00002-of-00002.safetensors]:  63%|██████▎   | 2.08G/3.28G [14:15<04:47, 4.49MB/s][A[A[A[A[A[A[A[A







Downloading [model-00001-of-00002.safetensors]:  58%|█████▊    | 2.16G/3.71G [14:15<08:06, 3.43MB/s][A[A[A[A[A[A[A








Downloading [model-00002-of-00002.safetensors]:  63%|██████▎   | 2.08G/3.28G [14:15<04:11, 5.14MB/s][A[A[A[A[A[A[A[A







Downloading [model-00001-of-00002.safetensors]:  58%|█████▊    | 2.16G/3.71G [14:15<07:37, 3.65MB/s][A[A[A[A[A[A[A








Downloading [model-00002-of-00002.safetensors]:  63%|██████▎   | 2.08G/3.28G [14:15<03:55, 5.48MB/s][A[A[A[A[A[A[A[A








Downloading [model-00002-of-00002.safetensors]:  63%|██████▎   | 2.08G/3.28G [14:15<03:41, 5.83MB/s][A[A[A[A[A[A[A[A







Downloading [model-00001-of-00002.safetensors]:  58%|█████▊    | 2.16G/3.71G [14:15<06:57, 3.99MB/s][A[A[A[A[A[A[A








Downloading [model-00002-of-00002.safetensors]:  63%|██████▎   | 2.08G/3.28G [14:16<03:25, 6.27MB/s][A[A[A[A[A[A[A[A







Downloading [model-00001-of-00002.safetensors]:  58%|█████▊    | 2.16G/3.71G [14:16<06:29, 4.27MB/s][A[A[A[A[A[A[A








Downloading [model-00002-of-00002.safetensors]:  63%|██████▎   | 2.08G/3.28G [14:16<03:11, 6.74MB/s][A[A[A[A[A[A[A[A








Downloading [model-00002-of-00002.safetensors]:  64%|██████▎   | 2.09G/3.28G [14:16<03:29, 6.13MB/s][A[A[A[A[A[A[A[A








Downloading [model-00002-of-00002.safetensors]:  64%|██████▎   | 2.09G/3.28G [14:16<03:36, 5.95MB/s][A[A[A[A[A[A[A[A








Downloading [model-00002-of-00002.safetensors]:  64%|██████▎   | 2.09G/3.28G [14:16<04:02, 5.30MB/s][A[A[A[A[A[A[A[A







Downloading [model-00001-of-00002.safetensors]:  58%|█████▊    | 2.16G/3.71G [14:16<10:17, 2.69MB/s][A[A[A[A[A[A[A







Downloading [model-00001-of-00002.safetensors]:  58%|█████▊    | 2.16G/3.71G [14:17<06:38, 4.17MB/s][A[A[A[A[A[A[A








Downloading [model-00002-of-00002.safetensors]:  64%|██████▎   | 2.09G/3.28G [14:17<04:32, 4.72MB/s][A[A[A[A[A[A[A[A







Downloading [model-00001-of-00002.safetensors]:  58%|█████▊    | 2.16G/3.71G [14:17<06:20, 4.37MB/s][A[A[A[A[A[A[A








Downloading [model-00002-of-00002.safetensors]:  64%|██████▎   | 2.09G/3.28G [14:17<04:44, 4.50MB/s][A[A[A[A[A[A[A[A







Downloading [model-00001-of-00002.safetensors]:  58%|█████▊    | 2.16G/3.71G [14:17<06:32, 4.23MB/s][A[A[A[A[A[A[A








Downloading [model-00002-of-00002.safetensors]:  64%|██████▎   | 2.09G/3.28G [14:17<04:35, 4.65MB/s][A[A[A[A[A[A[A[A








Downloading [model-00002-of-00002.safetensors]:  64%|██████▎   | 2.09G/3.28G [14:17<04:42, 4.53MB/s][A[A[A[A[A[A[A[A







Downloading [model-00001-of-00002.safetensors]:  58%|█████▊    | 2.16G/3.71G [14:17<07:24, 3.73MB/s][A[A[A[A[A[A[A








Downloading [model-00002-of-00002.safetensors]:  64%|██████▎   | 2.09G/3.28G [14:18<05:35, 3.81MB/s][A[A[A[A[A[A[A[A







Downloading [model-00001-of-00002.safetensors]:  58%|█████▊    | 2.17G/3.71G [14:18<08:15, 3.35MB/s][A[A[A[A[A[A[A








Downloading [model-00002-of-00002.safetensors]:  64%|██████▎   | 2.09G/3.28G [14:19<08:40, 2.46MB/s][A[A[A[A[A[A[A[A







Downloading [model-00001-of-00002.safetensors]:  58%|█████▊    | 2.17G/3.71G [14:19<11:56, 2.31MB/s][A[A[A[A[A[A[A








Downloading [model-00002-of-00002.safetensors]:  64%|██████▍   | 2.09G/3.28G [14:19<09:30, 2.24MB/s][A[A[A[A[A[A[A[A







Downloading [model-00001-of-00002.safetensors]:  58%|█████▊    | 2.17G/3.71G [14:19<12:16, 2.25MB/s][A[A[A[A[A[A[A








Downloading [model-00002-of-00002.safetensors]:  64%|██████▍   | 2.10G/3.28G [14:19<08:34, 2.48MB/s][A[A[A[A[A[A[A[A







Downloading [model-00001-of-00002.safetensors]:  58%|█████▊    | 2.17G/3.71G [14:19<10:44, 2.57MB/s][A[A[A[A[A[A[A







Downloading [model-00001-of-00002.safetensors]:  58%|█████▊    | 2.17G/3.71G [14:20<09:00, 3.06MB/s][A[A[A[A[A[A[A








Downloading [model-00002-of-00002.safetensors]:  64%|██████▍   | 2.10G/3.28G [14:20<07:15, 2.93MB/s][A[A[A[A[A[A[A[A







Downloading [model-00001-of-00002.safetensors]:  59%|█████▊    | 2.17G/3.71G [14:20<07:37, 3.61MB/s][A[A[A[A[A[A[A








Downloading [model-00002-of-00002.safetensors]:  64%|██████▍   | 2.10G/3.28G [14:20<06:11, 3.43MB/s][A[A[A[A[A[A[A[A








Downloading [model-00002-of-00002.safetensors]:  64%|██████▍   | 2.10G/3.28G [14:20<05:10, 4.10MB/s][A[A[A[A[A[A[A[A







Downloading [model-00001-of-00002.safetensors]:  59%|█████▊    | 2.17G/3.71G [14:20<06:47, 4.05MB/s][A[A[A[A[A[A[A








Downloading [model-00002-of-00002.safetensors]:  64%|██████▍   | 2.10G/3.28G [14:20<04:28, 4.73MB/s][A[A[A[A[A[A[A[A







Downloading [model-00001-of-00002.safetensors]:  59%|█████▊    | 2.17G/3.71G [14:20<06:12, 4.43MB/s][A[A[A[A[A[A[A








Downloading [model-00002-of-00002.safetensors]:  64%|██████▍   | 2.10G/3.28G [14:20<04:40, 4.53MB/s][A[A[A[A[A[A[A[A







Downloading [model-00001-of-00002.safetensors]:  59%|█████▊    | 2.17G/3.71G [14:20<06:25, 4.28MB/s][A[A[A[A[A[A[A







Downloading [model-00001-of-00002.safetensors]:  59%|█████▊    | 2.17G/3.71G [14:21<06:33, 4.19MB/s][A[A[A[A[A[A[A








Downloading [model-00002-of-00002.safetensors]:  64%|██████▍   | 2.10G/3.28G [14:21<05:21, 3.95MB/s][A[A[A[A[A[A[A[A








Downloading [model-00002-of-00002.safetensors]:  64%|██████▍   | 2.10G/3.28G [14:21<06:42, 3.15MB/s][A[A[A[A[A[A[A[A







Downloading [model-00001-of-00002.safetensors]:  59%|█████▊    | 2.17G/3.71G [14:21<08:38, 3.18MB/s][A[A[A[A[A[A[A







Downloading [model-00001-of-00002.safetensors]:  59%|█████▊    | 2.18G/3.71G [14:21<07:59, 3.43MB/s][A[A[A[A[A[A[A








Downloading [model-00002-of-00002.safetensors]:  64%|██████▍   | 2.10G/3.28G [14:22<07:26, 2.84MB/s][A[A[A[A[A[A[A[A







Downloading [model-00001-of-00002.safetensors]:  59%|█████▊    | 2.18G/3.71G [14:22<08:31, 3.22MB/s][A[A[A[A[A[A[A








Downloading [model-00002-of-00002.safetensors]:  64%|██████▍   | 2.10G/3.28G [14:22<07:12, 2.93MB/s][A[A[A[A[A[A[A[A







Downloading [model-00001-of-00002.safetensors]:  59%|█████▊    | 2.18G/3.71G [14:22<09:04, 3.02MB/s][A[A[A[A[A[A[A







Downloading [model-00001-of-00002.safetensors]:  59%|█████▊    | 2.18G/3.71G [14:23<11:22, 2.41MB/s][A[A[A[A[A[A[A








Downloading [model-00002-of-00002.safetensors]:  64%|██████▍   | 2.11G/3.28G [14:23<10:56, 1.93MB/s][A[A[A[A[A[A[A[A








Downloading [model-00002-of-00002.safetensors]:  64%|██████▍   | 2.11G/3.28G [14:23<08:56, 2.36MB/s][A[A[A[A[A[A[A[A







Downloading [model-00001-of-00002.safetensors]:  59%|█████▉    | 2.18G/3.71G [14:23<11:12, 2.44MB/s][A[A[A[A[A[A[A








Downloading [model-00002-of-00002.safetensors]:  64%|██████▍   | 2.11G/3.28G [14:23<08:01, 2.62MB/s][A[A[A[A[A[A[A[A







Downloading [model-00001-of-00002.safetensors]:  59%|█████▉    | 2.18G/3.71G [14:24<10:47, 2.54MB/s][A[A[A[A[A[A[A








Downloading [model-00002-of-00002.safetensors]:  64%|██████▍   | 2.11G/3.28G [14:24<06:54, 3.05MB/s][A[A[A[A[A[A[A[A








Downloading [model-00002-of-00002.safetensors]:  64%|██████▍   | 2.11G/3.28G [14:24<05:54, 3.56MB/s][A[A[A[A[A[A[A[A







Downloading [model-00001-of-00002.safetensors]:  59%|█████▉    | 2.18G/3.71G [14:24<09:17, 2.94MB/s][A[A[A[A[A[A[A








Downloading [model-00002-of-00002.safetensors]:  64%|██████▍   | 2.11G/3.28G [14:24<05:59, 3.51MB/s][A[A[A[A[A[A[A[A







Downloading [model-00001-of-00002.safetensors]:  59%|█████▉    | 2.18G/3.71G [14:24<09:48, 2.78MB/s][A[A[A[A[A[A[A








Downloading [model-00002-of-00002.safetensors]:  64%|██████▍   | 2.11G/3.28G [14:24<06:12, 3.38MB/s][A[A[A[A[A[A[A[A







Downloading [model-00001-of-00002.safetensors]:  59%|█████▉    | 2.18G/3.71G [14:25<09:00, 3.03MB/s][A[A[A[A[A[A[A








Downloading [model-00002-of-00002.safetensors]:  64%|██████▍   | 2.11G/3.28G [14:25<05:58, 3.51MB/s][A[A[A[A[A[A[A[A







Downloading [model-00001-of-00002.safetensors]:  59%|█████▉    | 2.18G/3.71G [14:25<08:04, 3.38MB/s][A[A[A[A[A[A[A







Downloading [model-00001-of-00002.safetensors]:  59%|█████▉    | 2.19G/3.71G [14:25<07:26, 3.67MB/s][A[A[A[A[A[A[A








Downloading [model-00002-of-00002.safetensors]:  64%|██████▍   | 2.11G/3.28G [14:25<05:45, 3.64MB/s][A[A[A[A[A[A[A[A







Downloading [model-00001-of-00002.safetensors]:  59%|█████▉    | 2.19G/3.71G [14:25<07:35, 3.59MB/s][A[A[A[A[A[A[A







Downloading [model-00001-of-00002.safetensors]:  59%|█████▉    | 2.19G/3.71G [14:26<07:06, 3.83MB/s][A[A[A[A[A[A[A








Downloading [model-00002-of-00002.safetensors]:  64%|██████▍   | 2.11G/3.28G [14:26<07:37, 2.75MB/s][A[A[A[A[A[A[A[A







Downloading [model-00001-of-00002.safetensors]:  59%|█████▉    | 2.19G/3.71G [14:26<06:52, 3.96MB/s][A[A[A[A[A[A[A








Downloading [model-00002-of-00002.safetensors]:  64%|██████▍   | 2.12G/3.28G [14:26<05:24, 3.86MB/s][A[A[A[A[A[A[A[A







Downloading [model-00001-of-00002.safetensors]:  59%|█████▉    | 2.19G/3.71G [14:26<06:14, 4.36MB/s][A[A[A[A[A[A[A








Downloading [model-00002-of-00002.safetensors]:  64%|██████▍   | 2.12G/3.28G [14:26<05:16, 3.96MB/s][A[A[A[A[A[A[A[A







Downloading [model-00001-of-00002.safetensors]:  59%|█████▉    | 2.19G/3.71G [14:26<05:49, 4.66MB/s][A[A[A[A[A[A[A







Downloading [model-00001-of-00002.safetensors]:  59%|█████▉    | 2.19G/3.71G [14:26<06:27, 4.21MB/s][A[A[A[A[A[A[A








Downloading [model-00002-of-00002.safetensors]:  64%|██████▍   | 2.12G/3.28G [14:27<06:16, 3.33MB/s][A[A[A[A[A[A[A[A







Downloading [model-00001-of-00002.safetensors]:  59%|█████▉    | 2.19G/3.71G [14:27<06:19, 4.29MB/s][A[A[A[A[A[A[A








Downloading [model-00002-of-00002.safetensors]:  65%|██████▍   | 2.12G/3.28G [14:27<05:57, 3.50MB/s][A[A[A[A[A[A[A[A







Downloading [model-00001-of-00002.safetensors]:  59%|█████▉    | 2.19G/3.71G [14:27<05:48, 4.67MB/s][A[A[A[A[A[A[A







Downloading [model-00001-of-00002.safetensors]:  59%|█████▉    | 2.19G/3.71G [14:27<05:31, 4.91MB/s][A[A[A[A[A[A[A








Downloading [model-00002-of-00002.safetensors]:  65%|██████▍   | 2.12G/3.28G [14:27<05:46, 3.61MB/s][A[A[A[A[A[A[A[A







Downloading [model-00001-of-00002.safetensors]:  59%|█████▉    | 2.20G/3.71G [14:28<08:35, 3.16MB/s][A[A[A[A[A[A[A








Downloading [model-00002-of-00002.safetensors]:  65%|██████▍   | 2.12G/3.28G [14:28<07:28, 2.79MB/s][A[A[A[A[A[A[A[A







Downloading [model-00001-of-00002.safetensors]:  59%|█████▉    | 2.20G/3.71G [14:28<08:40, 3.12MB/s][A[A[A[A[A[A[A








Downloading [model-00002-of-00002.safetensors]:  65%|██████▍   | 2.12G/3.28G [14:28<07:19, 2.84MB/s][A[A[A[A[A[A[A[A







Downloading [model-00001-of-00002.safetensors]:  59%|█████▉    | 2.20G/3.71G [14:28<08:15, 3.27MB/s][A[A[A[A[A[A[A








Downloading [model-00002-of-00002.safetensors]:  65%|██████▍   | 2.12G/3.28G [14:28<06:47, 3.06MB/s][A[A[A[A[A[A[A[A








Downloading [model-00002-of-00002.safetensors]:  65%|██████▍   | 2.12G/3.28G [14:29<06:01, 3.44MB/s][A[A[A[A[A[A[A[A







Downloading [model-00001-of-00002.safetensors]:  59%|█████▉    | 2.20G/3.71G [14:29<07:50, 3.45MB/s][A[A[A[A[A[A[A








Downloading [model-00002-of-00002.safetensors]:  65%|██████▍   | 2.12G/3.28G [14:29<05:13, 3.97MB/s][A[A[A[A[A[A[A[A







Downloading [model-00001-of-00002.safetensors]:  59%|█████▉    | 2.20G/3.71G [14:29<06:54, 3.91MB/s][A[A[A[A[A[A[A








Downloading [model-00002-of-00002.safetensors]:  65%|██████▍   | 2.13G/3.28G [14:29<04:31, 4.59MB/s][A[A[A[A[A[A[A[A







Downloading [model-00001-of-00002.safetensors]:  59%|█████▉    | 2.20G/3.71G [14:29<06:01, 4.48MB/s][A[A[A[A[A[A[A








Downloading [model-00002-of-00002.safetensors]:  65%|██████▍   | 2.13G/3.28G [14:29<03:52, 5.34MB/s][A[A[A[A[A[A[A[A







Downloading [model-00001-of-00002.safetensors]:  59%|█████▉    | 2.20G/3.71G [14:29<05:16, 5.12MB/s][A[A[A[A[A[A[A








Downloading [model-00002-of-00002.safetensors]:  65%|██████▍   | 2.13G/3.28G [14:29<03:38, 5.68MB/s][A[A[A[A[A[A[A[A







Downloading [model-00001-of-00002.safetensors]:  59%|█████▉    | 2.20G/3.71G [14:29<04:39, 5.78MB/s][A[A[A[A[A[A[A








Downloading [model-00002-of-00002.safetensors]:  65%|██████▍   | 2.13G/3.28G [14:29<04:04, 5.08MB/s][A[A[A[A[A[A[A[A








Downloading [model-00002-of-00002.safetensors]:  65%|██████▍   | 2.13G/3.28G [14:30<05:32, 3.72MB/s][A[A[A[A[A[A[A[A








Downloading [model-00002-of-00002.safetensors]:  65%|██████▍   | 2.13G/3.28G [14:30<06:18, 3.27MB/s][A[A[A[A[A[A[A[A








Downloading [model-00002-of-00002.safetensors]:  65%|██████▍   | 2.13G/3.28G [14:31<07:32, 2.73MB/s][A[A[A[A[A[A[A[A








Downloading [model-00002-of-00002.safetensors]:  65%|██████▍   | 2.13G/3.28G [14:31<07:50, 2.63MB/s][A[A[A[A[A[A[A[A








Downloading [model-00002-of-00002.safetensors]:  65%|██████▍   | 2.13G/3.28G [14:32<08:36, 2.39MB/s][A[A[A[A[A[A[A[A








Downloading [model-00002-of-00002.safetensors]:  65%|██████▍   | 2.13G/3.28G [14:32<08:13, 2.50MB/s][A[A[A[A[A[A[A[A








Downloading [model-00002-of-00002.safetensors]:  65%|██████▌   | 2.14G/3.28G [14:33<08:24, 2.45MB/s][A[A[A[A[A[A[A[A








Downloading [model-00002-of-00002.safetensors]:  65%|██████▌   | 2.14G/3.28G [14:33<07:55, 2.59MB/s][A[A[A[A[A[A[A[A








Downloading [model-00002-of-00002.safetensors]:  65%|██████▌   | 2.14G/3.28G [14:33<07:18, 2.80MB/s][A[A[A[A[A[A[A[A








Downloading [model-00002-of-00002.safetensors]:  65%|██████▌   | 2.14G/3.28G [14:33<06:20, 3.23MB/s][A[A[A[A[A[A[A[A








Downloading [model-00002-of-00002.safetensors]:  65%|██████▌   | 2.14G/3.28G [14:34<05:25, 3.78MB/s][A[A[A[A[A[A[A[A








Downloading [model-00002-of-00002.safetensors]:  65%|██████▌   | 2.14G/3.28G [14:34<04:39, 4.40MB/s][A[A[A[A[A[A[A[A








Downloading [model-00002-of-00002.safetensors]:  65%|██████▌   | 2.14G/3.28G [14:34<05:15, 3.89MB/s][A[A[A[A[A[A[A[A








Downloading [model-00002-of-00002.safetensors]:  65%|██████▌   | 2.14G/3.28G [14:35<04:43, 4.32MB/s][A[A[A[A[A[A[A[A








Downloading [model-00002-of-00002.safetensors]:  65%|██████▌   | 2.14G/3.28G [14:36<10:56, 1.87MB/s][A[A[A[A[A[A[A[A







Downloading [model-00001-of-00002.safetensors]:  59%|█████▉    | 2.20G/3.71G [14:36<59:34, 452kB/s] [A[A[A[A[A[A[A








Downloading [model-00002-of-00002.safetensors]:  65%|██████▌   | 2.15G/3.28G [14:37<11:22, 1.79MB/s][A[A[A[A[A[A[A[A







Downloading [model-00001-of-00002.safetensors]:  59%|█████▉    | 2.20G/3.71G [14:37<43:39, 617kB/s][A[A[A[A[A[A[A








Downloading [model-00002-of-00002.safetensors]:  65%|██████▌   | 2.15G/3.28G [14:37<11:03, 1.84MB/s][A[A[A[A[A[A[A[A







Downloading [model-00001-of-00002.safetensors]:  59%|█████▉    | 2.21G/3.71G [14:37<34:51, 772kB/s][A[A[A[A[A[A[A








Downloading [model-00002-of-00002.safetensors]:  65%|██████▌   | 2.15G/3.28G [14:37<08:36, 2.36MB/s][A[A[A[A[A[A[A[A







Downloading [model-00001-of-00002.safetensors]:  59%|█████▉    | 2.21G/3.71G [14:38<26:48, 1.00MB/s][A[A[A[A[A[A[A








Downloading [model-00002-of-00002.safetensors]:  65%|██████▌   | 2.15G/3.28G [14:38<07:39, 2.65MB/s][A[A[A[A[A[A[A[A








Downloading [model-00002-of-00002.safetensors]:  65%|██████▌   | 2.15G/3.28G [14:38<06:36, 3.07MB/s][A[A[A[A[A[A[A[A







Downloading [model-00001-of-00002.safetensors]:  60%|█████▉    | 2.21G/3.71G [14:38<21:34, 1.25MB/s][A[A[A[A[A[A[A








Downloading [model-00002-of-00002.safetensors]:  65%|██████▌   | 2.15G/3.28G [14:38<05:35, 3.63MB/s][A[A[A[A[A[A[A[A








Downloading [model-00002-of-00002.safetensors]:  66%|██████▌   | 2.15G/3.28G [14:38<04:42, 4.30MB/s][A[A[A[A[A[A[A[A







Downloading [model-00001-of-00002.safetensors]:  60%|█████▉    | 2.21G/3.71G [14:38<16:39, 1.61MB/s][A[A[A[A[A[A[A







Downloading [model-00001-of-00002.safetensors]:  60%|█████▉    | 2.21G/3.71G [14:38<13:39, 1.97MB/s][A[A[A[A[A[A[A








Downloading [model-00002-of-00002.safetensors]:  66%|██████▌   | 2.15G/3.28G [14:39<05:52, 3.45MB/s][A[A[A[A[A[A[A[A







Downloading [model-00001-of-00002.safetensors]:  60%|█████▉    | 2.21G/3.71G [14:39<12:40, 2.12MB/s][A[A[A[A[A[A[A








Downloading [model-00002-of-00002.safetensors]:  66%|██████▌   | 2.15G/3.28G [14:39<04:17, 4.72MB/s][A[A[A[A[A[A[A[A








Downloading [model-00002-of-00002.safetensors]:  66%|██████▌   | 2.16G/3.28G [14:39<04:16, 4.73MB/s][A[A[A[A[A[A[A[A







Downloading [model-00001-of-00002.safetensors]:  60%|█████▉    | 2.21G/3.71G [14:39<10:58, 2.44MB/s][A[A[A[A[A[A[A








Downloading [model-00002-of-00002.safetensors]:  66%|██████▌   | 2.16G/3.28G [14:39<04:29, 4.50MB/s][A[A[A[A[A[A[A[A







Downloading [model-00001-of-00002.safetensors]:  60%|█████▉    | 2.21G/3.71G [14:40<10:46, 2.48MB/s][A[A[A[A[A[A[A








Downloading [model-00002-of-00002.safetensors]:  66%|██████▌   | 2.16G/3.28G [14:40<05:06, 3.95MB/s][A[A[A[A[A[A[A[A







Downloading [model-00001-of-00002.safetensors]:  60%|█████▉    | 2.21G/3.71G [14:40<09:53, 2.71MB/s][A[A[A[A[A[A[A








Downloading [model-00002-of-00002.safetensors]:  66%|██████▌   | 2.16G/3.28G [14:40<04:58, 4.05MB/s][A[A[A[A[A[A[A[A








Downloading [model-00002-of-00002.safetensors]:  66%|██████▌   | 2.16G/3.28G [14:40<04:30, 4.47MB/s][A[A[A[A[A[A[A[A







Downloading [model-00001-of-00002.safetensors]:  60%|█████▉    | 2.21G/3.71G [14:40<09:37, 2.78MB/s][A[A[A[A[A[A[A








Downloading [model-00002-of-00002.safetensors]:  66%|██████▌   | 2.16G/3.28G [14:40<04:01, 5.01MB/s][A[A[A[A[A[A[A[A








Downloading [model-00002-of-00002.safetensors]:  66%|██████▌   | 2.16G/3.28G [14:40<03:50, 5.23MB/s][A[A[A[A[A[A[A[A







Downloading [model-00001-of-00002.safetensors]:  60%|█████▉    | 2.21G/3.71G [14:40<08:48, 3.04MB/s][A[A[A[A[A[A[A








Downloading [model-00002-of-00002.safetensors]:  66%|██████▌   | 2.16G/3.28G [14:41<04:17, 4.68MB/s][A[A[A[A[A[A[A[A







Downloading [model-00001-of-00002.safetensors]:  60%|█████▉    | 2.22G/3.71G [14:41<08:25, 3.17MB/s][A[A[A[A[A[A[A







Downloading [model-00001-of-00002.safetensors]:  60%|█████▉    | 2.22G/3.71G [14:41<08:22, 3.19MB/s][A[A[A[A[A[A[A








Downloading [model-00002-of-00002.safetensors]:  66%|██████▌   | 2.16G/3.28G [14:41<05:07, 3.91MB/s][A[A[A[A[A[A[A[A







Downloading [model-00001-of-00002.safetensors]:  60%|█████▉    | 2.22G/3.71G [14:41<08:53, 3.00MB/s][A[A[A[A[A[A[A








Downloading [model-00002-of-00002.safetensors]:  66%|██████▌   | 2.16G/3.28G [14:42<06:26, 3.11MB/s][A[A[A[A[A[A[A[A







Downloading [model-00001-of-00002.safetensors]:  60%|█████▉    | 2.22G/3.71G [14:42<08:16, 3.22MB/s][A[A[A[A[A[A[A








Downloading [model-00002-of-00002.safetensors]:  66%|██████▌   | 2.17G/3.28G [14:42<06:03, 3.30MB/s][A[A[A[A[A[A[A[A







Downloading [model-00001-of-00002.safetensors]:  60%|█████▉    | 2.22G/3.71G [14:42<07:19, 3.64MB/s][A[A[A[A[A[A[A








Downloading [model-00002-of-00002.safetensors]:  66%|██████▌   | 2.17G/3.28G [14:42<05:21, 3.73MB/s][A[A[A[A[A[A[A[A







Downloading [model-00001-of-00002.safetensors]:  60%|█████▉    | 2.22G/3.71G [14:42<06:17, 4.23MB/s][A[A[A[A[A[A[A








Downloading [model-00002-of-00002.safetensors]:  66%|██████▌   | 2.17G/3.28G [14:42<06:00, 3.32MB/s][A[A[A[A[A[A[A[A







Downloading [model-00001-of-00002.safetensors]:  60%|█████▉    | 2.22G/3.71G [14:43<08:47, 3.03MB/s][A[A[A[A[A[A[A








Downloading [model-00002-of-00002.safetensors]:  66%|██████▌   | 2.17G/3.28G [14:43<08:00, 2.50MB/s][A[A[A[A[A[A[A[A







Downloading [model-00001-of-00002.safetensors]:  60%|█████▉    | 2.22G/3.71G [14:43<11:01, 2.41MB/s][A[A[A[A[A[A[A








Downloading [model-00002-of-00002.safetensors]:  66%|██████▌   | 2.17G/3.28G [14:44<08:02, 2.48MB/s][A[A[A[A[A[A[A[A







Downloading [model-00001-of-00002.safetensors]:  60%|█████▉    | 2.22G/3.71G [14:44<10:57, 2.43MB/s][A[A[A[A[A[A[A








Downloading [model-00002-of-00002.safetensors]:  66%|██████▌   | 2.17G/3.28G [14:44<07:22, 2.71MB/s][A[A[A[A[A[A[A[A







Downloading [model-00001-of-00002.safetensors]:  60%|█████▉    | 2.22G/3.71G [14:44<09:20, 2.84MB/s][A[A[A[A[A[A[A








Downloading [model-00002-of-00002.safetensors]:  66%|██████▌   | 2.17G/3.28G [14:44<06:53, 2.89MB/s][A[A[A[A[A[A[A[A







Downloading [model-00001-of-00002.safetensors]:  60%|██████    | 2.23G/3.71G [14:44<09:26, 2.81MB/s][A[A[A[A[A[A[A








Downloading [model-00002-of-00002.safetensors]:  66%|██████▌   | 2.17G/3.28G [14:44<06:20, 3.14MB/s][A[A[A[A[A[A[A[A







Downloading [model-00001-of-00002.safetensors]:  60%|██████    | 2.23G/3.71G [14:45<09:01, 2.94MB/s][A[A[A[A[A[A[A








Downloading [model-00002-of-00002.safetensors]:  66%|██████▌   | 2.17G/3.28G [14:45<05:54, 3.37MB/s][A[A[A[A[A[A[A[A








Downloading [model-00002-of-00002.safetensors]:  66%|██████▌   | 2.17G/3.28G [14:45<05:08, 3.86MB/s][A[A[A[A[A[A[A[A







Downloading [model-00001-of-00002.safetensors]:  60%|██████    | 2.23G/3.71G [14:45<07:49, 3.39MB/s][A[A[A[A[A[A[A








Downloading [model-00002-of-00002.safetensors]:  66%|██████▌   | 2.17G/3.28G [14:45<05:14, 3.79MB/s][A[A[A[A[A[A[A[A







Downloading [model-00001-of-00002.safetensors]:  60%|██████    | 2.23G/3.71G [14:45<07:34, 3.50MB/s][A[A[A[A[A[A[A







Downloading [model-00001-of-00002.safetensors]:  60%|██████    | 2.23G/3.71G [14:45<07:05, 3.74MB/s][A[A[A[A[A[A[A








Downloading [model-00002-of-00002.safetensors]:  66%|██████▌   | 2.18G/3.28G [14:45<05:18, 3.74MB/s][A[A[A[A[A[A[A[A







Downloading [model-00001-of-00002.safetensors]:  60%|██████    | 2.23G/3.71G [14:46<06:15, 4.23MB/s][A[A[A[A[A[A[A








Downloading [model-00002-of-00002.safetensors]:  66%|██████▋   | 2.18G/3.28G [14:46<04:49, 4.11MB/s][A[A[A[A[A[A[A[A







Downloading [model-00001-of-00002.safetensors]:  60%|██████    | 2.23G/3.71G [14:46<05:50, 4.53MB/s][A[A[A[A[A[A[A








Downloading [model-00002-of-00002.safetensors]:  66%|██████▋   | 2.18G/3.28G [14:46<06:20, 3.12MB/s][A[A[A[A[A[A[A[A







Downloading [model-00001-of-00002.safetensors]:  60%|██████    | 2.23G/3.71G [14:46<07:56, 3.33MB/s][A[A[A[A[A[A[A








Downloading [model-00002-of-00002.safetensors]:  66%|██████▋   | 2.18G/3.28G [14:46<06:26, 3.07MB/s][A[A[A[A[A[A[A[A







Downloading [model-00001-of-00002.safetensors]:  60%|██████    | 2.23G/3.71G [14:47<07:48, 3.38MB/s][A[A[A[A[A[A[A







Downloading [model-00001-of-00002.safetensors]:  60%|██████    | 2.23G/3.71G [14:47<10:33, 2.50MB/s][A[A[A[A[A[A[A








Downloading [model-00002-of-00002.safetensors]:  66%|██████▋   | 2.18G/3.28G [14:47<08:47, 2.25MB/s][A[A[A[A[A[A[A[A







Downloading [model-00001-of-00002.safetensors]:  60%|██████    | 2.24G/3.71G [14:48<12:32, 2.10MB/s][A[A[A[A[A[A[A








Downloading [model-00002-of-00002.safetensors]:  66%|██████▋   | 2.18G/3.28G [14:48<10:36, 1.86MB/s][A[A[A[A[A[A[A[A







Downloading [model-00001-of-00002.safetensors]:  60%|██████    | 2.24G/3.71G [14:48<12:23, 2.13MB/s][A[A[A[A[A[A[A








Downloading [model-00002-of-00002.safetensors]:  66%|██████▋   | 2.18G/3.28G [14:48<09:33, 2.07MB/s][A[A[A[A[A[A[A[A








Downloading [model-00002-of-00002.safetensors]:  66%|██████▋   | 2.18G/3.28G [14:49<08:32, 2.31MB/s][A[A[A[A[A[A[A[A







Downloading [model-00001-of-00002.safetensors]:  60%|██████    | 2.24G/3.71G [14:49<11:35, 2.27MB/s][A[A[A[A[A[A[A








Downloading [model-00002-of-00002.safetensors]:  66%|██████▋   | 2.18G/3.28G [14:49<07:15, 2.72MB/s][A[A[A[A[A[A[A[A








Downloading [model-00002-of-00002.safetensors]:  67%|██████▋   | 2.18G/3.28G [14:49<06:52, 2.86MB/s][A[A[A[A[A[A[A[A







Downloading [model-00001-of-00002.safetensors]:  60%|██████    | 2.24G/3.71G [14:49<12:14, 2.15MB/s][A[A[A[A[A[A[A








Downloading [model-00002-of-00002.safetensors]:  67%|██████▋   | 2.19G/3.28G [14:50<06:00, 3.27MB/s][A[A[A[A[A[A[A[A







Downloading [model-00001-of-00002.safetensors]:  60%|██████    | 2.24G/3.71G [14:50<08:00, 3.28MB/s][A[A[A[A[A[A[A








Downloading [model-00002-of-00002.safetensors]:  67%|██████▋   | 2.19G/3.28G [14:50<05:09, 3.81MB/s][A[A[A[A[A[A[A[A







Downloading [model-00001-of-00002.safetensors]:  60%|██████    | 2.24G/3.71G [14:50<08:09, 3.22MB/s][A[A[A[A[A[A[A







Downloading [model-00001-of-00002.safetensors]:  60%|██████    | 2.24G/3.71G [14:50<07:04, 3.71MB/s][A[A[A[A[A[A[A








Downloading [model-00002-of-00002.safetensors]:  67%|██████▋   | 2.19G/3.28G [14:50<06:07, 3.20MB/s][A[A[A[A[A[A[A[A








Downloading [model-00002-of-00002.safetensors]:  67%|██████▋   | 2.19G/3.28G [14:50<04:57, 3.95MB/s][A[A[A[A[A[A[A[A







Downloading [model-00001-of-00002.safetensors]:  60%|██████    | 2.24G/3.71G [14:50<06:53, 3.80MB/s][A[A[A[A[A[A[A








Downloading [model-00002-of-00002.safetensors]:  67%|██████▋   | 2.19G/3.28G [14:51<05:29, 3.57MB/s][A[A[A[A[A[A[A[A







Downloading [model-00001-of-00002.safetensors]:  61%|██████    | 2.24G/3.71G [14:51<07:45, 3.38MB/s][A[A[A[A[A[A[A








Downloading [model-00002-of-00002.safetensors]:  67%|██████▋   | 2.19G/3.28G [14:51<05:33, 3.52MB/s][A[A[A[A[A[A[A[A







Downloading [model-00001-of-00002.safetensors]:  61%|██████    | 2.25G/3.71G [14:51<07:19, 3.58MB/s][A[A[A[A[A[A[A








Downloading [model-00002-of-00002.safetensors]:  67%|██████▋   | 2.19G/3.28G [14:51<05:04, 3.86MB/s][A[A[A[A[A[A[A[A







Downloading [model-00001-of-00002.safetensors]:  61%|██████    | 2.25G/3.71G [14:51<06:39, 3.93MB/s][A[A[A[A[A[A[A








Downloading [model-00002-of-00002.safetensors]:  67%|██████▋   | 2.19G/3.28G [14:51<04:31, 4.33MB/s][A[A[A[A[A[A[A[A







Downloading [model-00001-of-00002.safetensors]:  61%|██████    | 2.25G/3.71G [14:51<05:59, 4.37MB/s][A[A[A[A[A[A[A








Downloading [model-00002-of-00002.safetensors]:  67%|██████▋   | 2.19G/3.28G [14:51<04:10, 4.68MB/s][A[A[A[A[A[A[A[A







Downloading [model-00001-of-00002.safetensors]:  61%|██████    | 2.25G/3.71G [14:52<05:59, 4.37MB/s][A[A[A[A[A[A[A








Downloading [model-00002-of-00002.safetensors]:  67%|██████▋   | 2.19G/3.28G [14:52<04:18, 4.52MB/s][A[A[A[A[A[A[A[A







Downloading [model-00001-of-00002.safetensors]:  61%|██████    | 2.25G/3.71G [14:52<06:11, 4.22MB/s][A[A[A[A[A[A[A








Downloading [model-00002-of-00002.safetensors]:  67%|██████▋   | 2.20G/3.28G [14:52<04:02, 4.82MB/s][A[A[A[A[A[A[A[A







Downloading [model-00001-of-00002.safetensors]:  61%|██████    | 2.25G/3.71G [14:52<06:41, 3.90MB/s][A[A[A[A[A[A[A








Downloading [model-00002-of-00002.safetensors]:  67%|██████▋   | 2.20G/3.28G [14:52<04:35, 4.24MB/s][A[A[A[A[A[A[A[A







Downloading [model-00001-of-00002.safetensors]:  61%|██████    | 2.25G/3.71G [14:52<07:00, 3.72MB/s][A[A[A[A[A[A[A








Downloading [model-00002-of-00002.safetensors]:  67%|██████▋   | 2.20G/3.28G [14:53<05:51, 3.32MB/s][A[A[A[A[A[A[A[A







Downloading [model-00001-of-00002.safetensors]:  61%|██████    | 2.25G/3.71G [14:53<07:20, 3.55MB/s][A[A[A[A[A[A[A








Downloading [model-00002-of-00002.safetensors]:  67%|██████▋   | 2.20G/3.28G [14:53<05:44, 3.38MB/s][A[A[A[A[A[A[A[A







Downloading [model-00001-of-00002.safetensors]:  61%|██████    | 2.25G/3.71G [14:53<06:42, 3.89MB/s][A[A[A[A[A[A[A







Downloading [model-00001-of-00002.safetensors]:  61%|██████    | 2.25G/3.71G [14:53<05:56, 4.38MB/s][A[A[A[A[A[A[A








Downloading [model-00002-of-00002.safetensors]:  67%|██████▋   | 2.20G/3.28G [14:53<05:33, 3.49MB/s][A[A[A[A[A[A[A[A







Downloading [model-00001-of-00002.safetensors]:  61%|██████    | 2.25G/3.71G [14:54<06:50, 3.80MB/s][A[A[A[A[A[A[A








Downloading [model-00002-of-00002.safetensors]:  67%|██████▋   | 2.20G/3.28G [14:54<07:17, 2.66MB/s][A[A[A[A[A[A[A[A







Downloading [model-00001-of-00002.safetensors]:  61%|██████    | 2.26G/3.71G [14:54<08:14, 3.15MB/s][A[A[A[A[A[A[A








Downloading [model-00002-of-00002.safetensors]:  67%|██████▋   | 2.20G/3.28G [14:54<06:45, 2.87MB/s][A[A[A[A[A[A[A[A







Downloading [model-00001-of-00002.safetensors]:  61%|██████    | 2.26G/3.71G [14:54<07:36, 3.42MB/s][A[A[A[A[A[A[A







Downloading [model-00001-of-00002.safetensors]:  61%|██████    | 2.26G/3.71G [14:55<07:10, 3.62MB/s][A[A[A[A[A[A[A







Downloading [model-00001-of-00002.safetensors]:  61%|██████    | 2.26G/3.71G [14:55<06:26, 4.03MB/s][A[A[A[A[A[A[A








Downloading [model-00002-of-00002.safetensors]:  67%|██████▋   | 2.20G/3.28G [14:55<07:44, 2.50MB/s][A[A[A[A[A[A[A[A







Downloading [model-00001-of-00002.safetensors]:  61%|██████    | 2.26G/3.71G [14:55<06:04, 4.27MB/s][A[A[A[A[A[A[A








Downloading [model-00002-of-00002.safetensors]:  67%|██████▋   | 2.20G/3.28G [14:55<05:36, 3.45MB/s][A[A[A[A[A[A[A[A







Downloading [model-00001-of-00002.safetensors]:  61%|██████    | 2.26G/3.71G [14:55<06:18, 4.11MB/s][A[A[A[A[A[A[A








Downloading [model-00002-of-00002.safetensors]:  67%|██████▋   | 2.21G/3.28G [14:55<05:38, 3.42MB/s][A[A[A[A[A[A[A[A







Downloading [model-00001-of-00002.safetensors]:  61%|██████    | 2.26G/3.71G [14:55<06:03, 4.27MB/s][A[A[A[A[A[A[A







Downloading [model-00001-of-00002.safetensors]:  61%|██████    | 2.26G/3.71G [14:56<05:36, 4.62MB/s][A[A[A[A[A[A[A








Downloading [model-00002-of-00002.safetensors]:  67%|██████▋   | 2.21G/3.28G [14:56<05:20, 3.61MB/s][A[A[A[A[A[A[A[A







Downloading [model-00001-of-00002.safetensors]:  61%|██████    | 2.26G/3.71G [14:56<06:06, 4.24MB/s][A[A[A[A[A[A[A








Downloading [model-00002-of-00002.safetensors]:  67%|██████▋   | 2.21G/3.28G [14:56<05:44, 3.35MB/s][A[A[A[A[A[A[A[A







Downloading [model-00001-of-00002.safetensors]:  61%|██████    | 2.26G/3.71G [14:56<05:42, 4.53MB/s][A[A[A[A[A[A[A








Downloading [model-00002-of-00002.safetensors]:  67%|██████▋   | 2.21G/3.28G [14:57<07:23, 2.61MB/s][A[A[A[A[A[A[A[A







Downloading [model-00001-of-00002.safetensors]:  61%|██████    | 2.27G/3.71G [14:57<09:13, 2.80MB/s][A[A[A[A[A[A[A








Downloading [model-00002-of-00002.safetensors]:  67%|██████▋   | 2.21G/3.28G [14:57<09:19, 2.06MB/s][A[A[A[A[A[A[A[A







Downloading [model-00001-of-00002.safetensors]:  61%|██████    | 2.27G/3.71G [14:58<11:35, 2.23MB/s][A[A[A[A[A[A[A








Downloading [model-00002-of-00002.safetensors]:  67%|██████▋   | 2.21G/3.28G [14:58<09:13, 2.08MB/s][A[A[A[A[A[A[A[A







Downloading [model-00001-of-00002.safetensors]:  61%|██████    | 2.27G/3.71G [14:58<11:43, 2.20MB/s][A[A[A[A[A[A[A







Downloading [model-00001-of-00002.safetensors]:  61%|██████    | 2.27G/3.71G [14:58<10:39, 2.42MB/s][A[A[A[A[A[A[A








Downloading [model-00002-of-00002.safetensors]:  67%|██████▋   | 2.21G/3.28G [14:58<08:49, 2.18MB/s][A[A[A[A[A[A[A[A







Downloading [model-00001-of-00002.safetensors]:  61%|██████    | 2.27G/3.71G [14:59<09:44, 2.65MB/s][A[A[A[A[A[A[A








Downloading [model-00002-of-00002.safetensors]:  67%|██████▋   | 2.21G/3.28G [14:59<08:40, 2.21MB/s][A[A[A[A[A[A[A[A







Downloading [model-00001-of-00002.safetensors]:  61%|██████    | 2.27G/3.71G [14:59<08:56, 2.88MB/s][A[A[A[A[A[A[A








Downloading [model-00002-of-00002.safetensors]:  67%|██████▋   | 2.21G/3.28G [14:59<07:58, 2.40MB/s][A[A[A[A[A[A[A[A







Downloading [model-00001-of-00002.safetensors]:  61%|██████    | 2.27G/3.71G [14:59<07:57, 3.23MB/s][A[A[A[A[A[A[A







Downloading [model-00001-of-00002.safetensors]:  61%|██████▏   | 2.27G/3.71G [14:59<07:34, 3.39MB/s][A[A[A[A[A[A[A








Downloading [model-00002-of-00002.safetensors]:  67%|██████▋   | 2.21G/3.28G [14:59<07:28, 2.56MB/s][A[A[A[A[A[A[A[A







Downloading [model-00001-of-00002.safetensors]:  61%|██████▏   | 2.27G/3.71G [15:00<06:55, 3.71MB/s][A[A[A[A[A[A[A








Downloading [model-00002-of-00002.safetensors]:  67%|██████▋   | 2.21G/3.28G [15:00<06:32, 2.92MB/s][A[A[A[A[A[A[A[A







Downloading [model-00001-of-00002.safetensors]:  61%|██████▏   | 2.27G/3.71G [15:00<07:12, 3.56MB/s][A[A[A[A[A[A[A








Downloading [model-00002-of-00002.safetensors]:  67%|██████▋   | 2.22G/3.28G [15:00<07:15, 2.64MB/s][A[A[A[A[A[A[A[A







Downloading [model-00001-of-00002.safetensors]:  61%|██████▏   | 2.28G/3.71G [15:01<11:42, 2.19MB/s][A[A[A[A[A[A[A








Downloading [model-00002-of-00002.safetensors]:  67%|██████▋   | 2.22G/3.28G [15:01<10:17, 1.86MB/s][A[A[A[A[A[A[A[A








Downloading [model-00002-of-00002.safetensors]:  68%|██████▊   | 2.22G/3.28G [15:02<10:10, 1.88MB/s][A[A[A[A[A[A[A[A







Downloading [model-00001-of-00002.safetensors]:  61%|██████▏   | 2.28G/3.71G [15:02<14:21, 1.79MB/s][A[A[A[A[A[A[A








Downloading [model-00002-of-00002.safetensors]:  68%|██████▊   | 2.22G/3.28G [15:02<08:19, 2.29MB/s][A[A[A[A[A[A[A[A








Downloading [model-00002-of-00002.safetensors]:  68%|██████▊   | 2.22G/3.28G [15:02<06:59, 2.72MB/s][A[A[A[A[A[A[A[A







Downloading [model-00001-of-00002.safetensors]:  61%|██████▏   | 2.28G/3.71G [15:02<14:11, 1.81MB/s][A[A[A[A[A[A[A








Downloading [model-00002-of-00002.safetensors]:  68%|██████▊   | 2.22G/3.28G [15:02<06:25, 2.97MB/s][A[A[A[A[A[A[A[A







Downloading [model-00001-of-00002.safetensors]:  61%|██████▏   | 2.28G/3.71G [15:03<09:30, 2.69MB/s][A[A[A[A[A[A[A








Downloading [model-00002-of-00002.safetensors]:  68%|██████▊   | 2.22G/3.28G [15:03<05:49, 3.27MB/s][A[A[A[A[A[A[A[A







Downloading [model-00001-of-00002.safetensors]:  61%|██████▏   | 2.28G/3.71G [15:03<09:01, 2.84MB/s][A[A[A[A[A[A[A








Downloading [model-00002-of-00002.safetensors]:  68%|██████▊   | 2.22G/3.28G [15:03<05:36, 3.39MB/s][A[A[A[A[A[A[A[A








Downloading [model-00002-of-00002.safetensors]:  68%|██████▊   | 2.22G/3.28G [15:03<05:38, 3.36MB/s][A[A[A[A[A[A[A[A







Downloading [model-00001-of-00002.safetensors]:  62%|██████▏   | 2.28G/3.71G [15:03<09:00, 2.84MB/s][A[A[A[A[A[A[A







Downloading [model-00001-of-00002.safetensors]:  62%|██████▏   | 2.28G/3.71G [15:04<09:30, 2.68MB/s][A[A[A[A[A[A[A








Downloading [model-00002-of-00002.safetensors]:  68%|██████▊   | 2.22G/3.28G [15:04<07:42, 2.46MB/s][A[A[A[A[A[A[A[A







Downloading [model-00001-of-00002.safetensors]:  62%|██████▏   | 2.28G/3.71G [15:04<09:04, 2.81MB/s][A[A[A[A[A[A[A







Downloading [model-00001-of-00002.safetensors]:  62%|██████▏   | 2.28G/3.71G [15:04<07:53, 3.23MB/s][A[A[A[A[A[A[A








Downloading [model-00002-of-00002.safetensors]:  68%|██████▊   | 2.23G/3.28G [15:04<07:06, 2.67MB/s][A[A[A[A[A[A[A[A







Downloading [model-00001-of-00002.safetensors]:  62%|██████▏   | 2.29G/3.71G [15:04<07:08, 3.57MB/s][A[A[A[A[A[A[A








Downloading [model-00002-of-00002.safetensors]:  68%|██████▊   | 2.23G/3.28G [15:05<06:45, 2.80MB/s][A[A[A[A[A[A[A[A







Downloading [model-00001-of-00002.safetensors]:  62%|██████▏   | 2.29G/3.71G [15:05<06:28, 3.93MB/s][A[A[A[A[A[A[A







Downloading [model-00001-of-00002.safetensors]:  62%|██████▏   | 2.29G/3.71G [15:05<05:40, 4.49MB/s][A[A[A[A[A[A[A








Downloading [model-00002-of-00002.safetensors]:  68%|██████▊   | 2.23G/3.28G [15:05<06:22, 2.97MB/s][A[A[A[A[A[A[A[A







Downloading [model-00001-of-00002.safetensors]:  62%|██████▏   | 2.29G/3.71G [15:05<05:38, 4.50MB/s][A[A[A[A[A[A[A








Downloading [model-00002-of-00002.safetensors]:  68%|██████▊   | 2.23G/3.28G [15:05<06:02, 3.13MB/s][A[A[A[A[A[A[A[A







Downloading [model-00001-of-00002.safetensors]:  62%|██████▏   | 2.29G/3.71G [15:05<05:17, 4.80MB/s][A[A[A[A[A[A[A








Downloading [model-00002-of-00002.safetensors]:  68%|██████▊   | 2.23G/3.28G [15:06<07:38, 2.47MB/s][A[A[A[A[A[A[A[A







Downloading [model-00001-of-00002.safetensors]:  62%|██████▏   | 2.29G/3.71G [15:06<08:00, 3.17MB/s][A[A[A[A[A[A[A







Downloading [model-00001-of-00002.safetensors]:  62%|██████▏   | 2.29G/3.71G [15:06<07:42, 3.29MB/s][A[A[A[A[A[A[A








Downloading [model-00002-of-00002.safetensors]:  68%|██████▊   | 2.23G/3.28G [15:06<07:04, 2.66MB/s][A[A[A[A[A[A[A[A







Downloading [model-00001-of-00002.safetensors]:  62%|██████▏   | 2.29G/3.71G [15:06<06:47, 3.74MB/s][A[A[A[A[A[A[A








Downloading [model-00002-of-00002.safetensors]:  68%|██████▊   | 2.23G/3.28G [15:06<06:10, 3.05MB/s][A[A[A[A[A[A[A[A







Downloading [model-00001-of-00002.safetensors]:  62%|██████▏   | 2.29G/3.71G [15:07<08:58, 2.83MB/s][A[A[A[A[A[A[A








Downloading [model-00002-of-00002.safetensors]:  68%|██████▊   | 2.23G/3.28G [15:07<07:21, 2.56MB/s][A[A[A[A[A[A[A[A








Downloading [model-00002-of-00002.safetensors]:  68%|██████▊   | 2.23G/3.28G [15:07<06:28, 2.90MB/s][A[A[A[A[A[A[A[A







Downloading [model-00001-of-00002.safetensors]:  62%|██████▏   | 2.29G/3.71G [15:07<08:59, 2.81MB/s][A[A[A[A[A[A[A








Downloading [model-00002-of-00002.safetensors]:  68%|██████▊   | 2.23G/3.28G [15:08<06:37, 2.83MB/s][A[A[A[A[A[A[A[A







Downloading [model-00001-of-00002.safetensors]:  62%|██████▏   | 2.29G/3.71G [15:08<08:47, 2.88MB/s][A[A[A[A[A[A[A








Downloading [model-00002-of-00002.safetensors]:  68%|██████▊   | 2.24G/3.28G [15:08<07:19, 2.56MB/s][A[A[A[A[A[A[A[A







Downloading [model-00001-of-00002.safetensors]:  62%|██████▏   | 2.30G/3.71G [15:08<09:33, 2.65MB/s][A[A[A[A[A[A[A







Downloading [model-00001-of-00002.safetensors]:  62%|██████▏   | 2.30G/3.71G [15:09<10:08, 2.49MB/s][A[A[A[A[A[A[A








Downloading [model-00002-of-00002.safetensors]:  68%|██████▊   | 2.24G/3.28G [15:09<07:47, 2.41MB/s][A[A[A[A[A[A[A[A







Downloading [model-00001-of-00002.safetensors]:  62%|██████▏   | 2.30G/3.71G [15:09<09:26, 2.67MB/s][A[A[A[A[A[A[A








Downloading [model-00002-of-00002.safetensors]:  68%|██████▊   | 2.24G/3.28G [15:09<07:35, 2.47MB/s][A[A[A[A[A[A[A[A







Downloading [model-00001-of-00002.safetensors]:  62%|██████▏   | 2.30G/3.71G [15:09<09:17, 2.72MB/s][A[A[A[A[A[A[A








Downloading [model-00002-of-00002.safetensors]:  68%|██████▊   | 2.24G/3.28G [15:09<07:21, 2.54MB/s][A[A[A[A[A[A[A[A







Downloading [model-00001-of-00002.safetensors]:  62%|██████▏   | 2.30G/3.71G [15:10<08:21, 3.02MB/s][A[A[A[A[A[A[A








Downloading [model-00002-of-00002.safetensors]:  68%|██████▊   | 2.24G/3.28G [15:10<07:19, 2.55MB/s][A[A[A[A[A[A[A[A







Downloading [model-00001-of-00002.safetensors]:  62%|██████▏   | 2.30G/3.71G [15:10<09:42, 2.60MB/s][A[A[A[A[A[A[A







Downloading [model-00001-of-00002.safetensors]:  62%|██████▏   | 2.30G/3.71G [15:10<08:35, 2.93MB/s][A[A[A[A[A[A[A








Downloading [model-00002-of-00002.safetensors]:  68%|██████▊   | 2.24G/3.28G [15:10<08:06, 2.30MB/s][A[A[A[A[A[A[A[A







Downloading [model-00001-of-00002.safetensors]:  62%|██████▏   | 2.30G/3.71G [15:11<08:06, 3.11MB/s][A[A[A[A[A[A[A








Downloading [model-00002-of-00002.safetensors]:  68%|██████▊   | 2.24G/3.28G [15:11<08:03, 2.32MB/s][A[A[A[A[A[A[A[A







Downloading [model-00001-of-00002.safetensors]:  62%|██████▏   | 2.30G/3.71G [15:11<07:01, 3.58MB/s][A[A[A[A[A[A[A







Downloading [model-00001-of-00002.safetensors]:  62%|██████▏   | 2.30G/3.71G [15:11<06:03, 4.14MB/s][A[A[A[A[A[A[A








Downloading [model-00002-of-00002.safetensors]:  68%|██████▊   | 2.24G/3.28G [15:11<07:40, 2.43MB/s][A[A[A[A[A[A[A[A







Downloading [model-00001-of-00002.safetensors]:  62%|██████▏   | 2.31G/3.71G [15:11<06:52, 3.66MB/s][A[A[A[A[A[A[A








Downloading [model-00002-of-00002.safetensors]:  68%|██████▊   | 2.24G/3.28G [15:12<08:45, 2.13MB/s][A[A[A[A[A[A[A[A







Downloading [model-00001-of-00002.safetensors]:  62%|██████▏   | 2.31G/3.71G [15:12<09:01, 2.78MB/s][A[A[A[A[A[A[A








Downloading [model-00002-of-00002.safetensors]:  68%|██████▊   | 2.24G/3.28G [15:12<08:54, 2.09MB/s][A[A[A[A[A[A[A[A







Downloading [model-00001-of-00002.safetensors]:  62%|██████▏   | 2.31G/3.71G [15:13<10:26, 2.40MB/s][A[A[A[A[A[A[A








Downloading [model-00002-of-00002.safetensors]:  68%|██████▊   | 2.25G/3.28G [15:13<09:05, 2.04MB/s][A[A[A[A[A[A[A[A







Downloading [model-00001-of-00002.safetensors]:  62%|██████▏   | 2.31G/3.71G [15:14<15:54, 1.57MB/s][A[A[A[A[A[A[A








Downloading [model-00002-of-00002.safetensors]:  68%|██████▊   | 2.25G/3.28G [15:14<11:32, 1.61MB/s][A[A[A[A[A[A[A[A








Downloading [model-00002-of-00002.safetensors]:  68%|██████▊   | 2.25G/3.28G [15:14<09:48, 1.89MB/s][A[A[A[A[A[A[A[A







Downloading [model-00001-of-00002.safetensors]:  62%|██████▏   | 2.31G/3.71G [15:14<15:14, 1.64MB/s][A[A[A[A[A[A[A







Downloading [model-00001-of-00002.safetensors]:  62%|██████▏   | 2.31G/3.71G [15:15<12:35, 1.99MB/s][A[A[A[A[A[A[A








Downloading [model-00002-of-00002.safetensors]:  68%|██████▊   | 2.25G/3.28G [15:15<09:10, 2.02MB/s][A[A[A[A[A[A[A[A







Downloading [model-00001-of-00002.safetensors]:  62%|██████▏   | 2.31G/3.71G [15:15<12:10, 2.05MB/s][A[A[A[A[A[A[A







Downloading [model-00001-of-00002.safetensors]:  62%|██████▏   | 2.31G/3.71G [15:15<11:10, 2.24MB/s][A[A[A[A[A[A[A








Downloading [model-00002-of-00002.safetensors]:  68%|██████▊   | 2.25G/3.28G [15:16<11:10, 1.66MB/s][A[A[A[A[A[A[A[A







Downloading [model-00001-of-00002.safetensors]:  62%|██████▏   | 2.31G/3.71G [15:16<10:05, 2.48MB/s][A[A[A[A[A[A[A








Downloading [model-00002-of-00002.safetensors]:  69%|██████▊   | 2.25G/3.28G [15:16<09:00, 2.05MB/s][A[A[A[A[A[A[A[A








Downloading [model-00002-of-00002.safetensors]:  69%|██████▊   | 2.25G/3.28G [15:16<08:53, 2.08MB/s][A[A[A[A[A[A[A[A







Downloading [model-00001-of-00002.safetensors]:  62%|██████▏   | 2.31G/3.71G [15:16<11:41, 2.13MB/s][A[A[A[A[A[A[A








Downloading [model-00002-of-00002.safetensors]:  69%|██████▊   | 2.25G/3.28G [15:16<07:30, 2.46MB/s][A[A[A[A[A[A[A[A







Downloading [model-00001-of-00002.safetensors]:  62%|██████▏   | 2.32G/3.71G [15:17<10:42, 2.33MB/s][A[A[A[A[A[A[A








Downloading [model-00002-of-00002.safetensors]:  69%|██████▊   | 2.25G/3.28G [15:17<08:53, 2.08MB/s][A[A[A[A[A[A[A[A







Downloading [model-00001-of-00002.safetensors]:  62%|██████▏   | 2.32G/3.71G [15:17<13:01, 1.91MB/s][A[A[A[A[A[A[A







Downloading [model-00001-of-00002.safetensors]:  62%|██████▏   | 2.32G/3.71G [15:18<11:15, 2.21MB/s][A[A[A[A[A[A[A








Downloading [model-00002-of-00002.safetensors]:  69%|██████▊   | 2.25G/3.28G [15:18<09:37, 1.92MB/s][A[A[A[A[A[A[A[A







Downloading [model-00001-of-00002.safetensors]:  63%|██████▎   | 2.32G/3.71G [15:18<12:10, 2.04MB/s][A[A[A[A[A[A[A








Downloading [model-00002-of-00002.safetensors]:  69%|██████▊   | 2.25G/3.28G [15:19<10:40, 1.73MB/s][A[A[A[A[A[A[A[A







Downloading [model-00001-of-00002.safetensors]:  63%|██████▎   | 2.32G/3.71G [15:19<12:07, 2.05MB/s][A[A[A[A[A[A[A








Downloading [model-00002-of-00002.safetensors]:  69%|██████▊   | 2.26G/3.28G [15:19<09:28, 1.94MB/s][A[A[A[A[A[A[A[A







Downloading [model-00001-of-00002.safetensors]:  63%|██████▎   | 2.32G/3.71G [15:19<10:20, 2.40MB/s][A[A[A[A[A[A[A








Downloading [model-00002-of-00002.safetensors]:  69%|██████▊   | 2.26G/3.28G [15:19<07:51, 2.34MB/s][A[A[A[A[A[A[A[A








Downloading [model-00002-of-00002.safetensors]:  69%|██████▊   | 2.26G/3.28G [15:19<06:50, 2.69MB/s][A[A[A[A[A[A[A[A







Downloading [model-00001-of-00002.safetensors]:  63%|██████▎   | 2.32G/3.71G [15:19<09:26, 2.63MB/s][A[A[A[A[A[A[A







Downloading [model-00001-of-00002.safetensors]:  63%|██████▎   | 2.32G/3.71G [15:20<08:30, 2.92MB/s][A[A[A[A[A[A[A








Downloading [model-00002-of-00002.safetensors]:  69%|██████▉   | 2.26G/3.28G [15:20<06:40, 2.75MB/s][A[A[A[A[A[A[A[A







Downloading [model-00001-of-00002.safetensors]:  63%|██████▎   | 2.32G/3.71G [15:20<07:14, 3.42MB/s][A[A[A[A[A[A[A








Downloading [model-00002-of-00002.safetensors]:  69%|██████▉   | 2.26G/3.28G [15:20<05:44, 3.19MB/s][A[A[A[A[A[A[A[A







Downloading [model-00001-of-00002.safetensors]:  63%|██████▎   | 2.32G/3.71G [15:20<06:10, 4.01MB/s][A[A[A[A[A[A[A







Downloading [model-00001-of-00002.safetensors]:  63%|██████▎   | 2.33G/3.71G [15:20<06:06, 4.05MB/s][A[A[A[A[A[A[A








Downloading [model-00002-of-00002.safetensors]:  69%|██████▉   | 2.26G/3.28G [15:20<06:41, 2.73MB/s][A[A[A[A[A[A[A[A







Downloading [model-00001-of-00002.safetensors]:  63%|██████▎   | 2.33G/3.71G [15:21<05:28, 4.51MB/s][A[A[A[A[A[A[A








Downloading [model-00002-of-00002.safetensors]:  69%|██████▉   | 2.26G/3.28G [15:21<05:27, 3.35MB/s][A[A[A[A[A[A[A[A







Downloading [model-00001-of-00002.safetensors]:  63%|██████▎   | 2.33G/3.71G [15:21<04:58, 4.97MB/s][A[A[A[A[A[A[A







Downloading [model-00001-of-00002.safetensors]:  63%|██████▎   | 2.33G/3.71G [15:21<06:45, 3.66MB/s][A[A[A[A[A[A[A








Downloading [model-00002-of-00002.safetensors]:  69%|██████▉   | 2.26G/3.28G [15:21<06:34, 2.78MB/s][A[A[A[A[A[A[A[A







Downloading [model-00001-of-00002.safetensors]:  63%|██████▎   | 2.33G/3.71G [15:22<08:41, 2.84MB/s][A[A[A[A[A[A[A








Downloading [model-00002-of-00002.safetensors]:  69%|██████▉   | 2.26G/3.28G [15:22<07:46, 2.35MB/s][A[A[A[A[A[A[A[A







Downloading [model-00001-of-00002.safetensors]:  63%|██████▎   | 2.33G/3.71G [15:22<08:14, 2.99MB/s][A[A[A[A[A[A[A








Downloading [model-00002-of-00002.safetensors]:  69%|██████▉   | 2.26G/3.28G [15:22<06:55, 2.64MB/s][A[A[A[A[A[A[A[A







Downloading [model-00001-of-00002.safetensors]:  63%|██████▎   | 2.33G/3.71G [15:23<10:34, 2.33MB/s][A[A[A[A[A[A[A








Downloading [model-00002-of-00002.safetensors]:  69%|██████▉   | 2.27G/3.28G [15:23<08:34, 2.13MB/s][A[A[A[A[A[A[A[A







Downloading [model-00001-of-00002.safetensors]:  63%|██████▎   | 2.33G/3.71G [15:23<10:19, 2.39MB/s][A[A[A[A[A[A[A








Downloading [model-00002-of-00002.safetensors]:  69%|██████▉   | 2.27G/3.28G [15:23<07:52, 2.31MB/s][A[A[A[A[A[A[A[A








Downloading [model-00002-of-00002.safetensors]:  69%|██████▉   | 2.27G/3.28G [15:24<07:49, 2.33MB/s][A[A[A[A[A[A[A[A







Downloading [model-00001-of-00002.safetensors]:  63%|██████▎   | 2.33G/3.71G [15:24<10:45, 2.29MB/s][A[A[A[A[A[A[A








Downloading [model-00002-of-00002.safetensors]:  69%|██████▉   | 2.27G/3.28G [15:24<06:55, 2.63MB/s][A[A[A[A[A[A[A[A







Downloading [model-00001-of-00002.safetensors]:  63%|██████▎   | 2.33G/3.71G [15:24<10:56, 2.25MB/s][A[A[A[A[A[A[A








Downloading [model-00002-of-00002.safetensors]:  69%|██████▉   | 2.27G/3.28G [15:24<06:48, 2.67MB/s][A[A[A[A[A[A[A[A







Downloading [model-00001-of-00002.safetensors]:  63%|██████▎   | 2.33G/3.71G [15:24<10:06, 2.43MB/s][A[A[A[A[A[A[A








Downloading [model-00002-of-00002.safetensors]:  69%|██████▉   | 2.27G/3.28G [15:25<06:29, 2.79MB/s][A[A[A[A[A[A[A[A







Downloading [model-00001-of-00002.safetensors]:  63%|██████▎   | 2.34G/3.71G [15:25<09:16, 2.65MB/s][A[A[A[A[A[A[A








Downloading [model-00002-of-00002.safetensors]:  69%|██████▉   | 2.27G/3.28G [15:25<06:10, 2.93MB/s][A[A[A[A[A[A[A[A







Downloading [model-00001-of-00002.safetensors]:  63%|██████▎   | 2.34G/3.71G [15:25<08:10, 3.01MB/s][A[A[A[A[A[A[A








Downloading [model-00002-of-00002.safetensors]:  69%|██████▉   | 2.27G/3.28G [15:25<05:42, 3.18MB/s][A[A[A[A[A[A[A[A







Downloading [model-00001-of-00002.safetensors]:  63%|██████▎   | 2.34G/3.71G [15:25<06:58, 3.52MB/s][A[A[A[A[A[A[A








Downloading [model-00002-of-00002.safetensors]:  69%|██████▉   | 2.27G/3.28G [15:25<04:47, 3.78MB/s][A[A[A[A[A[A[A[A







Downloading [model-00001-of-00002.safetensors]:  63%|██████▎   | 2.34G/3.71G [15:25<06:19, 3.88MB/s][A[A[A[A[A[A[A








Downloading [model-00002-of-00002.safetensors]:  69%|██████▉   | 2.27G/3.28G [15:26<04:35, 3.93MB/s][A[A[A[A[A[A[A[A







Downloading [model-00001-of-00002.safetensors]:  63%|██████▎   | 2.34G/3.71G [15:26<06:01, 4.06MB/s][A[A[A[A[A[A[A








Downloading [model-00002-of-00002.safetensors]:  69%|██████▉   | 2.28G/3.28G [15:26<04:40, 3.86MB/s][A[A[A[A[A[A[A[A







Downloading [model-00001-of-00002.safetensors]:  63%|██████▎   | 2.34G/3.71G [15:26<06:02, 4.06MB/s][A[A[A[A[A[A[A








Downloading [model-00002-of-00002.safetensors]:  69%|██████▉   | 2.28G/3.28G [15:26<04:17, 4.20MB/s][A[A[A[A[A[A[A[A







Downloading [model-00001-of-00002.safetensors]:  63%|██████▎   | 2.34G/3.71G [15:26<05:31, 4.42MB/s][A[A[A[A[A[A[A







Downloading [model-00001-of-00002.safetensors]:  63%|██████▎   | 2.34G/3.71G [15:27<07:10, 3.41MB/s][A[A[A[A[A[A[A








Downloading [model-00002-of-00002.safetensors]:  69%|██████▉   | 2.28G/3.28G [15:27<05:44, 3.14MB/s][A[A[A[A[A[A[A[A







Downloading [model-00001-of-00002.safetensors]:  63%|██████▎   | 2.34G/3.71G [15:27<07:14, 3.37MB/s][A[A[A[A[A[A[A








Downloading [model-00002-of-00002.safetensors]:  69%|██████▉   | 2.28G/3.28G [15:27<06:16, 2.87MB/s][A[A[A[A[A[A[A[A







Downloading [model-00001-of-00002.safetensors]:  63%|██████▎   | 2.34G/3.71G [15:27<07:14, 3.37MB/s][A[A[A[A[A[A[A








Downloading [model-00002-of-00002.safetensors]:  69%|██████▉   | 2.28G/3.28G [15:27<05:56, 3.03MB/s][A[A[A[A[A[A[A[A







Downloading [model-00001-of-00002.safetensors]:  63%|██████▎   | 2.35G/3.71G [15:28<07:54, 3.09MB/s][A[A[A[A[A[A[A








Downloading [model-00002-of-00002.safetensors]:  69%|██████▉   | 2.28G/3.28G [15:28<07:02, 2.55MB/s][A[A[A[A[A[A[A[A







Downloading [model-00001-of-00002.safetensors]:  63%|██████▎   | 2.35G/3.71G [15:28<09:04, 2.68MB/s][A[A[A[A[A[A[A








Downloading [model-00002-of-00002.safetensors]:  69%|██████▉   | 2.28G/3.28G [15:28<07:40, 2.34MB/s][A[A[A[A[A[A[A[A







Downloading [model-00001-of-00002.safetensors]:  63%|██████▎   | 2.35G/3.71G [15:29<11:21, 2.15MB/s][A[A[A[A[A[A[A







Downloading [model-00001-of-00002.safetensors]:  63%|██████▎   | 2.35G/3.71G [15:29<09:57, 2.44MB/s][A[A[A[A[A[A[A








Downloading [model-00002-of-00002.safetensors]:  69%|██████▉   | 2.28G/3.28G [15:29<08:47, 2.04MB/s][A[A[A[A[A[A[A[A







Downloading [model-00001-of-00002.safetensors]:  63%|██████▎   | 2.35G/3.71G [15:29<08:26, 2.88MB/s][A[A[A[A[A[A[A








Downloading [model-00002-of-00002.safetensors]:  70%|██████▉   | 2.28G/3.28G [15:29<08:04, 2.22MB/s][A[A[A[A[A[A[A[A







Downloading [model-00001-of-00002.safetensors]:  63%|██████▎   | 2.35G/3.71G [15:29<07:21, 3.31MB/s][A[A[A[A[A[A[A







Downloading [model-00001-of-00002.safetensors]:  63%|██████▎   | 2.35G/3.71G [15:30<06:53, 3.52MB/s][A[A[A[A[A[A[A








Downloading [model-00002-of-00002.safetensors]:  70%|██████▉   | 2.28G/3.28G [15:30<07:09, 2.50MB/s][A[A[A[A[A[A[A[A








Downloading [model-00002-of-00002.safetensors]:  70%|██████▉   | 2.29G/3.28G [15:30<06:31, 2.74MB/s][A[A[A[A[A[A[A[A







Downloading [model-00001-of-00002.safetensors]:  63%|██████▎   | 2.35G/3.71G [15:30<06:58, 3.48MB/s][A[A[A[A[A[A[A








Downloading [model-00002-of-00002.safetensors]:  70%|██████▉   | 2.29G/3.28G [15:30<05:39, 3.16MB/s][A[A[A[A[A[A[A[A







Downloading [model-00001-of-00002.safetensors]:  63%|██████▎   | 2.35G/3.71G [15:30<06:21, 3.81MB/s][A[A[A[A[A[A[A








Downloading [model-00002-of-00002.safetensors]:  70%|██████▉   | 2.29G/3.28G [15:31<05:53, 3.03MB/s][A[A[A[A[A[A[A[A







Downloading [model-00001-of-00002.safetensors]:  63%|██████▎   | 2.35G/3.71G [15:31<07:27, 3.25MB/s][A[A[A[A[A[A[A








Downloading [model-00002-of-00002.safetensors]:  70%|██████▉   | 2.29G/3.28G [15:31<05:48, 3.07MB/s][A[A[A[A[A[A[A[A







Downloading [model-00001-of-00002.safetensors]:  64%|██████▎   | 2.36G/3.71G [15:31<07:31, 3.22MB/s][A[A[A[A[A[A[A








Downloading [model-00002-of-00002.safetensors]:  70%|██████▉   | 2.29G/3.28G [15:31<05:36, 3.18MB/s][A[A[A[A[A[A[A[A







Downloading [model-00001-of-00002.safetensors]:  64%|██████▎   | 2.36G/3.71G [15:31<07:29, 3.23MB/s][A[A[A[A[A[A[A








Downloading [model-00002-of-00002.safetensors]:  70%|██████▉   | 2.29G/3.28G [15:32<07:46, 2.29MB/s][A[A[A[A[A[A[A[A







Downloading [model-00001-of-00002.safetensors]:  64%|██████▎   | 2.36G/3.71G [15:32<10:13, 2.36MB/s][A[A[A[A[A[A[A







Downloading [model-00001-of-00002.safetensors]:  64%|██████▎   | 2.36G/3.71G [15:32<09:56, 2.43MB/s][A[A[A[A[A[A[A








Downloading [model-00002-of-00002.safetensors]:  70%|██████▉   | 2.29G/3.28G [15:33<08:57, 1.98MB/s][A[A[A[A[A[A[A[A







Downloading [model-00001-of-00002.safetensors]:  64%|██████▎   | 2.36G/3.71G [15:33<09:58, 2.42MB/s][A[A[A[A[A[A[A








Downloading [model-00002-of-00002.safetensors]:  70%|██████▉   | 2.29G/3.28G [15:33<09:01, 1.97MB/s][A[A[A[A[A[A[A[A







Downloading [model-00001-of-00002.safetensors]:  64%|██████▎   | 2.36G/3.71G [15:33<10:51, 2.22MB/s][A[A[A[A[A[A[A








Downloading [model-00002-of-00002.safetensors]:  70%|██████▉   | 2.29G/3.28G [15:34<09:11, 1.93MB/s][A[A[A[A[A[A[A[A







Downloading [model-00001-of-00002.safetensors]:  64%|██████▎   | 2.36G/3.71G [15:34<12:40, 1.90MB/s][A[A[A[A[A[A[A








Downloading [model-00002-of-00002.safetensors]:  70%|██████▉   | 2.29G/3.28G [15:34<09:18, 1.90MB/s][A[A[A[A[A[A[A[A







Downloading [model-00001-of-00002.safetensors]:  64%|██████▎   | 2.36G/3.71G [15:35<12:21, 1.95MB/s][A[A[A[A[A[A[A







Downloading [model-00001-of-00002.safetensors]:  64%|██████▎   | 2.36G/3.71G [15:35<11:00, 2.19MB/s][A[A[A[A[A[A[A








Downloading [model-00002-of-00002.safetensors]:  70%|██████▉   | 2.29G/3.28G [15:35<10:33, 1.68MB/s][A[A[A[A[A[A[A[A








Downloading [model-00002-of-00002.safetensors]:  70%|██████▉   | 2.30G/3.28G [15:35<08:43, 2.03MB/s][A[A[A[A[A[A[A[A







Downloading [model-00001-of-00002.safetensors]:  64%|██████▎   | 2.36G/3.71G [15:35<10:38, 2.26MB/s][A[A[A[A[A[A[A








Downloading [model-00002-of-00002.safetensors]:  70%|██████▉   | 2.30G/3.28G [15:36<07:43, 2.29MB/s][A[A[A[A[A[A[A[A








Downloading [model-00002-of-00002.safetensors]:  70%|██████▉   | 2.30G/3.28G [15:36<08:26, 2.09MB/s][A[A[A[A[A[A[A[A







Downloading [model-00001-of-00002.safetensors]:  64%|██████▍   | 2.37G/3.71G [15:36<14:01, 1.71MB/s][A[A[A[A[A[A[A







Downloading [model-00001-of-00002.safetensors]:  64%|██████▍   | 2.37G/3.71G [15:37<13:53, 1.73MB/s][A[A[A[A[A[A[A








Downloading [model-00002-of-00002.safetensors]:  70%|██████▉   | 2.30G/3.28G [15:37<09:27, 1.86MB/s][A[A[A[A[A[A[A[A







Downloading [model-00001-of-00002.safetensors]:  64%|██████▍   | 2.37G/3.71G [15:38<14:16, 1.68MB/s][A[A[A[A[A[A[A








Downloading [model-00002-of-00002.safetensors]:  70%|███████   | 2.30G/3.28G [15:38<09:45, 1.81MB/s][A[A[A[A[A[A[A[A







Downloading [model-00001-of-00002.safetensors]:  64%|██████▍   | 2.37G/3.71G [15:38<12:45, 1.88MB/s][A[A[A[A[A[A[A








Downloading [model-00002-of-00002.safetensors]:  70%|███████   | 2.30G/3.28G [15:38<09:17, 1.90MB/s][A[A[A[A[A[A[A[A








Downloading [model-00002-of-00002.safetensors]:  70%|███████   | 2.30G/3.28G [15:39<08:44, 2.01MB/s][A[A[A[A[A[A[A[A







Downloading [model-00001-of-00002.safetensors]:  64%|██████▍   | 2.37G/3.71G [15:39<13:17, 1.80MB/s][A[A[A[A[A[A[A







Downloading [model-00001-of-00002.safetensors]:  64%|██████▍   | 2.37G/3.71G [15:39<11:26, 2.10MB/s][A[A[A[A[A[A[A








Downloading [model-00002-of-00002.safetensors]:  70%|███████   | 2.30G/3.28G [15:39<08:18, 2.11MB/s][A[A[A[A[A[A[A[A







Downloading [model-00001-of-00002.safetensors]:  64%|██████▍   | 2.37G/3.71G [15:39<09:31, 2.51MB/s][A[A[A[A[A[A[A








Downloading [model-00002-of-00002.safetensors]:  70%|███████   | 2.30G/3.28G [15:39<07:22, 2.38MB/s][A[A[A[A[A[A[A[A







Downloading [model-00001-of-00002.safetensors]:  64%|██████▍   | 2.37G/3.71G [15:40<08:32, 2.80MB/s][A[A[A[A[A[A[A








Downloading [model-00002-of-00002.safetensors]:  70%|███████   | 2.30G/3.28G [15:40<07:02, 2.49MB/s][A[A[A[A[A[A[A[A







Downloading [model-00001-of-00002.safetensors]:  64%|██████▍   | 2.37G/3.71G [15:40<07:41, 3.11MB/s][A[A[A[A[A[A[A








Downloading [model-00002-of-00002.safetensors]:  70%|███████   | 2.31G/3.28G [15:40<06:06, 2.87MB/s][A[A[A[A[A[A[A[A







Downloading [model-00001-of-00002.safetensors]:  64%|██████▍   | 2.37G/3.71G [15:40<08:21, 2.86MB/s][A[A[A[A[A[A[A








Downloading [model-00002-of-00002.safetensors]:  70%|███████   | 2.31G/3.28G [15:40<05:44, 3.05MB/s][A[A[A[A[A[A[A[A







Downloading [model-00001-of-00002.safetensors]:  64%|██████▍   | 2.38G/3.71G [15:40<06:34, 3.63MB/s][A[A[A[A[A[A[A








Downloading [model-00002-of-00002.safetensors]:  70%|███████   | 2.31G/3.28G [15:41<05:57, 2.94MB/s][A[A[A[A[A[A[A[A







Downloading [model-00001-of-00002.safetensors]:  64%|██████▍   | 2.38G/3.71G [15:41<07:22, 3.24MB/s][A[A[A[A[A[A[A








Downloading [model-00002-of-00002.safetensors]:  70%|███████   | 2.31G/3.28G [15:41<05:21, 3.26MB/s][A[A[A[A[A[A[A[A







Downloading [model-00001-of-00002.safetensors]:  64%|██████▍   | 2.38G/3.71G [15:41<06:49, 3.49MB/s][A[A[A[A[A[A[A








Downloading [model-00002-of-00002.safetensors]:  70%|███████   | 2.31G/3.28G [15:41<04:39, 3.75MB/s][A[A[A[A[A[A[A[A







Downloading [model-00001-of-00002.safetensors]:  64%|██████▍   | 2.38G/3.71G [15:41<06:09, 3.87MB/s][A[A[A[A[A[A[A








Downloading [model-00002-of-00002.safetensors]:  70%|███████   | 2.31G/3.28G [15:41<04:07, 4.22MB/s][A[A[A[A[A[A[A[A








Downloading [model-00002-of-00002.safetensors]:  70%|███████   | 2.31G/3.28G [15:42<04:38, 3.75MB/s][A[A[A[A[A[A[A[A







Downloading [model-00001-of-00002.safetensors]:  64%|██████▍   | 2.38G/3.71G [15:42<07:27, 3.19MB/s][A[A[A[A[A[A[A








Downloading [model-00002-of-00002.safetensors]:  70%|███████   | 2.31G/3.28G [15:42<04:39, 3.74MB/s][A[A[A[A[A[A[A[A








Downloading [model-00002-of-00002.safetensors]:  70%|███████   | 2.31G/3.28G [15:42<04:39, 3.73MB/s][A[A[A[A[A[A[A[A







Downloading [model-00001-of-00002.safetensors]:  64%|██████▍   | 2.38G/3.71G [15:42<08:57, 2.66MB/s][A[A[A[A[A[A[A








Downloading [model-00002-of-00002.safetensors]:  70%|███████   | 2.31G/3.28G [15:42<04:34, 3.80MB/s][A[A[A[A[A[A[A[A







Downloading [model-00001-of-00002.safetensors]:  64%|██████▍   | 2.38G/3.71G [15:43<09:30, 2.50MB/s][A[A[A[A[A[A[A








Downloading [model-00002-of-00002.safetensors]:  70%|███████   | 2.32G/3.28G [15:43<05:30, 3.15MB/s][A[A[A[A[A[A[A[A







Downloading [model-00001-of-00002.safetensors]:  64%|██████▍   | 2.38G/3.71G [15:43<08:19, 2.85MB/s][A[A[A[A[A[A[A







Downloading [model-00001-of-00002.safetensors]:  64%|██████▍   | 2.38G/3.71G [15:43<08:11, 2.90MB/s][A[A[A[A[A[A[A








Downloading [model-00002-of-00002.safetensors]:  71%|███████   | 2.32G/3.28G [15:43<06:04, 2.85MB/s][A[A[A[A[A[A[A[A







Downloading [model-00001-of-00002.safetensors]:  64%|██████▍   | 2.38G/3.71G [15:44<08:34, 2.76MB/s][A[A[A[A[A[A[A








Downloading [model-00002-of-00002.safetensors]:  71%|███████   | 2.32G/3.28G [15:44<06:11, 2.79MB/s][A[A[A[A[A[A[A[A








Downloading [model-00002-of-00002.safetensors]:  71%|███████   | 2.32G/3.28G [15:44<05:32, 3.12MB/s][A[A[A[A[A[A[A[A







Downloading [model-00001-of-00002.safetensors]:  64%|██████▍   | 2.38G/3.71G [15:44<09:14, 2.57MB/s][A[A[A[A[A[A[A








Downloading [model-00002-of-00002.safetensors]:  71%|███████   | 2.32G/3.28G [15:44<05:22, 3.21MB/s][A[A[A[A[A[A[A[A







Downloading [model-00001-of-00002.safetensors]:  64%|██████▍   | 2.39G/3.71G [15:44<07:48, 3.03MB/s][A[A[A[A[A[A[A








Downloading [model-00002-of-00002.safetensors]:  71%|███████   | 2.32G/3.28G [15:45<04:50, 3.57MB/s][A[A[A[A[A[A[A[A







Downloading [model-00001-of-00002.safetensors]:  64%|██████▍   | 2.39G/3.71G [15:45<07:51, 3.01MB/s][A[A[A[A[A[A[A








Downloading [model-00002-of-00002.safetensors]:  71%|███████   | 2.32G/3.28G [15:45<04:31, 3.81MB/s][A[A[A[A[A[A[A[A








Downloading [model-00002-of-00002.safetensors]:  71%|███████   | 2.32G/3.28G [15:45<04:06, 4.19MB/s][A[A[A[A[A[A[A[A







Downloading [model-00001-of-00002.safetensors]:  64%|██████▍   | 2.39G/3.71G [15:45<07:27, 3.17MB/s][A[A[A[A[A[A[A








Downloading [model-00002-of-00002.safetensors]:  71%|███████   | 2.32G/3.28G [15:45<04:04, 4.23MB/s][A[A[A[A[A[A[A[A







Downloading [model-00001-of-00002.safetensors]:  64%|██████▍   | 2.39G/3.71G [15:45<06:35, 3.59MB/s][A[A[A[A[A[A[A








Downloading [model-00002-of-00002.safetensors]:  71%|███████   | 2.33G/3.28G [15:46<03:22, 5.09MB/s][A[A[A[A[A[A[A[A







Downloading [model-00001-of-00002.safetensors]:  64%|██████▍   | 2.39G/3.71G [15:46<07:03, 3.34MB/s][A[A[A[A[A[A[A








Downloading [model-00002-of-00002.safetensors]:  71%|███████   | 2.33G/3.28G [15:46<03:19, 5.15MB/s][A[A[A[A[A[A[A[A







Downloading [model-00001-of-00002.safetensors]:  64%|██████▍   | 2.39G/3.71G [15:46<07:32, 3.13MB/s][A[A[A[A[A[A[A








Downloading [model-00002-of-00002.safetensors]:  71%|███████   | 2.33G/3.28G [15:46<04:07, 4.15MB/s][A[A[A[A[A[A[A[A







Downloading [model-00001-of-00002.safetensors]:  64%|██████▍   | 2.39G/3.71G [15:46<08:19, 2.83MB/s][A[A[A[A[A[A[A








Downloading [model-00002-of-00002.safetensors]:  71%|███████   | 2.33G/3.28G [15:46<04:28, 3.82MB/s][A[A[A[A[A[A[A[A







Downloading [model-00001-of-00002.safetensors]:  65%|██████▍   | 2.39G/3.71G [15:47<07:25, 3.17MB/s][A[A[A[A[A[A[A








Downloading [model-00002-of-00002.safetensors]:  71%|███████   | 2.33G/3.28G [15:47<04:34, 3.74MB/s][A[A[A[A[A[A[A[A







Downloading [model-00001-of-00002.safetensors]:  65%|██████▍   | 2.39G/3.71G [15:47<07:08, 3.30MB/s][A[A[A[A[A[A[A








Downloading [model-00002-of-00002.safetensors]:  71%|███████   | 2.33G/3.28G [15:47<04:56, 3.46MB/s][A[A[A[A[A[A[A[A







Downloading [model-00001-of-00002.safetensors]:  65%|██████▍   | 2.39G/3.71G [15:47<08:30, 2.77MB/s][A[A[A[A[A[A[A








Downloading [model-00002-of-00002.safetensors]:  71%|███████   | 2.33G/3.28G [15:48<05:40, 3.00MB/s][A[A[A[A[A[A[A[A







Downloading [model-00001-of-00002.safetensors]:  65%|██████▍   | 2.40G/3.71G [15:48<07:43, 3.04MB/s][A[A[A[A[A[A[A








Downloading [model-00002-of-00002.safetensors]:  71%|███████   | 2.33G/3.28G [15:48<05:38, 3.02MB/s][A[A[A[A[A[A[A[A







Downloading [model-00001-of-00002.safetensors]:  65%|██████▍   | 2.40G/3.71G [15:48<06:41, 3.51MB/s][A[A[A[A[A[A[A







Downloading [model-00001-of-00002.safetensors]:  65%|██████▍   | 2.40G/3.71G [15:48<07:04, 3.32MB/s][A[A[A[A[A[A[A








Downloading [model-00002-of-00002.safetensors]:  71%|███████   | 2.33G/3.28G [15:48<06:09, 2.77MB/s][A[A[A[A[A[A[A[A







Downloading [model-00001-of-00002.safetensors]:  65%|██████▍   | 2.40G/3.71G [15:49<06:43, 3.49MB/s][A[A[A[A[A[A[A







Downloading [model-00001-of-00002.safetensors]:  65%|██████▍   | 2.40G/3.71G [15:49<05:53, 3.98MB/s][A[A[A[A[A[A[A








Downloading [model-00002-of-00002.safetensors]:  71%|███████   | 2.33G/3.28G [15:49<06:44, 2.52MB/s][A[A[A[A[A[A[A[A








Downloading [model-00002-of-00002.safetensors]:  71%|███████   | 2.33G/3.28G [15:49<05:22, 3.16MB/s][A[A[A[A[A[A[A[A








Downloading [model-00002-of-00002.safetensors]:  71%|███████   | 2.34G/3.28G [15:49<04:18, 3.93MB/s][A[A[A[A[A[A[A[A







Downloading [model-00001-of-00002.safetensors]:  65%|██████▍   | 2.40G/3.71G [15:49<07:11, 3.26MB/s][A[A[A[A[A[A[A








Downloading [model-00002-of-00002.safetensors]:  71%|███████   | 2.34G/3.28G [15:49<03:49, 4.44MB/s][A[A[A[A[A[A[A[A







Downloading [model-00001-of-00002.safetensors]:  65%|██████▍   | 2.40G/3.71G [15:49<06:07, 3.82MB/s][A[A[A[A[A[A[A







Downloading [model-00001-of-00002.safetensors]:  65%|██████▍   | 2.40G/3.71G [15:49<05:16, 4.43MB/s][A[A[A[A[A[A[A








Downloading [model-00002-of-00002.safetensors]:  71%|███████   | 2.34G/3.28G [15:50<03:56, 4.30MB/s][A[A[A[A[A[A[A[A







Downloading [model-00001-of-00002.safetensors]:  65%|██████▍   | 2.40G/3.71G [15:50<04:55, 4.74MB/s][A[A[A[A[A[A[A








Downloading [model-00002-of-00002.safetensors]:  71%|███████   | 2.34G/3.28G [15:50<03:47, 4.46MB/s][A[A[A[A[A[A[A[A







Downloading [model-00001-of-00002.safetensors]:  65%|██████▍   | 2.40G/3.71G [15:50<06:44, 3.47MB/s][A[A[A[A[A[A[A








Downloading [model-00002-of-00002.safetensors]:  71%|███████   | 2.34G/3.28G [15:51<06:27, 2.62MB/s][A[A[A[A[A[A[A[A







Downloading [model-00001-of-00002.safetensors]:  65%|██████▍   | 2.41G/3.71G [15:51<07:43, 3.02MB/s][A[A[A[A[A[A[A








Downloading [model-00002-of-00002.safetensors]:  71%|███████▏  | 2.34G/3.28G [15:51<05:46, 2.93MB/s][A[A[A[A[A[A[A[A







Downloading [model-00001-of-00002.safetensors]:  65%|██████▍   | 2.41G/3.71G [15:51<10:55, 2.13MB/s][A[A[A[A[A[A[A








Downloading [model-00002-of-00002.safetensors]:  71%|███████▏  | 2.34G/3.28G [15:52<09:36, 1.76MB/s][A[A[A[A[A[A[A[A







Downloading [model-00001-of-00002.safetensors]:  65%|██████▍   | 2.41G/3.71G [15:52<11:10, 2.08MB/s][A[A[A[A[A[A[A








Downloading [model-00002-of-00002.safetensors]:  71%|███████▏  | 2.34G/3.28G [15:52<08:52, 1.90MB/s][A[A[A[A[A[A[A[A







Downloading [model-00001-of-00002.safetensors]:  65%|██████▍   | 2.41G/3.71G [15:52<10:52, 2.14MB/s][A[A[A[A[A[A[A








Downloading [model-00002-of-00002.safetensors]:  71%|███████▏  | 2.34G/3.28G [15:53<07:53, 2.14MB/s][A[A[A[A[A[A[A[A







Downloading [model-00001-of-00002.safetensors]:  65%|██████▍   | 2.41G/3.71G [15:53<11:47, 1.97MB/s][A[A[A[A[A[A[A








Downloading [model-00002-of-00002.safetensors]:  71%|███████▏  | 2.34G/3.28G [15:53<07:32, 2.23MB/s][A[A[A[A[A[A[A[A







Downloading [model-00001-of-00002.safetensors]:  65%|██████▍   | 2.41G/3.71G [15:54<11:37, 2.00MB/s][A[A[A[A[A[A[A








Downloading [model-00002-of-00002.safetensors]:  71%|███████▏  | 2.35G/3.28G [15:54<08:09, 2.06MB/s][A[A[A[A[A[A[A[A







Downloading [model-00001-of-00002.safetensors]:  65%|██████▌   | 2.41G/3.71G [15:54<11:36, 2.00MB/s][A[A[A[A[A[A[A








Downloading [model-00002-of-00002.safetensors]:  71%|███████▏  | 2.35G/3.28G [15:54<08:50, 1.90MB/s][A[A[A[A[A[A[A[A







Downloading [model-00001-of-00002.safetensors]:  65%|██████▌   | 2.41G/3.71G [15:55<10:44, 2.16MB/s][A[A[A[A[A[A[A








Downloading [model-00002-of-00002.safetensors]:  71%|███████▏  | 2.35G/3.28G [15:55<08:18, 2.02MB/s][A[A[A[A[A[A[A[A







Downloading [model-00001-of-00002.safetensors]:  65%|██████▌   | 2.41G/3.71G [15:55<09:55, 2.34MB/s][A[A[A[A[A[A[A








Downloading [model-00002-of-00002.safetensors]:  72%|███████▏  | 2.35G/3.28G [15:55<07:35, 2.21MB/s][A[A[A[A[A[A[A[A







Downloading [model-00001-of-00002.safetensors]:  65%|██████▌   | 2.41G/3.71G [15:55<09:24, 2.47MB/s][A[A[A[A[A[A[A







Downloading [model-00001-of-00002.safetensors]:  65%|██████▌   | 2.42G/3.71G [15:56<08:27, 2.74MB/s][A[A[A[A[A[A[A








Downloading [model-00002-of-00002.safetensors]:  72%|███████▏  | 2.35G/3.28G [15:56<07:08, 2.34MB/s][A[A[A[A[A[A[A[A







Downloading [model-00001-of-00002.safetensors]:  65%|██████▌   | 2.42G/3.71G [15:56<07:17, 3.17MB/s][A[A[A[A[A[A[A







Downloading [model-00001-of-00002.safetensors]:  65%|██████▌   | 2.42G/3.71G [15:56<06:38, 3.48MB/s][A[A[A[A[A[A[A








Downloading [model-00002-of-00002.safetensors]:  72%|███████▏  | 2.35G/3.28G [15:56<06:46, 2.47MB/s][A[A[A[A[A[A[A[A







Downloading [model-00001-of-00002.safetensors]:  65%|██████▌   | 2.42G/3.71G [15:56<05:48, 3.98MB/s][A[A[A[A[A[A[A







Downloading [model-00001-of-00002.safetensors]:  65%|██████▌   | 2.42G/3.71G [15:56<04:59, 4.63MB/s][A[A[A[A[A[A[A








Downloading [model-00002-of-00002.safetensors]:  72%|███████▏  | 2.35G/3.28G [15:56<06:24, 2.60MB/s][A[A[A[A[A[A[A[A







Downloading [model-00001-of-00002.safetensors]:  65%|██████▌   | 2.42G/3.71G [15:57<05:06, 4.52MB/s][A[A[A[A[A[A[A








Downloading [model-00002-of-00002.safetensors]:  72%|███████▏  | 2.35G/3.28G [15:57<05:46, 2.88MB/s][A[A[A[A[A[A[A[A







Downloading [model-00001-of-00002.safetensors]:  65%|██████▌   | 2.42G/3.71G [15:57<05:03, 4.55MB/s][A[A[A[A[A[A[A








Downloading [model-00002-of-00002.safetensors]:  72%|███████▏  | 2.35G/3.28G [15:57<05:31, 3.02MB/s][A[A[A[A[A[A[A[A







Downloading [model-00001-of-00002.safetensors]:  65%|██████▌   | 2.42G/3.71G [15:57<05:20, 4.31MB/s][A[A[A[A[A[A[A








Downloading [model-00002-of-00002.safetensors]:  72%|███████▏  | 2.35G/3.28G [15:57<05:01, 3.31MB/s][A[A[A[A[A[A[A[A







Downloading [model-00001-of-00002.safetensors]:  65%|██████▌   | 2.42G/3.71G [15:57<05:01, 4.57MB/s][A[A[A[A[A[A[A








Downloading [model-00002-of-00002.safetensors]:  72%|███████▏  | 2.36G/3.28G [15:57<04:23, 3.78MB/s][A[A[A[A[A[A[A[A







Downloading [model-00001-of-00002.safetensors]:  65%|██████▌   | 2.42G/3.71G [15:57<04:37, 4.97MB/s][A[A[A[A[A[A[A








Downloading [model-00002-of-00002.safetensors]:  72%|███████▏  | 2.36G/3.28G [15:58<03:56, 4.21MB/s][A[A[A[A[A[A[A[A







Downloading [model-00001-of-00002.safetensors]:  65%|██████▌   | 2.42G/3.71G [15:58<04:22, 5.25MB/s][A[A[A[A[A[A[A








Downloading [model-00002-of-00002.safetensors]:  72%|███████▏  | 2.36G/3.28G [15:58<03:29, 4.76MB/s][A[A[A[A[A[A[A[A







Downloading [model-00001-of-00002.safetensors]:  65%|██████▌   | 2.43G/3.71G [15:58<04:24, 5.20MB/s][A[A[A[A[A[A[A








Downloading [model-00002-of-00002.safetensors]:  72%|███████▏  | 2.36G/3.28G [15:58<03:13, 5.14MB/s][A[A[A[A[A[A[A[A







Downloading [model-00001-of-00002.safetensors]:  65%|██████▌   | 2.43G/3.71G [15:58<04:49, 4.75MB/s][A[A[A[A[A[A[A








Downloading [model-00002-of-00002.safetensors]:  72%|███████▏  | 2.36G/3.28G [15:58<03:31, 4.69MB/s][A[A[A[A[A[A[A[A







Downloading [model-00001-of-00002.safetensors]:  65%|██████▌   | 2.43G/3.71G [15:58<05:05, 4.50MB/s][A[A[A[A[A[A[A








Downloading [model-00002-of-00002.safetensors]:  72%|███████▏  | 2.36G/3.28G [15:58<03:43, 4.44MB/s][A[A[A[A[A[A[A[A







Downloading [model-00001-of-00002.safetensors]:  65%|██████▌   | 2.43G/3.71G [15:58<04:45, 4.81MB/s][A[A[A[A[A[A[A








Downloading [model-00002-of-00002.safetensors]:  72%|███████▏  | 2.36G/3.28G [15:59<03:51, 4.28MB/s][A[A[A[A[A[A[A[A







Downloading [model-00001-of-00002.safetensors]:  66%|██████▌   | 2.43G/3.71G [15:59<05:02, 4.54MB/s][A[A[A[A[A[A[A








Downloading [model-00002-of-00002.safetensors]:  72%|███████▏  | 2.36G/3.28G [15:59<03:56, 4.19MB/s][A[A[A[A[A[A[A[A








Downloading [model-00002-of-00002.safetensors]:  72%|███████▏  | 2.36G/3.28G [15:59<03:38, 4.52MB/s][A[A[A[A[A[A[A[A







Downloading [model-00001-of-00002.safetensors]:  66%|██████▌   | 2.43G/3.71G [15:59<06:21, 3.59MB/s][A[A[A[A[A[A[A








Downloading [model-00002-of-00002.safetensors]:  72%|███████▏  | 2.36G/3.28G [15:59<03:41, 4.47MB/s][A[A[A[A[A[A[A[A







Downloading [model-00001-of-00002.safetensors]:  66%|██████▌   | 2.43G/3.71G [15:59<04:20, 5.25MB/s][A[A[A[A[A[A[A








Downloading [model-00002-of-00002.safetensors]:  72%|███████▏  | 2.37G/3.28G [16:00<03:19, 4.96MB/s][A[A[A[A[A[A[A[A







Downloading [model-00001-of-00002.safetensors]:  66%|██████▌   | 2.43G/3.71G [16:00<04:22, 5.22MB/s][A[A[A[A[A[A[A








Downloading [model-00002-of-00002.safetensors]:  72%|███████▏  | 2.37G/3.28G [16:00<03:03, 5.37MB/s][A[A[A[A[A[A[A[A







Downloading [model-00001-of-00002.safetensors]:  66%|██████▌   | 2.43G/3.71G [16:00<04:20, 5.26MB/s][A[A[A[A[A[A[A








Downloading [model-00002-of-00002.safetensors]:  72%|███████▏  | 2.37G/3.28G [16:00<02:52, 5.71MB/s][A[A[A[A[A[A[A[A







Downloading [model-00001-of-00002.safetensors]:  66%|██████▌   | 2.44G/3.71G [16:00<04:19, 5.28MB/s][A[A[A[A[A[A[A








Downloading [model-00002-of-00002.safetensors]:  72%|███████▏  | 2.37G/3.28G [16:00<02:46, 5.92MB/s][A[A[A[A[A[A[A[A







Downloading [model-00001-of-00002.safetensors]:  66%|██████▌   | 2.44G/3.71G [16:00<04:13, 5.39MB/s][A[A[A[A[A[A[A








Downloading [model-00002-of-00002.safetensors]:  72%|███████▏  | 2.37G/3.28G [16:00<02:43, 6.00MB/s][A[A[A[A[A[A[A[A








Downloading [model-00002-of-00002.safetensors]:  72%|███████▏  | 2.37G/3.28G [16:00<03:28, 4.70MB/s][A[A[A[A[A[A[A[A







Downloading [model-00001-of-00002.safetensors]:  66%|██████▌   | 2.44G/3.71G [16:01<05:36, 4.06MB/s][A[A[A[A[A[A[A








Downloading [model-00002-of-00002.safetensors]:  72%|███████▏  | 2.37G/3.28G [16:01<03:40, 4.44MB/s][A[A[A[A[A[A[A[A







Downloading [model-00001-of-00002.safetensors]:  66%|██████▌   | 2.44G/3.71G [16:01<06:15, 3.64MB/s][A[A[A[A[A[A[A








Downloading [model-00002-of-00002.safetensors]:  72%|███████▏  | 2.37G/3.28G [16:01<03:29, 4.68MB/s][A[A[A[A[A[A[A[A








Downloading [model-00002-of-00002.safetensors]:  72%|███████▏  | 2.37G/3.28G [16:01<03:17, 4.95MB/s][A[A[A[A[A[A[A[A







Downloading [model-00001-of-00002.safetensors]:  66%|██████▌   | 2.44G/3.71G [16:01<06:01, 3.77MB/s][A[A[A[A[A[A[A








Downloading [model-00002-of-00002.safetensors]:  72%|███████▏  | 2.37G/3.28G [16:01<03:06, 5.25MB/s][A[A[A[A[A[A[A[A







Downloading [model-00001-of-00002.safetensors]:  66%|██████▌   | 2.44G/3.71G [16:01<05:47, 3.92MB/s][A[A[A[A[A[A[A








Downloading [model-00002-of-00002.safetensors]:  72%|███████▏  | 2.38G/3.28G [16:02<03:23, 4.81MB/s][A[A[A[A[A[A[A[A







Downloading [model-00001-of-00002.safetensors]:  66%|██████▌   | 2.44G/3.71G [16:02<05:37, 4.04MB/s][A[A[A[A[A[A[A








Downloading [model-00002-of-00002.safetensors]:  72%|███████▏  | 2.38G/3.28G [16:02<03:33, 4.56MB/s][A[A[A[A[A[A[A[A







Downloading [model-00001-of-00002.safetensors]:  66%|██████▌   | 2.44G/3.71G [16:02<06:06, 3.71MB/s][A[A[A[A[A[A[A








Downloading [model-00002-of-00002.safetensors]:  72%|███████▏  | 2.38G/3.28G [16:02<03:59, 4.06MB/s][A[A[A[A[A[A[A[A







Downloading [model-00001-of-00002.safetensors]:  66%|██████▌   | 2.44G/3.71G [16:02<06:09, 3.68MB/s][A[A[A[A[A[A[A








Downloading [model-00002-of-00002.safetensors]:  72%|███████▏  | 2.38G/3.28G [16:02<04:08, 3.91MB/s][A[A[A[A[A[A[A[A







Downloading [model-00001-of-00002.safetensors]:  66%|██████▌   | 2.44G/3.71G [16:03<07:00, 3.23MB/s][A[A[A[A[A[A[A








Downloading [model-00002-of-00002.safetensors]:  72%|███████▏  | 2.38G/3.28G [16:03<04:27, 3.63MB/s][A[A[A[A[A[A[A[A







Downloading [model-00001-of-00002.safetensors]:  66%|██████▌   | 2.45G/3.71G [16:03<06:24, 3.53MB/s][A[A[A[A[A[A[A








Downloading [model-00002-of-00002.safetensors]:  72%|███████▏  | 2.38G/3.28G [16:03<04:05, 3.96MB/s][A[A[A[A[A[A[A[A







Downloading [model-00001-of-00002.safetensors]:  66%|██████▌   | 2.45G/3.71G [16:03<05:51, 3.86MB/s][A[A[A[A[A[A[A








Downloading [model-00002-of-00002.safetensors]:  72%|███████▏  | 2.38G/3.28G [16:03<03:40, 4.41MB/s][A[A[A[A[A[A[A[A








Downloading [model-00002-of-00002.safetensors]:  73%|███████▎  | 2.38G/3.28G [16:03<03:24, 4.73MB/s][A[A[A[A[A[A[A[A







Downloading [model-00001-of-00002.safetensors]:  66%|██████▌   | 2.45G/3.71G [16:03<05:45, 3.93MB/s][A[A[A[A[A[A[A








Downloading [model-00002-of-00002.safetensors]:  73%|███████▎  | 2.38G/3.28G [16:04<04:51, 3.32MB/s][A[A[A[A[A[A[A[A







Downloading [model-00001-of-00002.safetensors]:  66%|██████▌   | 2.45G/3.71G [16:04<07:34, 2.98MB/s][A[A[A[A[A[A[A








Downloading [model-00002-of-00002.safetensors]:  73%|███████▎  | 2.38G/3.28G [16:04<04:57, 3.25MB/s][A[A[A[A[A[A[A[A







Downloading [model-00001-of-00002.safetensors]:  66%|██████▌   | 2.45G/3.71G [16:04<07:07, 3.16MB/s][A[A[A[A[A[A[A








Downloading [model-00002-of-00002.safetensors]:  73%|███████▎  | 2.38G/3.28G [16:04<04:23, 3.67MB/s][A[A[A[A[A[A[A[A







Downloading [model-00001-of-00002.safetensors]:  66%|██████▌   | 2.45G/3.71G [16:04<06:11, 3.64MB/s][A[A[A[A[A[A[A







Downloading [model-00001-of-00002.safetensors]:  66%|██████▌   | 2.45G/3.71G [16:05<05:20, 4.21MB/s][A[A[A[A[A[A[A








Downloading [model-00002-of-00002.safetensors]:  73%|███████▎  | 2.39G/3.28G [16:05<03:50, 4.19MB/s][A[A[A[A[A[A[A[A







Downloading [model-00001-of-00002.safetensors]:  66%|██████▌   | 2.45G/3.71G [16:05<04:41, 4.79MB/s][A[A[A[A[A[A[A








Downloading [model-00002-of-00002.safetensors]:  73%|███████▎  | 2.39G/3.28G [16:05<03:26, 4.67MB/s][A[A[A[A[A[A[A[A







Downloading [model-00001-of-00002.safetensors]:  66%|██████▌   | 2.45G/3.71G [16:05<04:38, 4.84MB/s][A[A[A[A[A[A[A








Downloading [model-00002-of-00002.safetensors]:  73%|███████▎  | 2.39G/3.28G [16:05<03:26, 4.67MB/s][A[A[A[A[A[A[A[A








Downloading [model-00002-of-00002.safetensors]:  73%|███████▎  | 2.39G/3.28G [16:05<03:16, 4.90MB/s][A[A[A[A[A[A[A[A







Downloading [model-00001-of-00002.safetensors]:  66%|██████▌   | 2.45G/3.71G [16:05<04:43, 4.75MB/s][A[A[A[A[A[A[A








Downloading [model-00002-of-00002.safetensors]:  73%|███████▎  | 2.39G/3.28G [16:05<03:06, 5.16MB/s][A[A[A[A[A[A[A[A







Downloading [model-00001-of-00002.safetensors]:  66%|██████▌   | 2.46G/3.71G [16:05<04:36, 4.87MB/s][A[A[A[A[A[A[A








Downloading [model-00002-of-00002.safetensors]:  73%|███████▎  | 2.39G/3.28G [16:05<02:50, 5.63MB/s][A[A[A[A[A[A[A[A







Downloading [model-00001-of-00002.safetensors]:  66%|██████▌   | 2.46G/3.71G [16:06<04:34, 4.90MB/s][A[A[A[A[A[A[A







Downloading [model-00001-of-00002.safetensors]:  66%|██████▌   | 2.46G/3.71G [16:06<04:12, 5.32MB/s][A[A[A[A[A[A[A








Downloading [model-00002-of-00002.safetensors]:  73%|███████▎  | 2.39G/3.28G [16:06<03:37, 4.41MB/s][A[A[A[A[A[A[A[A







Downloading [model-00001-of-00002.safetensors]:  66%|██████▋   | 2.46G/3.71G [16:06<03:52, 5.77MB/s][A[A[A[A[A[A[A








Downloading [model-00002-of-00002.safetensors]:  73%|███████▎  | 2.39G/3.28G [16:06<02:27, 6.49MB/s][A[A[A[A[A[A[A[A








Downloading [model-00002-of-00002.safetensors]:  73%|███████▎  | 2.39G/3.28G [16:06<02:15, 7.08MB/s][A[A[A[A[A[A[A[A







Downloading [model-00001-of-00002.safetensors]:  66%|██████▋   | 2.46G/3.71G [16:06<04:41, 4.77MB/s][A[A[A[A[A[A[A








Downloading [model-00002-of-00002.safetensors]:  73%|███████▎  | 2.40G/3.28G [16:06<02:12, 7.22MB/s][A[A[A[A[A[A[A[A







Downloading [model-00001-of-00002.safetensors]:  66%|██████▋   | 2.46G/3.71G [16:06<04:59, 4.48MB/s][A[A[A[A[A[A[A








Downloading [model-00002-of-00002.safetensors]:  73%|███████▎  | 2.40G/3.28G [16:06<02:38, 6.01MB/s][A[A[A[A[A[A[A[A








Downloading [model-00002-of-00002.safetensors]:  73%|███████▎  | 2.40G/3.28G [16:07<02:54, 5.47MB/s][A[A[A[A[A[A[A[A








Downloading [model-00002-of-00002.safetensors]:  73%|███████▎  | 2.40G/3.28G [16:07<02:48, 5.65MB/s][A[A[A[A[A[A[A[A







Downloading [model-00001-of-00002.safetensors]:  66%|██████▋   | 2.46G/3.71G [16:07<07:21, 3.04MB/s][A[A[A[A[A[A[A








Downloading [model-00002-of-00002.safetensors]:  73%|███████▎  | 2.40G/3.28G [16:07<03:10, 4.98MB/s][A[A[A[A[A[A[A[A







Downloading [model-00001-of-00002.safetensors]:  66%|██████▋   | 2.46G/3.71G [16:07<05:09, 4.32MB/s][A[A[A[A[A[A[A







Downloading [model-00001-of-00002.safetensors]:  66%|██████▋   | 2.46G/3.71G [16:08<04:55, 4.52MB/s][A[A[A[A[A[A[A








Downloading [model-00002-of-00002.safetensors]:  73%|███████▎  | 2.40G/3.28G [16:08<04:26, 3.56MB/s][A[A[A[A[A[A[A[A








Downloading [model-00002-of-00002.safetensors]:  73%|███████▎  | 2.40G/3.28G [16:08<03:44, 4.23MB/s][A[A[A[A[A[A[A[A







Downloading [model-00001-of-00002.safetensors]:  66%|██████▋   | 2.46G/3.71G [16:08<05:37, 3.96MB/s][A[A[A[A[A[A[A







Downloading [model-00001-of-00002.safetensors]:  66%|██████▋   | 2.47G/3.71G [16:08<05:44, 3.88MB/s][A[A[A[A[A[A[A








Downloading [model-00002-of-00002.safetensors]:  73%|███████▎  | 2.40G/3.28G [16:08<04:40, 3.38MB/s][A[A[A[A[A[A[A[A








Downloading [model-00002-of-00002.safetensors]:  73%|███████▎  | 2.40G/3.28G [16:09<05:43, 2.75MB/s][A[A[A[A[A[A[A[A







Downloading [model-00001-of-00002.safetensors]:  67%|██████▋   | 2.47G/3.71G [16:09<08:37, 2.58MB/s][A[A[A[A[A[A[A








Downloading [model-00002-of-00002.safetensors]:  73%|███████▎  | 2.40G/3.28G [16:09<06:10, 2.55MB/s][A[A[A[A[A[A[A[A







Downloading [model-00001-of-00002.safetensors]:  67%|██████▋   | 2.47G/3.71G [16:09<08:36, 2.58MB/s][A[A[A[A[A[A[A








Downloading [model-00002-of-00002.safetensors]:  73%|███████▎  | 2.41G/3.28G [16:10<06:14, 2.52MB/s][A[A[A[A[A[A[A[A







Downloading [model-00001-of-00002.safetensors]:  67%|██████▋   | 2.47G/3.71G [16:10<09:33, 2.32MB/s][A[A[A[A[A[A[A








Downloading [model-00002-of-00002.safetensors]:  73%|███████▎  | 2.41G/3.28G [16:10<05:43, 2.74MB/s][A[A[A[A[A[A[A[A







Downloading [model-00001-of-00002.safetensors]:  67%|██████▋   | 2.47G/3.71G [16:10<07:49, 2.84MB/s][A[A[A[A[A[A[A








Downloading [model-00002-of-00002.safetensors]:  73%|███████▎  | 2.41G/3.28G [16:10<05:13, 3.01MB/s][A[A[A[A[A[A[A[A







Downloading [model-00001-of-00002.safetensors]:  67%|██████▋   | 2.47G/3.71G [16:10<07:33, 2.93MB/s][A[A[A[A[A[A[A








Downloading [model-00002-of-00002.safetensors]:  73%|███████▎  | 2.41G/3.28G [16:11<04:38, 3.38MB/s][A[A[A[A[A[A[A[A







Downloading [model-00001-of-00002.safetensors]:  67%|██████▋   | 2.47G/3.71G [16:11<07:32, 2.94MB/s][A[A[A[A[A[A[A








Downloading [model-00002-of-00002.safetensors]:  73%|███████▎  | 2.41G/3.28G [16:11<04:54, 3.19MB/s][A[A[A[A[A[A[A[A







Downloading [model-00001-of-00002.safetensors]:  67%|██████▋   | 2.47G/3.71G [16:11<07:06, 3.11MB/s][A[A[A[A[A[A[A








Downloading [model-00002-of-00002.safetensors]:  73%|███████▎  | 2.41G/3.28G [16:11<04:32, 3.45MB/s][A[A[A[A[A[A[A[A







Downloading [model-00001-of-00002.safetensors]:  67%|██████▋   | 2.47G/3.71G [16:11<06:10, 3.58MB/s][A[A[A[A[A[A[A








Downloading [model-00002-of-00002.safetensors]:  73%|███████▎  | 2.41G/3.28G [16:11<04:00, 3.90MB/s][A[A[A[A[A[A[A[A







Downloading [model-00001-of-00002.safetensors]:  67%|██████▋   | 2.47G/3.71G [16:11<05:23, 4.10MB/s][A[A[A[A[A[A[A








Downloading [model-00002-of-00002.safetensors]:  73%|███████▎  | 2.41G/3.28G [16:12<04:04, 3.83MB/s][A[A[A[A[A[A[A[A







Downloading [model-00001-of-00002.safetensors]:  67%|██████▋   | 2.48G/3.71G [16:12<06:01, 3.66MB/s][A[A[A[A[A[A[A








Downloading [model-00002-of-00002.safetensors]:  73%|███████▎  | 2.41G/3.28G [16:12<04:15, 3.66MB/s][A[A[A[A[A[A[A[A







Downloading [model-00001-of-00002.safetensors]:  67%|██████▋   | 2.48G/3.71G [16:12<06:14, 3.53MB/s][A[A[A[A[A[A[A







Downloading [model-00001-of-00002.safetensors]:  67%|██████▋   | 2.48G/3.71G [16:12<07:00, 3.14MB/s][A[A[A[A[A[A[A








Downloading [model-00002-of-00002.safetensors]:  73%|███████▎  | 2.41G/3.28G [16:13<05:47, 2.69MB/s][A[A[A[A[A[A[A[A








Downloading [model-00002-of-00002.safetensors]:  74%|███████▎  | 2.42G/3.28G [16:13<04:33, 3.41MB/s][A[A[A[A[A[A[A[A







Downloading [model-00001-of-00002.safetensors]:  67%|██████▋   | 2.48G/3.71G [16:13<06:27, 3.41MB/s][A[A[A[A[A[A[A








Downloading [model-00002-of-00002.safetensors]:  74%|███████▎  | 2.42G/3.28G [16:13<05:24, 2.87MB/s][A[A[A[A[A[A[A[A







Downloading [model-00001-of-00002.safetensors]:  67%|██████▋   | 2.48G/3.71G [16:13<08:12, 2.68MB/s][A[A[A[A[A[A[A








Downloading [model-00002-of-00002.safetensors]:  74%|███████▎  | 2.42G/3.28G [16:14<06:08, 2.52MB/s][A[A[A[A[A[A[A[A







Downloading [model-00001-of-00002.safetensors]:  67%|██████▋   | 2.48G/3.71G [16:14<09:31, 2.31MB/s][A[A[A[A[A[A[A








Downloading [model-00002-of-00002.safetensors]:  74%|███████▎  | 2.42G/3.28G [16:14<05:31, 2.81MB/s][A[A[A[A[A[A[A[A







Downloading [model-00001-of-00002.safetensors]:  67%|██████▋   | 2.48G/3.71G [16:14<08:49, 2.49MB/s][A[A[A[A[A[A[A








Downloading [model-00002-of-00002.safetensors]:  74%|███████▎  | 2.42G/3.28G [16:14<05:53, 2.63MB/s][A[A[A[A[A[A[A[A







Downloading [model-00001-of-00002.safetensors]:  67%|██████▋   | 2.48G/3.71G [16:15<09:21, 2.35MB/s][A[A[A[A[A[A[A








Downloading [model-00002-of-00002.safetensors]:  74%|███████▎  | 2.42G/3.28G [16:15<06:07, 2.53MB/s][A[A[A[A[A[A[A[A








Downloading [model-00002-of-00002.safetensors]:  74%|███████▎  | 2.42G/3.28G [16:15<05:38, 2.74MB/s][A[A[A[A[A[A[A[A







Downloading [model-00001-of-00002.safetensors]:  67%|██████▋   | 2.48G/3.71G [16:15<09:46, 2.24MB/s][A[A[A[A[A[A[A








Downloading [model-00002-of-00002.safetensors]:  74%|███████▎  | 2.42G/3.28G [16:15<04:51, 3.17MB/s][A[A[A[A[A[A[A[A








Downloading [model-00002-of-00002.safetensors]:  74%|███████▍  | 2.42G/3.28G [16:16<04:05, 3.77MB/s][A[A[A[A[A[A[A[A







Downloading [model-00001-of-00002.safetensors]:  67%|██████▋   | 2.48G/3.71G [16:16<09:32, 2.30MB/s][A[A[A[A[A[A[A








Downloading [model-00002-of-00002.safetensors]:  74%|███████▍  | 2.42G/3.28G [16:16<03:58, 3.88MB/s][A[A[A[A[A[A[A[A







Downloading [model-00001-of-00002.safetensors]:  67%|██████▋   | 2.49G/3.71G [16:16<11:10, 1.96MB/s][A[A[A[A[A[A[A








Downloading [model-00002-of-00002.safetensors]:  74%|███████▍  | 2.42G/3.28G [16:16<05:31, 2.78MB/s][A[A[A[A[A[A[A[A








Downloading [model-00002-of-00002.safetensors]:  74%|███████▍  | 2.43G/3.28G [16:17<04:36, 3.33MB/s][A[A[A[A[A[A[A[A







Downloading [model-00001-of-00002.safetensors]:  67%|██████▋   | 2.49G/3.71G [16:17<08:53, 2.46MB/s][A[A[A[A[A[A[A








Downloading [model-00002-of-00002.safetensors]:  74%|███████▍  | 2.43G/3.28G [16:17<03:40, 4.18MB/s][A[A[A[A[A[A[A[A







Downloading [model-00001-of-00002.safetensors]:  67%|██████▋   | 2.49G/3.71G [16:17<05:40, 3.85MB/s][A[A[A[A[A[A[A








Downloading [model-00002-of-00002.safetensors]:  74%|███████▍  | 2.43G/3.28G [16:17<03:04, 5.00MB/s][A[A[A[A[A[A[A[A







Downloading [model-00001-of-00002.safetensors]:  67%|██████▋   | 2.49G/3.71G [16:17<05:08, 4.25MB/s][A[A[A[A[A[A[A








Downloading [model-00002-of-00002.safetensors]:  74%|███████▍  | 2.43G/3.28G [16:17<03:01, 5.07MB/s][A[A[A[A[A[A[A[A








Downloading [model-00002-of-00002.safetensors]:  74%|███████▍  | 2.43G/3.28G [16:17<02:40, 5.73MB/s][A[A[A[A[A[A[A[A







Downloading [model-00001-of-00002.safetensors]:  67%|██████▋   | 2.49G/3.71G [16:17<05:01, 4.34MB/s][A[A[A[A[A[A[A








Downloading [model-00002-of-00002.safetensors]:  74%|███████▍  | 2.43G/3.28G [16:17<02:19, 6.58MB/s][A[A[A[A[A[A[A[A







Downloading [model-00001-of-00002.safetensors]:  67%|██████▋   | 2.49G/3.71G [16:17<04:44, 4.59MB/s][A[A[A[A[A[A[A








Downloading [model-00002-of-00002.safetensors]:  74%|███████▍  | 2.43G/3.28G [16:17<02:40, 5.69MB/s][A[A[A[A[A[A[A[A







Downloading [model-00001-of-00002.safetensors]:  67%|██████▋   | 2.49G/3.71G [16:18<04:11, 5.20MB/s][A[A[A[A[A[A[A







Downloading [model-00001-of-00002.safetensors]:  67%|██████▋   | 2.49G/3.71G [16:18<04:15, 5.11MB/s][A[A[A[A[A[A[A








Downloading [model-00002-of-00002.safetensors]:  74%|███████▍  | 2.43G/3.28G [16:18<03:48, 4.01MB/s][A[A[A[A[A[A[A[A







Downloading [model-00001-of-00002.safetensors]:  67%|██████▋   | 2.49G/3.71G [16:18<06:24, 3.39MB/s][A[A[A[A[A[A[A








Downloading [model-00002-of-00002.safetensors]:  74%|███████▍  | 2.43G/3.28G [16:18<04:42, 3.23MB/s][A[A[A[A[A[A[A[A







Downloading [model-00001-of-00002.safetensors]:  67%|██████▋   | 2.50G/3.71G [16:19<06:14, 3.48MB/s][A[A[A[A[A[A[A








Downloading [model-00002-of-00002.safetensors]:  74%|███████▍  | 2.43G/3.28G [16:19<05:00, 3.03MB/s][A[A[A[A[A[A[A[A







Downloading [model-00001-of-00002.safetensors]:  67%|██████▋   | 2.50G/3.71G [16:19<07:15, 2.99MB/s][A[A[A[A[A[A[A








Downloading [model-00002-of-00002.safetensors]:  74%|███████▍  | 2.44G/3.28G [16:19<06:29, 2.34MB/s][A[A[A[A[A[A[A[A







Downloading [model-00001-of-00002.safetensors]:  67%|██████▋   | 2.50G/3.71G [16:20<08:09, 2.66MB/s][A[A[A[A[A[A[A








Downloading [model-00002-of-00002.safetensors]:  74%|███████▍  | 2.44G/3.28G [16:20<05:46, 2.62MB/s][A[A[A[A[A[A[A[A







Downloading [model-00001-of-00002.safetensors]:  67%|██████▋   | 2.50G/3.71G [16:20<07:13, 3.00MB/s][A[A[A[A[A[A[A








Downloading [model-00002-of-00002.safetensors]:  74%|███████▍  | 2.44G/3.28G [16:20<04:53, 3.10MB/s][A[A[A[A[A[A[A[A







Downloading [model-00001-of-00002.safetensors]:  67%|██████▋   | 2.50G/3.71G [16:20<06:24, 3.38MB/s][A[A[A[A[A[A[A








Downloading [model-00002-of-00002.safetensors]:  74%|███████▍  | 2.44G/3.28G [16:20<04:09, 3.64MB/s][A[A[A[A[A[A[A[A







Downloading [model-00001-of-00002.safetensors]:  67%|██████▋   | 2.50G/3.71G [16:20<05:44, 3.77MB/s][A[A[A[A[A[A[A








Downloading [model-00002-of-00002.safetensors]:  74%|███████▍  | 2.44G/3.28G [16:20<03:34, 4.23MB/s][A[A[A[A[A[A[A[A







Downloading [model-00001-of-00002.safetensors]:  67%|██████▋   | 2.50G/3.71G [16:20<05:13, 4.13MB/s][A[A[A[A[A[A[A








Downloading [model-00002-of-00002.safetensors]:  74%|███████▍  | 2.44G/3.28G [16:20<03:22, 4.48MB/s][A[A[A[A[A[A[A[A







Downloading [model-00001-of-00002.safetensors]:  67%|██████▋   | 2.50G/3.71G [16:21<04:50, 4.47MB/s][A[A[A[A[A[A[A








Downloading [model-00002-of-00002.safetensors]:  74%|███████▍  | 2.44G/3.28G [16:21<03:14, 4.67MB/s][A[A[A[A[A[A[A[A







Downloading [model-00001-of-00002.safetensors]:  67%|██████▋   | 2.50G/3.71G [16:21<04:29, 4.80MB/s][A[A[A[A[A[A[A







Downloading [model-00001-of-00002.safetensors]:  68%|██████▊   | 2.50G/3.71G [16:21<04:18, 5.01MB/s][A[A[A[A[A[A[A








Downloading [model-00002-of-00002.safetensors]:  74%|███████▍  | 2.44G/3.28G [16:21<03:53, 3.87MB/s][A[A[A[A[A[A[A[A







Downloading [model-00001-of-00002.safetensors]:  68%|██████▊   | 2.50G/3.71G [16:21<06:04, 3.54MB/s][A[A[A[A[A[A[A








Downloading [model-00002-of-00002.safetensors]:  74%|███████▍  | 2.44G/3.28G [16:22<04:30, 3.34MB/s][A[A[A[A[A[A[A[A







Downloading [model-00001-of-00002.safetensors]:  68%|██████▊   | 2.51G/3.71G [16:22<08:16, 2.60MB/s][A[A[A[A[A[A[A








Downloading [model-00002-of-00002.safetensors]:  74%|███████▍  | 2.45G/3.28G [16:22<04:34, 3.29MB/s][A[A[A[A[A[A[A[A








Downloading [model-00002-of-00002.safetensors]:  74%|███████▍  | 2.45G/3.28G [16:22<04:09, 3.61MB/s][A[A[A[A[A[A[A[A







Downloading [model-00001-of-00002.safetensors]:  68%|██████▊   | 2.51G/3.71G [16:22<07:51, 2.74MB/s][A[A[A[A[A[A[A








Downloading [model-00002-of-00002.safetensors]:  75%|███████▍  | 2.45G/3.28G [16:23<03:58, 3.77MB/s][A[A[A[A[A[A[A[A







Downloading [model-00001-of-00002.safetensors]:  68%|██████▊   | 2.51G/3.71G [16:23<07:04, 3.04MB/s][A[A[A[A[A[A[A








Downloading [model-00002-of-00002.safetensors]:  75%|███████▍  | 2.45G/3.28G [16:23<04:46, 3.14MB/s][A[A[A[A[A[A[A[A







Downloading [model-00001-of-00002.safetensors]:  68%|██████▊   | 2.51G/3.71G [16:23<07:43, 2.78MB/s][A[A[A[A[A[A[A








Downloading [model-00002-of-00002.safetensors]:  75%|███████▍  | 2.45G/3.28G [16:23<04:41, 3.18MB/s][A[A[A[A[A[A[A[A







Downloading [model-00001-of-00002.safetensors]:  68%|██████▊   | 2.51G/3.71G [16:23<07:01, 3.06MB/s][A[A[A[A[A[A[A








Downloading [model-00002-of-00002.safetensors]:  75%|███████▍  | 2.45G/3.28G [16:24<04:28, 3.33MB/s][A[A[A[A[A[A[A[A







Downloading [model-00001-of-00002.safetensors]:  68%|██████▊   | 2.51G/3.71G [16:24<06:41, 3.21MB/s][A[A[A[A[A[A[A








Downloading [model-00002-of-00002.safetensors]:  75%|███████▍  | 2.45G/3.28G [16:24<04:04, 3.67MB/s][A[A[A[A[A[A[A[A







Downloading [model-00001-of-00002.safetensors]:  68%|██████▊   | 2.51G/3.71G [16:24<06:16, 3.42MB/s][A[A[A[A[A[A[A








Downloading [model-00002-of-00002.safetensors]:  75%|███████▍  | 2.45G/3.28G [16:24<03:38, 4.09MB/s][A[A[A[A[A[A[A[A







Downloading [model-00001-of-00002.safetensors]:  68%|██████▊   | 2.51G/3.71G [16:24<05:34, 3.84MB/s][A[A[A[A[A[A[A








Downloading [model-00002-of-00002.safetensors]:  75%|███████▍  | 2.45G/3.28G [16:24<04:06, 3.62MB/s][A[A[A[A[A[A[A[A







Downloading [model-00001-of-00002.safetensors]:  68%|██████▊   | 2.51G/3.71G [16:25<06:53, 3.10MB/s][A[A[A[A[A[A[A







Downloading [model-00001-of-00002.safetensors]:  68%|██████▊   | 2.51G/3.71G [16:25<09:21, 2.28MB/s][A[A[A[A[A[A[A








Downloading [model-00002-of-00002.safetensors]:  75%|███████▍  | 2.45G/3.28G [16:26<07:56, 1.87MB/s][A[A[A[A[A[A[A[A







Downloading [model-00001-of-00002.safetensors]:  68%|██████▊   | 2.52G/3.71G [16:26<10:18, 2.07MB/s][A[A[A[A[A[A[A








Downloading [model-00002-of-00002.safetensors]:  75%|███████▍  | 2.46G/3.28G [16:26<07:45, 1.91MB/s][A[A[A[A[A[A[A[A







Downloading [model-00001-of-00002.safetensors]:  68%|██████▊   | 2.52G/3.71G [16:26<09:58, 2.14MB/s][A[A[A[A[A[A[A








Downloading [model-00002-of-00002.safetensors]:  75%|███████▍  | 2.46G/3.28G [16:27<07:03, 2.10MB/s][A[A[A[A[A[A[A[A







Downloading [model-00001-of-00002.safetensors]:  68%|██████▊   | 2.52G/3.71G [16:27<08:41, 2.46MB/s][A[A[A[A[A[A[A








Downloading [model-00002-of-00002.safetensors]:  75%|███████▍  | 2.46G/3.28G [16:27<06:21, 2.33MB/s][A[A[A[A[A[A[A[A







Downloading [model-00001-of-00002.safetensors]:  68%|██████▊   | 2.52G/3.71G [16:27<07:14, 2.94MB/s][A[A[A[A[A[A[A







Downloading [model-00001-of-00002.safetensors]:  68%|██████▊   | 2.52G/3.71G [16:27<06:01, 3.54MB/s][A[A[A[A[A[A[A








Downloading [model-00002-of-00002.safetensors]:  75%|███████▍  | 2.46G/3.28G [16:27<05:22, 2.75MB/s][A[A[A[A[A[A[A[A







Downloading [model-00001-of-00002.safetensors]:  68%|██████▊   | 2.52G/3.71G [16:27<05:55, 3.59MB/s][A[A[A[A[A[A[A








Downloading [model-00002-of-00002.safetensors]:  75%|███████▍  | 2.46G/3.28G [16:28<06:08, 2.40MB/s][A[A[A[A[A[A[A[A







Downloading [model-00001-of-00002.safetensors]:  68%|██████▊   | 2.52G/3.71G [16:28<06:08, 3.46MB/s][A[A[A[A[A[A[A







Downloading [model-00001-of-00002.safetensors]:  68%|██████▊   | 2.52G/3.71G [16:28<06:16, 3.38MB/s][A[A[A[A[A[A[A







Downloading [model-00001-of-00002.safetensors]:  68%|██████▊   | 2.52G/3.71G [16:29<08:03, 2.63MB/s][A[A[A[A[A[A[A







Downloading [model-00001-of-00002.safetensors]:  68%|██████▊   | 2.52G/3.71G [16:29<07:31, 2.82MB/s][A[A[A[A[A[A[A








Downloading [model-00002-of-00002.safetensors]:  75%|███████▍  | 2.46G/3.28G [16:29<09:59, 1.48MB/s][A[A[A[A[A[A[A[A







Downloading [model-00001-of-00002.safetensors]:  68%|██████▊   | 2.53G/3.71G [16:29<07:24, 2.86MB/s][A[A[A[A[A[A[A








Downloading [model-00002-of-00002.safetensors]:  75%|███████▍  | 2.46G/3.28G [16:30<09:53, 1.49MB/s][A[A[A[A[A[A[A[A







Downloading [model-00001-of-00002.safetensors]:  68%|██████▊   | 2.53G/3.71G [16:30<07:58, 2.65MB/s][A[A[A[A[A[A[A








Downloading [model-00002-of-00002.safetensors]:  75%|███████▍  | 2.46G/3.28G [16:30<08:34, 1.72MB/s][A[A[A[A[A[A[A[A







Downloading [model-00001-of-00002.safetensors]:  68%|██████▊   | 2.53G/3.71G [16:30<08:13, 2.57MB/s][A[A[A[A[A[A[A








Downloading [model-00002-of-00002.safetensors]:  75%|███████▍  | 2.46G/3.28G [16:31<08:01, 1.83MB/s][A[A[A[A[A[A[A[A







Downloading [model-00001-of-00002.safetensors]:  68%|██████▊   | 2.53G/3.71G [16:31<08:15, 2.56MB/s][A[A[A[A[A[A[A







Downloading [model-00001-of-00002.safetensors]:  68%|██████▊   | 2.53G/3.71G [16:31<07:36, 2.78MB/s][A[A[A[A[A[A[A








Downloading [model-00002-of-00002.safetensors]:  75%|███████▌  | 2.46G/3.28G [16:31<07:02, 2.09MB/s][A[A[A[A[A[A[A[A







Downloading [model-00001-of-00002.safetensors]:  68%|██████▊   | 2.53G/3.71G [16:31<07:18, 2.89MB/s][A[A[A[A[A[A[A








Downloading [model-00002-of-00002.safetensors]:  75%|███████▌  | 2.46G/3.28G [16:31<06:43, 2.18MB/s][A[A[A[A[A[A[A[A








Downloading [model-00002-of-00002.safetensors]:  75%|███████▌  | 2.47G/3.28G [16:32<06:25, 2.28MB/s][A[A[A[A[A[A[A[A







Downloading [model-00001-of-00002.safetensors]:  68%|██████▊   | 2.53G/3.71G [16:32<10:44, 1.96MB/s][A[A[A[A[A[A[A








Downloading [model-00002-of-00002.safetensors]:  75%|███████▌  | 2.47G/3.28G [16:32<07:20, 1.99MB/s][A[A[A[A[A[A[A[A







Downloading [model-00001-of-00002.safetensors]:  68%|██████▊   | 2.53G/3.71G [16:33<11:24, 1.84MB/s][A[A[A[A[A[A[A








Downloading [model-00002-of-00002.safetensors]:  75%|███████▌  | 2.47G/3.28G [16:33<07:21, 1.99MB/s][A[A[A[A[A[A[A[A







Downloading [model-00001-of-00002.safetensors]:  68%|██████▊   | 2.53G/3.71G [16:33<09:23, 2.24MB/s][A[A[A[A[A[A[A








Downloading [model-00002-of-00002.safetensors]:  75%|███████▌  | 2.47G/3.28G [16:33<07:05, 2.06MB/s][A[A[A[A[A[A[A[A







Downloading [model-00001-of-00002.safetensors]:  68%|██████▊   | 2.53G/3.71G [16:34<09:23, 2.24MB/s][A[A[A[A[A[A[A







Downloading [model-00001-of-00002.safetensors]:  68%|██████▊   | 2.54G/3.71G [16:34<09:07, 2.30MB/s][A[A[A[A[A[A[A








Downloading [model-00002-of-00002.safetensors]:  75%|███████▌  | 2.47G/3.28G [16:34<07:23, 1.97MB/s][A[A[A[A[A[A[A[A







Downloading [model-00001-of-00002.safetensors]:  68%|██████▊   | 2.54G/3.71G [16:34<08:13, 2.55MB/s][A[A[A[A[A[A[A








Downloading [model-00002-of-00002.safetensors]:  75%|███████▌  | 2.47G/3.28G [16:35<07:24, 1.97MB/s][A[A[A[A[A[A[A[A








Downloading [model-00002-of-00002.safetensors]:  75%|███████▌  | 2.47G/3.28G [16:35<06:02, 2.41MB/s][A[A[A[A[A[A[A[A







Downloading [model-00001-of-00002.safetensors]:  68%|██████▊   | 2.54G/3.71G [16:35<09:23, 2.23MB/s][A[A[A[A[A[A[A








Downloading [model-00002-of-00002.safetensors]:  75%|███████▌  | 2.47G/3.28G [16:35<05:05, 2.85MB/s][A[A[A[A[A[A[A[A








Downloading [model-00002-of-00002.safetensors]:  75%|███████▌  | 2.47G/3.28G [16:35<04:32, 3.19MB/s][A[A[A[A[A[A[A[A







Downloading [model-00001-of-00002.safetensors]:  68%|██████▊   | 2.54G/3.71G [16:35<09:16, 2.26MB/s][A[A[A[A[A[A[A








Downloading [model-00002-of-00002.safetensors]:  75%|███████▌  | 2.47G/3.28G [16:35<04:02, 3.59MB/s][A[A[A[A[A[A[A[A







Downloading [model-00001-of-00002.safetensors]:  68%|██████▊   | 2.54G/3.71G [16:36<08:27, 2.47MB/s][A[A[A[A[A[A[A








Downloading [model-00002-of-00002.safetensors]:  75%|███████▌  | 2.48G/3.28G [16:36<03:46, 3.83MB/s][A[A[A[A[A[A[A[A








Downloading [model-00002-of-00002.safetensors]:  75%|███████▌  | 2.48G/3.28G [16:36<03:20, 4.32MB/s][A[A[A[A[A[A[A[A







Downloading [model-00001-of-00002.safetensors]:  68%|██████▊   | 2.54G/3.71G [16:36<07:27, 2.80MB/s][A[A[A[A[A[A[A








Downloading [model-00002-of-00002.safetensors]:  75%|███████▌  | 2.48G/3.28G [16:36<03:02, 4.76MB/s][A[A[A[A[A[A[A[A







Downloading [model-00001-of-00002.safetensors]:  69%|██████▊   | 2.54G/3.71G [16:36<06:43, 3.11MB/s][A[A[A[A[A[A[A








Downloading [model-00002-of-00002.safetensors]:  75%|███████▌  | 2.48G/3.28G [16:36<02:54, 4.97MB/s][A[A[A[A[A[A[A[A








Downloading [model-00002-of-00002.safetensors]:  75%|███████▌  | 2.48G/3.28G [16:36<02:39, 5.42MB/s][A[A[A[A[A[A[A[A







Downloading [model-00001-of-00002.safetensors]:  69%|██████▊   | 2.54G/3.71G [16:36<05:52, 3.55MB/s][A[A[A[A[A[A[A








Downloading [model-00002-of-00002.safetensors]:  76%|███████▌  | 2.48G/3.28G [16:36<02:30, 5.72MB/s][A[A[A[A[A[A[A[A







Downloading [model-00001-of-00002.safetensors]:  69%|██████▊   | 2.54G/3.71G [16:37<05:14, 3.99MB/s][A[A[A[A[A[A[A








Downloading [model-00002-of-00002.safetensors]:  76%|███████▌  | 2.48G/3.28G [16:37<02:25, 5.93MB/s][A[A[A[A[A[A[A[A







Downloading [model-00001-of-00002.safetensors]:  69%|██████▊   | 2.54G/3.71G [16:37<04:49, 4.32MB/s][A[A[A[A[A[A[A








Downloading [model-00002-of-00002.safetensors]:  76%|███████▌  | 2.48G/3.28G [16:37<02:21, 6.08MB/s][A[A[A[A[A[A[A[A







Downloading [model-00001-of-00002.safetensors]:  69%|██████▊   | 2.54G/3.71G [16:37<04:53, 4.26MB/s][A[A[A[A[A[A[A








Downloading [model-00002-of-00002.safetensors]:  76%|███████▌  | 2.48G/3.28G [16:37<02:55, 4.90MB/s][A[A[A[A[A[A[A[A








Downloading [model-00002-of-00002.safetensors]:  76%|███████▌  | 2.48G/3.28G [16:37<02:55, 4.90MB/s][A[A[A[A[A[A[A[A







Downloading [model-00001-of-00002.safetensors]:  69%|██████▊   | 2.55G/3.71G [16:37<05:32, 3.76MB/s][A[A[A[A[A[A[A








Downloading [model-00002-of-00002.safetensors]:  76%|███████▌  | 2.49G/3.28G [16:38<03:35, 3.98MB/s][A[A[A[A[A[A[A[A







Downloading [model-00001-of-00002.safetensors]:  69%|██████▊   | 2.55G/3.71G [16:38<07:12, 2.88MB/s][A[A[A[A[A[A[A








Downloading [model-00002-of-00002.safetensors]:  76%|███████▌  | 2.49G/3.28G [16:38<03:40, 3.88MB/s][A[A[A[A[A[A[A[A







Downloading [model-00001-of-00002.safetensors]:  69%|██████▊   | 2.55G/3.71G [16:38<06:32, 3.18MB/s][A[A[A[A[A[A[A








Downloading [model-00002-of-00002.safetensors]:  76%|███████▌  | 2.49G/3.28G [16:38<04:14, 3.36MB/s][A[A[A[A[A[A[A[A







Downloading [model-00001-of-00002.safetensors]:  69%|██████▊   | 2.55G/3.71G [16:39<07:41, 2.70MB/s][A[A[A[A[A[A[A








Downloading [model-00002-of-00002.safetensors]:  76%|███████▌  | 2.49G/3.28G [16:39<04:30, 3.16MB/s][A[A[A[A[A[A[A[A







Downloading [model-00001-of-00002.safetensors]:  69%|██████▊   | 2.55G/3.71G [16:39<06:57, 2.98MB/s][A[A[A[A[A[A[A








Downloading [model-00002-of-00002.safetensors]:  76%|███████▌  | 2.49G/3.28G [16:39<04:27, 3.19MB/s][A[A[A[A[A[A[A[A







Downloading [model-00001-of-00002.safetensors]:  69%|██████▉   | 2.55G/3.71G [16:39<06:16, 3.30MB/s][A[A[A[A[A[A[A







Downloading [model-00001-of-00002.safetensors]:  69%|██████▉   | 2.55G/3.71G [16:39<05:33, 3.72MB/s][A[A[A[A[A[A[A








Downloading [model-00002-of-00002.safetensors]:  76%|███████▌  | 2.49G/3.28G [16:39<04:14, 3.36MB/s][A[A[A[A[A[A[A[A







Downloading [model-00001-of-00002.safetensors]:  69%|██████▉   | 2.55G/3.71G [16:40<04:59, 4.14MB/s][A[A[A[A[A[A[A








Downloading [model-00002-of-00002.safetensors]:  76%|███████▌  | 2.49G/3.28G [16:40<03:48, 3.73MB/s][A[A[A[A[A[A[A[A








Downloading [model-00002-of-00002.safetensors]:  76%|███████▌  | 2.49G/3.28G [16:40<03:18, 4.28MB/s][A[A[A[A[A[A[A[A







Downloading [model-00001-of-00002.safetensors]:  69%|██████▉   | 2.55G/3.71G [16:40<05:08, 4.03MB/s][A[A[A[A[A[A[A








Downloading [model-00002-of-00002.safetensors]:  76%|███████▌  | 2.49G/3.28G [16:40<02:52, 4.93MB/s][A[A[A[A[A[A[A[A








Downloading [model-00002-of-00002.safetensors]:  76%|███████▌  | 2.49G/3.28G [16:40<02:35, 5.47MB/s][A[A[A[A[A[A[A[A







Downloading [model-00001-of-00002.safetensors]:  69%|██████▉   | 2.55G/3.71G [16:40<05:02, 4.10MB/s][A[A[A[A[A[A[A








Downloading [model-00002-of-00002.safetensors]:  76%|███████▌  | 2.50G/3.28G [16:40<02:23, 5.90MB/s][A[A[A[A[A[A[A[A







Downloading [model-00001-of-00002.safetensors]:  69%|██████▉   | 2.56G/3.71G [16:40<04:36, 4.48MB/s][A[A[A[A[A[A[A








Downloading [model-00002-of-00002.safetensors]:  76%|███████▌  | 2.50G/3.28G [16:40<02:19, 6.07MB/s][A[A[A[A[A[A[A[A







Downloading [model-00001-of-00002.safetensors]:  69%|██████▉   | 2.56G/3.71G [16:40<04:20, 4.76MB/s][A[A[A[A[A[A[A








Downloading [model-00002-of-00002.safetensors]:  76%|███████▌  | 2.50G/3.28G [16:41<02:17, 6.16MB/s][A[A[A[A[A[A[A[A







Downloading [model-00001-of-00002.safetensors]:  69%|██████▉   | 2.56G/3.71G [16:41<04:08, 4.97MB/s][A[A[A[A[A[A[A








Downloading [model-00002-of-00002.safetensors]:  76%|███████▌  | 2.50G/3.28G [16:41<02:15, 6.23MB/s][A[A[A[A[A[A[A[A







Downloading [model-00001-of-00002.safetensors]:  69%|██████▉   | 2.56G/3.71G [16:41<03:50, 5.35MB/s][A[A[A[A[A[A[A








Downloading [model-00002-of-00002.safetensors]:  76%|███████▌  | 2.50G/3.28G [16:41<02:21, 5.94MB/s][A[A[A[A[A[A[A[A







Downloading [model-00001-of-00002.safetensors]:  69%|██████▉   | 2.56G/3.71G [16:41<03:36, 5.71MB/s][A[A[A[A[A[A[A








Downloading [model-00002-of-00002.safetensors]:  76%|███████▌  | 2.50G/3.28G [16:41<02:32, 5.53MB/s][A[A[A[A[A[A[A[A







Downloading [model-00001-of-00002.safetensors]:  69%|██████▉   | 2.56G/3.71G [16:41<03:29, 5.89MB/s][A[A[A[A[A[A[A







Downloading [model-00001-of-00002.safetensors]:  69%|██████▉   | 2.56G/3.71G [16:41<04:34, 4.49MB/s][A[A[A[A[A[A[A








Downloading [model-00002-of-00002.safetensors]:  76%|███████▌  | 2.50G/3.28G [16:42<03:33, 3.94MB/s][A[A[A[A[A[A[A[A







Downloading [model-00001-of-00002.safetensors]:  69%|██████▉   | 2.56G/3.71G [16:42<04:46, 4.30MB/s][A[A[A[A[A[A[A








Downloading [model-00002-of-00002.safetensors]:  76%|███████▌  | 2.50G/3.28G [16:42<03:44, 3.74MB/s][A[A[A[A[A[A[A[A







Downloading [model-00001-of-00002.safetensors]:  69%|██████▉   | 2.56G/3.71G [16:42<04:22, 4.69MB/s][A[A[A[A[A[A[A








Downloading [model-00002-of-00002.safetensors]:  76%|███████▌  | 2.50G/3.28G [16:42<03:36, 3.87MB/s][A[A[A[A[A[A[A[A







Downloading [model-00001-of-00002.safetensors]:  69%|██████▉   | 2.56G/3.71G [16:42<03:58, 5.16MB/s][A[A[A[A[A[A[A







Downloading [model-00001-of-00002.safetensors]:  69%|██████▉   | 2.57G/3.71G [16:42<03:36, 5.67MB/s][A[A[A[A[A[A[A








Downloading [model-00002-of-00002.safetensors]:  76%|███████▌  | 2.50G/3.28G [16:42<03:21, 4.17MB/s][A[A[A[A[A[A[A[A







Downloading [model-00001-of-00002.safetensors]:  69%|██████▉   | 2.57G/3.71G [16:42<03:26, 5.95MB/s][A[A[A[A[A[A[A








Downloading [model-00002-of-00002.safetensors]:  76%|███████▋  | 2.50G/3.28G [16:43<03:28, 4.01MB/s][A[A[A[A[A[A[A[A







Downloading [model-00001-of-00002.safetensors]:  69%|██████▉   | 2.57G/3.71G [16:43<04:07, 4.96MB/s][A[A[A[A[A[A[A







Downloading [model-00001-of-00002.safetensors]:  69%|██████▉   | 2.57G/3.71G [16:43<04:24, 4.63MB/s][A[A[A[A[A[A[A








Downloading [model-00002-of-00002.safetensors]:  76%|███████▋  | 2.51G/3.28G [16:43<03:58, 3.51MB/s][A[A[A[A[A[A[A[A







Downloading [model-00001-of-00002.safetensors]:  69%|██████▉   | 2.57G/3.71G [16:43<04:11, 4.86MB/s][A[A[A[A[A[A[A








Downloading [model-00002-of-00002.safetensors]:  76%|███████▋  | 2.51G/3.28G [16:43<03:59, 3.49MB/s][A[A[A[A[A[A[A[A







Downloading [model-00001-of-00002.safetensors]:  69%|██████▉   | 2.57G/3.71G [16:43<03:50, 5.31MB/s][A[A[A[A[A[A[A







Downloading [model-00001-of-00002.safetensors]:  69%|██████▉   | 2.57G/3.71G [16:43<03:49, 5.33MB/s][A[A[A[A[A[A[A








Downloading [model-00002-of-00002.safetensors]:  76%|███████▋  | 2.51G/3.28G [16:44<03:51, 3.60MB/s][A[A[A[A[A[A[A[A







Downloading [model-00001-of-00002.safetensors]:  69%|██████▉   | 2.57G/3.71G [16:44<03:51, 5.28MB/s][A[A[A[A[A[A[A








Downloading [model-00002-of-00002.safetensors]:  76%|███████▋  | 2.51G/3.28G [16:44<03:27, 4.02MB/s][A[A[A[A[A[A[A[A







Downloading [model-00001-of-00002.safetensors]:  69%|██████▉   | 2.57G/3.71G [16:44<03:39, 5.55MB/s][A[A[A[A[A[A[A








Downloading [model-00002-of-00002.safetensors]:  76%|███████▋  | 2.51G/3.28G [16:44<03:19, 4.17MB/s][A[A[A[A[A[A[A[A







Downloading [model-00001-of-00002.safetensors]:  69%|██████▉   | 2.57G/3.71G [16:44<05:20, 3.80MB/s][A[A[A[A[A[A[A








Downloading [model-00002-of-00002.safetensors]:  76%|███████▋  | 2.51G/3.28G [16:44<04:02, 3.43MB/s][A[A[A[A[A[A[A[A







Downloading [model-00001-of-00002.safetensors]:  69%|██████▉   | 2.58G/3.71G [16:45<05:33, 3.65MB/s][A[A[A[A[A[A[A








Downloading [model-00002-of-00002.safetensors]:  76%|███████▋  | 2.51G/3.28G [16:45<03:50, 3.60MB/s][A[A[A[A[A[A[A[A








Downloading [model-00002-of-00002.safetensors]:  77%|███████▋  | 2.51G/3.28G [16:45<03:20, 4.13MB/s][A[A[A[A[A[A[A[A







Downloading [model-00001-of-00002.safetensors]:  69%|██████▉   | 2.58G/3.71G [16:45<05:25, 3.73MB/s][A[A[A[A[A[A[A








Downloading [model-00002-of-00002.safetensors]:  77%|███████▋  | 2.51G/3.28G [16:45<02:56, 4.68MB/s][A[A[A[A[A[A[A[A








Downloading [model-00002-of-00002.safetensors]:  77%|███████▋  | 2.51G/3.28G [16:45<02:38, 5.23MB/s][A[A[A[A[A[A[A[A







Downloading [model-00001-of-00002.safetensors]:  69%|██████▉   | 2.58G/3.71G [16:45<05:11, 3.90MB/s][A[A[A[A[A[A[A








Downloading [model-00002-of-00002.safetensors]:  77%|███████▋  | 2.52G/3.28G [16:45<02:21, 5.85MB/s][A[A[A[A[A[A[A[A







Downloading [model-00001-of-00002.safetensors]:  70%|██████▉   | 2.58G/3.71G [16:45<04:47, 4.22MB/s][A[A[A[A[A[A[A








Downloading [model-00002-of-00002.safetensors]:  77%|███████▋  | 2.52G/3.28G [16:45<02:18, 5.95MB/s][A[A[A[A[A[A[A[A







Downloading [model-00001-of-00002.safetensors]:  70%|██████▉   | 2.58G/3.71G [16:46<04:26, 4.56MB/s][A[A[A[A[A[A[A








Downloading [model-00002-of-00002.safetensors]:  77%|███████▋  | 2.52G/3.28G [16:46<02:15, 6.09MB/s][A[A[A[A[A[A[A[A







Downloading [model-00001-of-00002.safetensors]:  70%|██████▉   | 2.58G/3.71G [16:46<04:05, 4.94MB/s][A[A[A[A[A[A[A








Downloading [model-00002-of-00002.safetensors]:  77%|███████▋  | 2.52G/3.28G [16:46<02:43, 5.01MB/s][A[A[A[A[A[A[A[A








Downloading [model-00002-of-00002.safetensors]:  77%|███████▋  | 2.52G/3.28G [16:46<02:22, 5.77MB/s][A[A[A[A[A[A[A[A







Downloading [model-00001-of-00002.safetensors]:  70%|██████▉   | 2.58G/3.71G [16:46<04:53, 4.13MB/s][A[A[A[A[A[A[A








Downloading [model-00002-of-00002.safetensors]:  77%|███████▋  | 2.52G/3.28G [16:46<02:36, 5.24MB/s][A[A[A[A[A[A[A[A







Downloading [model-00001-of-00002.safetensors]:  70%|██████▉   | 2.58G/3.71G [16:46<04:54, 4.11MB/s][A[A[A[A[A[A[A








Downloading [model-00002-of-00002.safetensors]:  77%|███████▋  | 2.52G/3.28G [16:46<02:30, 5.44MB/s][A[A[A[A[A[A[A[A







Downloading [model-00001-of-00002.safetensors]:  70%|██████▉   | 2.58G/3.71G [16:47<04:29, 4.48MB/s][A[A[A[A[A[A[A








Downloading [model-00002-of-00002.safetensors]:  77%|███████▋  | 2.52G/3.28G [16:47<02:20, 5.82MB/s][A[A[A[A[A[A[A[A







Downloading [model-00001-of-00002.safetensors]:  70%|██████▉   | 2.58G/3.71G [16:47<04:10, 4.83MB/s][A[A[A[A[A[A[A








Downloading [model-00002-of-00002.safetensors]:  77%|███████▋  | 2.52G/3.28G [16:47<02:19, 5.84MB/s][A[A[A[A[A[A[A[A







Downloading [model-00001-of-00002.safetensors]:  70%|██████▉   | 2.58G/3.71G [16:47<03:55, 5.12MB/s][A[A[A[A[A[A[A








Downloading [model-00002-of-00002.safetensors]:  77%|███████▋  | 2.52G/3.28G [16:47<02:14, 6.05MB/s][A[A[A[A[A[A[A[A







Downloading [model-00001-of-00002.safetensors]:  70%|██████▉   | 2.59G/3.71G [16:47<03:38, 5.52MB/s][A[A[A[A[A[A[A








Downloading [model-00002-of-00002.safetensors]:  77%|███████▋  | 2.53G/3.28G [16:47<02:18, 5.90MB/s][A[A[A[A[A[A[A[A







Downloading [model-00001-of-00002.safetensors]:  70%|██████▉   | 2.59G/3.71G [16:47<04:49, 4.16MB/s][A[A[A[A[A[A[A








Downloading [model-00002-of-00002.safetensors]:  77%|███████▋  | 2.53G/3.28G [16:48<03:39, 3.71MB/s][A[A[A[A[A[A[A[A







Downloading [model-00001-of-00002.safetensors]:  70%|██████▉   | 2.59G/3.71G [16:48<05:07, 3.92MB/s][A[A[A[A[A[A[A








Downloading [model-00002-of-00002.safetensors]:  77%|███████▋  | 2.53G/3.28G [16:48<04:43, 2.87MB/s][A[A[A[A[A[A[A[A







Downloading [model-00001-of-00002.safetensors]:  70%|██████▉   | 2.59G/3.71G [16:48<06:35, 3.04MB/s][A[A[A[A[A[A[A








Downloading [model-00002-of-00002.safetensors]:  77%|███████▋  | 2.53G/3.28G [16:49<05:00, 2.70MB/s][A[A[A[A[A[A[A[A







Downloading [model-00001-of-00002.safetensors]:  70%|██████▉   | 2.59G/3.71G [16:49<07:07, 2.81MB/s][A[A[A[A[A[A[A







Downloading [model-00001-of-00002.safetensors]:  70%|██████▉   | 2.59G/3.71G [16:49<06:58, 2.87MB/s][A[A[A[A[A[A[A








Downloading [model-00002-of-00002.safetensors]:  77%|███████▋  | 2.53G/3.28G [16:49<05:28, 2.47MB/s][A[A[A[A[A[A[A[A







Downloading [model-00001-of-00002.safetensors]:  70%|██████▉   | 2.59G/3.71G [16:49<06:03, 3.30MB/s][A[A[A[A[A[A[A








Downloading [model-00002-of-00002.safetensors]:  77%|███████▋  | 2.53G/3.28G [16:49<04:43, 2.86MB/s][A[A[A[A[A[A[A[A







Downloading [model-00001-of-00002.safetensors]:  70%|██████▉   | 2.59G/3.71G [16:49<05:12, 3.84MB/s][A[A[A[A[A[A[A








Downloading [model-00002-of-00002.safetensors]:  77%|███████▋  | 2.53G/3.28G [16:50<04:03, 3.32MB/s][A[A[A[A[A[A[A[A







Downloading [model-00001-of-00002.safetensors]:  70%|██████▉   | 2.59G/3.71G [16:50<04:30, 4.42MB/s][A[A[A[A[A[A[A







Downloading [model-00001-of-00002.safetensors]:  70%|██████▉   | 2.59G/3.71G [16:50<04:05, 4.87MB/s][A[A[A[A[A[A[A








Downloading [model-00002-of-00002.safetensors]:  77%|███████▋  | 2.53G/3.28G [16:50<03:48, 3.54MB/s][A[A[A[A[A[A[A[A







Downloading [model-00001-of-00002.safetensors]:  70%|██████▉   | 2.60G/3.71G [16:50<04:41, 4.25MB/s][A[A[A[A[A[A[A







Downloading [model-00001-of-00002.safetensors]:  70%|███████   | 2.60G/3.71G [16:50<04:23, 4.53MB/s][A[A[A[A[A[A[A








Downloading [model-00002-of-00002.safetensors]:  77%|███████▋  | 2.53G/3.28G [16:50<04:24, 3.05MB/s][A[A[A[A[A[A[A[A







Downloading [model-00001-of-00002.safetensors]:  70%|███████   | 2.60G/3.71G [16:50<03:59, 4.99MB/s][A[A[A[A[A[A[A








Downloading [model-00002-of-00002.safetensors]:  77%|███████▋  | 2.53G/3.28G [16:51<04:07, 3.26MB/s][A[A[A[A[A[A[A[A







Downloading [model-00001-of-00002.safetensors]:  70%|███████   | 2.60G/3.71G [16:51<03:52, 5.13MB/s][A[A[A[A[A[A[A







Downloading [model-00001-of-00002.safetensors]:  70%|███████   | 2.60G/3.71G [16:51<03:40, 5.39MB/s][A[A[A[A[A[A[A








Downloading [model-00002-of-00002.safetensors]:  77%|███████▋  | 2.54G/3.28G [16:51<03:54, 3.43MB/s][A[A[A[A[A[A[A[A







Downloading [model-00001-of-00002.safetensors]:  70%|███████   | 2.60G/3.71G [16:51<03:49, 5.19MB/s][A[A[A[A[A[A[A








Downloading [model-00002-of-00002.safetensors]:  77%|███████▋  | 2.54G/3.28G [16:51<03:56, 3.39MB/s][A[A[A[A[A[A[A[A







Downloading [model-00001-of-00002.safetensors]:  70%|███████   | 2.60G/3.71G [16:51<03:53, 5.09MB/s][A[A[A[A[A[A[A








Downloading [model-00002-of-00002.safetensors]:  77%|███████▋  | 2.54G/3.28G [16:51<03:38, 3.67MB/s][A[A[A[A[A[A[A[A







Downloading [model-00001-of-00002.safetensors]:  70%|███████   | 2.60G/3.71G [16:52<04:44, 4.18MB/s][A[A[A[A[A[A[A








Downloading [model-00002-of-00002.safetensors]:  77%|███████▋  | 2.54G/3.28G [16:52<03:23, 3.95MB/s][A[A[A[A[A[A[A[A







Downloading [model-00001-of-00002.safetensors]:  70%|███████   | 2.60G/3.71G [16:52<03:01, 6.54MB/s][A[A[A[A[A[A[A








Downloading [model-00002-of-00002.safetensors]:  77%|███████▋  | 2.54G/3.28G [16:52<02:55, 4.56MB/s][A[A[A[A[A[A[A[A







Downloading [model-00001-of-00002.safetensors]:  70%|███████   | 2.61G/3.71G [16:52<03:03, 6.47MB/s][A[A[A[A[A[A[A








Downloading [model-00002-of-00002.safetensors]:  77%|███████▋  | 2.54G/3.28G [16:52<02:44, 4.85MB/s][A[A[A[A[A[A[A[A







Downloading [model-00001-of-00002.safetensors]:  70%|███████   | 2.61G/3.71G [16:52<03:09, 6.24MB/s][A[A[A[A[A[A[A








Downloading [model-00002-of-00002.safetensors]:  77%|███████▋  | 2.54G/3.28G [16:52<02:32, 5.22MB/s][A[A[A[A[A[A[A[A







Downloading [model-00001-of-00002.safetensors]:  70%|███████   | 2.61G/3.71G [16:52<03:16, 6.02MB/s][A[A[A[A[A[A[A








Downloading [model-00002-of-00002.safetensors]:  77%|███████▋  | 2.54G/3.28G [16:52<02:23, 5.56MB/s][A[A[A[A[A[A[A[A








Downloading [model-00002-of-00002.safetensors]:  77%|███████▋  | 2.54G/3.28G [16:52<02:18, 5.74MB/s][A[A[A[A[A[A[A[A







Downloading [model-00001-of-00002.safetensors]:  70%|███████   | 2.61G/3.71G [16:52<03:19, 5.92MB/s][A[A[A[A[A[A[A







Downloading [model-00001-of-00002.safetensors]:  70%|███████   | 2.61G/3.71G [16:53<03:20, 5.90MB/s][A[A[A[A[A[A[A








Downloading [model-00002-of-00002.safetensors]:  77%|███████▋  | 2.54G/3.28G [16:53<03:01, 4.39MB/s][A[A[A[A[A[A[A[A








Downloading [model-00002-of-00002.safetensors]:  77%|███████▋  | 2.54G/3.28G [16:53<03:41, 3.59MB/s][A[A[A[A[A[A[A[A







Downloading [model-00001-of-00002.safetensors]:  70%|███████   | 2.61G/3.71G [16:53<06:02, 3.26MB/s][A[A[A[A[A[A[A







Downloading [model-00001-of-00002.safetensors]:  70%|███████   | 2.61G/3.71G [16:53<05:29, 3.58MB/s][A[A[A[A[A[A[A








Downloading [model-00002-of-00002.safetensors]:  78%|███████▊  | 2.55G/3.28G [16:54<04:18, 3.07MB/s][A[A[A[A[A[A[A[A







Downloading [model-00001-of-00002.safetensors]:  70%|███████   | 2.61G/3.71G [16:54<05:29, 3.58MB/s][A[A[A[A[A[A[A








Downloading [model-00002-of-00002.safetensors]:  78%|███████▊  | 2.55G/3.28G [16:54<03:42, 3.56MB/s][A[A[A[A[A[A[A[A







Downloading [model-00001-of-00002.safetensors]:  70%|███████   | 2.61G/3.71G [16:54<06:46, 2.90MB/s][A[A[A[A[A[A[A








Downloading [model-00002-of-00002.safetensors]:  78%|███████▊  | 2.55G/3.28G [16:54<03:50, 3.43MB/s][A[A[A[A[A[A[A[A







Downloading [model-00001-of-00002.safetensors]:  70%|███████   | 2.61G/3.71G [16:55<06:07, 3.20MB/s][A[A[A[A[A[A[A








Downloading [model-00002-of-00002.safetensors]:  78%|███████▊  | 2.55G/3.28G [16:55<03:32, 3.71MB/s][A[A[A[A[A[A[A[A







Downloading [model-00001-of-00002.safetensors]:  71%|███████   | 2.62G/3.71G [16:55<06:10, 3.17MB/s][A[A[A[A[A[A[A







Downloading [model-00001-of-00002.safetensors]:  71%|███████   | 2.62G/3.71G [16:55<06:36, 2.96MB/s][A[A[A[A[A[A[A








Downloading [model-00002-of-00002.safetensors]:  78%|███████▊  | 2.55G/3.28G [16:55<04:40, 2.81MB/s][A[A[A[A[A[A[A[A







Downloading [model-00001-of-00002.safetensors]:  71%|███████   | 2.62G/3.71G [16:56<05:56, 3.29MB/s][A[A[A[A[A[A[A








Downloading [model-00002-of-00002.safetensors]:  78%|███████▊  | 2.55G/3.28G [16:56<03:22, 3.88MB/s][A[A[A[A[A[A[A[A







Downloading [model-00001-of-00002.safetensors]:  71%|███████   | 2.62G/3.71G [16:56<05:14, 3.72MB/s][A[A[A[A[A[A[A








Downloading [model-00002-of-00002.safetensors]:  78%|███████▊  | 2.55G/3.28G [16:56<03:02, 4.30MB/s][A[A[A[A[A[A[A[A








Downloading [model-00002-of-00002.safetensors]:  78%|███████▊  | 2.55G/3.28G [16:56<02:41, 4.85MB/s][A[A[A[A[A[A[A[A







Downloading [model-00001-of-00002.safetensors]:  71%|███████   | 2.62G/3.71G [16:56<04:34, 4.27MB/s][A[A[A[A[A[A[A








Downloading [model-00002-of-00002.safetensors]:  78%|███████▊  | 2.56G/3.28G [16:56<02:30, 5.19MB/s][A[A[A[A[A[A[A[A







Downloading [model-00001-of-00002.safetensors]:  71%|███████   | 2.62G/3.71G [16:56<04:13, 4.61MB/s][A[A[A[A[A[A[A








Downloading [model-00002-of-00002.safetensors]:  78%|███████▊  | 2.56G/3.28G [16:56<02:43, 4.78MB/s][A[A[A[A[A[A[A[A







Downloading [model-00001-of-00002.safetensors]:  71%|███████   | 2.62G/3.71G [16:56<04:31, 4.30MB/s][A[A[A[A[A[A[A








Downloading [model-00002-of-00002.safetensors]:  78%|███████▊  | 2.56G/3.28G [16:56<02:32, 5.11MB/s][A[A[A[A[A[A[A[A







Downloading [model-00001-of-00002.safetensors]:  71%|███████   | 2.62G/3.71G [16:56<03:58, 4.90MB/s][A[A[A[A[A[A[A







Downloading [model-00001-of-00002.safetensors]:  71%|███████   | 2.62G/3.71G [16:57<03:29, 5.57MB/s][A[A[A[A[A[A[A








Downloading [model-00002-of-00002.safetensors]:  78%|███████▊  | 2.56G/3.28G [16:57<02:26, 5.33MB/s][A[A[A[A[A[A[A[A







Downloading [model-00001-of-00002.safetensors]:  71%|███████   | 2.62G/3.71G [16:57<03:16, 5.94MB/s][A[A[A[A[A[A[A








Downloading [model-00002-of-00002.safetensors]:  78%|███████▊  | 2.56G/3.28G [16:57<02:32, 5.12MB/s][A[A[A[A[A[A[A[A







Downloading [model-00001-of-00002.safetensors]:  71%|███████   | 2.62G/3.71G [16:57<03:04, 6.29MB/s][A[A[A[A[A[A[A








Downloading [model-00002-of-00002.safetensors]:  78%|███████▊  | 2.56G/3.28G [16:57<02:30, 5.16MB/s][A[A[A[A[A[A[A[A







Downloading [model-00001-of-00002.safetensors]:  71%|███████   | 2.63G/3.71G [16:57<03:01, 6.41MB/s][A[A[A[A[A[A[A







Downloading [model-00001-of-00002.safetensors]:  71%|███████   | 2.63G/3.71G [16:57<02:59, 6.48MB/s][A[A[A[A[A[A[A








Downloading [model-00002-of-00002.safetensors]:  78%|███████▊  | 2.56G/3.28G [16:57<02:28, 5.22MB/s][A[A[A[A[A[A[A[A







Downloading [model-00001-of-00002.safetensors]:  71%|███████   | 2.63G/3.71G [16:57<03:19, 5.81MB/s][A[A[A[A[A[A[A








Downloading [model-00002-of-00002.safetensors]:  78%|███████▊  | 2.56G/3.28G [16:57<02:32, 5.10MB/s][A[A[A[A[A[A[A[A







Downloading [model-00001-of-00002.safetensors]:  71%|███████   | 2.63G/3.71G [16:58<02:37, 7.38MB/s][A[A[A[A[A[A[A







Downloading [model-00001-of-00002.safetensors]:  71%|███████   | 2.63G/3.71G [16:58<02:29, 7.76MB/s][A[A[A[A[A[A[A








Downloading [model-00002-of-00002.safetensors]:  78%|███████▊  | 2.56G/3.28G [16:58<02:51, 4.52MB/s][A[A[A[A[A[A[A[A








Downloading [model-00002-of-00002.safetensors]:  78%|███████▊  | 2.56G/3.28G [16:58<02:28, 5.22MB/s][A[A[A[A[A[A[A[A







Downloading [model-00001-of-00002.safetensors]:  71%|███████   | 2.63G/3.71G [16:58<02:46, 6.96MB/s][A[A[A[A[A[A[A







Downloading [model-00001-of-00002.safetensors]:  71%|███████   | 2.63G/3.71G [16:58<02:16, 8.44MB/s][A[A[A[A[A[A[A







Downloading [model-00001-of-00002.safetensors]:  71%|███████   | 2.63G/3.71G [16:58<02:20, 8.22MB/s][A[A[A[A[A[A[A








Downloading [model-00002-of-00002.safetensors]:  78%|███████▊  | 2.57G/3.28G [16:58<03:18, 3.88MB/s][A[A[A[A[A[A[A[A







Downloading [model-00001-of-00002.safetensors]:  71%|███████   | 2.64G/3.71G [16:58<02:12, 8.68MB/s][A[A[A[A[A[A[A







Downloading [model-00001-of-00002.safetensors]:  71%|███████   | 2.64G/3.71G [16:58<02:09, 8.89MB/s][A[A[A[A[A[A[A







Downloading [model-00001-of-00002.safetensors]:  71%|███████   | 2.64G/3.71G [16:59<02:13, 8.62MB/s][A[A[A[A[A[A[A








Downloading [model-00002-of-00002.safetensors]:  78%|███████▊  | 2.57G/3.28G [16:59<03:41, 3.48MB/s][A[A[A[A[A[A[A[A







Downloading [model-00001-of-00002.safetensors]:  71%|███████   | 2.64G/3.71G [16:59<02:36, 7.35MB/s][A[A[A[A[A[A[A







Downloading [model-00001-of-00002.safetensors]:  71%|███████   | 2.64G/3.71G [16:59<02:05, 9.12MB/s][A[A[A[A[A[A[A








Downloading [model-00002-of-00002.safetensors]:  78%|███████▊  | 2.57G/3.28G [16:59<03:38, 3.52MB/s][A[A[A[A[A[A[A[A







Downloading [model-00001-of-00002.safetensors]:  71%|███████   | 2.64G/3.71G [16:59<02:17, 8.31MB/s][A[A[A[A[A[A[A








Downloading [model-00002-of-00002.safetensors]:  78%|███████▊  | 2.57G/3.28G [16:59<03:14, 3.95MB/s][A[A[A[A[A[A[A[A







Downloading [model-00001-of-00002.safetensors]:  71%|███████   | 2.64G/3.71G [16:59<02:23, 7.97MB/s][A[A[A[A[A[A[A








Downloading [model-00002-of-00002.safetensors]:  78%|███████▊  | 2.57G/3.28G [16:59<03:03, 4.17MB/s][A[A[A[A[A[A[A[A







Downloading [model-00001-of-00002.safetensors]:  71%|███████▏  | 2.64G/3.71G [16:59<02:28, 7.72MB/s][A[A[A[A[A[A[A







Downloading [model-00001-of-00002.safetensors]:  71%|███████▏  | 2.64G/3.71G [17:00<02:26, 7.80MB/s][A[A[A[A[A[A[A








Downloading [model-00002-of-00002.safetensors]:  78%|███████▊  | 2.57G/3.28G [17:00<03:05, 4.12MB/s][A[A[A[A[A[A[A[A







Downloading [model-00001-of-00002.safetensors]:  71%|███████▏  | 2.65G/3.71G [17:00<02:23, 7.95MB/s][A[A[A[A[A[A[A







Downloading [model-00001-of-00002.safetensors]:  71%|███████▏  | 2.65G/3.71G [17:00<02:29, 7.61MB/s][A[A[A[A[A[A[A








Downloading [model-00002-of-00002.safetensors]:  78%|███████▊  | 2.57G/3.28G [17:00<03:00, 4.25MB/s][A[A[A[A[A[A[A[A







Downloading [model-00001-of-00002.safetensors]:  71%|███████▏  | 2.65G/3.71G [17:00<02:34, 7.38MB/s][A[A[A[A[A[A[A








Downloading [model-00002-of-00002.safetensors]:  78%|███████▊  | 2.57G/3.28G [17:00<02:47, 4.57MB/s][A[A[A[A[A[A[A[A







Downloading [model-00001-of-00002.safetensors]:  71%|███████▏  | 2.65G/3.71G [17:00<02:39, 7.16MB/s][A[A[A[A[A[A[A








Downloading [model-00002-of-00002.safetensors]:  78%|███████▊  | 2.57G/3.28G [17:00<02:40, 4.76MB/s][A[A[A[A[A[A[A[A







Downloading [model-00001-of-00002.safetensors]:  71%|███████▏  | 2.65G/3.71G [17:00<02:41, 7.06MB/s][A[A[A[A[A[A[A







Downloading [model-00001-of-00002.safetensors]:  71%|███████▏  | 2.65G/3.71G [17:00<02:28, 7.64MB/s][A[A[A[A[A[A[A







Downloading [model-00001-of-00002.safetensors]:  71%|███████▏  | 2.65G/3.71G [17:01<02:26, 7.77MB/s][A[A[A[A[A[A[A








Downloading [model-00002-of-00002.safetensors]:  78%|███████▊  | 2.57G/3.28G [17:01<02:56, 4.31MB/s][A[A[A[A[A[A[A[A







Downloading [model-00001-of-00002.safetensors]:  72%|███████▏  | 2.65G/3.71G [17:01<02:26, 7.76MB/s][A[A[A[A[A[A[A








Downloading [model-00002-of-00002.safetensors]:  78%|███████▊  | 2.58G/3.28G [17:01<02:51, 4.44MB/s][A[A[A[A[A[A[A[A







Downloading [model-00001-of-00002.safetensors]:  72%|███████▏  | 2.65G/3.71G [17:01<02:31, 7.50MB/s][A[A[A[A[A[A[A








Downloading [model-00002-of-00002.safetensors]:  78%|███████▊  | 2.58G/3.28G [17:01<02:41, 4.70MB/s][A[A[A[A[A[A[A[A







Downloading [model-00001-of-00002.safetensors]:  72%|███████▏  | 2.65G/3.71G [17:01<02:39, 7.10MB/s][A[A[A[A[A[A[A








Downloading [model-00002-of-00002.safetensors]:  78%|███████▊  | 2.58G/3.28G [17:01<02:27, 5.14MB/s][A[A[A[A[A[A[A[A







Downloading [model-00001-of-00002.safetensors]:  72%|███████▏  | 2.66G/3.71G [17:01<03:11, 5.91MB/s][A[A[A[A[A[A[A








Downloading [model-00002-of-00002.safetensors]:  78%|███████▊  | 2.58G/3.28G [17:01<02:16, 5.55MB/s][A[A[A[A[A[A[A[A








Downloading [model-00002-of-00002.safetensors]:  79%|███████▊  | 2.58G/3.28G [17:01<02:04, 6.11MB/s][A[A[A[A[A[A[A[A








Downloading [model-00002-of-00002.safetensors]:  79%|███████▊  | 2.58G/3.28G [17:02<01:52, 6.72MB/s][A[A[A[A[A[A[A[A







Downloading [model-00001-of-00002.safetensors]:  72%|███████▏  | 2.66G/3.71G [17:02<04:11, 4.50MB/s][A[A[A[A[A[A[A








Downloading [model-00002-of-00002.safetensors]:  79%|███████▊  | 2.58G/3.28G [17:02<01:40, 7.51MB/s][A[A[A[A[A[A[A[A








Downloading [model-00002-of-00002.safetensors]:  79%|███████▊  | 2.58G/3.28G [17:02<01:42, 7.35MB/s][A[A[A[A[A[A[A[A







Downloading [model-00001-of-00002.safetensors]:  72%|███████▏  | 2.66G/3.71G [17:02<04:34, 4.11MB/s][A[A[A[A[A[A[A








Downloading [model-00002-of-00002.safetensors]:  79%|███████▊  | 2.58G/3.28G [17:02<01:26, 8.67MB/s][A[A[A[A[A[A[A[A








Downloading [model-00002-of-00002.safetensors]:  79%|███████▊  | 2.58G/3.28G [17:02<01:26, 8.72MB/s][A[A[A[A[A[A[A[A







Downloading [model-00001-of-00002.safetensors]:  72%|███████▏  | 2.66G/3.71G [17:02<04:48, 3.91MB/s][A[A[A[A[A[A[A








Downloading [model-00002-of-00002.safetensors]:  79%|███████▊  | 2.59G/3.28G [17:02<01:24, 8.83MB/s][A[A[A[A[A[A[A[A








Downloading [model-00002-of-00002.safetensors]:  79%|███████▉  | 2.59G/3.28G [17:02<01:25, 8.77MB/s][A[A[A[A[A[A[A[A







Downloading [model-00001-of-00002.safetensors]:  72%|███████▏  | 2.66G/3.71G [17:02<04:47, 3.92MB/s][A[A[A[A[A[A[A








Downloading [model-00002-of-00002.safetensors]:  79%|███████▉  | 2.59G/3.28G [17:02<01:29, 8.37MB/s][A[A[A[A[A[A[A[A








Downloading [model-00002-of-00002.safetensors]:  79%|███████▉  | 2.59G/3.28G [17:03<01:36, 7.71MB/s][A[A[A[A[A[A[A[A







Downloading [model-00001-of-00002.safetensors]:  72%|███████▏  | 2.66G/3.71G [17:03<04:21, 4.31MB/s][A[A[A[A[A[A[A







Downloading [model-00001-of-00002.safetensors]:  72%|███████▏  | 2.66G/3.71G [17:03<03:47, 4.95MB/s][A[A[A[A[A[A[A








Downloading [model-00002-of-00002.safetensors]:  79%|███████▉  | 2.59G/3.28G [17:03<01:55, 6.46MB/s][A[A[A[A[A[A[A[A







Downloading [model-00001-of-00002.safetensors]:  72%|███████▏  | 2.66G/3.71G [17:03<03:23, 5.53MB/s][A[A[A[A[A[A[A







Downloading [model-00001-of-00002.safetensors]:  72%|███████▏  | 2.66G/3.71G [17:03<03:06, 6.04MB/s][A[A[A[A[A[A[A








Downloading [model-00002-of-00002.safetensors]:  79%|███████▉  | 2.59G/3.28G [17:03<02:13, 5.59MB/s][A[A[A[A[A[A[A[A








Downloading [model-00002-of-00002.safetensors]:  79%|███████▉  | 2.59G/3.28G [17:03<01:58, 6.27MB/s][A[A[A[A[A[A[A[A







Downloading [model-00001-of-00002.safetensors]:  72%|███████▏  | 2.66G/3.71G [17:03<03:33, 5.25MB/s][A[A[A[A[A[A[A








Downloading [model-00002-of-00002.safetensors]:  79%|███████▉  | 2.59G/3.28G [17:03<01:47, 6.92MB/s][A[A[A[A[A[A[A[A








Downloading [model-00002-of-00002.safetensors]:  79%|███████▉  | 2.59G/3.28G [17:03<01:41, 7.34MB/s][A[A[A[A[A[A[A[A








Downloading [model-00002-of-00002.safetensors]:  79%|███████▉  | 2.59G/3.28G [17:04<01:35, 7.79MB/s][A[A[A[A[A[A[A[A







Downloading [model-00001-of-00002.safetensors]:  72%|███████▏  | 2.67G/3.71G [17:04<04:09, 4.49MB/s][A[A[A[A[A[A[A








Downloading [model-00002-of-00002.safetensors]:  79%|███████▉  | 2.60G/3.28G [17:04<01:31, 8.05MB/s][A[A[A[A[A[A[A[A








Downloading [model-00002-of-00002.safetensors]:  79%|███████▉  | 2.60G/3.28G [17:04<01:29, 8.25MB/s][A[A[A[A[A[A[A[A








Downloading [model-00002-of-00002.safetensors]:  79%|███████▉  | 2.60G/3.28G [17:04<01:28, 8.38MB/s][A[A[A[A[A[A[A[A







Downloading [model-00001-of-00002.safetensors]:  72%|███████▏  | 2.67G/3.71G [17:04<04:35, 4.06MB/s][A[A[A[A[A[A[A








Downloading [model-00002-of-00002.safetensors]:  79%|███████▉  | 2.60G/3.28G [17:04<01:41, 7.23MB/s][A[A[A[A[A[A[A[A







Downloading [model-00001-of-00002.safetensors]:  72%|███████▏  | 2.67G/3.71G [17:04<04:30, 4.13MB/s][A[A[A[A[A[A[A








Downloading [model-00002-of-00002.safetensors]:  79%|███████▉  | 2.60G/3.28G [17:04<02:17, 5.36MB/s][A[A[A[A[A[A[A[A







Downloading [model-00001-of-00002.safetensors]:  72%|███████▏  | 2.67G/3.71G [17:04<04:32, 4.11MB/s][A[A[A[A[A[A[A








Downloading [model-00002-of-00002.safetensors]:  79%|███████▉  | 2.60G/3.28G [17:05<01:58, 6.20MB/s][A[A[A[A[A[A[A[A







Downloading [model-00001-of-00002.safetensors]:  72%|███████▏  | 2.67G/3.71G [17:05<03:22, 5.51MB/s][A[A[A[A[A[A[A








Downloading [model-00002-of-00002.safetensors]:  79%|███████▉  | 2.60G/3.28G [17:05<02:00, 6.08MB/s][A[A[A[A[A[A[A[A







Downloading [model-00001-of-00002.safetensors]:  72%|███████▏  | 2.67G/3.71G [17:05<03:15, 5.69MB/s][A[A[A[A[A[A[A








Downloading [model-00002-of-00002.safetensors]:  79%|███████▉  | 2.60G/3.28G [17:05<01:55, 6.33MB/s][A[A[A[A[A[A[A[A







Downloading [model-00001-of-00002.safetensors]:  72%|███████▏  | 2.67G/3.71G [17:05<03:16, 5.65MB/s][A[A[A[A[A[A[A








Downloading [model-00002-of-00002.safetensors]:  79%|███████▉  | 2.60G/3.28G [17:05<01:53, 6.42MB/s][A[A[A[A[A[A[A[A








Downloading [model-00002-of-00002.safetensors]:  79%|███████▉  | 2.60G/3.28G [17:05<01:51, 6.52MB/s][A[A[A[A[A[A[A[A







Downloading [model-00001-of-00002.safetensors]:  72%|███████▏  | 2.67G/3.71G [17:05<03:21, 5.52MB/s][A[A[A[A[A[A[A








Downloading [model-00002-of-00002.safetensors]:  79%|███████▉  | 2.61G/3.28G [17:05<01:51, 6.52MB/s][A[A[A[A[A[A[A[A







Downloading [model-00001-of-00002.safetensors]:  72%|███████▏  | 2.67G/3.71G [17:05<03:18, 5.59MB/s][A[A[A[A[A[A[A








Downloading [model-00002-of-00002.safetensors]:  79%|███████▉  | 2.61G/3.28G [17:06<01:56, 6.24MB/s][A[A[A[A[A[A[A[A







Downloading [model-00001-of-00002.safetensors]:  72%|███████▏  | 2.67G/3.71G [17:06<03:09, 5.86MB/s][A[A[A[A[A[A[A







Downloading [model-00001-of-00002.safetensors]:  72%|███████▏  | 2.68G/3.71G [17:06<02:55, 6.34MB/s][A[A[A[A[A[A[A








Downloading [model-00002-of-00002.safetensors]:  79%|███████▉  | 2.61G/3.28G [17:06<02:08, 5.66MB/s][A[A[A[A[A[A[A[A








Downloading [model-00002-of-00002.safetensors]:  79%|███████▉  | 2.61G/3.28G [17:06<01:57, 6.18MB/s][A[A[A[A[A[A[A[A







Downloading [model-00001-of-00002.safetensors]:  72%|███████▏  | 2.68G/3.71G [17:06<03:11, 5.80MB/s][A[A[A[A[A[A[A








Downloading [model-00002-of-00002.safetensors]:  79%|███████▉  | 2.61G/3.28G [17:06<01:51, 6.51MB/s][A[A[A[A[A[A[A[A








Downloading [model-00002-of-00002.safetensors]:  79%|███████▉  | 2.61G/3.28G [17:06<01:42, 7.08MB/s][A[A[A[A[A[A[A[A







Downloading [model-00001-of-00002.safetensors]:  72%|███████▏  | 2.68G/3.71G [17:06<04:00, 4.60MB/s][A[A[A[A[A[A[A








Downloading [model-00002-of-00002.safetensors]:  80%|███████▉  | 2.61G/3.28G [17:06<01:36, 7.51MB/s][A[A[A[A[A[A[A[A








Downloading [model-00002-of-00002.safetensors]:  80%|███████▉  | 2.61G/3.28G [17:07<02:07, 5.66MB/s][A[A[A[A[A[A[A[A







Downloading [model-00001-of-00002.safetensors]:  72%|███████▏  | 2.68G/3.71G [17:07<05:27, 3.38MB/s][A[A[A[A[A[A[A








Downloading [model-00002-of-00002.safetensors]:  80%|███████▉  | 2.61G/3.28G [17:07<02:30, 4.80MB/s][A[A[A[A[A[A[A[A







Downloading [model-00001-of-00002.safetensors]:  72%|███████▏  | 2.68G/3.71G [17:07<04:35, 4.01MB/s][A[A[A[A[A[A[A








Downloading [model-00002-of-00002.safetensors]:  80%|███████▉  | 2.61G/3.28G [17:07<02:34, 4.67MB/s][A[A[A[A[A[A[A[A







Downloading [model-00001-of-00002.safetensors]:  72%|███████▏  | 2.68G/3.71G [17:07<04:48, 3.83MB/s][A[A[A[A[A[A[A








Downloading [model-00002-of-00002.safetensors]:  80%|███████▉  | 2.62G/3.28G [17:08<03:12, 3.72MB/s][A[A[A[A[A[A[A[A







Downloading [model-00001-of-00002.safetensors]:  72%|███████▏  | 2.68G/3.71G [17:08<05:05, 3.61MB/s][A[A[A[A[A[A[A








Downloading [model-00002-of-00002.safetensors]:  80%|███████▉  | 2.62G/3.28G [17:08<02:11, 5.44MB/s][A[A[A[A[A[A[A[A








Downloading [model-00002-of-00002.safetensors]:  80%|███████▉  | 2.62G/3.28G [17:08<01:56, 6.12MB/s][A[A[A[A[A[A[A[A







Downloading [model-00001-of-00002.safetensors]:  72%|███████▏  | 2.68G/3.71G [17:08<03:47, 4.85MB/s][A[A[A[A[A[A[A








Downloading [model-00002-of-00002.safetensors]:  80%|███████▉  | 2.62G/3.28G [17:08<01:54, 6.23MB/s][A[A[A[A[A[A[A[A







Downloading [model-00001-of-00002.safetensors]:  72%|███████▏  | 2.68G/3.71G [17:08<03:38, 5.03MB/s][A[A[A[A[A[A[A








Downloading [model-00002-of-00002.safetensors]:  80%|███████▉  | 2.62G/3.28G [17:08<01:55, 6.18MB/s][A[A[A[A[A[A[A[A







Downloading [model-00001-of-00002.safetensors]:  72%|███████▏  | 2.69G/3.71G [17:08<03:23, 5.40MB/s][A[A[A[A[A[A[A







Downloading [model-00001-of-00002.safetensors]:  72%|███████▏  | 2.69G/3.71G [17:08<03:10, 5.78MB/s][A[A[A[A[A[A[A








Downloading [model-00002-of-00002.safetensors]:  80%|███████▉  | 2.62G/3.28G [17:08<02:00, 5.90MB/s][A[A[A[A[A[A[A[A







Downloading [model-00001-of-00002.safetensors]:  72%|███████▏  | 2.69G/3.71G [17:08<03:06, 5.88MB/s][A[A[A[A[A[A[A








Downloading [model-00002-of-00002.safetensors]:  80%|███████▉  | 2.62G/3.28G [17:09<02:00, 5.89MB/s][A[A[A[A[A[A[A[A







Downloading [model-00001-of-00002.safetensors]:  72%|███████▏  | 2.69G/3.71G [17:09<03:00, 6.08MB/s][A[A[A[A[A[A[A








Downloading [model-00002-of-00002.safetensors]:  80%|███████▉  | 2.62G/3.28G [17:09<02:03, 5.73MB/s][A[A[A[A[A[A[A[A







Downloading [model-00001-of-00002.safetensors]:  73%|███████▎  | 2.69G/3.71G [17:09<02:58, 6.15MB/s][A[A[A[A[A[A[A








Downloading [model-00002-of-00002.safetensors]:  80%|███████▉  | 2.62G/3.28G [17:09<02:16, 5.19MB/s][A[A[A[A[A[A[A[A







Downloading [model-00001-of-00002.safetensors]:  73%|███████▎  | 2.69G/3.71G [17:09<03:32, 5.16MB/s][A[A[A[A[A[A[A








Downloading [model-00002-of-00002.safetensors]:  80%|███████▉  | 2.62G/3.28G [17:09<02:24, 4.91MB/s][A[A[A[A[A[A[A[A







Downloading [model-00001-of-00002.safetensors]:  73%|███████▎  | 2.69G/3.71G [17:09<04:14, 4.30MB/s][A[A[A[A[A[A[A








Downloading [model-00002-of-00002.safetensors]:  80%|███████▉  | 2.63G/3.28G [17:09<02:39, 4.43MB/s][A[A[A[A[A[A[A[A







Downloading [model-00001-of-00002.safetensors]:  73%|███████▎  | 2.69G/3.71G [17:10<04:08, 4.39MB/s][A[A[A[A[A[A[A








Downloading [model-00002-of-00002.safetensors]:  80%|███████▉  | 2.63G/3.28G [17:10<02:30, 4.69MB/s][A[A[A[A[A[A[A[A







Downloading [model-00001-of-00002.safetensors]:  73%|███████▎  | 2.69G/3.71G [17:10<03:47, 4.80MB/s][A[A[A[A[A[A[A








Downloading [model-00002-of-00002.safetensors]:  80%|████████  | 2.63G/3.28G [17:10<02:18, 5.09MB/s][A[A[A[A[A[A[A[A







Downloading [model-00001-of-00002.safetensors]:  73%|███████▎  | 2.69G/3.71G [17:10<03:26, 5.29MB/s][A[A[A[A[A[A[A








Downloading [model-00002-of-00002.safetensors]:  80%|████████  | 2.63G/3.28G [17:10<02:05, 5.62MB/s][A[A[A[A[A[A[A[A







Downloading [model-00001-of-00002.safetensors]:  73%|███████▎  | 2.70G/3.71G [17:10<03:04, 5.90MB/s][A[A[A[A[A[A[A








Downloading [model-00002-of-00002.safetensors]:  80%|████████  | 2.63G/3.28G [17:10<01:53, 6.18MB/s][A[A[A[A[A[A[A[A







Downloading [model-00001-of-00002.safetensors]:  73%|███████▎  | 2.70G/3.71G [17:10<02:53, 6.28MB/s][A[A[A[A[A[A[A








Downloading [model-00002-of-00002.safetensors]:  80%|████████  | 2.63G/3.28G [17:10<01:49, 6.41MB/s][A[A[A[A[A[A[A[A








Downloading [model-00002-of-00002.safetensors]:  80%|████████  | 2.63G/3.28G [17:10<01:26, 8.06MB/s][A[A[A[A[A[A[A[A







Downloading [model-00001-of-00002.safetensors]:  73%|███████▎  | 2.70G/3.71G [17:11<04:00, 4.51MB/s][A[A[A[A[A[A[A








Downloading [model-00002-of-00002.safetensors]:  80%|████████  | 2.63G/3.28G [17:11<01:37, 7.13MB/s][A[A[A[A[A[A[A[A







Downloading [model-00001-of-00002.safetensors]:  73%|███████▎  | 2.70G/3.71G [17:11<03:40, 4.91MB/s][A[A[A[A[A[A[A








Downloading [model-00002-of-00002.safetensors]:  80%|████████  | 2.64G/3.28G [17:11<01:50, 6.32MB/s][A[A[A[A[A[A[A[A







Downloading [model-00001-of-00002.safetensors]:  73%|███████▎  | 2.70G/3.71G [17:11<03:04, 5.88MB/s][A[A[A[A[A[A[A








Downloading [model-00002-of-00002.safetensors]:  80%|████████  | 2.64G/3.28G [17:11<01:56, 5.94MB/s][A[A[A[A[A[A[A[A







Downloading [model-00001-of-00002.safetensors]:  73%|███████▎  | 2.70G/3.71G [17:12<02:50, 6.35MB/s][A[A[A[A[A[A[A








Downloading [model-00002-of-00002.safetensors]:  80%|████████  | 2.64G/3.28G [17:12<01:51, 6.22MB/s][A[A[A[A[A[A[A[A







Downloading [model-00001-of-00002.safetensors]:  73%|███████▎  | 2.70G/3.71G [17:12<02:51, 6.30MB/s][A[A[A[A[A[A[A








Downloading [model-00002-of-00002.safetensors]:  80%|████████  | 2.64G/3.28G [17:12<01:59, 5.78MB/s][A[A[A[A[A[A[A[A







Downloading [model-00001-of-00002.safetensors]:  73%|███████▎  | 2.71G/3.71G [17:12<02:40, 6.70MB/s][A[A[A[A[A[A[A







Downloading [model-00001-of-00002.safetensors]:  73%|███████▎  | 2.71G/3.71G [17:12<02:35, 6.93MB/s][A[A[A[A[A[A[A








Downloading [model-00002-of-00002.safetensors]:  80%|████████  | 2.64G/3.28G [17:12<02:16, 5.08MB/s][A[A[A[A[A[A[A[A







Downloading [model-00001-of-00002.safetensors]:  73%|███████▎  | 2.71G/3.71G [17:12<02:27, 7.28MB/s][A[A[A[A[A[A[A







Downloading [model-00001-of-00002.safetensors]:  73%|███████▎  | 2.71G/3.71G [17:12<02:21, 7.61MB/s][A[A[A[A[A[A[A








Downloading [model-00002-of-00002.safetensors]:  80%|████████  | 2.64G/3.28G [17:12<02:27, 4.67MB/s][A[A[A[A[A[A[A[A







Downloading [model-00001-of-00002.safetensors]:  73%|███████▎  | 2.71G/3.71G [17:12<02:19, 7.69MB/s][A[A[A[A[A[A[A







Downloading [model-00001-of-00002.safetensors]:  73%|███████▎  | 2.71G/3.71G [17:12<02:14, 7.99MB/s][A[A[A[A[A[A[A







Downloading [model-00001-of-00002.safetensors]:  73%|███████▎  | 2.71G/3.71G [17:13<02:15, 7.93MB/s][A[A[A[A[A[A[A








Downloading [model-00002-of-00002.safetensors]:  80%|████████  | 2.64G/3.28G [17:13<02:39, 4.33MB/s][A[A[A[A[A[A[A[A







Downloading [model-00001-of-00002.safetensors]:  73%|███████▎  | 2.71G/3.71G [17:13<02:18, 7.71MB/s][A[A[A[A[A[A[A








Downloading [model-00002-of-00002.safetensors]:  80%|████████  | 2.64G/3.28G [17:13<02:32, 4.51MB/s][A[A[A[A[A[A[A[A







Downloading [model-00001-of-00002.safetensors]:  73%|███████▎  | 2.71G/3.71G [17:13<02:22, 7.53MB/s][A[A[A[A[A[A[A







Downloading [model-00001-of-00002.safetensors]:  73%|███████▎  | 2.71G/3.71G [17:13<02:22, 7.48MB/s][A[A[A[A[A[A[A








Downloading [model-00002-of-00002.safetensors]:  81%|████████  | 2.64G/3.28G [17:13<02:29, 4.59MB/s][A[A[A[A[A[A[A[A







Downloading [model-00001-of-00002.safetensors]:  73%|███████▎  | 2.71G/3.71G [17:13<02:15, 7.90MB/s][A[A[A[A[A[A[A







Downloading [model-00001-of-00002.safetensors]:  73%|███████▎  | 2.72G/3.71G [17:13<02:08, 8.30MB/s][A[A[A[A[A[A[A








Downloading [model-00002-of-00002.safetensors]:  81%|████████  | 2.65G/3.28G [17:13<02:47, 4.10MB/s][A[A[A[A[A[A[A[A







Downloading [model-00001-of-00002.safetensors]:  73%|███████▎  | 2.72G/3.71G [17:13<02:16, 7.83MB/s][A[A[A[A[A[A[A








Downloading [model-00002-of-00002.safetensors]:  81%|████████  | 2.65G/3.28G [17:14<02:26, 4.68MB/s][A[A[A[A[A[A[A[A







Downloading [model-00001-of-00002.safetensors]:  73%|███████▎  | 2.72G/3.71G [17:14<03:00, 5.91MB/s][A[A[A[A[A[A[A








Downloading [model-00002-of-00002.safetensors]:  81%|████████  | 2.65G/3.28G [17:14<02:16, 5.00MB/s][A[A[A[A[A[A[A[A







Downloading [model-00001-of-00002.safetensors]:  73%|███████▎  | 2.72G/3.71G [17:14<03:08, 5.64MB/s][A[A[A[A[A[A[A








Downloading [model-00002-of-00002.safetensors]:  81%|████████  | 2.65G/3.28G [17:14<02:16, 5.00MB/s][A[A[A[A[A[A[A[A







Downloading [model-00001-of-00002.safetensors]:  73%|███████▎  | 2.72G/3.71G [17:14<02:52, 6.16MB/s][A[A[A[A[A[A[A








Downloading [model-00002-of-00002.safetensors]:  81%|████████  | 2.65G/3.28G [17:14<02:00, 5.67MB/s][A[A[A[A[A[A[A[A








Downloading [model-00002-of-00002.safetensors]:  81%|████████  | 2.65G/3.28G [17:14<01:51, 6.09MB/s][A[A[A[A[A[A[A[A







Downloading [model-00001-of-00002.safetensors]:  73%|███████▎  | 2.72G/3.71G [17:14<02:46, 6.38MB/s][A[A[A[A[A[A[A







Downloading [model-00001-of-00002.safetensors]:  73%|███████▎  | 2.72G/3.71G [17:14<02:44, 6.43MB/s][A[A[A[A[A[A[A








Downloading [model-00002-of-00002.safetensors]:  81%|████████  | 2.65G/3.28G [17:14<01:53, 5.97MB/s][A[A[A[A[A[A[A[A







Downloading [model-00001-of-00002.safetensors]:  73%|███████▎  | 2.72G/3.71G [17:15<02:48, 6.29MB/s][A[A[A[A[A[A[A








Downloading [model-00002-of-00002.safetensors]:  81%|████████  | 2.65G/3.28G [17:15<01:54, 5.91MB/s][A[A[A[A[A[A[A[A







Downloading [model-00001-of-00002.safetensors]:  73%|███████▎  | 2.72G/3.71G [17:15<02:51, 6.16MB/s][A[A[A[A[A[A[A








Downloading [model-00002-of-00002.safetensors]:  81%|████████  | 2.65G/3.28G [17:15<01:53, 5.98MB/s][A[A[A[A[A[A[A[A







Downloading [model-00001-of-00002.safetensors]:  73%|███████▎  | 2.72G/3.71G [17:15<02:43, 6.45MB/s][A[A[A[A[A[A[A








Downloading [model-00002-of-00002.safetensors]:  81%|████████  | 2.65G/3.28G [17:15<02:00, 5.60MB/s][A[A[A[A[A[A[A[A







Downloading [model-00001-of-00002.safetensors]:  73%|███████▎  | 2.73G/3.71G [17:15<02:44, 6.41MB/s][A[A[A[A[A[A[A







Downloading [model-00001-of-00002.safetensors]:  74%|███████▎  | 2.73G/3.71G [17:15<02:29, 7.06MB/s][A[A[A[A[A[A[A








Downloading [model-00002-of-00002.safetensors]:  81%|████████  | 2.66G/3.28G [17:15<02:09, 5.21MB/s][A[A[A[A[A[A[A[A







Downloading [model-00001-of-00002.safetensors]:  74%|███████▎  | 2.73G/3.71G [17:15<02:30, 7.02MB/s][A[A[A[A[A[A[A








Downloading [model-00002-of-00002.safetensors]:  81%|████████  | 2.66G/3.28G [17:15<02:05, 5.39MB/s][A[A[A[A[A[A[A[A







Downloading [model-00001-of-00002.safetensors]:  74%|███████▎  | 2.73G/3.71G [17:15<02:45, 6.34MB/s][A[A[A[A[A[A[A








Downloading [model-00002-of-00002.safetensors]:  81%|████████  | 2.66G/3.28G [17:15<01:58, 5.69MB/s][A[A[A[A[A[A[A[A








Downloading [model-00002-of-00002.safetensors]:  81%|████████  | 2.66G/3.28G [17:16<01:51, 6.04MB/s][A[A[A[A[A[A[A[A







Downloading [model-00001-of-00002.safetensors]:  74%|███████▎  | 2.73G/3.71G [17:16<02:54, 6.04MB/s][A[A[A[A[A[A[A







Downloading [model-00001-of-00002.safetensors]:  74%|███████▎  | 2.73G/3.71G [17:16<02:47, 6.27MB/s][A[A[A[A[A[A[A








Downloading [model-00002-of-00002.safetensors]:  81%|████████  | 2.66G/3.28G [17:16<01:55, 5.79MB/s][A[A[A[A[A[A[A[A







Downloading [model-00001-of-00002.safetensors]:  74%|███████▎  | 2.73G/3.71G [17:16<02:52, 6.10MB/s][A[A[A[A[A[A[A








Downloading [model-00002-of-00002.safetensors]:  81%|████████  | 2.66G/3.28G [17:16<01:53, 5.93MB/s][A[A[A[A[A[A[A[A








Downloading [model-00002-of-00002.safetensors]:  81%|████████  | 2.66G/3.28G [17:16<01:40, 6.66MB/s][A[A[A[A[A[A[A[A








Downloading [model-00002-of-00002.safetensors]:  81%|████████  | 2.66G/3.28G [17:16<01:35, 6.98MB/s][A[A[A[A[A[A[A[A








Downloading [model-00002-of-00002.safetensors]:  81%|████████  | 2.66G/3.28G [17:16<01:30, 7.38MB/s][A[A[A[A[A[A[A[A







Downloading [model-00001-of-00002.safetensors]:  74%|███████▎  | 2.73G/3.71G [17:16<04:02, 4.33MB/s][A[A[A[A[A[A[A








Downloading [model-00002-of-00002.safetensors]:  81%|████████  | 2.66G/3.28G [17:17<01:30, 7.33MB/s][A[A[A[A[A[A[A[A







Downloading [model-00001-of-00002.safetensors]:  74%|███████▎  | 2.73G/3.71G [17:17<04:23, 3.98MB/s][A[A[A[A[A[A[A








Downloading [model-00002-of-00002.safetensors]:  81%|████████  | 2.67G/3.28G [17:17<01:43, 6.40MB/s][A[A[A[A[A[A[A[A








Downloading [model-00002-of-00002.safetensors]:  81%|████████  | 2.67G/3.28G [17:17<02:03, 5.36MB/s][A[A[A[A[A[A[A[A







Downloading [model-00001-of-00002.safetensors]:  74%|███████▎  | 2.73G/3.71G [17:17<05:09, 3.38MB/s][A[A[A[A[A[A[A








Downloading [model-00002-of-00002.safetensors]:  81%|████████  | 2.67G/3.28G [17:17<02:30, 4.39MB/s][A[A[A[A[A[A[A[A







Downloading [model-00001-of-00002.safetensors]:  74%|███████▎  | 2.74G/3.71G [17:17<05:06, 3.42MB/s][A[A[A[A[A[A[A








Downloading [model-00002-of-00002.safetensors]:  81%|████████  | 2.67G/3.28G [17:18<02:48, 3.93MB/s][A[A[A[A[A[A[A[A







Downloading [model-00001-of-00002.safetensors]:  74%|███████▍  | 2.74G/3.71G [17:18<05:09, 3.37MB/s][A[A[A[A[A[A[A








Downloading [model-00002-of-00002.safetensors]:  81%|████████▏ | 2.67G/3.28G [17:18<02:43, 4.04MB/s][A[A[A[A[A[A[A[A







Downloading [model-00001-of-00002.safetensors]:  74%|███████▍  | 2.74G/3.71G [17:18<04:54, 3.54MB/s][A[A[A[A[A[A[A








Downloading [model-00002-of-00002.safetensors]:  81%|████████▏ | 2.67G/3.28G [17:18<02:28, 4.43MB/s][A[A[A[A[A[A[A[A







Downloading [model-00001-of-00002.safetensors]:  74%|███████▍  | 2.74G/3.71G [17:18<04:22, 3.97MB/s][A[A[A[A[A[A[A








Downloading [model-00002-of-00002.safetensors]:  81%|████████▏ | 2.67G/3.28G [17:18<02:14, 4.90MB/s][A[A[A[A[A[A[A[A







Downloading [model-00001-of-00002.safetensors]:  74%|███████▍  | 2.74G/3.71G [17:18<04:07, 4.20MB/s][A[A[A[A[A[A[A








Downloading [model-00002-of-00002.safetensors]:  81%|████████▏ | 2.67G/3.28G [17:18<02:10, 5.03MB/s][A[A[A[A[A[A[A[A








Downloading [model-00002-of-00002.safetensors]:  81%|████████▏ | 2.67G/3.28G [17:19<02:30, 4.38MB/s][A[A[A[A[A[A[A[A







Downloading [model-00001-of-00002.safetensors]:  74%|███████▍  | 2.74G/3.71G [17:19<04:52, 3.56MB/s][A[A[A[A[A[A[A








Downloading [model-00002-of-00002.safetensors]:  81%|████████▏ | 2.67G/3.28G [17:19<02:22, 4.60MB/s][A[A[A[A[A[A[A[A







Downloading [model-00001-of-00002.safetensors]:  74%|███████▍  | 2.74G/3.71G [17:19<04:32, 3.82MB/s][A[A[A[A[A[A[A








Downloading [model-00002-of-00002.safetensors]:  81%|████████▏ | 2.67G/3.28G [17:19<02:12, 4.95MB/s][A[A[A[A[A[A[A[A







Downloading [model-00001-of-00002.safetensors]:  74%|███████▍  | 2.74G/3.71G [17:19<04:12, 4.11MB/s][A[A[A[A[A[A[A








Downloading [model-00002-of-00002.safetensors]:  81%|████████▏ | 2.68G/3.28G [17:19<01:58, 5.51MB/s][A[A[A[A[A[A[A[A








Downloading [model-00002-of-00002.safetensors]:  81%|████████▏ | 2.68G/3.28G [17:19<01:51, 5.86MB/s][A[A[A[A[A[A[A[A







Downloading [model-00001-of-00002.safetensors]:  74%|███████▍  | 2.74G/3.71G [17:19<03:59, 4.34MB/s][A[A[A[A[A[A[A








Downloading [model-00002-of-00002.safetensors]:  82%|████████▏ | 2.68G/3.28G [17:20<01:46, 6.12MB/s][A[A[A[A[A[A[A[A







Downloading [model-00001-of-00002.safetensors]:  74%|███████▍  | 2.74G/3.71G [17:20<03:44, 4.62MB/s][A[A[A[A[A[A[A








Downloading [model-00002-of-00002.safetensors]:  82%|████████▏ | 2.68G/3.28G [17:20<01:42, 6.33MB/s][A[A[A[A[A[A[A[A







Downloading [model-00001-of-00002.safetensors]:  74%|███████▍  | 2.75G/3.71G [17:20<03:37, 4.75MB/s][A[A[A[A[A[A[A








Downloading [model-00002-of-00002.safetensors]:  82%|████████▏ | 2.68G/3.28G [17:20<01:40, 6.43MB/s][A[A[A[A[A[A[A[A







Downloading [model-00001-of-00002.safetensors]:  74%|███████▍  | 2.75G/3.71G [17:20<03:24, 5.06MB/s][A[A[A[A[A[A[A








Downloading [model-00002-of-00002.safetensors]:  82%|████████▏ | 2.68G/3.28G [17:20<01:44, 6.23MB/s][A[A[A[A[A[A[A[A








Downloading [model-00002-of-00002.safetensors]:  82%|████████▏ | 2.68G/3.28G [17:20<01:33, 6.92MB/s][A[A[A[A[A[A[A[A








Downloading [model-00002-of-00002.safetensors]:  82%|████████▏ | 2.68G/3.28G [17:20<01:26, 7.45MB/s][A[A[A[A[A[A[A[A







Downloading [model-00001-of-00002.safetensors]:  74%|███████▍  | 2.75G/3.71G [17:20<04:01, 4.29MB/s][A[A[A[A[A[A[A







Downloading [model-00001-of-00002.safetensors]:  74%|███████▍  | 2.75G/3.71G [17:21<02:48, 6.12MB/s][A[A[A[A[A[A[A








Downloading [model-00002-of-00002.safetensors]:  82%|████████▏ | 2.68G/3.28G [17:21<02:01, 5.30MB/s][A[A[A[A[A[A[A[A







Downloading [model-00001-of-00002.safetensors]:  74%|███████▍  | 2.75G/3.71G [17:21<02:41, 6.39MB/s][A[A[A[A[A[A[A







Downloading [model-00001-of-00002.safetensors]:  74%|███████▍  | 2.75G/3.71G [17:21<02:20, 7.33MB/s][A[A[A[A[A[A[A








Downloading [model-00002-of-00002.safetensors]:  82%|████████▏ | 2.68G/3.28G [17:21<02:23, 4.48MB/s][A[A[A[A[A[A[A[A







Downloading [model-00001-of-00002.safetensors]:  74%|███████▍  | 2.75G/3.71G [17:21<02:13, 7.67MB/s][A[A[A[A[A[A[A








Downloading [model-00002-of-00002.safetensors]:  82%|████████▏ | 2.69G/3.28G [17:21<02:21, 4.53MB/s][A[A[A[A[A[A[A[A







Downloading [model-00001-of-00002.safetensors]:  74%|███████▍  | 2.75G/3.71G [17:21<02:21, 7.23MB/s][A[A[A[A[A[A[A








Downloading [model-00002-of-00002.safetensors]:  82%|████████▏ | 2.69G/3.28G [17:21<02:08, 5.01MB/s][A[A[A[A[A[A[A[A







Downloading [model-00001-of-00002.safetensors]:  74%|███████▍  | 2.75G/3.71G [17:21<02:32, 6.71MB/s][A[A[A[A[A[A[A








Downloading [model-00002-of-00002.safetensors]:  82%|████████▏ | 2.69G/3.28G [17:22<01:59, 5.35MB/s][A[A[A[A[A[A[A[A







Downloading [model-00001-of-00002.safetensors]:  74%|███████▍  | 2.76G/3.71G [17:22<02:41, 6.34MB/s][A[A[A[A[A[A[A








Downloading [model-00002-of-00002.safetensors]:  82%|████████▏ | 2.69G/3.28G [17:22<01:51, 5.74MB/s][A[A[A[A[A[A[A[A







Downloading [model-00001-of-00002.safetensors]:  74%|███████▍  | 2.76G/3.71G [17:22<02:50, 6.00MB/s][A[A[A[A[A[A[A








Downloading [model-00002-of-00002.safetensors]:  82%|████████▏ | 2.69G/3.28G [17:22<01:48, 5.86MB/s][A[A[A[A[A[A[A[A







Downloading [model-00001-of-00002.safetensors]:  74%|███████▍  | 2.76G/3.71G [17:22<02:46, 6.13MB/s][A[A[A[A[A[A[A








Downloading [model-00002-of-00002.safetensors]:  82%|████████▏ | 2.69G/3.28G [17:22<01:56, 5.46MB/s][A[A[A[A[A[A[A[A







Downloading [model-00001-of-00002.safetensors]:  74%|███████▍  | 2.76G/3.71G [17:22<02:35, 6.55MB/s][A[A[A[A[A[A[A







Downloading [model-00001-of-00002.safetensors]:  74%|███████▍  | 2.76G/3.71G [17:22<02:23, 7.12MB/s][A[A[A[A[A[A[A







Downloading [model-00001-of-00002.safetensors]:  74%|███████▍  | 2.76G/3.71G [17:22<02:15, 7.52MB/s][A[A[A[A[A[A[A








Downloading [model-00002-of-00002.safetensors]:  82%|████████▏ | 2.69G/3.28G [17:22<02:17, 4.64MB/s][A[A[A[A[A[A[A[A







Downloading [model-00001-of-00002.safetensors]:  74%|███████▍  | 2.76G/3.71G [17:22<02:09, 7.86MB/s][A[A[A[A[A[A[A







Downloading [model-00001-of-00002.safetensors]:  74%|███████▍  | 2.76G/3.71G [17:23<02:02, 8.30MB/s][A[A[A[A[A[A[A







Downloading [model-00001-of-00002.safetensors]:  75%|███████▍  | 2.76G/3.71G [17:23<01:59, 8.48MB/s][A[A[A[A[A[A[A








Downloading [model-00002-of-00002.safetensors]:  82%|████████▏ | 2.69G/3.28G [17:23<02:49, 3.75MB/s][A[A[A[A[A[A[A[A







Downloading [model-00001-of-00002.safetensors]:  75%|███████▍  | 2.76G/3.71G [17:23<01:54, 8.85MB/s][A[A[A[A[A[A[A







Downloading [model-00001-of-00002.safetensors]:  75%|███████▍  | 2.77G/3.71G [17:23<01:52, 8.98MB/s][A[A[A[A[A[A[A







Downloading [model-00001-of-00002.safetensors]:  75%|███████▍  | 2.77G/3.71G [17:23<01:50, 9.18MB/s][A[A[A[A[A[A[A







Downloading [model-00001-of-00002.safetensors]:  75%|███████▍  | 2.77G/3.71G [17:23<01:47, 9.43MB/s][A[A[A[A[A[A[A








Downloading [model-00002-of-00002.safetensors]:  82%|████████▏ | 2.69G/3.28G [17:23<03:16, 3.24MB/s][A[A[A[A[A[A[A[A







Downloading [model-00001-of-00002.safetensors]:  75%|███████▍  | 2.77G/3.71G [17:23<01:47, 9.40MB/s][A[A[A[A[A[A[A







Downloading [model-00001-of-00002.safetensors]:  75%|███████▍  | 2.77G/3.71G [17:23<01:59, 8.48MB/s][A[A[A[A[A[A[A








Downloading [model-00002-of-00002.safetensors]:  82%|████████▏ | 2.69G/3.28G [17:23<02:54, 3.64MB/s][A[A[A[A[A[A[A[A








Downloading [model-00002-of-00002.safetensors]:  82%|████████▏ | 2.70G/3.28G [17:24<02:30, 4.22MB/s][A[A[A[A[A[A[A[A








Downloading [model-00002-of-00002.safetensors]:  82%|████████▏ | 2.70G/3.28G [17:24<02:15, 4.67MB/s][A[A[A[A[A[A[A[A







Downloading [model-00001-of-00002.safetensors]:  75%|███████▍  | 2.77G/3.71G [17:24<03:27, 4.87MB/s][A[A[A[A[A[A[A








Downloading [model-00002-of-00002.safetensors]:  82%|████████▏ | 2.70G/3.28G [17:24<02:06, 4.99MB/s][A[A[A[A[A[A[A[A







Downloading [model-00001-of-00002.safetensors]:  75%|███████▍  | 2.77G/3.71G [17:24<02:19, 7.22MB/s][A[A[A[A[A[A[A








Downloading [model-00002-of-00002.safetensors]:  82%|████████▏ | 2.70G/3.28G [17:24<01:56, 5.42MB/s][A[A[A[A[A[A[A[A







Downloading [model-00001-of-00002.safetensors]:  75%|███████▍  | 2.77G/3.71G [17:24<02:28, 6.78MB/s][A[A[A[A[A[A[A








Downloading [model-00002-of-00002.safetensors]:  82%|████████▏ | 2.70G/3.28G [17:24<01:53, 5.55MB/s][A[A[A[A[A[A[A[A







Downloading [model-00001-of-00002.safetensors]:  75%|███████▍  | 2.77G/3.71G [17:24<02:31, 6.63MB/s][A[A[A[A[A[A[A








Downloading [model-00002-of-00002.safetensors]:  82%|████████▏ | 2.70G/3.28G [17:24<01:53, 5.53MB/s][A[A[A[A[A[A[A[A







Downloading [model-00001-of-00002.safetensors]:  75%|███████▍  | 2.78G/3.71G [17:24<02:31, 6.61MB/s][A[A[A[A[A[A[A







Downloading [model-00001-of-00002.safetensors]:  75%|███████▍  | 2.78G/3.71G [17:25<02:26, 6.84MB/s][A[A[A[A[A[A[A








Downloading [model-00002-of-00002.safetensors]:  82%|████████▏ | 2.70G/3.28G [17:25<02:03, 5.08MB/s][A[A[A[A[A[A[A[A







Downloading [model-00001-of-00002.safetensors]:  75%|███████▍  | 2.78G/3.71G [17:25<02:19, 7.18MB/s][A[A[A[A[A[A[A







Downloading [model-00001-of-00002.safetensors]:  75%|███████▍  | 2.78G/3.71G [17:25<02:12, 7.53MB/s][A[A[A[A[A[A[A








Downloading [model-00002-of-00002.safetensors]:  82%|████████▏ | 2.70G/3.28G [17:25<02:15, 4.62MB/s][A[A[A[A[A[A[A[A







Downloading [model-00001-of-00002.safetensors]:  75%|███████▍  | 2.78G/3.71G [17:25<02:10, 7.65MB/s][A[A[A[A[A[A[A







Downloading [model-00001-of-00002.safetensors]:  75%|███████▍  | 2.78G/3.71G [17:25<02:05, 7.97MB/s][A[A[A[A[A[A[A







Downloading [model-00001-of-00002.safetensors]:  75%|███████▍  | 2.78G/3.71G [17:25<02:06, 7.89MB/s][A[A[A[A[A[A[A








Downloading [model-00002-of-00002.safetensors]:  82%|████████▏ | 2.70G/3.28G [17:25<02:39, 3.90MB/s][A[A[A[A[A[A[A[A







Downloading [model-00001-of-00002.safetensors]:  75%|███████▌  | 2.78G/3.71G [17:25<01:53, 8.80MB/s][A[A[A[A[A[A[A







Downloading [model-00001-of-00002.safetensors]:  75%|███████▌  | 2.79G/3.71G [17:26<01:48, 9.16MB/s][A[A[A[A[A[A[A







Downloading [model-00001-of-00002.safetensors]:  75%|███████▌  | 2.79G/3.71G [17:26<01:41, 9.75MB/s][A[A[A[A[A[A[A








Downloading [model-00002-of-00002.safetensors]:  82%|████████▏ | 2.70G/3.28G [17:26<03:28, 2.99MB/s][A[A[A[A[A[A[A[A







Downloading [model-00001-of-00002.safetensors]:  75%|███████▌  | 2.79G/3.71G [17:26<01:43, 9.58MB/s][A[A[A[A[A[A[A







Downloading [model-00001-of-00002.safetensors]:  75%|███████▌  | 2.79G/3.71G [17:26<01:42, 9.65MB/s][A[A[A[A[A[A[A







Downloading [model-00001-of-00002.safetensors]:  75%|███████▌  | 2.79G/3.71G [17:26<01:41, 9.68MB/s][A[A[A[A[A[A[A








Downloading [model-00002-of-00002.safetensors]:  82%|████████▏ | 2.71G/3.28G [17:26<03:38, 2.84MB/s][A[A[A[A[A[A[A[A







Downloading [model-00001-of-00002.safetensors]:  75%|███████▌  | 2.79G/3.71G [17:26<01:43, 9.48MB/s][A[A[A[A[A[A[A







Downloading [model-00001-of-00002.safetensors]:  75%|███████▌  | 2.79G/3.71G [17:27<02:00, 8.18MB/s][A[A[A[A[A[A[A








Downloading [model-00002-of-00002.safetensors]:  82%|████████▏ | 2.71G/3.28G [17:27<03:32, 2.92MB/s][A[A[A[A[A[A[A[A







Downloading [model-00001-of-00002.safetensors]:  75%|███████▌  | 2.79G/3.71G [17:27<01:39, 9.84MB/s][A[A[A[A[A[A[A







Downloading [model-00001-of-00002.safetensors]:  75%|███████▌  | 2.80G/3.71G [17:27<01:47, 9.11MB/s][A[A[A[A[A[A[A








Downloading [model-00002-of-00002.safetensors]:  82%|████████▏ | 2.71G/3.28G [17:27<03:43, 2.78MB/s][A[A[A[A[A[A[A[A







Downloading [model-00001-of-00002.safetensors]:  75%|███████▌  | 2.80G/3.71G [17:27<01:43, 9.45MB/s][A[A[A[A[A[A[A







Downloading [model-00001-of-00002.safetensors]:  75%|███████▌  | 2.80G/3.71G [17:27<01:44, 9.34MB/s][A[A[A[A[A[A[A







Downloading [model-00001-of-00002.safetensors]:  75%|███████▌  | 2.80G/3.71G [17:27<01:46, 9.18MB/s][A[A[A[A[A[A[A








Downloading [model-00002-of-00002.safetensors]:  82%|████████▏ | 2.71G/3.28G [17:27<03:30, 2.94MB/s][A[A[A[A[A[A[A[A







Downloading [model-00001-of-00002.safetensors]:  76%|███████▌  | 2.80G/3.71G [17:27<02:05, 7.77MB/s][A[A[A[A[A[A[A








Downloading [model-00002-of-00002.safetensors]:  82%|████████▏ | 2.71G/3.28G [17:28<03:11, 3.23MB/s][A[A[A[A[A[A[A[A







Downloading [model-00001-of-00002.safetensors]:  76%|███████▌  | 2.80G/3.71G [17:28<02:28, 6.56MB/s][A[A[A[A[A[A[A








Downloading [model-00002-of-00002.safetensors]:  83%|████████▎ | 2.71G/3.28G [17:28<02:53, 3.55MB/s][A[A[A[A[A[A[A[A







Downloading [model-00001-of-00002.safetensors]:  76%|███████▌  | 2.80G/3.71G [17:28<02:35, 6.25MB/s][A[A[A[A[A[A[A








Downloading [model-00002-of-00002.safetensors]:  83%|████████▎ | 2.71G/3.28G [17:28<02:33, 4.00MB/s][A[A[A[A[A[A[A[A







Downloading [model-00001-of-00002.safetensors]:  76%|███████▌  | 2.80G/3.71G [17:28<02:45, 5.87MB/s][A[A[A[A[A[A[A







Downloading [model-00001-of-00002.safetensors]:  76%|███████▌  | 2.80G/3.71G [17:28<02:41, 6.03MB/s][A[A[A[A[A[A[A








Downloading [model-00002-of-00002.safetensors]:  83%|████████▎ | 2.71G/3.28G [17:28<02:54, 3.52MB/s][A[A[A[A[A[A[A[A







Downloading [model-00001-of-00002.safetensors]:  76%|███████▌  | 2.81G/3.71G [17:28<02:37, 6.16MB/s][A[A[A[A[A[A[A








Downloading [model-00002-of-00002.safetensors]:  83%|████████▎ | 2.71G/3.28G [17:28<02:23, 4.28MB/s][A[A[A[A[A[A[A[A








Downloading [model-00002-of-00002.safetensors]:  83%|████████▎ | 2.71G/3.28G [17:29<02:06, 4.86MB/s][A[A[A[A[A[A[A[A







Downloading [model-00001-of-00002.safetensors]:  76%|███████▌  | 2.81G/3.71G [17:29<03:11, 5.07MB/s][A[A[A[A[A[A[A








Downloading [model-00002-of-00002.safetensors]:  83%|████████▎ | 2.72G/3.28G [17:29<01:31, 6.68MB/s][A[A[A[A[A[A[A[A








Downloading [model-00002-of-00002.safetensors]:  83%|████████▎ | 2.72G/3.28G [17:29<01:23, 7.27MB/s][A[A[A[A[A[A[A[A








Downloading [model-00002-of-00002.safetensors]:  83%|████████▎ | 2.72G/3.28G [17:29<01:19, 7.68MB/s][A[A[A[A[A[A[A[A







Downloading [model-00001-of-00002.safetensors]:  76%|███████▌  | 2.81G/3.71G [17:29<03:59, 4.03MB/s][A[A[A[A[A[A[A








Downloading [model-00002-of-00002.safetensors]:  83%|████████▎ | 2.72G/3.28G [17:29<01:16, 7.90MB/s][A[A[A[A[A[A[A[A








Downloading [model-00002-of-00002.safetensors]:  83%|████████▎ | 2.72G/3.28G [17:29<01:15, 7.98MB/s][A[A[A[A[A[A[A[A







Downloading [model-00001-of-00002.safetensors]:  76%|███████▌  | 2.81G/3.71G [17:29<04:00, 4.02MB/s][A[A[A[A[A[A[A








Downloading [model-00002-of-00002.safetensors]:  83%|████████▎ | 2.72G/3.28G [17:29<01:16, 7.88MB/s][A[A[A[A[A[A[A[A








Downloading [model-00002-of-00002.safetensors]:  83%|████████▎ | 2.72G/3.28G [17:30<01:20, 7.50MB/s][A[A[A[A[A[A[A[A







Downloading [model-00001-of-00002.safetensors]:  76%|███████▌  | 2.81G/3.71G [17:30<03:44, 4.30MB/s][A[A[A[A[A[A[A







Downloading [model-00001-of-00002.safetensors]:  76%|███████▌  | 2.81G/3.71G [17:30<03:21, 4.80MB/s][A[A[A[A[A[A[A








Downloading [model-00002-of-00002.safetensors]:  83%|████████▎ | 2.72G/3.28G [17:30<01:27, 6.86MB/s][A[A[A[A[A[A[A[A








Downloading [model-00002-of-00002.safetensors]:  83%|████████▎ | 2.72G/3.28G [17:30<01:28, 6.79MB/s][A[A[A[A[A[A[A[A







Downloading [model-00001-of-00002.safetensors]:  76%|███████▌  | 2.81G/3.71G [17:30<03:56, 4.08MB/s][A[A[A[A[A[A[A








Downloading [model-00002-of-00002.safetensors]:  83%|████████▎ | 2.73G/3.28G [17:30<01:27, 6.86MB/s][A[A[A[A[A[A[A[A








Downloading [model-00002-of-00002.safetensors]:  83%|████████▎ | 2.73G/3.28G [17:30<01:23, 7.14MB/s][A[A[A[A[A[A[A[A







Downloading [model-00001-of-00002.safetensors]:  76%|███████▌  | 2.81G/3.71G [17:30<03:07, 5.12MB/s][A[A[A[A[A[A[A








Downloading [model-00002-of-00002.safetensors]:  83%|████████▎ | 2.73G/3.28G [17:31<01:24, 7.05MB/s][A[A[A[A[A[A[A[A







Downloading [model-00001-of-00002.safetensors]:  76%|███████▌  | 2.81G/3.71G [17:31<03:12, 4.98MB/s][A[A[A[A[A[A[A








Downloading [model-00002-of-00002.safetensors]:  83%|████████▎ | 2.73G/3.28G [17:31<01:23, 7.19MB/s][A[A[A[A[A[A[A[A








Downloading [model-00002-of-00002.safetensors]:  83%|████████▎ | 2.73G/3.28G [17:31<01:23, 7.16MB/s][A[A[A[A[A[A[A[A







Downloading [model-00001-of-00002.safetensors]:  76%|███████▌  | 2.82G/3.71G [17:31<03:11, 5.00MB/s][A[A[A[A[A[A[A








Downloading [model-00002-of-00002.safetensors]:  83%|████████▎ | 2.73G/3.28G [17:31<01:21, 7.28MB/s][A[A[A[A[A[A[A[A







Downloading [model-00001-of-00002.safetensors]:  76%|███████▌  | 2.82G/3.71G [17:31<03:14, 4.92MB/s][A[A[A[A[A[A[A








Downloading [model-00002-of-00002.safetensors]:  83%|████████▎ | 2.73G/3.28G [17:31<01:21, 7.28MB/s][A[A[A[A[A[A[A[A







Downloading [model-00001-of-00002.safetensors]:  76%|███████▌  | 2.82G/3.71G [17:31<03:09, 5.05MB/s][A[A[A[A[A[A[A








Downloading [model-00002-of-00002.safetensors]:  83%|████████▎ | 2.73G/3.28G [17:31<01:23, 7.08MB/s][A[A[A[A[A[A[A[A








Downloading [model-00002-of-00002.safetensors]:  83%|████████▎ | 2.73G/3.28G [17:31<01:25, 6.94MB/s][A[A[A[A[A[A[A[A







Downloading [model-00001-of-00002.safetensors]:  76%|███████▌  | 2.82G/3.71G [17:31<03:07, 5.10MB/s][A[A[A[A[A[A[A








Downloading [model-00002-of-00002.safetensors]:  83%|████████▎ | 2.73G/3.28G [17:32<01:24, 7.03MB/s][A[A[A[A[A[A[A[A








Downloading [model-00002-of-00002.safetensors]:  83%|████████▎ | 2.74G/3.28G [17:32<01:20, 7.29MB/s][A[A[A[A[A[A[A[A







Downloading [model-00001-of-00002.safetensors]:  76%|███████▌  | 2.82G/3.71G [17:32<03:17, 4.83MB/s][A[A[A[A[A[A[A








Downloading [model-00002-of-00002.safetensors]:  83%|████████▎ | 2.74G/3.28G [17:32<01:18, 7.52MB/s][A[A[A[A[A[A[A[A







Downloading [model-00001-of-00002.safetensors]:  76%|███████▌  | 2.82G/3.71G [17:32<03:22, 4.71MB/s][A[A[A[A[A[A[A








Downloading [model-00002-of-00002.safetensors]:  83%|████████▎ | 2.74G/3.28G [17:32<01:17, 7.53MB/s][A[A[A[A[A[A[A[A








Downloading [model-00002-of-00002.safetensors]:  83%|████████▎ | 2.74G/3.28G [17:32<01:16, 7.66MB/s][A[A[A[A[A[A[A[A







Downloading [model-00001-of-00002.safetensors]:  76%|███████▌  | 2.82G/3.71G [17:32<03:29, 4.55MB/s][A[A[A[A[A[A[A








Downloading [model-00002-of-00002.safetensors]:  83%|████████▎ | 2.74G/3.28G [17:32<01:16, 7.70MB/s][A[A[A[A[A[A[A[A







Downloading [model-00001-of-00002.safetensors]:  76%|███████▌  | 2.82G/3.71G [17:32<03:19, 4.76MB/s][A[A[A[A[A[A[A








Downloading [model-00002-of-00002.safetensors]:  83%|████████▎ | 2.74G/3.28G [17:32<01:21, 7.18MB/s][A[A[A[A[A[A[A[A








Downloading [model-00002-of-00002.safetensors]:  83%|████████▎ | 2.74G/3.28G [17:32<01:16, 7.62MB/s][A[A[A[A[A[A[A[A








Downloading [model-00002-of-00002.safetensors]:  83%|████████▎ | 2.74G/3.28G [17:33<01:10, 8.22MB/s][A[A[A[A[A[A[A[A








Downloading [model-00002-of-00002.safetensors]:  84%|████████▎ | 2.74G/3.28G [17:33<01:07, 8.56MB/s][A[A[A[A[A[A[A[A







Downloading [model-00001-of-00002.safetensors]:  76%|███████▌  | 2.82G/3.71G [17:33<04:12, 3.77MB/s][A[A[A[A[A[A[A








Downloading [model-00002-of-00002.safetensors]:  84%|████████▎ | 2.74G/3.28G [17:33<01:05, 8.89MB/s][A[A[A[A[A[A[A[A








Downloading [model-00002-of-00002.safetensors]:  84%|████████▎ | 2.75G/3.28G [17:33<01:02, 9.21MB/s][A[A[A[A[A[A[A[A








Downloading [model-00002-of-00002.safetensors]:  84%|████████▎ | 2.75G/3.28G [17:33<01:03, 9.14MB/s][A[A[A[A[A[A[A[A







Downloading [model-00001-of-00002.safetensors]:  76%|███████▌  | 2.82G/3.71G [17:33<04:31, 3.50MB/s][A[A[A[A[A[A[A








Downloading [model-00002-of-00002.safetensors]:  84%|████████▎ | 2.75G/3.28G [17:33<01:05, 8.83MB/s][A[A[A[A[A[A[A[A








Downloading [model-00002-of-00002.safetensors]:  84%|████████▎ | 2.75G/3.28G [17:33<01:06, 8.71MB/s][A[A[A[A[A[A[A[A







Downloading [model-00001-of-00002.safetensors]:  76%|███████▌  | 2.83G/3.71G [17:33<04:19, 3.66MB/s][A[A[A[A[A[A[A








Downloading [model-00002-of-00002.safetensors]:  84%|████████▎ | 2.75G/3.28G [17:33<01:09, 8.23MB/s][A[A[A[A[A[A[A[A







Downloading [model-00001-of-00002.safetensors]:  76%|███████▌  | 2.83G/3.71G [17:34<03:50, 4.12MB/s][A[A[A[A[A[A[A








Downloading [model-00002-of-00002.safetensors]:  84%|████████▎ | 2.75G/3.28G [17:34<01:17, 7.44MB/s][A[A[A[A[A[A[A[A








Downloading [model-00002-of-00002.safetensors]:  84%|████████▍ | 2.75G/3.28G [17:34<01:17, 7.42MB/s][A[A[A[A[A[A[A[A







Downloading [model-00001-of-00002.safetensors]:  76%|███████▌  | 2.83G/3.71G [17:34<03:39, 4.31MB/s][A[A[A[A[A[A[A








Downloading [model-00002-of-00002.safetensors]:  84%|████████▍ | 2.75G/3.28G [17:34<01:18, 7.31MB/s][A[A[A[A[A[A[A[A







Downloading [model-00001-of-00002.safetensors]:  76%|███████▌  | 2.83G/3.71G [17:34<03:28, 4.53MB/s][A[A[A[A[A[A[A








Downloading [model-00002-of-00002.safetensors]:  84%|████████▍ | 2.75G/3.28G [17:34<01:21, 7.02MB/s][A[A[A[A[A[A[A[A







Downloading [model-00001-of-00002.safetensors]:  76%|███████▋  | 2.83G/3.71G [17:34<03:10, 4.96MB/s][A[A[A[A[A[A[A








Downloading [model-00002-of-00002.safetensors]:  84%|████████▍ | 2.75G/3.28G [17:34<01:30, 6.30MB/s][A[A[A[A[A[A[A[A







Downloading [model-00001-of-00002.safetensors]:  76%|███████▋  | 2.83G/3.71G [17:34<02:54, 5.42MB/s][A[A[A[A[A[A[A








Downloading [model-00002-of-00002.safetensors]:  84%|████████▍ | 2.75G/3.28G [17:34<01:32, 6.12MB/s][A[A[A[A[A[A[A[A







Downloading [model-00001-of-00002.safetensors]:  76%|███████▋  | 2.83G/3.71G [17:34<02:44, 5.74MB/s][A[A[A[A[A[A[A







Downloading [model-00001-of-00002.safetensors]:  76%|███████▋  | 2.83G/3.71G [17:35<02:35, 6.05MB/s][A[A[A[A[A[A[A








Downloading [model-00002-of-00002.safetensors]:  84%|████████▍ | 2.76G/3.28G [17:35<01:37, 5.79MB/s][A[A[A[A[A[A[A[A







Downloading [model-00001-of-00002.safetensors]:  76%|███████▋  | 2.83G/3.71G [17:35<02:27, 6.38MB/s][A[A[A[A[A[A[A







Downloading [model-00001-of-00002.safetensors]:  76%|███████▋  | 2.83G/3.71G [17:35<02:18, 6.79MB/s][A[A[A[A[A[A[A








Downloading [model-00002-of-00002.safetensors]:  84%|████████▍ | 2.76G/3.28G [17:35<01:50, 5.13MB/s][A[A[A[A[A[A[A[A







Downloading [model-00001-of-00002.safetensors]:  76%|███████▋  | 2.83G/3.71G [17:35<02:10, 7.22MB/s][A[A[A[A[A[A[A







Downloading [model-00001-of-00002.safetensors]:  76%|███████▋  | 2.84G/3.71G [17:35<02:03, 7.62MB/s][A[A[A[A[A[A[A







Downloading [model-00001-of-00002.safetensors]:  76%|███████▋  | 2.84G/3.71G [17:35<01:58, 7.90MB/s][A[A[A[A[A[A[A








Downloading [model-00002-of-00002.safetensors]:  84%|████████▍ | 2.76G/3.28G [17:35<02:18, 4.08MB/s][A[A[A[A[A[A[A[A







Downloading [model-00001-of-00002.safetensors]:  77%|███████▋  | 2.84G/3.71G [17:35<01:47, 8.73MB/s][A[A[A[A[A[A[A







Downloading [model-00001-of-00002.safetensors]:  77%|███████▋  | 2.84G/3.71G [17:36<01:39, 9.36MB/s][A[A[A[A[A[A[A







Downloading [model-00001-of-00002.safetensors]:  77%|███████▋  | 2.84G/3.71G [17:36<01:41, 9.20MB/s][A[A[A[A[A[A[A








Downloading [model-00002-of-00002.safetensors]:  84%|████████▍ | 2.76G/3.28G [17:36<02:57, 3.19MB/s][A[A[A[A[A[A[A[A







Downloading [model-00001-of-00002.safetensors]:  77%|███████▋  | 2.84G/3.71G [17:36<01:38, 9.41MB/s][A[A[A[A[A[A[A








Downloading [model-00002-of-00002.safetensors]:  84%|████████▍ | 2.76G/3.28G [17:36<02:39, 3.54MB/s][A[A[A[A[A[A[A[A







Downloading [model-00001-of-00002.safetensors]:  77%|███████▋  | 2.84G/3.71G [17:36<01:49, 8.46MB/s][A[A[A[A[A[A[A








Downloading [model-00002-of-00002.safetensors]:  84%|████████▍ | 2.76G/3.28G [17:36<02:17, 4.08MB/s][A[A[A[A[A[A[A[A







Downloading [model-00001-of-00002.safetensors]:  77%|███████▋  | 2.84G/3.71G [17:36<02:05, 7.40MB/s][A[A[A[A[A[A[A








Downloading [model-00002-of-00002.safetensors]:  84%|████████▍ | 2.76G/3.28G [17:36<02:04, 4.52MB/s][A[A[A[A[A[A[A[A







Downloading [model-00001-of-00002.safetensors]:  77%|███████▋  | 2.85G/3.71G [17:36<02:09, 7.13MB/s][A[A[A[A[A[A[A








Downloading [model-00002-of-00002.safetensors]:  84%|████████▍ | 2.76G/3.28G [17:37<02:06, 4.44MB/s][A[A[A[A[A[A[A[A







Downloading [model-00001-of-00002.safetensors]:  77%|███████▋  | 2.85G/3.71G [17:37<02:22, 6.48MB/s][A[A[A[A[A[A[A







Downloading [model-00001-of-00002.safetensors]:  77%|███████▋  | 2.85G/3.71G [17:37<01:59, 7.76MB/s][A[A[A[A[A[A[A








Downloading [model-00002-of-00002.safetensors]:  84%|████████▍ | 2.76G/3.28G [17:37<02:04, 4.48MB/s][A[A[A[A[A[A[A[A







Downloading [model-00001-of-00002.safetensors]:  77%|███████▋  | 2.85G/3.71G [17:37<01:58, 7.76MB/s][A[A[A[A[A[A[A







Downloading [model-00001-of-00002.safetensors]:  77%|███████▋  | 2.85G/3.71G [17:37<01:58, 7.75MB/s][A[A[A[A[A[A[A








Downloading [model-00002-of-00002.safetensors]:  84%|████████▍ | 2.76G/3.28G [17:37<02:07, 4.38MB/s][A[A[A[A[A[A[A[A







Downloading [model-00001-of-00002.safetensors]:  77%|███████▋  | 2.85G/3.71G [17:37<02:05, 7.36MB/s][A[A[A[A[A[A[A








Downloading [model-00002-of-00002.safetensors]:  84%|████████▍ | 2.77G/3.28G [17:37<02:12, 4.22MB/s][A[A[A[A[A[A[A[A







Downloading [model-00001-of-00002.safetensors]:  77%|███████▋  | 2.85G/3.71G [17:37<01:49, 8.36MB/s][A[A[A[A[A[A[A







Downloading [model-00001-of-00002.safetensors]:  77%|███████▋  | 2.85G/3.71G [17:38<01:50, 8.33MB/s][A[A[A[A[A[A[A








Downloading [model-00002-of-00002.safetensors]:  84%|████████▍ | 2.77G/3.28G [17:38<02:21, 3.93MB/s][A[A[A[A[A[A[A[A







Downloading [model-00001-of-00002.safetensors]:  77%|███████▋  | 2.86G/3.71G [17:38<01:52, 8.18MB/s][A[A[A[A[A[A[A







Downloading [model-00001-of-00002.safetensors]:  77%|███████▋  | 2.86G/3.71G [17:38<02:00, 7.61MB/s][A[A[A[A[A[A[A








Downloading [model-00002-of-00002.safetensors]:  84%|████████▍ | 2.77G/3.28G [17:38<02:21, 3.93MB/s][A[A[A[A[A[A[A[A







Downloading [model-00001-of-00002.safetensors]:  77%|███████▋  | 2.86G/3.71G [17:38<01:49, 8.32MB/s][A[A[A[A[A[A[A








Downloading [model-00002-of-00002.safetensors]:  84%|████████▍ | 2.77G/3.28G [17:38<02:10, 4.25MB/s][A[A[A[A[A[A[A[A








Downloading [model-00002-of-00002.safetensors]:  84%|████████▍ | 2.77G/3.28G [17:38<02:02, 4.53MB/s][A[A[A[A[A[A[A[A







Downloading [model-00001-of-00002.safetensors]:  77%|███████▋  | 2.86G/3.71G [17:38<02:21, 6.45MB/s][A[A[A[A[A[A[A







Downloading [model-00001-of-00002.safetensors]:  77%|███████▋  | 2.86G/3.71G [17:38<01:47, 8.46MB/s][A[A[A[A[A[A[A







Downloading [model-00001-of-00002.safetensors]:  77%|███████▋  | 2.86G/3.71G [17:39<01:43, 8.77MB/s][A[A[A[A[A[A[A







Downloading [model-00001-of-00002.safetensors]:  77%|███████▋  | 2.86G/3.71G [17:39<01:45, 8.59MB/s][A[A[A[A[A[A[A








Downloading [model-00002-of-00002.safetensors]:  84%|████████▍ | 2.77G/3.28G [17:39<02:40, 3.44MB/s][A[A[A[A[A[A[A[A







Downloading [model-00001-of-00002.safetensors]:  77%|███████▋  | 2.86G/3.71G [17:39<01:45, 8.60MB/s][A[A[A[A[A[A[A







Downloading [model-00001-of-00002.safetensors]:  77%|███████▋  | 2.87G/3.71G [17:39<01:47, 8.47MB/s][A[A[A[A[A[A[A








Downloading [model-00002-of-00002.safetensors]:  84%|████████▍ | 2.77G/3.28G [17:39<02:30, 3.65MB/s][A[A[A[A[A[A[A[A







Downloading [model-00001-of-00002.safetensors]:  77%|███████▋  | 2.87G/3.71G [17:39<01:49, 8.25MB/s][A[A[A[A[A[A[A







Downloading [model-00001-of-00002.safetensors]:  77%|███████▋  | 2.87G/3.71G [17:39<01:51, 8.08MB/s][A[A[A[A[A[A[A








Downloading [model-00002-of-00002.safetensors]:  84%|████████▍ | 2.77G/3.28G [17:39<02:24, 3.81MB/s][A[A[A[A[A[A[A[A







Downloading [model-00001-of-00002.safetensors]:  77%|███████▋  | 2.87G/3.71G [17:39<01:51, 8.11MB/s][A[A[A[A[A[A[A







Downloading [model-00001-of-00002.safetensors]:  77%|███████▋  | 2.87G/3.71G [17:39<01:49, 8.25MB/s][A[A[A[A[A[A[A








Downloading [model-00002-of-00002.safetensors]:  84%|████████▍ | 2.77G/3.28G [17:40<02:27, 3.72MB/s][A[A[A[A[A[A[A[A







Downloading [model-00001-of-00002.safetensors]:  77%|███████▋  | 2.87G/3.71G [17:40<01:47, 8.36MB/s][A[A[A[A[A[A[A







Downloading [model-00001-of-00002.safetensors]:  77%|███████▋  | 2.87G/3.71G [17:40<01:47, 8.37MB/s][A[A[A[A[A[A[A








Downloading [model-00002-of-00002.safetensors]:  84%|████████▍ | 2.77G/3.28G [17:40<02:24, 3.80MB/s][A[A[A[A[A[A[A[A







Downloading [model-00001-of-00002.safetensors]:  77%|███████▋  | 2.87G/3.71G [17:40<01:54, 7.87MB/s][A[A[A[A[A[A[A








Downloading [model-00002-of-00002.safetensors]:  85%|████████▍ | 2.78G/3.28G [17:40<02:09, 4.23MB/s][A[A[A[A[A[A[A[A







Downloading [model-00001-of-00002.safetensors]:  77%|███████▋  | 2.87G/3.71G [17:40<02:01, 7.36MB/s][A[A[A[A[A[A[A







Downloading [model-00001-of-00002.safetensors]:  77%|███████▋  | 2.87G/3.71G [17:40<02:04, 7.22MB/s][A[A[A[A[A[A[A








Downloading [model-00002-of-00002.safetensors]:  85%|████████▍ | 2.78G/3.28G [17:40<02:01, 4.49MB/s][A[A[A[A[A[A[A[A







Downloading [model-00001-of-00002.safetensors]:  78%|███████▊  | 2.88G/3.71G [17:40<02:11, 6.80MB/s][A[A[A[A[A[A[A








Downloading [model-00002-of-00002.safetensors]:  85%|████████▍ | 2.78G/3.28G [17:40<01:51, 4.87MB/s][A[A[A[A[A[A[A[A








Downloading [model-00002-of-00002.safetensors]:  85%|████████▍ | 2.78G/3.28G [17:41<01:43, 5.26MB/s][A[A[A[A[A[A[A[A







Downloading [model-00001-of-00002.safetensors]:  78%|███████▊  | 2.88G/3.71G [17:41<02:40, 5.57MB/s][A[A[A[A[A[A[A








Downloading [model-00002-of-00002.safetensors]:  85%|████████▍ | 2.78G/3.28G [17:41<01:37, 5.59MB/s][A[A[A[A[A[A[A[A








Downloading [model-00002-of-00002.safetensors]:  85%|████████▍ | 2.78G/3.28G [17:41<01:29, 6.04MB/s][A[A[A[A[A[A[A[A







Downloading [model-00001-of-00002.safetensors]:  78%|███████▊  | 2.88G/3.71G [17:41<02:49, 5.27MB/s][A[A[A[A[A[A[A








Downloading [model-00002-of-00002.safetensors]:  85%|████████▍ | 2.78G/3.28G [17:41<01:21, 6.64MB/s][A[A[A[A[A[A[A[A







Downloading [model-00001-of-00002.safetensors]:  78%|███████▊  | 2.88G/3.71G [17:41<02:42, 5.48MB/s][A[A[A[A[A[A[A








Downloading [model-00002-of-00002.safetensors]:  85%|████████▍ | 2.78G/3.28G [17:41<01:16, 7.04MB/s][A[A[A[A[A[A[A[A







Downloading [model-00001-of-00002.safetensors]:  78%|███████▊  | 2.88G/3.71G [17:41<02:44, 5.41MB/s][A[A[A[A[A[A[A








Downloading [model-00002-of-00002.safetensors]:  85%|████████▍ | 2.78G/3.28G [17:41<01:18, 6.89MB/s][A[A[A[A[A[A[A[A







Downloading [model-00001-of-00002.safetensors]:  78%|███████▊  | 2.88G/3.71G [17:41<02:40, 5.54MB/s][A[A[A[A[A[A[A








Downloading [model-00002-of-00002.safetensors]:  85%|████████▍ | 2.78G/3.28G [17:41<01:20, 6.68MB/s][A[A[A[A[A[A[A[A








Downloading [model-00002-of-00002.safetensors]:  85%|████████▍ | 2.79G/3.28G [17:42<01:21, 6.58MB/s][A[A[A[A[A[A[A[A







Downloading [model-00001-of-00002.safetensors]:  78%|███████▊  | 2.88G/3.71G [17:42<02:40, 5.55MB/s][A[A[A[A[A[A[A








Downloading [model-00002-of-00002.safetensors]:  85%|████████▍ | 2.79G/3.28G [17:42<01:23, 6.43MB/s][A[A[A[A[A[A[A[A







Downloading [model-00001-of-00002.safetensors]:  78%|███████▊  | 2.88G/3.71G [17:42<02:46, 5.33MB/s][A[A[A[A[A[A[A








Downloading [model-00002-of-00002.safetensors]:  85%|████████▍ | 2.79G/3.28G [17:42<01:16, 7.01MB/s][A[A[A[A[A[A[A[A








Downloading [model-00002-of-00002.safetensors]:  85%|████████▍ | 2.79G/3.28G [17:42<01:05, 8.16MB/s][A[A[A[A[A[A[A[A








Downloading [model-00002-of-00002.safetensors]:  85%|████████▍ | 2.79G/3.28G [17:42<01:03, 8.42MB/s][A[A[A[A[A[A[A[A







Downloading [model-00001-of-00002.safetensors]:  78%|███████▊  | 2.88G/3.71G [17:42<03:44, 3.96MB/s][A[A[A[A[A[A[A








Downloading [model-00002-of-00002.safetensors]:  85%|████████▍ | 2.79G/3.28G [17:42<01:01, 8.62MB/s][A[A[A[A[A[A[A[A








Downloading [model-00002-of-00002.safetensors]:  85%|████████▌ | 2.79G/3.28G [17:42<01:01, 8.63MB/s][A[A[A[A[A[A[A[A







Downloading [model-00001-of-00002.safetensors]:  78%|███████▊  | 2.88G/3.71G [17:43<03:53, 3.79MB/s][A[A[A[A[A[A[A








Downloading [model-00002-of-00002.safetensors]:  85%|████████▌ | 2.79G/3.28G [17:43<01:01, 8.52MB/s][A[A[A[A[A[A[A[A








Downloading [model-00002-of-00002.safetensors]:  85%|████████▌ | 2.79G/3.28G [17:43<01:00, 8.72MB/s][A[A[A[A[A[A[A[A








Downloading [model-00002-of-00002.safetensors]:  85%|████████▌ | 2.79G/3.28G [17:43<00:57, 9.08MB/s][A[A[A[A[A[A[A[A








Downloading [model-00002-of-00002.safetensors]:  85%|████████▌ | 2.80G/3.28G [17:43<00:54, 9.65MB/s][A[A[A[A[A[A[A[A







Downloading [model-00001-of-00002.safetensors]:  78%|███████▊  | 2.88G/3.71G [17:43<04:45, 3.10MB/s][A[A[A[A[A[A[A








Downloading [model-00002-of-00002.safetensors]:  85%|████████▌ | 2.80G/3.28G [17:43<00:53, 9.77MB/s][A[A[A[A[A[A[A[A








Downloading [model-00002-of-00002.safetensors]:  85%|████████▌ | 2.80G/3.28G [17:43<00:51, 10.0MB/s][A[A[A[A[A[A[A[A








Downloading [model-00002-of-00002.safetensors]:  85%|████████▌ | 2.80G/3.28G [17:43<00:52, 9.92MB/s][A[A[A[A[A[A[A[A







Downloading [model-00001-of-00002.safetensors]:  78%|███████▊  | 2.89G/3.71G [17:44<06:57, 2.12MB/s][A[A[A[A[A[A[A








Downloading [model-00002-of-00002.safetensors]:  85%|████████▌ | 2.80G/3.28G [17:44<02:00, 4.31MB/s][A[A[A[A[A[A[A[A







Downloading [model-00001-of-00002.safetensors]:  78%|███████▊  | 2.89G/3.71G [17:44<05:42, 2.58MB/s][A[A[A[A[A[A[A







Downloading [model-00001-of-00002.safetensors]:  78%|███████▊  | 2.89G/3.71G [17:44<04:42, 3.13MB/s][A[A[A[A[A[A[A








Downloading [model-00002-of-00002.safetensors]:  85%|████████▌ | 2.80G/3.28G [17:44<01:59, 4.32MB/s][A[A[A[A[A[A[A[A







Downloading [model-00001-of-00002.safetensors]:  78%|███████▊  | 2.89G/3.71G [17:45<05:03, 2.90MB/s][A[A[A[A[A[A[A








Downloading [model-00002-of-00002.safetensors]:  85%|████████▌ | 2.80G/3.28G [17:45<02:43, 3.16MB/s][A[A[A[A[A[A[A[A







Downloading [model-00001-of-00002.safetensors]:  78%|███████▊  | 2.89G/3.71G [17:45<04:18, 3.40MB/s][A[A[A[A[A[A[A







Downloading [model-00001-of-00002.safetensors]:  78%|███████▊  | 2.89G/3.71G [17:45<03:58, 3.68MB/s][A[A[A[A[A[A[A








Downloading [model-00002-of-00002.safetensors]:  85%|████████▌ | 2.81G/3.28G [17:45<02:16, 3.78MB/s][A[A[A[A[A[A[A[A








Downloading [model-00002-of-00002.safetensors]:  85%|████████▌ | 2.81G/3.28G [17:45<01:35, 5.36MB/s][A[A[A[A[A[A[A[A







Downloading [model-00001-of-00002.safetensors]:  78%|███████▊  | 2.89G/3.71G [17:46<04:56, 2.96MB/s][A[A[A[A[A[A[A








Downloading [model-00002-of-00002.safetensors]:  86%|████████▌ | 2.81G/3.28G [17:46<01:25, 6.00MB/s][A[A[A[A[A[A[A[A








Downloading [model-00002-of-00002.safetensors]:  86%|████████▌ | 2.81G/3.28G [17:46<01:19, 6.37MB/s][A[A[A[A[A[A[A[A







Downloading [model-00001-of-00002.safetensors]:  78%|███████▊  | 2.89G/3.71G [17:46<03:35, 4.06MB/s][A[A[A[A[A[A[A








Downloading [model-00002-of-00002.safetensors]:  86%|████████▌ | 2.81G/3.28G [17:46<01:09, 7.31MB/s][A[A[A[A[A[A[A[A








Downloading [model-00002-of-00002.safetensors]:  86%|████████▌ | 2.81G/3.28G [17:46<01:13, 6.85MB/s][A[A[A[A[A[A[A[A







Downloading [model-00001-of-00002.safetensors]:  78%|███████▊  | 2.89G/3.71G [17:46<03:45, 3.88MB/s][A[A[A[A[A[A[A








Downloading [model-00002-of-00002.safetensors]:  86%|████████▌ | 2.82G/3.28G [17:46<01:05, 7.66MB/s][A[A[A[A[A[A[A[A







Downloading [model-00001-of-00002.safetensors]:  78%|███████▊  | 2.90G/3.71G [17:46<03:37, 4.02MB/s][A[A[A[A[A[A[A








Downloading [model-00002-of-00002.safetensors]:  86%|████████▌ | 2.82G/3.28G [17:47<01:12, 6.96MB/s][A[A[A[A[A[A[A[A







Downloading [model-00001-of-00002.safetensors]:  78%|███████▊  | 2.90G/3.71G [17:47<03:37, 4.00MB/s][A[A[A[A[A[A[A








Downloading [model-00002-of-00002.safetensors]:  86%|████████▌ | 2.82G/3.28G [17:47<01:03, 7.89MB/s][A[A[A[A[A[A[A[A







Downloading [model-00001-of-00002.safetensors]:  78%|███████▊  | 2.90G/3.71G [17:47<03:19, 4.37MB/s][A[A[A[A[A[A[A








Downloading [model-00002-of-00002.safetensors]:  86%|████████▌ | 2.82G/3.28G [17:47<01:00, 8.23MB/s][A[A[A[A[A[A[A[A








Downloading [model-00002-of-00002.safetensors]:  86%|████████▌ | 2.82G/3.28G [17:47<01:02, 7.99MB/s][A[A[A[A[A[A[A[A







Downloading [model-00001-of-00002.safetensors]:  78%|███████▊  | 2.90G/3.71G [17:47<03:20, 4.33MB/s][A[A[A[A[A[A[A








Downloading [model-00002-of-00002.safetensors]:  86%|████████▌ | 2.82G/3.28G [17:47<01:06, 7.43MB/s][A[A[A[A[A[A[A[A







Downloading [model-00001-of-00002.safetensors]:  78%|███████▊  | 2.90G/3.71G [17:47<03:08, 4.62MB/s][A[A[A[A[A[A[A








Downloading [model-00002-of-00002.safetensors]:  86%|████████▌ | 2.82G/3.28G [17:47<01:11, 6.94MB/s][A[A[A[A[A[A[A[A







Downloading [model-00001-of-00002.safetensors]:  78%|███████▊  | 2.90G/3.71G [17:47<02:50, 5.11MB/s][A[A[A[A[A[A[A








Downloading [model-00002-of-00002.safetensors]:  86%|████████▌ | 2.82G/3.28G [17:48<01:08, 7.20MB/s][A[A[A[A[A[A[A[A







Downloading [model-00001-of-00002.safetensors]:  78%|███████▊  | 2.90G/3.71G [17:48<02:44, 5.28MB/s][A[A[A[A[A[A[A








Downloading [model-00002-of-00002.safetensors]:  86%|████████▌ | 2.82G/3.28G [17:48<01:12, 6.79MB/s][A[A[A[A[A[A[A[A







Downloading [model-00001-of-00002.safetensors]:  78%|███████▊  | 2.90G/3.71G [17:48<02:44, 5.25MB/s][A[A[A[A[A[A[A








Downloading [model-00002-of-00002.safetensors]:  86%|████████▌ | 2.83G/3.28G [17:48<01:12, 6.80MB/s][A[A[A[A[A[A[A[A








Downloading [model-00002-of-00002.safetensors]:  86%|████████▌ | 2.83G/3.28G [17:48<01:16, 6.42MB/s][A[A[A[A[A[A[A[A







Downloading [model-00001-of-00002.safetensors]:  78%|███████▊  | 2.90G/3.71G [17:48<02:54, 4.95MB/s][A[A[A[A[A[A[A







Downloading [model-00001-of-00002.safetensors]:  78%|███████▊  | 2.90G/3.71G [17:48<02:46, 5.20MB/s][A[A[A[A[A[A[A







Downloading [model-00001-of-00002.safetensors]:  78%|███████▊  | 2.91G/3.71G [17:48<02:40, 5.36MB/s][A[A[A[A[A[A[A








Downloading [model-00002-of-00002.safetensors]:  86%|████████▌ | 2.83G/3.28G [17:49<01:32, 5.28MB/s][A[A[A[A[A[A[A[A







Downloading [model-00001-of-00002.safetensors]:  78%|███████▊  | 2.91G/3.71G [17:49<02:23, 6.01MB/s][A[A[A[A[A[A[A








Downloading [model-00002-of-00002.safetensors]:  86%|████████▌ | 2.83G/3.28G [17:49<01:28, 5.52MB/s][A[A[A[A[A[A[A[A







Downloading [model-00001-of-00002.safetensors]:  78%|███████▊  | 2.91G/3.71G [17:49<02:15, 6.35MB/s][A[A[A[A[A[A[A








Downloading [model-00002-of-00002.safetensors]:  86%|████████▌ | 2.83G/3.28G [17:49<01:23, 5.82MB/s][A[A[A[A[A[A[A[A







Downloading [model-00001-of-00002.safetensors]:  78%|███████▊  | 2.91G/3.71G [17:49<02:12, 6.49MB/s][A[A[A[A[A[A[A








Downloading [model-00002-of-00002.safetensors]:  86%|████████▌ | 2.83G/3.28G [17:49<01:25, 5.71MB/s][A[A[A[A[A[A[A[A







Downloading [model-00001-of-00002.safetensors]:  78%|███████▊  | 2.91G/3.71G [17:49<02:20, 6.13MB/s][A[A[A[A[A[A[A








Downloading [model-00002-of-00002.safetensors]:  86%|████████▋ | 2.83G/3.28G [17:49<01:08, 7.03MB/s][A[A[A[A[A[A[A[A







Downloading [model-00001-of-00002.safetensors]:  78%|███████▊  | 2.91G/3.71G [17:50<03:18, 4.32MB/s][A[A[A[A[A[A[A








Downloading [model-00002-of-00002.safetensors]:  86%|████████▋ | 2.83G/3.28G [17:50<01:18, 6.15MB/s][A[A[A[A[A[A[A[A







Downloading [model-00001-of-00002.safetensors]:  79%|███████▊  | 2.91G/3.71G [17:50<02:29, 5.72MB/s][A[A[A[A[A[A[A







Downloading [model-00001-of-00002.safetensors]:  79%|███████▊  | 2.91G/3.71G [17:50<02:32, 5.61MB/s][A[A[A[A[A[A[A








Downloading [model-00002-of-00002.safetensors]:  86%|████████▋ | 2.84G/3.28G [17:50<01:10, 6.82MB/s][A[A[A[A[A[A[A[A







Downloading [model-00001-of-00002.safetensors]:  79%|███████▊  | 2.91G/3.71G [17:50<02:31, 5.62MB/s][A[A[A[A[A[A[A








Downloading [model-00002-of-00002.safetensors]:  86%|████████▋ | 2.84G/3.28G [17:50<01:13, 6.51MB/s][A[A[A[A[A[A[A[A







Downloading [model-00001-of-00002.safetensors]:  79%|███████▊  | 2.92G/3.71G [17:50<02:35, 5.49MB/s][A[A[A[A[A[A[A








Downloading [model-00002-of-00002.safetensors]:  86%|████████▋ | 2.84G/3.28G [17:50<01:16, 6.27MB/s][A[A[A[A[A[A[A[A







Downloading [model-00001-of-00002.safetensors]:  79%|███████▊  | 2.92G/3.71G [17:51<02:39, 5.34MB/s][A[A[A[A[A[A[A








Downloading [model-00002-of-00002.safetensors]:  86%|████████▋ | 2.84G/3.28G [17:51<01:19, 5.98MB/s][A[A[A[A[A[A[A[A







Downloading [model-00001-of-00002.safetensors]:  79%|███████▊  | 2.92G/3.71G [17:51<02:39, 5.34MB/s][A[A[A[A[A[A[A








Downloading [model-00002-of-00002.safetensors]:  87%|████████▋ | 2.84G/3.28G [17:51<01:09, 6.84MB/s][A[A[A[A[A[A[A[A








Downloading [model-00002-of-00002.safetensors]:  87%|████████▋ | 2.84G/3.28G [17:51<01:11, 6.61MB/s][A[A[A[A[A[A[A[A







Downloading [model-00001-of-00002.safetensors]:  79%|███████▊  | 2.92G/3.71G [17:51<02:43, 5.20MB/s][A[A[A[A[A[A[A








Downloading [model-00002-of-00002.safetensors]:  87%|████████▋ | 2.84G/3.28G [17:51<01:15, 6.30MB/s][A[A[A[A[A[A[A[A








Downloading [model-00002-of-00002.safetensors]:  87%|████████▋ | 2.85G/3.28G [17:51<01:04, 7.29MB/s][A[A[A[A[A[A[A[A







Downloading [model-00001-of-00002.safetensors]:  79%|███████▊  | 2.92G/3.71G [17:51<02:48, 5.03MB/s][A[A[A[A[A[A[A








Downloading [model-00002-of-00002.safetensors]:  87%|████████▋ | 2.85G/3.28G [17:52<01:07, 6.98MB/s][A[A[A[A[A[A[A[A







Downloading [model-00001-of-00002.safetensors]:  79%|███████▊  | 2.92G/3.71G [17:52<02:45, 5.12MB/s][A[A[A[A[A[A[A








Downloading [model-00002-of-00002.safetensors]:  87%|████████▋ | 2.85G/3.28G [17:52<01:01, 7.58MB/s][A[A[A[A[A[A[A[A







Downloading [model-00001-of-00002.safetensors]:  79%|███████▉  | 2.92G/3.71G [17:52<02:47, 5.03MB/s][A[A[A[A[A[A[A








Downloading [model-00002-of-00002.safetensors]:  87%|████████▋ | 2.85G/3.28G [17:52<01:14, 6.30MB/s][A[A[A[A[A[A[A[A








Downloading [model-00002-of-00002.safetensors]:  87%|████████▋ | 2.85G/3.28G [17:52<01:18, 5.96MB/s][A[A[A[A[A[A[A[A







Downloading [model-00001-of-00002.safetensors]:  79%|███████▉  | 2.92G/3.71G [17:52<03:45, 3.74MB/s][A[A[A[A[A[A[A







Downloading [model-00001-of-00002.safetensors]:  79%|███████▉  | 2.92G/3.71G [17:53<04:11, 3.35MB/s][A[A[A[A[A[A[A








Downloading [model-00002-of-00002.safetensors]:  87%|████████▋ | 2.85G/3.28G [17:53<01:46, 4.36MB/s][A[A[A[A[A[A[A[A







Downloading [model-00001-of-00002.safetensors]:  79%|███████▉  | 2.92G/3.71G [17:53<03:53, 3.60MB/s][A[A[A[A[A[A[A







Downloading [model-00001-of-00002.safetensors]:  79%|███████▉  | 2.93G/3.71G [17:53<04:14, 3.31MB/s][A[A[A[A[A[A[A








Downloading [model-00002-of-00002.safetensors]:  87%|████████▋ | 2.85G/3.28G [17:53<02:29, 3.11MB/s][A[A[A[A[A[A[A[A







Downloading [model-00001-of-00002.safetensors]:  79%|███████▉  | 2.93G/3.71G [17:53<03:26, 4.07MB/s][A[A[A[A[A[A[A








Downloading [model-00002-of-00002.safetensors]:  87%|████████▋ | 2.85G/3.28G [17:54<01:45, 4.38MB/s][A[A[A[A[A[A[A[A







Downloading [model-00001-of-00002.safetensors]:  79%|███████▉  | 2.93G/3.71G [17:54<03:06, 4.49MB/s][A[A[A[A[A[A[A








Downloading [model-00002-of-00002.safetensors]:  87%|████████▋ | 2.86G/3.28G [17:54<01:21, 5.63MB/s][A[A[A[A[A[A[A[A








Downloading [model-00002-of-00002.safetensors]:  87%|████████▋ | 2.86G/3.28G [17:54<01:06, 6.84MB/s][A[A[A[A[A[A[A[A







Downloading [model-00001-of-00002.safetensors]:  79%|███████▉  | 2.93G/3.71G [17:54<03:36, 3.87MB/s][A[A[A[A[A[A[A








Downloading [model-00002-of-00002.safetensors]:  87%|████████▋ | 2.86G/3.28G [17:54<00:55, 8.20MB/s][A[A[A[A[A[A[A[A








Downloading [model-00002-of-00002.safetensors]:  87%|████████▋ | 2.86G/3.28G [17:54<00:50, 8.93MB/s][A[A[A[A[A[A[A[A







Downloading [model-00001-of-00002.safetensors]:  79%|███████▉  | 2.93G/3.71G [17:54<04:07, 3.38MB/s][A[A[A[A[A[A[A








Downloading [model-00002-of-00002.safetensors]:  87%|████████▋ | 2.86G/3.28G [17:54<00:50, 8.91MB/s][A[A[A[A[A[A[A[A








Downloading [model-00002-of-00002.safetensors]:  87%|████████▋ | 2.86G/3.28G [17:54<00:49, 9.10MB/s][A[A[A[A[A[A[A[A








Downloading [model-00002-of-00002.safetensors]:  87%|████████▋ | 2.87G/3.28G [17:55<00:49, 9.17MB/s][A[A[A[A[A[A[A[A








Downloading [model-00002-of-00002.safetensors]:  87%|████████▋ | 2.87G/3.28G [17:55<00:48, 9.35MB/s][A[A[A[A[A[A[A[A







Downloading [model-00001-of-00002.safetensors]:  79%|███████▉  | 2.93G/3.71G [17:55<04:32, 3.07MB/s][A[A[A[A[A[A[A








Downloading [model-00002-of-00002.safetensors]:  87%|████████▋ | 2.87G/3.28G [17:55<00:47, 9.41MB/s][A[A[A[A[A[A[A[A








Downloading [model-00002-of-00002.safetensors]:  87%|████████▋ | 2.87G/3.28G [17:55<00:48, 9.30MB/s][A[A[A[A[A[A[A[A







Downloading [model-00001-of-00002.safetensors]:  79%|███████▉  | 2.93G/3.71G [17:55<04:17, 3.24MB/s][A[A[A[A[A[A[A








Downloading [model-00002-of-00002.safetensors]:  87%|████████▋ | 2.87G/3.28G [17:55<00:53, 8.37MB/s][A[A[A[A[A[A[A[A







Downloading [model-00001-of-00002.safetensors]:  79%|███████▉  | 2.93G/3.71G [17:55<03:47, 3.66MB/s][A[A[A[A[A[A[A








Downloading [model-00002-of-00002.safetensors]:  87%|████████▋ | 2.87G/3.28G [17:55<00:57, 7.73MB/s][A[A[A[A[A[A[A[A








Downloading [model-00002-of-00002.safetensors]:  87%|████████▋ | 2.87G/3.28G [17:55<01:00, 7.32MB/s][A[A[A[A[A[A[A[A







Downloading [model-00001-of-00002.safetensors]:  79%|███████▉  | 2.93G/3.71G [17:55<03:23, 4.09MB/s][A[A[A[A[A[A[A








Downloading [model-00002-of-00002.safetensors]:  87%|████████▋ | 2.87G/3.28G [17:56<01:02, 7.07MB/s][A[A[A[A[A[A[A[A







Downloading [model-00001-of-00002.safetensors]:  79%|███████▉  | 2.93G/3.71G [17:56<03:07, 4.43MB/s][A[A[A[A[A[A[A








Downloading [model-00002-of-00002.safetensors]:  87%|████████▋ | 2.87G/3.28G [17:56<01:05, 6.75MB/s][A[A[A[A[A[A[A[A







Downloading [model-00001-of-00002.safetensors]:  79%|███████▉  | 2.94G/3.71G [17:56<02:54, 4.76MB/s][A[A[A[A[A[A[A








Downloading [model-00002-of-00002.safetensors]:  88%|████████▊ | 2.87G/3.28G [17:56<01:06, 6.64MB/s][A[A[A[A[A[A[A[A







Downloading [model-00001-of-00002.safetensors]:  79%|███████▉  | 2.94G/3.71G [17:56<02:43, 5.08MB/s][A[A[A[A[A[A[A








Downloading [model-00002-of-00002.safetensors]:  88%|████████▊ | 2.88G/3.28G [17:56<01:09, 6.33MB/s][A[A[A[A[A[A[A[A







Downloading [model-00001-of-00002.safetensors]:  79%|███████▉  | 2.94G/3.71G [17:56<02:35, 5.31MB/s][A[A[A[A[A[A[A








Downloading [model-00002-of-00002.safetensors]:  88%|████████▊ | 2.88G/3.28G [17:56<01:10, 6.20MB/s][A[A[A[A[A[A[A[A







Downloading [model-00001-of-00002.safetensors]:  79%|███████▉  | 2.94G/3.71G [17:56<02:49, 4.87MB/s][A[A[A[A[A[A[A








Downloading [model-00002-of-00002.safetensors]:  88%|████████▊ | 2.88G/3.28G [17:57<01:37, 4.48MB/s][A[A[A[A[A[A[A[A







Downloading [model-00001-of-00002.safetensors]:  79%|███████▉  | 2.94G/3.71G [17:57<03:10, 4.33MB/s][A[A[A[A[A[A[A








Downloading [model-00002-of-00002.safetensors]:  88%|████████▊ | 2.88G/3.28G [17:57<01:35, 4.56MB/s][A[A[A[A[A[A[A[A







Downloading [model-00001-of-00002.safetensors]:  79%|███████▉  | 2.94G/3.71G [17:57<03:05, 4.45MB/s][A[A[A[A[A[A[A








Downloading [model-00002-of-00002.safetensors]:  88%|████████▊ | 2.88G/3.28G [17:57<01:29, 4.84MB/s][A[A[A[A[A[A[A[A







Downloading [model-00001-of-00002.safetensors]:  79%|███████▉  | 2.94G/3.71G [17:57<02:52, 4.77MB/s][A[A[A[A[A[A[A








Downloading [model-00002-of-00002.safetensors]:  88%|████████▊ | 2.88G/3.28G [17:57<01:21, 5.30MB/s][A[A[A[A[A[A[A[A







Downloading [model-00001-of-00002.safetensors]:  79%|███████▉  | 2.94G/3.71G [17:57<02:35, 5.28MB/s][A[A[A[A[A[A[A








Downloading [model-00002-of-00002.safetensors]:  88%|████████▊ | 2.88G/3.28G [17:57<01:19, 5.43MB/s][A[A[A[A[A[A[A[A







Downloading [model-00001-of-00002.safetensors]:  79%|███████▉  | 2.94G/3.71G [17:57<02:43, 5.02MB/s][A[A[A[A[A[A[A








Downloading [model-00002-of-00002.safetensors]:  88%|████████▊ | 2.88G/3.28G [17:58<01:16, 5.63MB/s][A[A[A[A[A[A[A[A








Downloading [model-00002-of-00002.safetensors]:  88%|████████▊ | 2.88G/3.28G [17:58<01:10, 6.14MB/s][A[A[A[A[A[A[A[A







Downloading [model-00001-of-00002.safetensors]:  79%|███████▉  | 2.94G/3.71G [17:58<02:48, 4.88MB/s][A[A[A[A[A[A[A








Downloading [model-00002-of-00002.safetensors]:  88%|████████▊ | 2.88G/3.28G [17:58<01:08, 6.27MB/s][A[A[A[A[A[A[A[A







Downloading [model-00001-of-00002.safetensors]:  79%|███████▉  | 2.95G/3.71G [17:58<02:46, 4.92MB/s][A[A[A[A[A[A[A








Downloading [model-00002-of-00002.safetensors]:  88%|████████▊ | 2.88G/3.28G [17:58<01:07, 6.37MB/s][A[A[A[A[A[A[A[A







Downloading [model-00001-of-00002.safetensors]:  79%|███████▉  | 2.95G/3.71G [17:58<02:46, 4.91MB/s][A[A[A[A[A[A[A








Downloading [model-00002-of-00002.safetensors]:  88%|████████▊ | 2.89G/3.28G [17:58<01:03, 6.77MB/s][A[A[A[A[A[A[A[A








Downloading [model-00002-of-00002.safetensors]:  88%|████████▊ | 2.89G/3.28G [17:58<01:11, 5.94MB/s][A[A[A[A[A[A[A[A







Downloading [model-00001-of-00002.safetensors]:  79%|███████▉  | 2.95G/3.71G [17:58<03:12, 4.26MB/s][A[A[A[A[A[A[A








Downloading [model-00002-of-00002.safetensors]:  88%|████████▊ | 2.89G/3.28G [17:59<01:15, 5.67MB/s][A[A[A[A[A[A[A[A







Downloading [model-00001-of-00002.safetensors]:  79%|███████▉  | 2.95G/3.71G [17:59<03:08, 4.33MB/s][A[A[A[A[A[A[A








Downloading [model-00002-of-00002.safetensors]:  88%|████████▊ | 2.89G/3.28G [17:59<01:10, 6.06MB/s][A[A[A[A[A[A[A[A








Downloading [model-00002-of-00002.safetensors]:  88%|████████▊ | 2.89G/3.28G [17:59<01:06, 6.34MB/s][A[A[A[A[A[A[A[A







Downloading [model-00001-of-00002.safetensors]:  80%|███████▉  | 2.95G/3.71G [17:59<03:08, 4.33MB/s][A[A[A[A[A[A[A








Downloading [model-00002-of-00002.safetensors]:  88%|████████▊ | 2.89G/3.28G [17:59<01:05, 6.49MB/s][A[A[A[A[A[A[A[A








Downloading [model-00002-of-00002.safetensors]:  88%|████████▊ | 2.89G/3.28G [17:59<01:04, 6.56MB/s][A[A[A[A[A[A[A[A







Downloading [model-00001-of-00002.safetensors]:  80%|███████▉  | 2.95G/3.71G [17:59<03:21, 4.05MB/s][A[A[A[A[A[A[A








Downloading [model-00002-of-00002.safetensors]:  88%|████████▊ | 2.89G/3.28G [17:59<01:01, 6.81MB/s][A[A[A[A[A[A[A[A








Downloading [model-00002-of-00002.safetensors]:  88%|████████▊ | 2.89G/3.28G [17:59<01:04, 6.54MB/s][A[A[A[A[A[A[A[A







Downloading [model-00001-of-00002.safetensors]:  80%|███████▉  | 2.95G/3.71G [18:00<03:40, 3.69MB/s][A[A[A[A[A[A[A








Downloading [model-00002-of-00002.safetensors]:  88%|████████▊ | 2.89G/3.28G [18:00<01:02, 6.68MB/s][A[A[A[A[A[A[A[A








Downloading [model-00002-of-00002.safetensors]:  88%|████████▊ | 2.90G/3.28G [18:00<01:15, 5.51MB/s][A[A[A[A[A[A[A[A







Downloading [model-00001-of-00002.safetensors]:  80%|███████▉  | 2.95G/3.71G [18:00<04:04, 3.33MB/s][A[A[A[A[A[A[A








Downloading [model-00002-of-00002.safetensors]:  88%|████████▊ | 2.90G/3.28G [18:00<01:25, 4.88MB/s][A[A[A[A[A[A[A[A







Downloading [model-00001-of-00002.safetensors]:  80%|███████▉  | 2.95G/3.71G [18:00<04:04, 3.33MB/s][A[A[A[A[A[A[A








Downloading [model-00002-of-00002.safetensors]:  88%|████████▊ | 2.90G/3.28G [18:00<01:21, 5.08MB/s][A[A[A[A[A[A[A[A







Downloading [model-00001-of-00002.safetensors]:  80%|███████▉  | 2.95G/3.71G [18:00<03:39, 3.69MB/s][A[A[A[A[A[A[A








Downloading [model-00002-of-00002.safetensors]:  88%|████████▊ | 2.90G/3.28G [18:01<01:15, 5.46MB/s][A[A[A[A[A[A[A[A







Downloading [model-00001-of-00002.safetensors]:  80%|███████▉  | 2.96G/3.71G [18:01<03:23, 3.97MB/s][A[A[A[A[A[A[A








Downloading [model-00002-of-00002.safetensors]:  88%|████████▊ | 2.90G/3.28G [18:01<01:14, 5.54MB/s][A[A[A[A[A[A[A[A








Downloading [model-00002-of-00002.safetensors]:  88%|████████▊ | 2.90G/3.28G [18:01<01:10, 5.82MB/s][A[A[A[A[A[A[A[A







Downloading [model-00001-of-00002.safetensors]:  80%|███████▉  | 2.96G/3.71G [18:01<03:08, 4.28MB/s][A[A[A[A[A[A[A








Downloading [model-00002-of-00002.safetensors]:  88%|████████▊ | 2.90G/3.28G [18:01<01:10, 5.87MB/s][A[A[A[A[A[A[A[A







Downloading [model-00001-of-00002.safetensors]:  80%|███████▉  | 2.96G/3.71G [18:01<03:03, 4.40MB/s][A[A[A[A[A[A[A








Downloading [model-00002-of-00002.safetensors]:  88%|████████▊ | 2.90G/3.28G [18:01<01:09, 5.93MB/s][A[A[A[A[A[A[A[A








Downloading [model-00002-of-00002.safetensors]:  88%|████████▊ | 2.90G/3.28G [18:01<01:05, 6.28MB/s][A[A[A[A[A[A[A[A








Downloading [model-00002-of-00002.safetensors]:  88%|████████▊ | 2.90G/3.28G [18:01<01:00, 6.79MB/s][A[A[A[A[A[A[A[A







Downloading [model-00001-of-00002.safetensors]:  80%|███████▉  | 2.96G/3.71G [18:02<03:58, 3.39MB/s][A[A[A[A[A[A[A








Downloading [model-00002-of-00002.safetensors]:  88%|████████▊ | 2.91G/3.28G [18:02<01:04, 6.28MB/s][A[A[A[A[A[A[A[A








Downloading [model-00002-of-00002.safetensors]:  88%|████████▊ | 2.91G/3.28G [18:02<01:08, 5.95MB/s][A[A[A[A[A[A[A[A







Downloading [model-00001-of-00002.safetensors]:  80%|███████▉  | 2.96G/3.71G [18:02<03:21, 4.00MB/s][A[A[A[A[A[A[A








Downloading [model-00002-of-00002.safetensors]:  89%|████████▊ | 2.91G/3.28G [18:02<01:24, 4.77MB/s][A[A[A[A[A[A[A[A







Downloading [model-00001-of-00002.safetensors]:  80%|███████▉  | 2.96G/3.71G [18:02<03:23, 3.95MB/s][A[A[A[A[A[A[A








Downloading [model-00002-of-00002.safetensors]:  89%|████████▊ | 2.91G/3.28G [18:02<01:31, 4.39MB/s][A[A[A[A[A[A[A[A







Downloading [model-00001-of-00002.safetensors]:  80%|███████▉  | 2.96G/3.71G [18:03<03:33, 3.76MB/s][A[A[A[A[A[A[A








Downloading [model-00002-of-00002.safetensors]:  89%|████████▊ | 2.91G/3.28G [18:03<01:27, 4.60MB/s][A[A[A[A[A[A[A[A







Downloading [model-00001-of-00002.safetensors]:  80%|███████▉  | 2.96G/3.71G [18:03<03:22, 3.96MB/s][A[A[A[A[A[A[A








Downloading [model-00002-of-00002.safetensors]:  89%|████████▊ | 2.91G/3.28G [18:03<01:20, 5.01MB/s][A[A[A[A[A[A[A[A








Downloading [model-00002-of-00002.safetensors]:  89%|████████▊ | 2.91G/3.28G [18:03<01:11, 5.61MB/s][A[A[A[A[A[A[A[A







Downloading [model-00001-of-00002.safetensors]:  80%|███████▉  | 2.96G/3.71G [18:03<03:02, 4.38MB/s][A[A[A[A[A[A[A








Downloading [model-00002-of-00002.safetensors]:  89%|████████▊ | 2.91G/3.28G [18:03<01:04, 6.20MB/s][A[A[A[A[A[A[A[A







Downloading [model-00001-of-00002.safetensors]:  80%|███████▉  | 2.96G/3.71G [18:03<02:45, 4.84MB/s][A[A[A[A[A[A[A








Downloading [model-00002-of-00002.safetensors]:  89%|████████▊ | 2.91G/3.28G [18:03<01:02, 6.39MB/s][A[A[A[A[A[A[A[A







Downloading [model-00001-of-00002.safetensors]:  80%|███████▉  | 2.97G/3.71G [18:04<03:22, 3.94MB/s][A[A[A[A[A[A[A








Downloading [model-00002-of-00002.safetensors]:  89%|████████▊ | 2.91G/3.28G [18:04<01:27, 4.53MB/s][A[A[A[A[A[A[A[A







Downloading [model-00001-of-00002.safetensors]:  80%|███████▉  | 2.97G/3.71G [18:04<03:46, 3.52MB/s][A[A[A[A[A[A[A








Downloading [model-00002-of-00002.safetensors]:  89%|████████▉ | 2.92G/3.28G [18:04<01:36, 4.13MB/s][A[A[A[A[A[A[A[A







Downloading [model-00001-of-00002.safetensors]:  80%|████████  | 2.97G/3.71G [18:04<03:35, 3.69MB/s][A[A[A[A[A[A[A








Downloading [model-00002-of-00002.safetensors]:  89%|████████▉ | 2.92G/3.28G [18:04<01:36, 4.10MB/s][A[A[A[A[A[A[A[A







Downloading [model-00001-of-00002.safetensors]:  80%|████████  | 2.97G/3.71G [18:05<03:47, 3.50MB/s][A[A[A[A[A[A[A







Downloading [model-00001-of-00002.safetensors]:  80%|████████  | 2.97G/3.71G [18:05<03:39, 3.61MB/s][A[A[A[A[A[A[A








Downloading [model-00002-of-00002.safetensors]:  89%|████████▉ | 2.92G/3.28G [18:05<02:12, 2.98MB/s][A[A[A[A[A[A[A[A








Downloading [model-00002-of-00002.safetensors]:  89%|████████▉ | 2.92G/3.28G [18:05<01:25, 4.57MB/s][A[A[A[A[A[A[A[A







Downloading [model-00001-of-00002.safetensors]:  80%|████████  | 2.97G/3.71G [18:05<03:43, 3.55MB/s][A[A[A[A[A[A[A








Downloading [model-00002-of-00002.safetensors]:  89%|████████▉ | 2.92G/3.28G [18:05<01:17, 5.07MB/s][A[A[A[A[A[A[A[A








Downloading [model-00002-of-00002.safetensors]:  89%|████████▉ | 2.92G/3.28G [18:05<01:27, 4.46MB/s][A[A[A[A[A[A[A[A







Downloading [model-00001-of-00002.safetensors]:  80%|████████  | 2.97G/3.71G [18:05<03:49, 3.44MB/s][A[A[A[A[A[A[A








Downloading [model-00002-of-00002.safetensors]:  89%|████████▉ | 2.92G/3.28G [18:06<01:30, 4.29MB/s][A[A[A[A[A[A[A[A







Downloading [model-00001-of-00002.safetensors]:  80%|████████  | 2.97G/3.71G [18:06<03:51, 3.42MB/s][A[A[A[A[A[A[A







Downloading [model-00001-of-00002.safetensors]:  80%|████████  | 2.97G/3.71G [18:06<03:50, 3.43MB/s][A[A[A[A[A[A[A








Downloading [model-00002-of-00002.safetensors]:  89%|████████▉ | 2.92G/3.28G [18:06<02:00, 3.22MB/s][A[A[A[A[A[A[A[A







Downloading [model-00001-of-00002.safetensors]:  80%|████████  | 2.97G/3.71G [18:06<03:32, 3.71MB/s][A[A[A[A[A[A[A








Downloading [model-00002-of-00002.safetensors]:  89%|████████▉ | 2.92G/3.28G [18:06<01:25, 4.49MB/s][A[A[A[A[A[A[A[A







Downloading [model-00001-of-00002.safetensors]:  80%|████████  | 2.98G/3.71G [18:06<03:22, 3.89MB/s][A[A[A[A[A[A[A








Downloading [model-00002-of-00002.safetensors]:  89%|████████▉ | 2.93G/3.28G [18:07<01:23, 4.59MB/s][A[A[A[A[A[A[A[A








Downloading [model-00002-of-00002.safetensors]:  89%|████████▉ | 2.93G/3.28G [18:07<00:59, 6.39MB/s][A[A[A[A[A[A[A[A







Downloading [model-00001-of-00002.safetensors]:  80%|████████  | 2.98G/3.71G [18:07<04:32, 2.89MB/s][A[A[A[A[A[A[A








Downloading [model-00002-of-00002.safetensors]:  89%|████████▉ | 2.93G/3.28G [18:07<00:57, 6.60MB/s][A[A[A[A[A[A[A[A







Downloading [model-00001-of-00002.safetensors]:  80%|████████  | 2.98G/3.71G [18:07<02:25, 5.40MB/s][A[A[A[A[A[A[A








Downloading [model-00002-of-00002.safetensors]:  89%|████████▉ | 2.93G/3.28G [18:07<01:05, 5.77MB/s][A[A[A[A[A[A[A[A







Downloading [model-00001-of-00002.safetensors]:  80%|████████  | 2.98G/3.71G [18:07<02:26, 5.36MB/s][A[A[A[A[A[A[A







Downloading [model-00001-of-00002.safetensors]:  80%|████████  | 2.98G/3.71G [18:08<01:56, 6.68MB/s][A[A[A[A[A[A[A








Downloading [model-00002-of-00002.safetensors]:  89%|████████▉ | 2.93G/3.28G [18:08<01:18, 4.85MB/s][A[A[A[A[A[A[A[A








Downloading [model-00002-of-00002.safetensors]:  89%|████████▉ | 2.93G/3.28G [18:08<01:08, 5.54MB/s][A[A[A[A[A[A[A[A







Downloading [model-00001-of-00002.safetensors]:  80%|████████  | 2.98G/3.71G [18:08<02:07, 6.11MB/s][A[A[A[A[A[A[A








Downloading [model-00002-of-00002.safetensors]:  89%|████████▉ | 2.93G/3.28G [18:08<01:17, 4.84MB/s][A[A[A[A[A[A[A[A







Downloading [model-00001-of-00002.safetensors]:  80%|████████  | 2.99G/3.71G [18:08<01:54, 6.77MB/s][A[A[A[A[A[A[A







Downloading [model-00001-of-00002.safetensors]:  81%|████████  | 2.99G/3.71G [18:08<01:55, 6.74MB/s][A[A[A[A[A[A[A








Downloading [model-00002-of-00002.safetensors]:  89%|████████▉ | 2.93G/3.28G [18:08<01:16, 4.90MB/s][A[A[A[A[A[A[A[A







Downloading [model-00001-of-00002.safetensors]:  81%|████████  | 2.99G/3.71G [18:08<01:53, 6.84MB/s][A[A[A[A[A[A[A








Downloading [model-00002-of-00002.safetensors]:  89%|████████▉ | 2.94G/3.28G [18:09<01:14, 5.01MB/s][A[A[A[A[A[A[A[A







Downloading [model-00001-of-00002.safetensors]:  81%|████████  | 2.99G/3.71G [18:09<01:52, 6.87MB/s][A[A[A[A[A[A[A







Downloading [model-00001-of-00002.safetensors]:  81%|████████  | 2.99G/3.71G [18:09<01:49, 7.08MB/s][A[A[A[A[A[A[A








Downloading [model-00002-of-00002.safetensors]:  89%|████████▉ | 2.94G/3.28G [18:09<01:16, 4.87MB/s][A[A[A[A[A[A[A[A








Downloading [model-00002-of-00002.safetensors]:  89%|████████▉ | 2.94G/3.28G [18:09<01:07, 5.55MB/s][A[A[A[A[A[A[A[A







Downloading [model-00001-of-00002.safetensors]:  81%|████████  | 2.99G/3.71G [18:09<01:56, 6.64MB/s][A[A[A[A[A[A[A







Downloading [model-00001-of-00002.safetensors]:  81%|████████  | 2.99G/3.71G [18:09<01:46, 7.27MB/s][A[A[A[A[A[A[A







Downloading [model-00001-of-00002.safetensors]:  81%|████████  | 2.99G/3.71G [18:09<01:45, 7.26MB/s][A[A[A[A[A[A[A








Downloading [model-00002-of-00002.safetensors]:  89%|████████▉ | 2.94G/3.28G [18:09<01:19, 4.69MB/s][A[A[A[A[A[A[A[A







Downloading [model-00001-of-00002.safetensors]:  81%|████████  | 2.99G/3.71G [18:09<01:45, 7.30MB/s][A[A[A[A[A[A[A








Downloading [model-00002-of-00002.safetensors]:  89%|████████▉ | 2.94G/3.28G [18:09<01:15, 4.88MB/s][A[A[A[A[A[A[A[A







Downloading [model-00001-of-00002.safetensors]:  81%|████████  | 2.99G/3.71G [18:09<01:50, 6.94MB/s][A[A[A[A[A[A[A







Downloading [model-00001-of-00002.safetensors]:  81%|████████  | 3.00G/3.71G [18:10<01:39, 7.67MB/s][A[A[A[A[A[A[A








Downloading [model-00002-of-00002.safetensors]:  90%|████████▉ | 2.94G/3.28G [18:10<01:34, 3.91MB/s][A[A[A[A[A[A[A[A








Downloading [model-00002-of-00002.safetensors]:  90%|████████▉ | 2.94G/3.28G [18:10<01:01, 6.01MB/s][A[A[A[A[A[A[A[A







Downloading [model-00001-of-00002.safetensors]:  81%|████████  | 3.00G/3.71G [18:10<02:22, 5.36MB/s][A[A[A[A[A[A[A








Downloading [model-00002-of-00002.safetensors]:  90%|████████▉ | 2.94G/3.28G [18:10<01:09, 5.25MB/s][A[A[A[A[A[A[A[A







Downloading [model-00001-of-00002.safetensors]:  81%|████████  | 3.00G/3.71G [18:10<02:31, 5.04MB/s][A[A[A[A[A[A[A








Downloading [model-00002-of-00002.safetensors]:  90%|████████▉ | 2.94G/3.28G [18:10<01:10, 5.22MB/s][A[A[A[A[A[A[A[A








Downloading [model-00002-of-00002.safetensors]:  90%|████████▉ | 2.95G/3.28G [18:11<01:07, 5.38MB/s][A[A[A[A[A[A[A[A







Downloading [model-00001-of-00002.safetensors]:  81%|████████  | 3.00G/3.71G [18:11<02:44, 4.62MB/s][A[A[A[A[A[A[A







Downloading [model-00001-of-00002.safetensors]:  81%|████████  | 3.00G/3.71G [18:11<02:54, 4.37MB/s][A[A[A[A[A[A[A








Downloading [model-00002-of-00002.safetensors]:  90%|████████▉ | 2.95G/3.28G [18:11<01:24, 4.30MB/s][A[A[A[A[A[A[A[A







Downloading [model-00001-of-00002.safetensors]:  81%|████████  | 3.00G/3.71G [18:11<02:59, 4.23MB/s][A[A[A[A[A[A[A








Downloading [model-00002-of-00002.safetensors]:  90%|████████▉ | 2.95G/3.28G [18:11<01:25, 4.24MB/s][A[A[A[A[A[A[A[A







Downloading [model-00001-of-00002.safetensors]:  81%|████████  | 3.00G/3.71G [18:11<03:02, 4.17MB/s][A[A[A[A[A[A[A








Downloading [model-00002-of-00002.safetensors]:  90%|████████▉ | 2.95G/3.28G [18:11<01:26, 4.19MB/s][A[A[A[A[A[A[A[A







Downloading [model-00001-of-00002.safetensors]:  81%|████████  | 3.00G/3.71G [18:12<02:54, 4.34MB/s][A[A[A[A[A[A[A








Downloading [model-00002-of-00002.safetensors]:  90%|████████▉ | 2.95G/3.28G [18:12<01:21, 4.41MB/s][A[A[A[A[A[A[A[A








Downloading [model-00002-of-00002.safetensors]:  90%|████████▉ | 2.95G/3.28G [18:12<01:13, 4.87MB/s][A[A[A[A[A[A[A[A







Downloading [model-00001-of-00002.safetensors]:  81%|████████  | 3.00G/3.71G [18:12<02:41, 4.69MB/s][A[A[A[A[A[A[A








Downloading [model-00002-of-00002.safetensors]:  90%|████████▉ | 2.95G/3.28G [18:12<01:10, 5.07MB/s][A[A[A[A[A[A[A[A







Downloading [model-00001-of-00002.safetensors]:  81%|████████  | 3.00G/3.71G [18:12<02:39, 4.75MB/s][A[A[A[A[A[A[A







Downloading [model-00001-of-00002.safetensors]:  81%|████████  | 3.01G/3.71G [18:12<02:45, 4.56MB/s][A[A[A[A[A[A[A








Downloading [model-00002-of-00002.safetensors]:  90%|████████▉ | 2.95G/3.28G [18:12<01:20, 4.45MB/s][A[A[A[A[A[A[A[A







Downloading [model-00001-of-00002.safetensors]:  81%|████████  | 3.01G/3.71G [18:12<02:38, 4.76MB/s][A[A[A[A[A[A[A








Downloading [model-00002-of-00002.safetensors]:  90%|████████▉ | 2.95G/3.28G [18:12<01:16, 4.65MB/s][A[A[A[A[A[A[A[A







Downloading [model-00001-of-00002.safetensors]:  81%|████████  | 3.01G/3.71G [18:13<02:27, 5.10MB/s][A[A[A[A[A[A[A








Downloading [model-00002-of-00002.safetensors]:  90%|████████▉ | 2.95G/3.28G [18:13<01:09, 5.08MB/s][A[A[A[A[A[A[A[A







Downloading [model-00001-of-00002.safetensors]:  81%|████████  | 3.01G/3.71G [18:13<02:12, 5.67MB/s][A[A[A[A[A[A[A








Downloading [model-00002-of-00002.safetensors]:  90%|████████▉ | 2.96G/3.28G [18:13<01:03, 5.59MB/s][A[A[A[A[A[A[A[A







Downloading [model-00001-of-00002.safetensors]:  81%|████████  | 3.01G/3.71G [18:13<02:19, 5.37MB/s][A[A[A[A[A[A[A








Downloading [model-00002-of-00002.safetensors]:  90%|█████████ | 2.96G/3.28G [18:13<01:07, 5.19MB/s][A[A[A[A[A[A[A[A








Downloading [model-00002-of-00002.safetensors]:  90%|█████████ | 2.96G/3.28G [18:13<01:05, 5.37MB/s][A[A[A[A[A[A[A[A







Downloading [model-00001-of-00002.safetensors]:  81%|████████  | 3.01G/3.71G [18:13<02:24, 5.20MB/s][A[A[A[A[A[A[A








Downloading [model-00002-of-00002.safetensors]:  90%|█████████ | 2.96G/3.28G [18:13<01:01, 5.71MB/s][A[A[A[A[A[A[A[A







Downloading [model-00001-of-00002.safetensors]:  81%|████████  | 3.01G/3.71G [18:13<02:21, 5.28MB/s][A[A[A[A[A[A[A








Downloading [model-00002-of-00002.safetensors]:  90%|█████████ | 2.96G/3.28G [18:14<00:59, 5.89MB/s][A[A[A[A[A[A[A[A







Downloading [model-00001-of-00002.safetensors]:  81%|████████  | 3.01G/3.71G [18:14<02:18, 5.39MB/s][A[A[A[A[A[A[A








Downloading [model-00002-of-00002.safetensors]:  90%|█████████ | 2.96G/3.28G [18:14<00:57, 6.04MB/s][A[A[A[A[A[A[A[A







Downloading [model-00001-of-00002.safetensors]:  81%|████████▏ | 3.01G/3.71G [18:14<02:22, 5.25MB/s][A[A[A[A[A[A[A








Downloading [model-00002-of-00002.safetensors]:  90%|█████████ | 2.96G/3.28G [18:14<00:56, 6.13MB/s][A[A[A[A[A[A[A[A







Downloading [model-00001-of-00002.safetensors]:  81%|████████▏ | 3.01G/3.71G [18:14<02:16, 5.48MB/s][A[A[A[A[A[A[A








Downloading [model-00002-of-00002.safetensors]:  90%|█████████ | 2.96G/3.28G [18:14<00:57, 6.04MB/s][A[A[A[A[A[A[A[A







Downloading [model-00001-of-00002.safetensors]:  81%|████████▏ | 3.02G/3.71G [18:14<02:09, 5.75MB/s][A[A[A[A[A[A[A








Downloading [model-00002-of-00002.safetensors]:  90%|█████████ | 2.96G/3.28G [18:14<00:58, 5.89MB/s][A[A[A[A[A[A[A[A








Downloading [model-00002-of-00002.safetensors]:  90%|█████████ | 2.96G/3.28G [18:15<01:22, 4.16MB/s][A[A[A[A[A[A[A[A








Downloading [model-00002-of-00002.safetensors]:  90%|█████████ | 2.96G/3.28G [18:15<01:12, 4.72MB/s][A[A[A[A[A[A[A[A








Downloading [model-00002-of-00002.safetensors]:  90%|█████████ | 2.97G/3.28G [18:15<01:10, 4.83MB/s][A[A[A[A[A[A[A[A








Downloading [model-00002-of-00002.safetensors]:  90%|█████████ | 2.97G/3.28G [18:15<01:09, 4.88MB/s][A[A[A[A[A[A[A[A








Downloading [model-00002-of-00002.safetensors]:  90%|█████████ | 2.97G/3.28G [18:16<01:19, 4.28MB/s][A[A[A[A[A[A[A[A








Downloading [model-00002-of-00002.safetensors]:  90%|█████████ | 2.97G/3.28G [18:16<01:45, 3.21MB/s][A[A[A[A[A[A[A[A








Downloading [model-00002-of-00002.safetensors]:  90%|█████████ | 2.97G/3.28G [18:16<01:51, 3.02MB/s][A[A[A[A[A[A[A[A








Downloading [model-00002-of-00002.safetensors]:  90%|█████████ | 2.97G/3.28G [18:17<02:15, 2.48MB/s][A[A[A[A[A[A[A[A








Downloading [model-00002-of-00002.safetensors]:  90%|█████████ | 2.97G/3.28G [18:18<03:03, 1.83MB/s][A[A[A[A[A[A[A[A








Downloading [model-00002-of-00002.safetensors]:  91%|█████████ | 2.97G/3.28G [18:18<02:51, 1.95MB/s][A[A[A[A[A[A[A[A








Downloading [model-00002-of-00002.safetensors]:  91%|█████████ | 2.97G/3.28G [18:19<02:40, 2.09MB/s][A[A[A[A[A[A[A[A








Downloading [model-00002-of-00002.safetensors]:  91%|█████████ | 2.97G/3.28G [18:20<03:00, 1.85MB/s][A[A[A[A[A[A[A[A








Downloading [model-00002-of-00002.safetensors]:  91%|█████████ | 2.98G/3.28G [18:21<03:36, 1.53MB/s][A[A[A[A[A[A[A[A








Downloading [model-00002-of-00002.safetensors]:  91%|█████████ | 2.98G/3.28G [18:21<02:33, 2.15MB/s][A[A[A[A[A[A[A[A








Downloading [model-00002-of-00002.safetensors]:  91%|█████████ | 2.98G/3.28G [18:22<02:42, 2.02MB/s][A[A[A[A[A[A[A[A








Downloading [model-00002-of-00002.safetensors]:  91%|█████████ | 2.98G/3.28G [18:23<04:09, 1.31MB/s][A[A[A[A[A[A[A[A








Downloading [model-00002-of-00002.safetensors]:  91%|█████████ | 2.98G/3.28G [18:24<04:00, 1.36MB/s][A[A[A[A[A[A[A[A







Downloading [model-00001-of-00002.safetensors]:  81%|████████▏ | 3.02G/3.71G [18:25<02:09, 5.75MB/s][A[A[A[A[A[A[A








Downloading [model-00002-of-00002.safetensors]:  91%|█████████ | 2.98G/3.28G [18:25<04:44, 1.14MB/s][A[A[A[A[A[A[A[A








Downloading [model-00002-of-00002.safetensors]:  91%|█████████ | 2.98G/3.28G [18:26<04:46, 1.13MB/s][A[A[A[A[A[A[A[A








Downloading [model-00002-of-00002.safetensors]:  91%|█████████ | 2.98G/3.28G [18:28<06:34, 820kB/s] [A[A[A[A[A[A[A[A








Downloading [model-00002-of-00002.safetensors]:  91%|█████████ | 2.98G/3.28G [18:32<09:46, 550kB/s][A[A[A[A[A[A[A[A








Downloading [model-00002-of-00002.safetensors]:  91%|█████████ | 2.99G/3.28G [18:34<10:29, 510kB/s][A[A[A[A[A[A[A[A








Downloading [model-00002-of-00002.safetensors]:  91%|█████████ | 2.99G/3.28G [18:38<13:34, 393kB/s][A[A[A[A[A[A[A[A








Downloading [model-00002-of-00002.safetensors]:  91%|█████████ | 2.99G/3.28G [18:49<25:02, 212kB/s][A[A[A[A[A[A[A[A








Downloading [model-00002-of-00002.safetensors]:  91%|█████████ | 2.99G/3.28G [19:05<25:02, 212kB/s][A[A[A[A[A[A[A[A







Downloading [model-00001-of-00002.safetensors]:  81%|████████▏ | 3.02G/3.71G [19:20<3:56:37, 52.4kB/s][A[A[A[A[A[A[A








Downloading [model-00002-of-00002.safetensors]:  91%|█████████ | 2.99G/3.28G [19:27<1:14:59, 70.7kB/s][A[A[A[A[A[A[A[A







Downloading [model-00001-of-00002.safetensors]:  81%|████████▏ | 3.02G/3.71G [19:35<3:56:37, 52.4kB/s][A[A[A[A[A[A[A








Downloading [model-00002-of-00002.safetensors]:  91%|█████████ | 2.99G/3.28G [19:45<1:14:59, 70.7kB/s][A[A[A[A[A[A[A[A







Downloading [model-00001-of-00002.safetensors]:  81%|████████▏ | 3.02G/3.71G [20:31<6:56:08, 29.7kB/s][A[A[A[A[A[A[A








Downloading [model-00002-of-00002.safetensors]:  91%|█████████ | 2.99G/3.28G [20:40<2:42:29, 32.5kB/s][A[A[A[A[A[A[A[A







Downloading [model-00001-of-00002.safetensors]:  81%|████████▏ | 3.02G/3.71G [20:45<6:56:08, 29.7kB/s][A[A[A[A[A[A[A








Downloading [model-00002-of-00002.safetensors]:  91%|█████████ | 2.99G/3.28G [20:55<2:42:29, 32.5kB/s][A[A[A[A[A[A[A[A








Downloading [model-00002-of-00002.safetensors]:  91%|█████████ | 2.99G/3.28G [21:35<3:15:45, 26.9kB/s][A[A[A[A[A[A[A[A








Downloading [model-00002-of-00002.safetensors]:  91%|█████████ | 2.99G/3.28G [21:45<3:15:45, 26.9kB/s][A[A[A[A[A[A[A[A







Downloading [model-00001-of-00002.safetensors]:  81%|████████▏ | 3.02G/3.71G [21:48<9:21:18, 22.0kB/s][A[A[A[A[A[A[A







Downloading [model-00001-of-00002.safetensors]:  81%|████████▏ | 3.02G/3.71G [22:05<9:21:18, 22.0kB/s][A[A[A[A[A[A[A








Downloading [model-00002-of-00002.safetensors]:  91%|█████████ | 2.99G/3.28G [22:11<3:11:36, 27.4kB/s][A[A[A[A[A[A[A[A








Downloading [model-00002-of-00002.safetensors]:  91%|█████████ | 2.99G/3.28G [22:25<3:11:36, 27.4kB/s][A[A[A[A[A[A[A[A







Downloading [model-00001-of-00002.safetensors]:  81%|████████▏ | 3.02G/3.71G [22:42<9:44:36, 21.1kB/s][A[A[A[A[A[A[A







Downloading [model-00001-of-00002.safetensors]: 6.04GB [22:50, 26.2MB/s]                              [A[A[A[A[A[A[A







Downloading [model-00001-of-00002.safetensors]: 6.05GB [23:05, 22.5MB/s][A[A[A[A[A[A[A







Downloading [model-00001-of-00002.safetensors]: 6.05GB [23:05, 22.5MB/s][A[A[A[A[A[A[A








Downloading [model-00002-of-00002.safetensors]:  91%|█████████ | 2.99G/3.28G [23:05<3:34:45, 24.4kB/s][A[A[A[A[A[A[A[A








Downloading [model-00002-of-00002.safetensors]: 5.98GB [23:06, 31.8MB/s]                              [A[A[A[A[A[A[A[A







Downloading [model-00001-of-00002.safetensors]: 6.06GB [23:07, 21.9MB/s][A[A[A[A[A[A[A







Downloading [model-00001-of-00002.safetensors]: 6.07GB [23:11, 19.9MB/s][A[A[A[A[A[A[A







Downloading [model-00001-of-00002.safetensors]: 6.07GB [23:12, 19.1MB/s][A[A[A[A[A[A[A







Downloading [model-00001-of-00002.safetensors]: 6.08GB [23:14, 17.9MB/s][A[A[A[A[A[A[A







Downloading [model-00001-of-00002.safetensors]: 6.08GB [23:15, 16.8MB/s][A[A[A[A[A[A[A







Downloading [model-00001-of-00002.safetensors]: 6.08GB [23:17, 15.2MB/s][A[A[A[A[A[A[A







Downloading [model-00001-of-00002.safetensors]: 6.08GB [23:17, 14.6MB/s][A[A[A[A[A[A[A







Downloading [model-00001-of-00002.safetensors]: 6.09GB [23:18, 13.8MB/s][A[A[A[A[A[A[A







Downloading [model-00001-of-00002.safetensors]: 6.09GB [23:18, 13.1MB/s][A[A[A[A[A[A[A







Downloading [model-00001-of-00002.safetensors]: 6.09GB [23:18, 12.4MB/s][A[A[A[A[A[A[A







Downloading [model-00001-of-00002.safetensors]: 6.09GB [23:19, 11.4MB/s][A[A[A[A[A[A[A







Downloading [model-00001-of-00002.safetensors]: 6.09GB [23:19, 10.7MB/s][A[A[A[A[A[A[A







Downloading [model-00001-of-00002.safetensors]: 6.09GB [23:19, 9.80MB/s][A[A[A[A[A[A[A







Downloading [model-00001-of-00002.safetensors]: 6.09GB [23:19, 9.07MB/s][A[A[A[A[A[A[A







Downloading [model-00001-of-00002.safetensors]: 6.09GB [23:20, 5.81MB/s][A[A[A[A[A[A[A







Downloading [model-00001-of-00002.safetensors]: 6.09GB [23:21, 4.12MB/s][A[A[A[A[A[A[A







Downloading [model-00001-of-00002.safetensors]: 6.09GB [23:21, 3.82MB/s][A[A[A[A[A[A[A







Downloading [model-00001-of-00002.safetensors]: 6.10GB [23:22, 3.27MB/s][A[A[A[A[A[A[A







Downloading [model-00001-of-00002.safetensors]: 6.10GB [23:22, 3.32MB/s][A[A[A[A[A[A[A







Downloading [model-00001-of-00002.safetensors]: 6.10GB [23:22, 3.38MB/s][A[A[A[A[A[A[A







Downloading [model-00001-of-00002.safetensors]: 6.10GB [23:23, 3.38MB/s][A[A[A[A[A[A[A







Downloading [model-00001-of-00002.safetensors]: 6.10GB [23:23, 3.42MB/s][A[A[A[A[A[A[A







Downloading [model-00001-of-00002.safetensors]: 6.10GB [23:23, 3.61MB/s][A[A[A[A[A[A[A







Downloading [model-00001-of-00002.safetensors]: 6.10GB [23:24, 3.59MB/s][A[A[A[A[A[A[A







Downloading [model-00001-of-00002.safetensors]: 6.10GB [23:24, 2.96MB/s][A[A[A[A[A[A[A







Downloading [model-00001-of-00002.safetensors]: 6.10GB [23:25, 2.14MB/s][A[A[A[A[A[A[A








Downloading [model-00002-of-00002.safetensors]: 6.04GB [23:25, 31.8MB/s][A[A[A[A[A[A[A[A








Downloading [model-00002-of-00002.safetensors]: 6.05GB [23:25, 25.7MB/s][A[A[A[A[A[A[A[A







Downloading [model-00001-of-00002.safetensors]: 6.10GB [23:25, 2.16MB/s][A[A[A[A[A[A[A







Downloading [model-00001-of-00002.safetensors]: 6.11GB [23:26, 2.33MB/s][A[A[A[A[A[A[A








Downloading [model-00002-of-00002.safetensors]: 6.05GB [23:26, 25.5MB/s][A[A[A[A[A[A[A[A







Downloading [model-00001-of-00002.safetensors]: 6.11GB [23:27, 1.59MB/s][A[A[A[A[A[A[A







Downloading [model-00001-of-00002.safetensors]: 6.11GB [23:28, 1.62MB/s][A[A[A[A[A[A[A







Downloading [model-00001-of-00002.safetensors]: 6.11GB [23:28, 1.66MB/s][A[A[A[A[A[A[A







Downloading [model-00001-of-00002.safetensors]: 6.11GB [23:29, 1.50MB/s][A[A[A[A[A[A[A







Downloading [model-00001-of-00002.safetensors]: 6.11GB [23:30, 1.34MB/s][A[A[A[A[A[A[A







Downloading [model-00001-of-00002.safetensors]: 6.11GB [23:31, 1.49MB/s][A[A[A[A[A[A[A







Downloading [model-00001-of-00002.safetensors]: 6.11GB [23:31, 1.63MB/s][A[A[A[A[A[A[A







Downloading [model-00001-of-00002.safetensors]: 6.11GB [23:31, 1.91MB/s][A[A[A[A[A[A[A







Downloading [model-00001-of-00002.safetensors]: 6.11GB [23:32, 2.23MB/s][A[A[A[A[A[A[A







Downloading [model-00001-of-00002.safetensors]: 6.12GB [23:32, 2.49MB/s][A[A[A[A[A[A[A







Downloading [model-00001-of-00002.safetensors]: 6.12GB [23:32, 2.82MB/s][A[A[A[A[A[A[A







Downloading [model-00001-of-00002.safetensors]: 6.12GB [23:32, 3.19MB/s][A[A[A[A[A[A[A







Downloading [model-00001-of-00002.safetensors]: 6.12GB [23:33, 3.30MB/s][A[A[A[A[A[A[A







Downloading [model-00001-of-00002.safetensors]: 6.12GB [23:33, 3.46MB/s][A[A[A[A[A[A[A







Downloading [model-00001-of-00002.safetensors]: 6.12GB [23:34, 2.21MB/s][A[A[A[A[A[A[A







Downloading [model-00001-of-00002.safetensors]: 6.12GB [23:34, 2.28MB/s][A[A[A[A[A[A[A







Downloading [model-00001-of-00002.safetensors]: 6.12GB [23:34, 3.79MB/s][A[A[A[A[A[A[A







Downloading [model-00001-of-00002.safetensors]: 6.12GB [23:35, 4.37MB/s][A[A[A[A[A[A[A







Downloading [model-00001-of-00002.safetensors]: 6.12GB [23:35, 4.99MB/s][A[A[A[A[A[A[A







Downloading [model-00001-of-00002.safetensors]: 6.13GB [23:35, 5.80MB/s][A[A[A[A[A[A[A







Downloading [model-00001-of-00002.safetensors]: 6.13GB [23:35, 6.45MB/s][A[A[A[A[A[A[A







Downloading [model-00001-of-00002.safetensors]: 6.13GB [23:35, 6.66MB/s][A[A[A[A[A[A[A







Downloading [model-00001-of-00002.safetensors]: 6.13GB [23:35, 6.46MB/s][A[A[A[A[A[A[A







Downloading [model-00001-of-00002.safetensors]: 6.13GB [23:35, 5.92MB/s][A[A[A[A[A[A[A







Downloading [model-00001-of-00002.safetensors]: 6.13GB [23:36, 5.72MB/s][A[A[A[A[A[A[A







Downloading [model-00001-of-00002.safetensors]: 6.13GB [23:36, 5.15MB/s][A[A[A[A[A[A[A







Downloading [model-00001-of-00002.safetensors]: 6.13GB [23:36, 5.30MB/s][A[A[A[A[A[A[A







Downloading [model-00001-of-00002.safetensors]: 6.13GB [23:37, 3.64MB/s][A[A[A[A[A[A[A







Downloading [model-00001-of-00002.safetensors]: 6.13GB [23:37, 3.30MB/s][A[A[A[A[A[A[A







Downloading [model-00001-of-00002.safetensors]: 6.14GB [23:37, 3.56MB/s][A[A[A[A[A[A[A







Downloading [model-00001-of-00002.safetensors]: 6.14GB [23:37, 3.98MB/s][A[A[A[A[A[A[A







Downloading [model-00001-of-00002.safetensors]: 6.14GB [23:38, 4.12MB/s][A[A[A[A[A[A[A







Downloading [model-00001-of-00002.safetensors]: 6.14GB [23:38, 4.37MB/s][A[A[A[A[A[A[A







Downloading [model-00001-of-00002.safetensors]: 6.14GB [23:38, 4.24MB/s][A[A[A[A[A[A[A







Downloading [model-00001-of-00002.safetensors]: 6.14GB [23:38, 3.92MB/s][A[A[A[A[A[A[A







Downloading [model-00001-of-00002.safetensors]: 6.14GB [23:39, 3.62MB/s][A[A[A[A[A[A[A







Downloading [model-00001-of-00002.safetensors]: 6.14GB [23:39, 3.18MB/s][A[A[A[A[A[A[A







Downloading [model-00001-of-00002.safetensors]: 6.14GB [23:40, 3.09MB/s][A[A[A[A[A[A[A







Downloading [model-00001-of-00002.safetensors]: 6.14GB [23:40, 2.97MB/s][A[A[A[A[A[A[A







Downloading [model-00001-of-00002.safetensors]: 6.15GB [23:40, 3.20MB/s][A[A[A[A[A[A[A







Downloading [model-00001-of-00002.safetensors]: 6.15GB [23:40, 3.62MB/s][A[A[A[A[A[A[A







Downloading [model-00001-of-00002.safetensors]: 6.15GB [23:41, 4.11MB/s][A[A[A[A[A[A[A







Downloading [model-00001-of-00002.safetensors]: 6.15GB [23:41, 4.26MB/s][A[A[A[A[A[A[A







Downloading [model-00001-of-00002.safetensors]: 6.15GB [23:41, 3.14MB/s][A[A[A[A[A[A[A







Downloading [model-00001-of-00002.safetensors]: 6.15GB [23:41, 3.71MB/s][A[A[A[A[A[A[A







Downloading [model-00001-of-00002.safetensors]: 6.15GB [23:42, 3.63MB/s][A[A[A[A[A[A[A







Downloading [model-00001-of-00002.safetensors]: 6.15GB [23:42, 3.94MB/s][A[A[A[A[A[A[A







Downloading [model-00001-of-00002.safetensors]: 6.15GB [23:42, 4.25MB/s][A[A[A[A[A[A[A







Downloading [model-00001-of-00002.safetensors]: 6.15GB [23:42, 4.14MB/s][A[A[A[A[A[A[A







Downloading [model-00001-of-00002.safetensors]: 6.16GB [23:43, 3.67MB/s][A[A[A[A[A[A[A







Downloading [model-00001-of-00002.safetensors]: 6.16GB [23:43, 3.31MB/s][A[A[A[A[A[A[A







Downloading [model-00001-of-00002.safetensors]: 6.16GB [23:44, 3.13MB/s][A[A[A[A[A[A[A







Downloading [model-00001-of-00002.safetensors]: 6.16GB [23:44, 3.43MB/s][A[A[A[A[A[A[A







Downloading [model-00001-of-00002.safetensors]: 6.16GB [23:44, 3.20MB/s][A[A[A[A[A[A[A







Downloading [model-00001-of-00002.safetensors]: 6.16GB [23:45, 2.53MB/s][A[A[A[A[A[A[A







Downloading [model-00001-of-00002.safetensors]: 6.16GB [23:45, 2.72MB/s][A[A[A[A[A[A[A








Downloading [model-00002-of-00002.safetensors]: 6.12GB [23:45, 25.5MB/s][A[A[A[A[A[A[A[A







Downloading [model-00001-of-00002.safetensors]: 6.16GB [23:45, 3.02MB/s][A[A[A[A[A[A[A








Downloading [model-00002-of-00002.safetensors]: 6.12GB [23:45, 18.9MB/s][A[A[A[A[A[A[A[A








Downloading [model-00002-of-00002.safetensors]: 6.12GB [23:46, 18.8MB/s][A[A[A[A[A[A[A[A







Downloading [model-00001-of-00002.safetensors]: 6.16GB [23:46, 3.28MB/s][A[A[A[A[A[A[A







Downloading [model-00001-of-00002.safetensors]: 6.16GB [23:46, 3.20MB/s][A[A[A[A[A[A[A







Downloading [model-00001-of-00002.safetensors]: 6.17GB [23:47, 2.76MB/s][A[A[A[A[A[A[A







Downloading [model-00001-of-00002.safetensors]: 6.17GB [23:47, 3.19MB/s][A[A[A[A[A[A[A







Downloading [model-00001-of-00002.safetensors]: 6.17GB [23:47, 3.55MB/s][A[A[A[A[A[A[A







Downloading [model-00001-of-00002.safetensors]: 6.17GB [23:47, 3.92MB/s][A[A[A[A[A[A[A







Downloading [model-00001-of-00002.safetensors]: 6.17GB [23:47, 4.08MB/s][A[A[A[A[A[A[A







Downloading [model-00001-of-00002.safetensors]: 6.17GB [23:48, 4.07MB/s][A[A[A[A[A[A[A







Downloading [model-00001-of-00002.safetensors]: 6.17GB [23:48, 4.89MB/s][A[A[A[A[A[A[A







Downloading [model-00001-of-00002.safetensors]: 6.17GB [23:48, 4.09MB/s][A[A[A[A[A[A[A







Downloading [model-00001-of-00002.safetensors]: 6.17GB [23:49, 3.63MB/s][A[A[A[A[A[A[A







Downloading [model-00001-of-00002.safetensors]: 6.17GB [23:49, 3.48MB/s][A[A[A[A[A[A[A







Downloading [model-00001-of-00002.safetensors]: 6.18GB [23:49, 3.56MB/s][A[A[A[A[A[A[A







Downloading [model-00001-of-00002.safetensors]: 6.18GB [23:50, 3.71MB/s][A[A[A[A[A[A[A







Downloading [model-00001-of-00002.safetensors]: 6.18GB [23:50, 4.10MB/s][A[A[A[A[A[A[A







Downloading [model-00001-of-00002.safetensors]: 6.18GB [23:50, 4.54MB/s][A[A[A[A[A[A[A







Downloading [model-00001-of-00002.safetensors]: 6.18GB [23:50, 5.06MB/s][A[A[A[A[A[A[A







Downloading [model-00001-of-00002.safetensors]: 6.18GB [23:50, 5.49MB/s][A[A[A[A[A[A[A







Downloading [model-00001-of-00002.safetensors]: 6.18GB [23:50, 5.57MB/s][A[A[A[A[A[A[A







Downloading [model-00001-of-00002.safetensors]: 6.18GB [23:51, 5.35MB/s][A[A[A[A[A[A[A







Downloading [model-00001-of-00002.safetensors]: 6.18GB [23:51, 3.03MB/s][A[A[A[A[A[A[A







Downloading [model-00001-of-00002.safetensors]: 6.18GB [23:52, 2.44MB/s][A[A[A[A[A[A[A







Downloading [model-00001-of-00002.safetensors]: 6.19GB [23:52, 2.67MB/s][A[A[A[A[A[A[A







Downloading [model-00001-of-00002.safetensors]: 6.19GB [23:53, 2.37MB/s][A[A[A[A[A[A[A







Downloading [model-00001-of-00002.safetensors]: 6.19GB [23:53, 2.64MB/s][A[A[A[A[A[A[A







Downloading [model-00001-of-00002.safetensors]: 6.19GB [23:53, 3.04MB/s][A[A[A[A[A[A[A







Downloading [model-00001-of-00002.safetensors]: 6.19GB [23:54, 3.54MB/s][A[A[A[A[A[A[A







Downloading [model-00001-of-00002.safetensors]: 6.19GB [23:54, 3.56MB/s][A[A[A[A[A[A[A







Downloading [model-00001-of-00002.safetensors]: 6.19GB [23:54, 3.50MB/s][A[A[A[A[A[A[A







Downloading [model-00001-of-00002.safetensors]: 6.19GB [23:54, 3.75MB/s][A[A[A[A[A[A[A







Downloading [model-00001-of-00002.safetensors]: 6.19GB [23:55, 3.56MB/s][A[A[A[A[A[A[A







Downloading [model-00001-of-00002.safetensors]: 6.19GB [23:55, 2.82MB/s][A[A[A[A[A[A[A







Downloading [model-00001-of-00002.safetensors]: 6.20GB [23:56, 1.92MB/s][A[A[A[A[A[A[A







Downloading [model-00001-of-00002.safetensors]: 6.20GB [23:56, 2.46MB/s][A[A[A[A[A[A[A







Downloading [model-00001-of-00002.safetensors]: 6.20GB [23:57, 2.37MB/s][A[A[A[A[A[A[A







Downloading [model-00001-of-00002.safetensors]: 6.20GB [23:58, 1.95MB/s][A[A[A[A[A[A[A







Downloading [model-00001-of-00002.safetensors]: 6.20GB [23:58, 2.08MB/s][A[A[A[A[A[A[A







Downloading [model-00001-of-00002.safetensors]: 6.20GB [23:58, 2.33MB/s][A[A[A[A[A[A[A







Downloading [model-00001-of-00002.safetensors]: 6.20GB [23:59, 2.53MB/s][A[A[A[A[A[A[A







Downloading [model-00001-of-00002.safetensors]: 6.20GB [23:59, 2.59MB/s][A[A[A[A[A[A[A







Downloading [model-00001-of-00002.safetensors]: 6.20GB [23:59, 2.74MB/s][A[A[A[A[A[A[A







Downloading [model-00001-of-00002.safetensors]: 6.20GB [24:00, 2.92MB/s][A[A[A[A[A[A[A







Downloading [model-00001-of-00002.safetensors]: 6.21GB [24:00, 3.26MB/s][A[A[A[A[A[A[A







Downloading [model-00001-of-00002.safetensors]: 6.21GB [24:01, 2.53MB/s][A[A[A[A[A[A[A







Downloading [model-00001-of-00002.safetensors]: 6.21GB [24:01, 1.86MB/s][A[A[A[A[A[A[A







Downloading [model-00001-of-00002.safetensors]: 6.21GB [24:02, 2.10MB/s][A[A[A[A[A[A[A







Downloading [model-00001-of-00002.safetensors]: 6.21GB [24:02, 1.92MB/s][A[A[A[A[A[A[A







Downloading [model-00001-of-00002.safetensors]: 6.21GB [24:03, 2.04MB/s][A[A[A[A[A[A[A







Downloading [model-00001-of-00002.safetensors]: 6.21GB [24:03, 2.03MB/s][A[A[A[A[A[A[A







Downloading [model-00001-of-00002.safetensors]: 6.21GB [24:04, 2.21MB/s][A[A[A[A[A[A[A







Downloading [model-00001-of-00002.safetensors]: 6.21GB [24:04, 2.54MB/s][A[A[A[A[A[A[A







Downloading [model-00001-of-00002.safetensors]: 6.21GB [24:04, 2.69MB/s][A[A[A[A[A[A[A







Downloading [model-00001-of-00002.safetensors]: 6.21GB [24:05, 2.91MB/s][A[A[A[A[A[A[A







Downloading [model-00001-of-00002.safetensors]: 6.22GB [24:05, 2.99MB/s][A[A[A[A[A[A[A








Downloading [model-00002-of-00002.safetensors]: 6.19GB [24:05, 18.8MB/s][A[A[A[A[A[A[A[A








Downloading [model-00002-of-00002.safetensors]: 6.19GB [24:05, 13.0MB/s][A[A[A[A[A[A[A[A







Downloading [model-00001-of-00002.safetensors]: 6.22GB [24:06, 2.64MB/s][A[A[A[A[A[A[A








Downloading [model-00002-of-00002.safetensors]: 6.19GB [24:06, 13.0MB/s][A[A[A[A[A[A[A[A







Downloading [model-00001-of-00002.safetensors]: 6.22GB [24:06, 4.49MB/s][A[A[A[A[A[A[A







Downloading [model-00001-of-00002.safetensors]: 6.22GB [24:06, 3.68MB/s][A[A[A[A[A[A[A







Downloading [model-00001-of-00002.safetensors]: 6.22GB [24:07, 3.32MB/s][A[A[A[A[A[A[A







Downloading [model-00001-of-00002.safetensors]: 6.22GB [24:07, 3.04MB/s][A[A[A[A[A[A[A







Downloading [model-00001-of-00002.safetensors]: 6.22GB [24:08, 2.83MB/s][A[A[A[A[A[A[A







Downloading [model-00001-of-00002.safetensors]: 6.22GB [24:08, 2.38MB/s][A[A[A[A[A[A[A







Downloading [model-00001-of-00002.safetensors]: 6.23GB [24:09, 2.04MB/s][A[A[A[A[A[A[A







Downloading [model-00001-of-00002.safetensors]: 6.23GB [24:09, 2.23MB/s][A[A[A[A[A[A[A







Downloading [model-00001-of-00002.safetensors]: 6.23GB [24:10, 2.29MB/s][A[A[A[A[A[A[A







Downloading [model-00001-of-00002.safetensors]: 6.23GB [24:10, 2.60MB/s][A[A[A[A[A[A[A







Downloading [model-00001-of-00002.safetensors]: 6.23GB [24:10, 2.75MB/s][A[A[A[A[A[A[A







Downloading [model-00001-of-00002.safetensors]: 6.23GB [24:11, 2.94MB/s][A[A[A[A[A[A[A







Downloading [model-00001-of-00002.safetensors]: 6.23GB [24:11, 2.77MB/s][A[A[A[A[A[A[A







Downloading [model-00001-of-00002.safetensors]: 6.23GB [24:12, 2.24MB/s][A[A[A[A[A[A[A







Downloading [model-00001-of-00002.safetensors]: 6.23GB [24:12, 2.59MB/s][A[A[A[A[A[A[A







Downloading [model-00001-of-00002.safetensors]: 6.23GB [24:13, 2.28MB/s][A[A[A[A[A[A[A







Downloading [model-00001-of-00002.safetensors]: 6.24GB [24:13, 2.16MB/s][A[A[A[A[A[A[A







Downloading [model-00001-of-00002.safetensors]: 6.24GB [24:13, 2.48MB/s][A[A[A[A[A[A[A







Downloading [model-00001-of-00002.safetensors]: 6.24GB [24:14, 2.79MB/s][A[A[A[A[A[A[A







Downloading [model-00001-of-00002.safetensors]: 6.24GB [24:14, 3.06MB/s][A[A[A[A[A[A[A







Downloading [model-00001-of-00002.safetensors]: 6.24GB [24:14, 3.31MB/s][A[A[A[A[A[A[A







Downloading [model-00001-of-00002.safetensors]: 6.24GB [24:14, 3.65MB/s][A[A[A[A[A[A[A







Downloading [model-00001-of-00002.safetensors]: 6.24GB [24:15, 4.02MB/s][A[A[A[A[A[A[A







Downloading [model-00001-of-00002.safetensors]: 6.24GB [24:15, 4.29MB/s][A[A[A[A[A[A[A







Downloading [model-00001-of-00002.safetensors]: 6.24GB [24:15, 4.56MB/s][A[A[A[A[A[A[A







Downloading [model-00001-of-00002.safetensors]: 6.24GB [24:15, 3.61MB/s][A[A[A[A[A[A[A







Downloading [model-00001-of-00002.safetensors]: 6.25GB [24:16, 3.22MB/s][A[A[A[A[A[A[A







Downloading [model-00001-of-00002.safetensors]: 6.25GB [24:16, 2.55MB/s][A[A[A[A[A[A[A







Downloading [model-00001-of-00002.safetensors]: 6.25GB [24:17, 2.24MB/s][A[A[A[A[A[A[A







Downloading [model-00001-of-00002.safetensors]: 6.25GB [24:17, 2.37MB/s][A[A[A[A[A[A[A







Downloading [model-00001-of-00002.safetensors]: 6.25GB [24:18, 2.07MB/s][A[A[A[A[A[A[A







Downloading [model-00001-of-00002.safetensors]: 6.25GB [24:18, 2.25MB/s][A[A[A[A[A[A[A







Downloading [model-00001-of-00002.safetensors]: 6.25GB [24:19, 1.93MB/s][A[A[A[A[A[A[A







Downloading [model-00001-of-00002.safetensors]: 6.25GB [24:19, 2.25MB/s][A[A[A[A[A[A[A







Downloading [model-00001-of-00002.safetensors]: 6.25GB [24:20, 2.68MB/s][A[A[A[A[A[A[A







Downloading [model-00001-of-00002.safetensors]: 6.25GB [24:20, 3.20MB/s][A[A[A[A[A[A[A







Downloading [model-00001-of-00002.safetensors]: 6.25GB [24:20, 3.05MB/s][A[A[A[A[A[A[A







Downloading [model-00001-of-00002.safetensors]: 6.26GB [24:20, 3.74MB/s][A[A[A[A[A[A[A







Downloading [model-00001-of-00002.safetensors]: 6.26GB [24:21, 4.05MB/s][A[A[A[A[A[A[A







Downloading [model-00001-of-00002.safetensors]: 6.26GB [24:21, 4.08MB/s][A[A[A[A[A[A[A







Downloading [model-00001-of-00002.safetensors]: 6.26GB [24:21, 3.22MB/s][A[A[A[A[A[A[A







Downloading [model-00001-of-00002.safetensors]: 6.26GB [24:22, 3.11MB/s][A[A[A[A[A[A[A







Downloading [model-00001-of-00002.safetensors]: 6.26GB [24:22, 3.43MB/s][A[A[A[A[A[A[A







Downloading [model-00001-of-00002.safetensors]: 6.26GB [24:22, 3.87MB/s][A[A[A[A[A[A[A







Downloading [model-00001-of-00002.safetensors]: 6.26GB [24:22, 4.08MB/s][A[A[A[A[A[A[A







Downloading [model-00001-of-00002.safetensors]: 6.26GB [24:23, 4.26MB/s][A[A[A[A[A[A[A







Downloading [model-00001-of-00002.safetensors]: 6.26GB [24:23, 4.46MB/s][A[A[A[A[A[A[A







Downloading [model-00001-of-00002.safetensors]: 6.27GB [24:23, 3.87MB/s][A[A[A[A[A[A[A







Downloading [model-00001-of-00002.safetensors]: 6.27GB [24:24, 3.19MB/s][A[A[A[A[A[A[A







Downloading [model-00001-of-00002.safetensors]: 6.27GB [24:24, 3.47MB/s][A[A[A[A[A[A[A







Downloading [model-00001-of-00002.safetensors]: 6.27GB [24:24, 3.42MB/s][A[A[A[A[A[A[A







Downloading [model-00001-of-00002.safetensors]: 6.27GB [24:24, 3.45MB/s][A[A[A[A[A[A[A







Downloading [model-00001-of-00002.safetensors]: 6.27GB [24:25, 3.49MB/s][A[A[A[A[A[A[A







Downloading [model-00001-of-00002.safetensors]: 6.27GB [24:25, 3.83MB/s][A[A[A[A[A[A[A







Downloading [model-00001-of-00002.safetensors]: 6.27GB [24:25, 4.00MB/s][A[A[A[A[A[A[A








Downloading [model-00002-of-00002.safetensors]: 6.27GB [24:25, 13.0MB/s][A[A[A[A[A[A[A[A







Downloading [model-00001-of-00002.safetensors]: 6.27GB [24:25, 4.24MB/s][A[A[A[A[A[A[A







Downloading [model-00001-of-00002.safetensors]: 6.27GB [24:26, 4.65MB/s][A[A[A[A[A[A[A








Downloading [model-00002-of-00002.safetensors]: 6.27GB [24:26, 9.21MB/s][A[A[A[A[A[A[A[A







Downloading [model-00001-of-00002.safetensors]: 6.28GB [24:26, 5.14MB/s][A[A[A[A[A[A[A








Downloading [model-00002-of-00002.safetensors]: 6.27GB [24:26, 9.21MB/s][A[A[A[A[A[A[A[A







Downloading [model-00001-of-00002.safetensors]: 6.28GB [24:26, 5.77MB/s][A[A[A[A[A[A[A







Downloading [model-00001-of-00002.safetensors]: 6.28GB [24:26, 5.94MB/s][A[A[A[A[A[A[A







Downloading [model-00001-of-00002.safetensors]: 6.28GB [24:26, 5.96MB/s][A[A[A[A[A[A[A







Downloading [model-00001-of-00002.safetensors]: 6.28GB [24:26, 6.20MB/s][A[A[A[A[A[A[A
Downloading [model-00002-of-00002.safetensors]: 6.28GB [24:26, 4.59MB/s]








Downloading [model-00001-of-00002.safetensors]: 6.28GB [24:26, 6.94MB/s][A[A[A[A[A[A[A







Downloading [model-00001-of-00002.safetensors]: 6.28GB [24:27, 8.61MB/s][A[A[A[A[A[A[A







Downloading [model-00001-of-00002.safetensors]: 6.28GB [24:27, 9.42MB/s][A[A[A[A[A[A[A







Downloading [model-00001-of-00002.safetensors]: 6.29GB [24:27, 7.82MB/s][A[A[A[A[A[A[A







Downloading [model-00001-of-00002.safetensors]: 6.29GB [24:27, 7.23MB/s][A[A[A[A[A[A[A







Downloading [model-00001-of-00002.safetensors]: 6.29GB [24:27, 6.92MB/s][A[A[A[A[A[A[A







Downloading [model-00001-of-00002.safetensors]: 6.29GB [24:28, 7.02MB/s][A[A[A[A[A[A[A







Downloading [model-00001-of-00002.safetensors]: 6.29GB [24:28, 5.78MB/s][A[A[A[A[A[A[A







Downloading [model-00001-of-00002.safetensors]: 6.29GB [24:28, 4.33MB/s][A[A[A[A[A[A[A
Processing 14 items:  93%|█████████▎| 13.0/14.0 [24:28<06:05, 366s/it] 







Downloading [model-00001-of-00002.safetensors]: 6.29GB [24:29, 3.79MB/s][A[A[A[A[A[A[A







Downloading [model-00001-of-00002.safetensors]: 6.29GB [24:29, 3.98MB/s][A[A[A[A[A[A[A







Downloading [model-00001-of-00002.safetensors]: 6.29GB [24:29, 4.37MB/s][A[A[A[A[A[A[A







Downloading [model-00001-of-00002.safetensors]: 6.29GB [24:29, 4.59MB/s][A[A[A[A[A[A[A







Downloading [model-00001-of-00002.safetensors]: 6.29GB [24:29, 4.31MB/s][A[A[A[A[A[A[A







Downloading [model-00001-of-00002.safetensors]: 6.30GB [24:30, 3.78MB/s][A[A[A[A[A[A[A







Downloading [model-00001-of-00002.safetensors]: 6.30GB [24:30, 3.76MB/s][A[A[A[A[A[A[A







Downloading [model-00001-of-00002.safetensors]: 6.30GB [24:30, 3.76MB/s][A[A[A[A[A[A[A







Downloading [model-00001-of-00002.safetensors]: 6.30GB [24:31, 3.87MB/s][A[A[A[A[A[A[A







Downloading [model-00001-of-00002.safetensors]: 6.30GB [24:31, 3.36MB/s][A[A[A[A[A[A[A







Downloading [model-00001-of-00002.safetensors]: 6.30GB [24:32, 2.71MB/s][A[A[A[A[A[A[A







Downloading [model-00001-of-00002.safetensors]: 6.30GB [24:32, 2.69MB/s][A[A[A[A[A[A[A







Downloading [model-00001-of-00002.safetensors]: 6.30GB [24:32, 3.38MB/s][A[A[A[A[A[A[A







Downloading [model-00001-of-00002.safetensors]: 6.30GB [24:32, 3.87MB/s][A[A[A[A[A[A[A







Downloading [model-00001-of-00002.safetensors]: 6.30GB [24:32, 4.43MB/s][A[A[A[A[A[A[A







Downloading [model-00001-of-00002.safetensors]: 6.31GB [24:33, 5.05MB/s][A[A[A[A[A[A[A







Downloading [model-00001-of-00002.safetensors]: 6.31GB [24:33, 5.70MB/s][A[A[A[A[A[A[A







Downloading [model-00001-of-00002.safetensors]: 6.31GB [24:33, 6.20MB/s][A[A[A[A[A[A[A







Downloading [model-00001-of-00002.safetensors]: 6.31GB [24:33, 5.80MB/s][A[A[A[A[A[A[A







Downloading [model-00001-of-00002.safetensors]: 6.31GB [24:33, 4.30MB/s][A[A[A[A[A[A[A







Downloading [model-00001-of-00002.safetensors]: 6.31GB [24:34, 3.72MB/s][A[A[A[A[A[A[A







Downloading [model-00001-of-00002.safetensors]: 6.31GB [24:34, 2.99MB/s][A[A[A[A[A[A[A







Downloading [model-00001-of-00002.safetensors]: 6.31GB [24:35, 3.07MB/s][A[A[A[A[A[A[A







Downloading [model-00001-of-00002.safetensors]: 6.31GB [24:35, 3.42MB/s][A[A[A[A[A[A[A







Downloading [model-00001-of-00002.safetensors]: 6.31GB [24:35, 3.92MB/s][A[A[A[A[A[A[A







Downloading [model-00001-of-00002.safetensors]: 6.32GB [24:35, 4.46MB/s][A[A[A[A[A[A[A







Downloading [model-00001-of-00002.safetensors]: 6.32GB [24:35, 4.74MB/s][A[A[A[A[A[A[A







Downloading [model-00001-of-00002.safetensors]: 6.32GB [24:36, 4.46MB/s][A[A[A[A[A[A[A







Downloading [model-00001-of-00002.safetensors]: 6.32GB [24:36, 4.19MB/s][A[A[A[A[A[A[A







Downloading [model-00001-of-00002.safetensors]: 6.32GB [24:36, 3.85MB/s][A[A[A[A[A[A[A







Downloading [model-00001-of-00002.safetensors]: 6.32GB [24:37, 3.13MB/s][A[A[A[A[A[A[A







Downloading [model-00001-of-00002.safetensors]: 6.32GB [24:37, 2.85MB/s][A[A[A[A[A[A[A







Downloading [model-00001-of-00002.safetensors]: 6.32GB [24:38, 2.99MB/s][A[A[A[A[A[A[A







Downloading [model-00001-of-00002.safetensors]: 6.32GB [24:38, 3.25MB/s][A[A[A[A[A[A[A







Downloading [model-00001-of-00002.safetensors]: 6.32GB [24:38, 3.53MB/s][A[A[A[A[A[A[A







Downloading [model-00001-of-00002.safetensors]: 6.33GB [24:38, 3.98MB/s][A[A[A[A[A[A[A







Downloading [model-00001-of-00002.safetensors]: 6.33GB [24:38, 4.48MB/s][A[A[A[A[A[A[A







Downloading [model-00001-of-00002.safetensors]: 6.33GB [24:39, 5.04MB/s][A[A[A[A[A[A[A







Downloading [model-00001-of-00002.safetensors]: 6.33GB [24:39, 5.62MB/s][A[A[A[A[A[A[A







Downloading [model-00001-of-00002.safetensors]: 6.33GB [24:39, 6.22MB/s][A[A[A[A[A[A[A







Downloading [model-00001-of-00002.safetensors]: 6.33GB [24:39, 5.44MB/s][A[A[A[A[A[A[A







Downloading [model-00001-of-00002.safetensors]: 6.33GB [24:39, 4.61MB/s][A[A[A[A[A[A[A







Downloading [model-00001-of-00002.safetensors]: 6.33GB [24:41, 1.38MB/s][A[A[A[A[A[A[A







Downloading [model-00001-of-00002.safetensors]: 6.33GB [24:42, 1.77MB/s][A[A[A[A[A[A[A







Downloading [model-00001-of-00002.safetensors]: 6.33GB [24:42, 2.12MB/s][A[A[A[A[A[A[A







Downloading [model-00001-of-00002.safetensors]: 6.33GB [24:42, 2.45MB/s][A[A[A[A[A[A[A







Downloading [model-00001-of-00002.safetensors]: 6.34GB [24:42, 2.89MB/s][A[A[A[A[A[A[A







Downloading [model-00001-of-00002.safetensors]: 6.34GB [24:43, 3.26MB/s][A[A[A[A[A[A[A







Downloading [model-00001-of-00002.safetensors]: 6.34GB [24:43, 3.45MB/s][A[A[A[A[A[A[A







Downloading [model-00001-of-00002.safetensors]: 6.34GB [24:43, 3.45MB/s][A[A[A[A[A[A[A







Downloading [model-00001-of-00002.safetensors]: 6.34GB [24:44, 3.03MB/s][A[A[A[A[A[A[A







Downloading [model-00001-of-00002.safetensors]: 6.34GB [24:44, 2.47MB/s][A[A[A[A[A[A[A







Downloading [model-00001-of-00002.safetensors]: 6.34GB [24:44, 2.73MB/s][A[A[A[A[A[A[A







Downloading [model-00001-of-00002.safetensors]: 6.34GB [24:45, 2.85MB/s][A[A[A[A[A[A[A







Downloading [model-00001-of-00002.safetensors]: 6.34GB [24:45, 2.80MB/s][A[A[A[A[A[A[A







Downloading [model-00001-of-00002.safetensors]: 6.34GB [24:46, 2.37MB/s][A[A[A[A[A[A[A







Downloading [model-00001-of-00002.safetensors]: 6.35GB [24:46, 2.36MB/s][A[A[A[A[A[A[A







Downloading [model-00001-of-00002.safetensors]: 6.35GB [24:47, 2.05MB/s][A[A[A[A[A[A[A







Downloading [model-00001-of-00002.safetensors]: 6.35GB [24:48, 1.35MB/s][A[A[A[A[A[A[A







Downloading [model-00001-of-00002.safetensors]: 6.35GB [24:49, 1.29MB/s][A[A[A[A[A[A[A







Downloading [model-00001-of-00002.safetensors]: 6.35GB [24:49, 1.61MB/s][A[A[A[A[A[A[A







Downloading [model-00001-of-00002.safetensors]: 6.35GB [24:50, 1.64MB/s][A[A[A[A[A[A[A







Downloading [model-00001-of-00002.safetensors]: 6.35GB [24:51, 1.39MB/s][A[A[A[A[A[A[A







Downloading [model-00001-of-00002.safetensors]: 6.35GB [24:52, 1.53MB/s][A[A[A[A[A[A[A







Downloading [model-00001-of-00002.safetensors]: 6.35GB [24:52, 1.58MB/s][A[A[A[A[A[A[A







Downloading [model-00001-of-00002.safetensors]: 6.35GB [24:53, 1.52MB/s][A[A[A[A[A[A[A







Downloading [model-00001-of-00002.safetensors]: 6.36GB [24:53, 1.68MB/s][A[A[A[A[A[A[A







Downloading [model-00001-of-00002.safetensors]: 6.36GB [24:54, 1.75MB/s][A[A[A[A[A[A[A







Downloading [model-00001-of-00002.safetensors]: 6.36GB [24:55, 1.77MB/s][A[A[A[A[A[A[A







Downloading [model-00001-of-00002.safetensors]: 6.36GB [24:56, 1.49MB/s][A[A[A[A[A[A[A







Downloading [model-00001-of-00002.safetensors]: 6.36GB [24:56, 1.46MB/s][A[A[A[A[A[A[A







Downloading [model-00001-of-00002.safetensors]: 6.36GB [24:57, 1.45MB/s][A[A[A[A[A[A[A







Downloading [model-00001-of-00002.safetensors]: 6.36GB [24:58, 1.48MB/s][A[A[A[A[A[A[A







Downloading [model-00001-of-00002.safetensors]: 6.36GB [24:58, 1.70MB/s][A[A[A[A[A[A[A







Downloading [model-00001-of-00002.safetensors]: 6.36GB [24:58, 1.98MB/s][A[A[A[A[A[A[A







Downloading [model-00001-of-00002.safetensors]: 6.36GB [24:59, 2.36MB/s][A[A[A[A[A[A[A







Downloading [model-00001-of-00002.safetensors]: 6.37GB [24:59, 2.87MB/s][A[A[A[A[A[A[A







Downloading [model-00001-of-00002.safetensors]: 6.37GB [24:59, 3.11MB/s][A[A[A[A[A[A[A







Downloading [model-00001-of-00002.safetensors]: 6.37GB [24:59, 3.09MB/s][A[A[A[A[A[A[A







Downloading [model-00001-of-00002.safetensors]: 6.37GB [25:00, 2.84MB/s][A[A[A[A[A[A[A







Downloading [model-00001-of-00002.safetensors]: 6.37GB [25:00, 3.07MB/s][A[A[A[A[A[A[A







Downloading [model-00001-of-00002.safetensors]: 6.37GB [25:00, 3.49MB/s][A[A[A[A[A[A[A







Downloading [model-00001-of-00002.safetensors]: 6.37GB [25:01, 3.99MB/s][A[A[A[A[A[A[A







Downloading [model-00001-of-00002.safetensors]: 6.37GB [25:01, 4.25MB/s][A[A[A[A[A[A[A







Downloading [model-00001-of-00002.safetensors]: 6.37GB [25:01, 3.77MB/s][A[A[A[A[A[A[A







Downloading [model-00001-of-00002.safetensors]: 6.37GB [25:01, 3.92MB/s][A[A[A[A[A[A[A







Downloading [model-00001-of-00002.safetensors]: 6.38GB [25:02, 3.71MB/s][A[A[A[A[A[A[A







Downloading [model-00001-of-00002.safetensors]: 6.38GB [25:03, 2.21MB/s][A[A[A[A[A[A[A







Downloading [model-00001-of-00002.safetensors]: 6.38GB [25:03, 2.58MB/s][A[A[A[A[A[A[A







Downloading [model-00001-of-00002.safetensors]: 6.38GB [25:04, 2.12MB/s][A[A[A[A[A[A[A







Downloading [model-00001-of-00002.safetensors]: 6.38GB [25:05, 1.52MB/s][A[A[A[A[A[A[A







Downloading [model-00001-of-00002.safetensors]: 6.38GB [25:05, 1.70MB/s][A[A[A[A[A[A[A







Downloading [model-00001-of-00002.safetensors]: 6.38GB [25:06, 1.90MB/s][A[A[A[A[A[A[A







Downloading [model-00001-of-00002.safetensors]: 6.38GB [25:06, 1.67MB/s][A[A[A[A[A[A[A







Downloading [model-00001-of-00002.safetensors]: 6.38GB [25:07, 1.90MB/s][A[A[A[A[A[A[A







Downloading [model-00001-of-00002.safetensors]: 6.38GB [25:07, 1.89MB/s][A[A[A[A[A[A[A







Downloading [model-00001-of-00002.safetensors]: 6.38GB [25:08, 1.68MB/s][A[A[A[A[A[A[A







Downloading [model-00001-of-00002.safetensors]: 6.39GB [25:08, 1.98MB/s][A[A[A[A[A[A[A







Downloading [model-00001-of-00002.safetensors]: 6.39GB [25:09, 2.39MB/s][A[A[A[A[A[A[A







Downloading [model-00001-of-00002.safetensors]: 6.39GB [25:09, 2.91MB/s][A[A[A[A[A[A[A







Downloading [model-00001-of-00002.safetensors]: 6.39GB [25:09, 3.37MB/s][A[A[A[A[A[A[A







Downloading [model-00001-of-00002.safetensors]: 6.39GB [25:10, 2.61MB/s][A[A[A[A[A[A[A







Downloading [model-00001-of-00002.safetensors]: 6.39GB [25:10, 2.46MB/s][A[A[A[A[A[A[A







Downloading [model-00001-of-00002.safetensors]: 6.39GB [25:10, 2.75MB/s][A[A[A[A[A[A[A







Downloading [model-00001-of-00002.safetensors]: 6.39GB [25:11, 2.96MB/s][A[A[A[A[A[A[A







Downloading [model-00001-of-00002.safetensors]: 6.39GB [25:11, 3.76MB/s][A[A[A[A[A[A[A







Downloading [model-00001-of-00002.safetensors]: 6.39GB [25:11, 4.36MB/s][A[A[A[A[A[A[A







Downloading [model-00001-of-00002.safetensors]: 6.40GB [25:11, 5.00MB/s][A[A[A[A[A[A[A







Downloading [model-00001-of-00002.safetensors]: 6.40GB [25:11, 4.55MB/s][A[A[A[A[A[A[A







Downloading [model-00001-of-00002.safetensors]: 6.40GB [25:12, 3.42MB/s][A[A[A[A[A[A[A







Downloading [model-00001-of-00002.safetensors]: 6.40GB [25:12, 2.80MB/s][A[A[A[A[A[A[A







Downloading [model-00001-of-00002.safetensors]: 6.40GB [25:13, 2.36MB/s][A[A[A[A[A[A[A







Downloading [model-00001-of-00002.safetensors]: 6.40GB [25:13, 2.32MB/s][A[A[A[A[A[A[A







Downloading [model-00001-of-00002.safetensors]: 6.40GB [25:14, 2.20MB/s][A[A[A[A[A[A[A







Downloading [model-00001-of-00002.safetensors]: 6.40GB [25:14, 2.41MB/s][A[A[A[A[A[A[A







Downloading [model-00001-of-00002.safetensors]: 6.40GB [25:15, 2.44MB/s][A[A[A[A[A[A[A







Downloading [model-00001-of-00002.safetensors]: 6.40GB [25:15, 2.20MB/s][A[A[A[A[A[A[A







Downloading [model-00001-of-00002.safetensors]: 6.41GB [25:16, 2.10MB/s][A[A[A[A[A[A[A







Downloading [model-00001-of-00002.safetensors]: 6.41GB [25:16, 2.34MB/s][A[A[A[A[A[A[A







Downloading [model-00001-of-00002.safetensors]: 6.41GB [25:17, 2.45MB/s][A[A[A[A[A[A[A







Downloading [model-00001-of-00002.safetensors]: 6.41GB [25:17, 2.82MB/s][A[A[A[A[A[A[A







Downloading [model-00001-of-00002.safetensors]: 6.41GB [25:17, 2.95MB/s][A[A[A[A[A[A[A







Downloading [model-00001-of-00002.safetensors]: 6.41GB [25:17, 3.08MB/s][A[A[A[A[A[A[A







Downloading [model-00001-of-00002.safetensors]: 6.41GB [25:18, 2.84MB/s][A[A[A[A[A[A[A







Downloading [model-00001-of-00002.safetensors]: 6.41GB [25:18, 2.69MB/s][A[A[A[A[A[A[A







Downloading [model-00001-of-00002.safetensors]: 6.41GB [25:19, 2.44MB/s][A[A[A[A[A[A[A







Downloading [model-00001-of-00002.safetensors]: 6.41GB [25:19, 2.60MB/s][A[A[A[A[A[A[A







Downloading [model-00001-of-00002.safetensors]: 6.42GB [25:20, 2.47MB/s][A[A[A[A[A[A[A







Downloading [model-00001-of-00002.safetensors]: 6.42GB [25:20, 2.53MB/s][A[A[A[A[A[A[A







Downloading [model-00001-of-00002.safetensors]: 6.42GB [25:20, 2.90MB/s][A[A[A[A[A[A[A







Downloading [model-00001-of-00002.safetensors]: 6.42GB [25:21, 2.92MB/s][A[A[A[A[A[A[A







Downloading [model-00001-of-00002.safetensors]: 6.42GB [25:21, 3.20MB/s][A[A[A[A[A[A[A







Downloading [model-00001-of-00002.safetensors]: 6.42GB [25:21, 3.05MB/s][A[A[A[A[A[A[A







Downloading [model-00001-of-00002.safetensors]: 6.42GB [25:22, 2.56MB/s][A[A[A[A[A[A[A







Downloading [model-00001-of-00002.safetensors]: 6.42GB [25:22, 2.63MB/s][A[A[A[A[A[A[A







Downloading [model-00001-of-00002.safetensors]: 6.42GB [25:22, 2.73MB/s][A[A[A[A[A[A[A







Downloading [model-00001-of-00002.safetensors]: 6.42GB [25:23, 2.25MB/s][A[A[A[A[A[A[A







Downloading [model-00001-of-00002.safetensors]: 6.42GB [25:24, 2.41MB/s][A[A[A[A[A[A[A







Downloading [model-00001-of-00002.safetensors]: 6.43GB [25:24, 2.29MB/s][A[A[A[A[A[A[A







Downloading [model-00001-of-00002.safetensors]: 6.43GB [25:25, 1.84MB/s][A[A[A[A[A[A[A







Downloading [model-00001-of-00002.safetensors]: 6.43GB [25:25, 1.79MB/s][A[A[A[A[A[A[A







Downloading [model-00001-of-00002.safetensors]: 6.43GB [25:26, 1.99MB/s][A[A[A[A[A[A[A







Downloading [model-00001-of-00002.safetensors]: 6.43GB [25:26, 1.91MB/s][A[A[A[A[A[A[A







Downloading [model-00001-of-00002.safetensors]: 6.43GB [25:27, 2.52MB/s][A[A[A[A[A[A[A







Downloading [model-00001-of-00002.safetensors]: 6.43GB [25:27, 2.89MB/s][A[A[A[A[A[A[A







Downloading [model-00001-of-00002.safetensors]: 6.43GB [25:27, 3.10MB/s][A[A[A[A[A[A[A







Downloading [model-00001-of-00002.safetensors]: 6.43GB [25:27, 3.30MB/s][A[A[A[A[A[A[A







Downloading [model-00001-of-00002.safetensors]: 6.43GB [25:28, 3.58MB/s][A[A[A[A[A[A[A







Downloading [model-00001-of-00002.safetensors]: 6.44GB [25:28, 3.82MB/s][A[A[A[A[A[A[A







Downloading [model-00001-of-00002.safetensors]: 6.44GB [25:28, 4.24MB/s][A[A[A[A[A[A[A







Downloading [model-00001-of-00002.safetensors]: 6.44GB [25:28, 4.13MB/s][A[A[A[A[A[A[A







Downloading [model-00001-of-00002.safetensors]: 6.44GB [25:29, 3.71MB/s][A[A[A[A[A[A[A







Downloading [model-00001-of-00002.safetensors]: 6.44GB [25:29, 3.63MB/s][A[A[A[A[A[A[A







Downloading [model-00001-of-00002.safetensors]: 6.44GB [25:29, 3.90MB/s][A[A[A[A[A[A[A







Downloading [model-00001-of-00002.safetensors]: 6.44GB [25:29, 4.30MB/s][A[A[A[A[A[A[A







Downloading [model-00001-of-00002.safetensors]: 6.44GB [25:30, 4.39MB/s][A[A[A[A[A[A[A







Downloading [model-00001-of-00002.safetensors]: 6.44GB [25:30, 4.27MB/s][A[A[A[A[A[A[A







Downloading [model-00001-of-00002.safetensors]: 6.44GB [25:30, 3.85MB/s][A[A[A[A[A[A[A







Downloading [model-00001-of-00002.safetensors]: 6.45GB [25:31, 3.06MB/s][A[A[A[A[A[A[A







Downloading [model-00001-of-00002.safetensors]: 6.45GB [25:31, 2.61MB/s][A[A[A[A[A[A[A







Downloading [model-00001-of-00002.safetensors]: 6.45GB [25:32, 2.42MB/s][A[A[A[A[A[A[A







Downloading [model-00001-of-00002.safetensors]: 6.45GB [25:32, 2.21MB/s][A[A[A[A[A[A[A







Downloading [model-00001-of-00002.safetensors]: 6.45GB [25:33, 1.73MB/s][A[A[A[A[A[A[A







Downloading [model-00001-of-00002.safetensors]: 6.45GB [25:34, 1.70MB/s][A[A[A[A[A[A[A







Downloading [model-00001-of-00002.safetensors]: 6.45GB [25:34, 1.96MB/s][A[A[A[A[A[A[A







Downloading [model-00001-of-00002.safetensors]: 6.45GB [25:35, 2.11MB/s][A[A[A[A[A[A[A







Downloading [model-00001-of-00002.safetensors]: 6.45GB [25:35, 2.39MB/s][A[A[A[A[A[A[A







Downloading [model-00001-of-00002.safetensors]: 6.45GB [25:35, 2.44MB/s][A[A[A[A[A[A[A







Downloading [model-00001-of-00002.safetensors]: 6.46GB [25:36, 2.61MB/s][A[A[A[A[A[A[A







Downloading [model-00001-of-00002.safetensors]: 6.46GB [25:36, 2.77MB/s][A[A[A[A[A[A[A







Downloading [model-00001-of-00002.safetensors]: 6.46GB [25:36, 2.96MB/s][A[A[A[A[A[A[A







Downloading [model-00001-of-00002.safetensors]: 6.46GB [25:37, 3.20MB/s][A[A[A[A[A[A[A







Downloading [model-00001-of-00002.safetensors]: 6.46GB [25:46, 334kB/s] [A[A[A[A[A[A[A







Downloading [model-00001-of-00002.safetensors]: 6.46GB [25:47, 457kB/s][A[A[A[A[A[A[A







Downloading [model-00001-of-00002.safetensors]: 6.46GB [25:47, 590kB/s][A[A[A[A[A[A[A







Downloading [model-00001-of-00002.safetensors]: 6.46GB [25:47, 781kB/s][A[A[A[A[A[A[A







Downloading [model-00001-of-00002.safetensors]: 6.46GB [25:48, 983kB/s][A[A[A[A[A[A[A







Downloading [model-00001-of-00002.safetensors]: 6.46GB [25:49, 1.12MB/s][A[A[A[A[A[A[A







Downloading [model-00001-of-00002.safetensors]: 6.46GB [25:50, 1.03MB/s][A[A[A[A[A[A[A







Downloading [model-00001-of-00002.safetensors]: 6.47GB [25:51, 1.02MB/s][A[A[A[A[A[A[A







Downloading [model-00001-of-00002.safetensors]: 6.47GB [25:51, 1.18MB/s][A[A[A[A[A[A[A







Downloading [model-00001-of-00002.safetensors]: 6.47GB [25:52, 1.25MB/s][A[A[A[A[A[A[A







Downloading [model-00001-of-00002.safetensors]: 6.47GB [25:53, 1.36MB/s][A[A[A[A[A[A[A







Downloading [model-00001-of-00002.safetensors]: 6.47GB [25:53, 1.56MB/s][A[A[A[A[A[A[A







Downloading [model-00001-of-00002.safetensors]: 6.47GB [25:53, 1.86MB/s][A[A[A[A[A[A[A







Downloading [model-00001-of-00002.safetensors]: 6.47GB [25:54, 1.98MB/s][A[A[A[A[A[A[A







Downloading [model-00001-of-00002.safetensors]: 6.47GB [25:54, 2.22MB/s][A[A[A[A[A[A[A







Downloading [model-00001-of-00002.safetensors]: 6.47GB [25:55, 1.88MB/s][A[A[A[A[A[A[A







Downloading [model-00001-of-00002.safetensors]: 6.47GB [25:55, 1.96MB/s][A[A[A[A[A[A[A







Downloading [model-00001-of-00002.safetensors]: 6.48GB [25:56, 1.97MB/s][A[A[A[A[A[A[A







Downloading [model-00001-of-00002.safetensors]: 6.48GB [25:57, 1.79MB/s][A[A[A[A[A[A[A







Downloading [model-00001-of-00002.safetensors]: 6.48GB [25:57, 1.87MB/s][A[A[A[A[A[A[A







Downloading [model-00001-of-00002.safetensors]: 6.48GB [25:58, 2.06MB/s][A[A[A[A[A[A[A







Downloading [model-00001-of-00002.safetensors]: 6.48GB [25:58, 2.09MB/s][A[A[A[A[A[A[A







Downloading [model-00001-of-00002.safetensors]: 6.48GB [25:59, 1.62MB/s][A[A[A[A[A[A[A







Downloading [model-00001-of-00002.safetensors]: 6.48GB [26:00, 1.67MB/s][A[A[A[A[A[A[A







Downloading [model-00001-of-00002.safetensors]: 6.48GB [26:00, 2.00MB/s][A[A[A[A[A[A[A







Downloading [model-00001-of-00002.safetensors]: 6.48GB [26:00, 2.29MB/s][A[A[A[A[A[A[A







Downloading [model-00001-of-00002.safetensors]: 6.48GB [26:01, 2.56MB/s][A[A[A[A[A[A[A







Downloading [model-00001-of-00002.safetensors]: 6.49GB [26:01, 2.65MB/s][A[A[A[A[A[A[A







Downloading [model-00001-of-00002.safetensors]: 6.49GB [26:01, 2.56MB/s][A[A[A[A[A[A[A







Downloading [model-00001-of-00002.safetensors]: 6.49GB [26:02, 2.13MB/s][A[A[A[A[A[A[A







Downloading [model-00001-of-00002.safetensors]: 6.49GB [26:02, 2.40MB/s][A[A[A[A[A[A[A







Downloading [model-00001-of-00002.safetensors]: 6.49GB [26:03, 2.16MB/s][A[A[A[A[A[A[A







Downloading [model-00001-of-00002.safetensors]: 6.49GB [26:04, 1.96MB/s][A[A[A[A[A[A[A







Downloading [model-00001-of-00002.safetensors]: 6.49GB [26:04, 1.70MB/s][A[A[A[A[A[A[A







Downloading [model-00001-of-00002.safetensors]: 6.49GB [26:05, 1.59MB/s][A[A[A[A[A[A[A







Downloading [model-00001-of-00002.safetensors]: 6.49GB [26:06, 1.60MB/s][A[A[A[A[A[A[A







Downloading [model-00001-of-00002.safetensors]: 6.49GB [26:06, 1.75MB/s][A[A[A[A[A[A[A







Downloading [model-00001-of-00002.safetensors]: 6.50GB [26:07, 1.44MB/s][A[A[A[A[A[A[A







Downloading [model-00001-of-00002.safetensors]: 6.50GB [26:08, 1.37MB/s][A[A[A[A[A[A[A







Downloading [model-00001-of-00002.safetensors]: 6.50GB [26:09, 1.43MB/s][A[A[A[A[A[A[A







Downloading [model-00001-of-00002.safetensors]: 6.50GB [26:10, 1.42MB/s][A[A[A[A[A[A[A







Downloading [model-00001-of-00002.safetensors]: 6.50GB [26:10, 1.39MB/s][A[A[A[A[A[A[A







Downloading [model-00001-of-00002.safetensors]: 6.50GB [26:11, 1.60MB/s][A[A[A[A[A[A[A







Downloading [model-00001-of-00002.safetensors]: 6.50GB [26:12, 1.50MB/s][A[A[A[A[A[A[A







Downloading [model-00001-of-00002.safetensors]: 6.50GB [26:12, 1.61MB/s][A[A[A[A[A[A[A







Downloading [model-00001-of-00002.safetensors]: 6.50GB [26:13, 1.58MB/s][A[A[A[A[A[A[A







Downloading [model-00001-of-00002.safetensors]: 6.50GB [26:13, 1.78MB/s][A[A[A[A[A[A[A







Downloading [model-00001-of-00002.safetensors]: 6.50GB [26:14, 1.51MB/s][A[A[A[A[A[A[A







Downloading [model-00001-of-00002.safetensors]: 6.51GB [26:15, 1.54MB/s][A[A[A[A[A[A[A







Downloading [model-00001-of-00002.safetensors]: 6.51GB [26:16, 1.31MB/s][A[A[A[A[A[A[A







Downloading [model-00001-of-00002.safetensors]: 6.51GB [26:17, 1.35MB/s][A[A[A[A[A[A[A







Downloading [model-00001-of-00002.safetensors]: 6.51GB [26:17, 1.60MB/s][A[A[A[A[A[A[A







Downloading [model-00001-of-00002.safetensors]: 6.51GB [26:18, 1.62MB/s][A[A[A[A[A[A[A







Downloading [model-00001-of-00002.safetensors]: 6.51GB [26:18, 1.55MB/s][A[A[A[A[A[A[A







Downloading [model-00001-of-00002.safetensors]: 6.51GB [26:20, 1.27MB/s][A[A[A[A[A[A[A







Downloading [model-00001-of-00002.safetensors]: 6.51GB [26:20, 1.42MB/s][A[A[A[A[A[A[A







Downloading [model-00001-of-00002.safetensors]: 6.51GB [26:21, 1.45MB/s][A[A[A[A[A[A[A







Downloading [model-00001-of-00002.safetensors]: 6.51GB [26:21, 1.51MB/s][A[A[A[A[A[A[A







Downloading [model-00001-of-00002.safetensors]: 6.52GB [26:22, 1.63MB/s][A[A[A[A[A[A[A







Downloading [model-00001-of-00002.safetensors]: 6.52GB [26:22, 1.94MB/s][A[A[A[A[A[A[A







Downloading [model-00001-of-00002.safetensors]: 6.52GB [26:23, 1.75MB/s][A[A[A[A[A[A[A







Downloading [model-00001-of-00002.safetensors]: 6.52GB [26:23, 1.99MB/s][A[A[A[A[A[A[A







Downloading [model-00001-of-00002.safetensors]: 6.52GB [26:24, 2.11MB/s][A[A[A[A[A[A[A







Downloading [model-00001-of-00002.safetensors]: 6.52GB [26:24, 2.65MB/s][A[A[A[A[A[A[A







Downloading [model-00001-of-00002.safetensors]: 6.52GB [26:24, 2.65MB/s][A[A[A[A[A[A[A







Downloading [model-00001-of-00002.safetensors]: 6.52GB [26:25, 2.26MB/s][A[A[A[A[A[A[A







Downloading [model-00001-of-00002.safetensors]: 6.52GB [26:26, 1.84MB/s][A[A[A[A[A[A[A







Downloading [model-00001-of-00002.safetensors]: 6.52GB [26:26, 1.95MB/s][A[A[A[A[A[A[A







Downloading [model-00001-of-00002.safetensors]: 6.53GB [26:27, 2.03MB/s][A[A[A[A[A[A[A







Downloading [model-00001-of-00002.safetensors]: 6.53GB [26:28, 1.64MB/s][A[A[A[A[A[A[A







Downloading [model-00001-of-00002.safetensors]: 6.53GB [26:28, 1.50MB/s][A[A[A[A[A[A[A







Downloading [model-00001-of-00002.safetensors]: 6.53GB [26:29, 1.59MB/s][A[A[A[A[A[A[A







Downloading [model-00001-of-00002.safetensors]: 6.53GB [26:30, 1.45MB/s][A[A[A[A[A[A[A







Downloading [model-00001-of-00002.safetensors]: 6.53GB [26:30, 1.68MB/s][A[A[A[A[A[A[A







Downloading [model-00001-of-00002.safetensors]: 6.53GB [26:30, 2.05MB/s][A[A[A[A[A[A[A







Downloading [model-00001-of-00002.safetensors]: 6.53GB [26:31, 2.36MB/s][A[A[A[A[A[A[A







Downloading [model-00001-of-00002.safetensors]: 6.53GB [26:31, 2.61MB/s][A[A[A[A[A[A[A







Downloading [model-00001-of-00002.safetensors]: 6.53GB [26:31, 3.01MB/s][A[A[A[A[A[A[A







Downloading [model-00001-of-00002.safetensors]: 6.54GB [26:32, 2.39MB/s][A[A[A[A[A[A[A







Downloading [model-00001-of-00002.safetensors]: 6.54GB [26:32, 2.59MB/s][A[A[A[A[A[A[A







Downloading [model-00001-of-00002.safetensors]: 6.54GB [26:33, 2.82MB/s][A[A[A[A[A[A[A







Downloading [model-00001-of-00002.safetensors]: 6.54GB [26:33, 2.18MB/s][A[A[A[A[A[A[A







Downloading [model-00001-of-00002.safetensors]: 6.54GB [26:34, 2.25MB/s][A[A[A[A[A[A[A







Downloading [model-00001-of-00002.safetensors]: 6.54GB [26:34, 2.02MB/s][A[A[A[A[A[A[A







Downloading [model-00001-of-00002.safetensors]: 6.54GB [26:35, 2.37MB/s][A[A[A[A[A[A[A







Downloading [model-00001-of-00002.safetensors]: 6.54GB [26:35, 2.49MB/s][A[A[A[A[A[A[A







Downloading [model-00001-of-00002.safetensors]: 6.54GB [26:35, 2.37MB/s][A[A[A[A[A[A[A







Downloading [model-00001-of-00002.safetensors]: 6.54GB [26:36, 2.66MB/s][A[A[A[A[A[A[A







Downloading [model-00001-of-00002.safetensors]: 6.54GB [26:36, 3.08MB/s][A[A[A[A[A[A[A







Downloading [model-00001-of-00002.safetensors]: 6.55GB [26:36, 3.04MB/s][A[A[A[A[A[A[A







Downloading [model-00001-of-00002.safetensors]: 6.55GB [26:37, 3.17MB/s][A[A[A[A[A[A[A







Downloading [model-00001-of-00002.safetensors]: 6.55GB [26:37, 2.90MB/s][A[A[A[A[A[A[A







Downloading [model-00001-of-00002.safetensors]: 6.55GB [26:37, 2.97MB/s][A[A[A[A[A[A[A







Downloading [model-00001-of-00002.safetensors]: 6.55GB [26:38, 3.06MB/s][A[A[A[A[A[A[A







Downloading [model-00001-of-00002.safetensors]: 6.55GB [26:38, 3.02MB/s][A[A[A[A[A[A[A







Downloading [model-00001-of-00002.safetensors]: 6.55GB [26:39, 2.56MB/s][A[A[A[A[A[A[A







Downloading [model-00001-of-00002.safetensors]: 6.55GB [26:39, 2.37MB/s][A[A[A[A[A[A[A







Downloading [model-00001-of-00002.safetensors]: 6.55GB [26:39, 3.35MB/s][A[A[A[A[A[A[A







Downloading [model-00001-of-00002.safetensors]: 6.56GB [26:40, 3.32MB/s][A[A[A[A[A[A[A







Downloading [model-00001-of-00002.safetensors]: 6.56GB [26:40, 3.24MB/s][A[A[A[A[A[A[A







Downloading [model-00001-of-00002.safetensors]: 6.56GB [26:40, 3.29MB/s][A[A[A[A[A[A[A







Downloading [model-00001-of-00002.safetensors]: 6.56GB [26:41, 3.25MB/s][A[A[A[A[A[A[A







Downloading [model-00001-of-00002.safetensors]: 6.56GB [26:42, 2.13MB/s][A[A[A[A[A[A[A







Downloading [model-00001-of-00002.safetensors]: 6.56GB [26:42, 2.14MB/s][A[A[A[A[A[A[A







Downloading [model-00001-of-00002.safetensors]: 6.56GB [26:43, 1.89MB/s][A[A[A[A[A[A[A







Downloading [model-00001-of-00002.safetensors]: 6.56GB [26:44, 1.56MB/s][A[A[A[A[A[A[A







Downloading [model-00001-of-00002.safetensors]: 6.56GB [26:45, 1.52MB/s][A[A[A[A[A[A[A







Downloading [model-00001-of-00002.safetensors]: 6.56GB [26:46, 1.35MB/s][A[A[A[A[A[A[A







Downloading [model-00001-of-00002.safetensors]: 6.57GB [26:46, 1.63MB/s][A[A[A[A[A[A[A







Downloading [model-00001-of-00002.safetensors]: 6.57GB [26:47, 1.46MB/s][A[A[A[A[A[A[A







Downloading [model-00001-of-00002.safetensors]: 6.57GB [26:47, 1.62MB/s][A[A[A[A[A[A[A







Downloading [model-00001-of-00002.safetensors]: 6.57GB [26:48, 1.77MB/s][A[A[A[A[A[A[A







Downloading [model-00001-of-00002.safetensors]: 6.57GB [26:48, 1.97MB/s][A[A[A[A[A[A[A







Downloading [model-00001-of-00002.safetensors]: 6.57GB [26:48, 2.31MB/s][A[A[A[A[A[A[A







Downloading [model-00001-of-00002.safetensors]: 6.57GB [26:49, 2.73MB/s][A[A[A[A[A[A[A







Downloading [model-00001-of-00002.safetensors]: 6.57GB [26:49, 2.97MB/s][A[A[A[A[A[A[A







Downloading [model-00001-of-00002.safetensors]: 6.57GB [26:50, 2.13MB/s][A[A[A[A[A[A[A







Downloading [model-00001-of-00002.safetensors]: 6.57GB [26:50, 2.79MB/s][A[A[A[A[A[A[A







Downloading [model-00001-of-00002.safetensors]: 6.58GB [26:50, 2.92MB/s][A[A[A[A[A[A[A







Downloading [model-00001-of-00002.safetensors]: 6.58GB [26:51, 2.37MB/s][A[A[A[A[A[A[A







Downloading [model-00001-of-00002.safetensors]: 6.58GB [26:51, 3.52MB/s][A[A[A[A[A[A[A







Downloading [model-00001-of-00002.safetensors]: 6.58GB [26:51, 3.86MB/s][A[A[A[A[A[A[A







Downloading [model-00001-of-00002.safetensors]: 6.58GB [26:51, 4.01MB/s][A[A[A[A[A[A[A







Downloading [model-00001-of-00002.safetensors]: 6.58GB [26:52, 2.88MB/s][A[A[A[A[A[A[A







Downloading [model-00001-of-00002.safetensors]: 6.58GB [26:53, 2.75MB/s][A[A[A[A[A[A[A







Downloading [model-00001-of-00002.safetensors]: 6.58GB [26:53, 2.58MB/s][A[A[A[A[A[A[A







Downloading [model-00001-of-00002.safetensors]: 6.58GB [26:53, 2.45MB/s][A[A[A[A[A[A[A







Downloading [model-00001-of-00002.safetensors]: 6.58GB [26:54, 2.55MB/s][A[A[A[A[A[A[A







Downloading [model-00001-of-00002.safetensors]: 6.59GB [26:55, 2.07MB/s][A[A[A[A[A[A[A







Downloading [model-00001-of-00002.safetensors]: 6.59GB [26:55, 1.94MB/s][A[A[A[A[A[A[A







Downloading [model-00001-of-00002.safetensors]: 6.59GB [26:56, 2.02MB/s][A[A[A[A[A[A[A







Downloading [model-00001-of-00002.safetensors]: 6.59GB [26:56, 2.30MB/s][A[A[A[A[A[A[A







Downloading [model-00001-of-00002.safetensors]: 6.59GB [26:56, 2.63MB/s][A[A[A[A[A[A[A







Downloading [model-00001-of-00002.safetensors]: 6.59GB [26:57, 2.86MB/s][A[A[A[A[A[A[A







Downloading [model-00001-of-00002.safetensors]: 6.59GB [26:57, 2.97MB/s][A[A[A[A[A[A[A







Downloading [model-00001-of-00002.safetensors]: 6.59GB [26:57, 2.49MB/s][A[A[A[A[A[A[A







Downloading [model-00001-of-00002.safetensors]: 6.59GB [26:58, 2.44MB/s][A[A[A[A[A[A[A







Downloading [model-00001-of-00002.safetensors]: 6.59GB [26:58, 2.70MB/s][A[A[A[A[A[A[A







Downloading [model-00001-of-00002.safetensors]: 6.60GB [26:58, 3.12MB/s][A[A[A[A[A[A[A







Downloading [model-00001-of-00002.safetensors]: 6.60GB [26:59, 3.40MB/s][A[A[A[A[A[A[A







Downloading [model-00001-of-00002.safetensors]: 6.60GB [26:59, 3.79MB/s][A[A[A[A[A[A[A







Downloading [model-00001-of-00002.safetensors]: 6.60GB [26:59, 4.03MB/s][A[A[A[A[A[A[A







Downloading [model-00001-of-00002.safetensors]: 6.60GB [27:00, 3.29MB/s][A[A[A[A[A[A[A







Downloading [model-00001-of-00002.safetensors]: 6.60GB [27:00, 2.99MB/s][A[A[A[A[A[A[A







Downloading [model-00001-of-00002.safetensors]: 6.60GB [27:01, 2.35MB/s][A[A[A[A[A[A[A







Downloading [model-00001-of-00002.safetensors]: 6.60GB [27:01, 2.57MB/s][A[A[A[A[A[A[A







Downloading [model-00001-of-00002.safetensors]: 6.60GB [27:01, 2.51MB/s][A[A[A[A[A[A[A







Downloading [model-00001-of-00002.safetensors]: 6.60GB [27:02, 2.45MB/s][A[A[A[A[A[A[A







Downloading [model-00001-of-00002.safetensors]: 6.61GB [27:02, 2.23MB/s][A[A[A[A[A[A[A







Downloading [model-00001-of-00002.safetensors]: 6.61GB [27:03, 2.46MB/s][A[A[A[A[A[A[A







Downloading [model-00001-of-00002.safetensors]: 6.61GB [27:03, 2.72MB/s][A[A[A[A[A[A[A







Downloading [model-00001-of-00002.safetensors]: 6.61GB [27:03, 3.10MB/s][A[A[A[A[A[A[A







Downloading [model-00001-of-00002.safetensors]: 6.61GB [27:04, 2.92MB/s][A[A[A[A[A[A[A







Downloading [model-00001-of-00002.safetensors]: 6.61GB [27:04, 3.09MB/s][A[A[A[A[A[A[A







Downloading [model-00001-of-00002.safetensors]: 6.61GB [27:04, 2.95MB/s][A[A[A[A[A[A[A







Downloading [model-00001-of-00002.safetensors]: 6.61GB [27:05, 2.80MB/s][A[A[A[A[A[A[A







Downloading [model-00001-of-00002.safetensors]: 6.61GB [27:05, 2.64MB/s][A[A[A[A[A[A[A







Downloading [model-00001-of-00002.safetensors]: 6.61GB [27:06, 2.58MB/s][A[A[A[A[A[A[A







Downloading [model-00001-of-00002.safetensors]: 6.62GB [27:06, 2.89MB/s][A[A[A[A[A[A[A







Downloading [model-00001-of-00002.safetensors]: 6.62GB [27:06, 3.06MB/s][A[A[A[A[A[A[A







Downloading [model-00001-of-00002.safetensors]: 6.62GB [27:07, 2.87MB/s][A[A[A[A[A[A[A







Downloading [model-00001-of-00002.safetensors]: 6.62GB [27:07, 2.74MB/s][A[A[A[A[A[A[A







Downloading [model-00001-of-00002.safetensors]: 6.62GB [27:07, 2.90MB/s][A[A[A[A[A[A[A







Downloading [model-00001-of-00002.safetensors]: 6.62GB [27:08, 3.20MB/s][A[A[A[A[A[A[A







Downloading [model-00001-of-00002.safetensors]: 6.62GB [27:08, 2.89MB/s][A[A[A[A[A[A[A







Downloading [model-00001-of-00002.safetensors]: 6.62GB [27:08, 2.77MB/s][A[A[A[A[A[A[A







Downloading [model-00001-of-00002.safetensors]: 6.62GB [27:09, 2.92MB/s][A[A[A[A[A[A[A







Downloading [model-00001-of-00002.safetensors]: 6.62GB [27:09, 3.04MB/s][A[A[A[A[A[A[A







Downloading [model-00001-of-00002.safetensors]: 6.62GB [27:10, 2.38MB/s][A[A[A[A[A[A[A







Downloading [model-00001-of-00002.safetensors]: 6.63GB [27:10, 2.02MB/s][A[A[A[A[A[A[A







Downloading [model-00001-of-00002.safetensors]: 6.63GB [27:11, 1.95MB/s][A[A[A[A[A[A[A







Downloading [model-00001-of-00002.safetensors]: 6.63GB [27:11, 2.27MB/s][A[A[A[A[A[A[A







Downloading [model-00001-of-00002.safetensors]: 6.63GB [27:12, 2.58MB/s][A[A[A[A[A[A[A







Downloading [model-00001-of-00002.safetensors]: 6.63GB [27:12, 2.98MB/s][A[A[A[A[A[A[A







Downloading [model-00001-of-00002.safetensors]: 6.63GB [27:12, 2.66MB/s][A[A[A[A[A[A[A







Downloading [model-00001-of-00002.safetensors]: 6.63GB [27:13, 2.84MB/s][A[A[A[A[A[A[A







Downloading [model-00001-of-00002.safetensors]: 6.63GB [27:13, 3.22MB/s][A[A[A[A[A[A[A







Downloading [model-00001-of-00002.safetensors]: 6.63GB [27:13, 3.70MB/s][A[A[A[A[A[A[A







Downloading [model-00001-of-00002.safetensors]: 6.63GB [27:13, 3.77MB/s][A[A[A[A[A[A[A







Downloading [model-00001-of-00002.safetensors]: 6.64GB [27:14, 2.98MB/s][A[A[A[A[A[A[A







Downloading [model-00001-of-00002.safetensors]: 6.64GB [27:14, 2.91MB/s][A[A[A[A[A[A[A







Downloading [model-00001-of-00002.safetensors]: 6.64GB [27:15, 2.64MB/s][A[A[A[A[A[A[A







Downloading [model-00001-of-00002.safetensors]: 6.64GB [27:15, 3.63MB/s][A[A[A[A[A[A[A







Downloading [model-00001-of-00002.safetensors]: 6.64GB [27:15, 3.52MB/s][A[A[A[A[A[A[A







Downloading [model-00001-of-00002.safetensors]: 6.64GB [27:16, 2.38MB/s][A[A[A[A[A[A[A







Downloading [model-00001-of-00002.safetensors]: 6.64GB [27:17, 2.35MB/s][A[A[A[A[A[A[A







Downloading [model-00001-of-00002.safetensors]: 6.64GB [27:17, 2.34MB/s][A[A[A[A[A[A[A







Downloading [model-00001-of-00002.safetensors]: 6.64GB [27:17, 2.43MB/s][A[A[A[A[A[A[A







Downloading [model-00001-of-00002.safetensors]: 6.65GB [27:18, 2.80MB/s][A[A[A[A[A[A[A







Downloading [model-00001-of-00002.safetensors]: 6.65GB [27:18, 3.13MB/s][A[A[A[A[A[A[A







Downloading [model-00001-of-00002.safetensors]: 6.65GB [27:18, 3.30MB/s][A[A[A[A[A[A[A







Downloading [model-00001-of-00002.safetensors]: 6.65GB [27:19, 2.50MB/s][A[A[A[A[A[A[A







Downloading [model-00001-of-00002.safetensors]: 6.65GB [27:20, 1.94MB/s][A[A[A[A[A[A[A







Downloading [model-00001-of-00002.safetensors]: 6.65GB [27:20, 1.87MB/s][A[A[A[A[A[A[A







Downloading [model-00001-of-00002.safetensors]: 6.65GB [27:21, 1.69MB/s][A[A[A[A[A[A[A







Downloading [model-00001-of-00002.safetensors]: 6.65GB [27:22, 1.85MB/s][A[A[A[A[A[A[A







Downloading [model-00001-of-00002.safetensors]: 6.65GB [27:22, 1.96MB/s][A[A[A[A[A[A[A







Downloading [model-00001-of-00002.safetensors]: 6.65GB [27:22, 2.14MB/s][A[A[A[A[A[A[A







Downloading [model-00001-of-00002.safetensors]: 6.66GB [27:23, 2.45MB/s][A[A[A[A[A[A[A







Downloading [model-00001-of-00002.safetensors]: 6.66GB [27:23, 2.89MB/s][A[A[A[A[A[A[A







Downloading [model-00001-of-00002.safetensors]: 6.66GB [27:23, 3.42MB/s][A[A[A[A[A[A[A







Downloading [model-00001-of-00002.safetensors]: 6.66GB [27:23, 4.02MB/s][A[A[A[A[A[A[A







Downloading [model-00001-of-00002.safetensors]: 6.66GB [27:23, 4.52MB/s][A[A[A[A[A[A[A







Downloading [model-00001-of-00002.safetensors]: 6.66GB [27:24, 4.83MB/s][A[A[A[A[A[A[A







Downloading [model-00001-of-00002.safetensors]: 6.66GB [27:24, 4.55MB/s][A[A[A[A[A[A[A







Downloading [model-00001-of-00002.safetensors]: 6.66GB [27:24, 3.83MB/s][A[A[A[A[A[A[A







Downloading [model-00001-of-00002.safetensors]: 6.66GB [27:25, 3.35MB/s][A[A[A[A[A[A[A







Downloading [model-00001-of-00002.safetensors]: 6.66GB [27:25, 3.40MB/s][A[A[A[A[A[A[A







Downloading [model-00001-of-00002.safetensors]: 6.67GB [27:25, 3.55MB/s][A[A[A[A[A[A[A







Downloading [model-00001-of-00002.safetensors]: 6.67GB [27:25, 3.76MB/s][A[A[A[A[A[A[A







Downloading [model-00001-of-00002.safetensors]: 6.67GB [27:26, 3.99MB/s][A[A[A[A[A[A[A







Downloading [model-00001-of-00002.safetensors]: 6.67GB [27:26, 4.40MB/s][A[A[A[A[A[A[A







Downloading [model-00001-of-00002.safetensors]: 6.67GB [27:26, 4.81MB/s][A[A[A[A[A[A[A







Downloading [model-00001-of-00002.safetensors]: 6.67GB [27:26, 4.90MB/s][A[A[A[A[A[A[A







Downloading [model-00001-of-00002.safetensors]: 6.67GB [27:26, 5.22MB/s][A[A[A[A[A[A[A







Downloading [model-00001-of-00002.safetensors]: 6.67GB [27:27, 4.57MB/s][A[A[A[A[A[A[A







Downloading [model-00001-of-00002.safetensors]: 6.67GB [27:27, 3.98MB/s][A[A[A[A[A[A[A







Downloading [model-00001-of-00002.safetensors]: 6.67GB [27:27, 3.94MB/s][A[A[A[A[A[A[A







Downloading [model-00001-of-00002.safetensors]: 6.67GB [27:28, 3.45MB/s][A[A[A[A[A[A[A







Downloading [model-00001-of-00002.safetensors]: 6.68GB [27:28, 3.00MB/s][A[A[A[A[A[A[A







Downloading [model-00001-of-00002.safetensors]: 6.68GB [27:28, 3.11MB/s][A[A[A[A[A[A[A







Downloading [model-00001-of-00002.safetensors]: 6.68GB [27:29, 3.47MB/s][A[A[A[A[A[A[A







Downloading [model-00001-of-00002.safetensors]: 6.68GB [27:29, 3.79MB/s][A[A[A[A[A[A[A







Downloading [model-00001-of-00002.safetensors]: 6.68GB [27:29, 4.06MB/s][A[A[A[A[A[A[A







Downloading [model-00001-of-00002.safetensors]: 6.68GB [27:29, 4.10MB/s][A[A[A[A[A[A[A







Downloading [model-00001-of-00002.safetensors]: 6.68GB [27:30, 3.50MB/s][A[A[A[A[A[A[A







Downloading [model-00001-of-00002.safetensors]: 6.68GB [27:30, 3.48MB/s][A[A[A[A[A[A[A







Downloading [model-00001-of-00002.safetensors]: 6.68GB [27:30, 3.78MB/s][A[A[A[A[A[A[A







Downloading [model-00001-of-00002.safetensors]: 6.68GB [27:30, 3.93MB/s][A[A[A[A[A[A[A







Downloading [model-00001-of-00002.safetensors]: 6.69GB [27:31, 4.00MB/s][A[A[A[A[A[A[A







Downloading [model-00001-of-00002.safetensors]: 6.69GB [27:31, 3.72MB/s][A[A[A[A[A[A[A







Downloading [model-00001-of-00002.safetensors]: 6.69GB [27:31, 3.95MB/s][A[A[A[A[A[A[A







Downloading [model-00001-of-00002.safetensors]: 6.69GB [27:32, 3.98MB/s][A[A[A[A[A[A[A







Downloading [model-00001-of-00002.safetensors]: 6.69GB [27:32, 4.27MB/s][A[A[A[A[A[A[A







Downloading [model-00001-of-00002.safetensors]: 6.69GB [27:32, 4.71MB/s][A[A[A[A[A[A[A







Downloading [model-00001-of-00002.safetensors]: 6.69GB [27:32, 4.69MB/s][A[A[A[A[A[A[A







Downloading [model-00001-of-00002.safetensors]: 6.69GB [27:33, 3.62MB/s][A[A[A[A[A[A[A







Downloading [model-00001-of-00002.safetensors]: 6.69GB [27:33, 3.51MB/s][A[A[A[A[A[A[A







Downloading [model-00001-of-00002.safetensors]: 6.70GB [27:34, 2.82MB/s][A[A[A[A[A[A[A







Downloading [model-00001-of-00002.safetensors]: 6.70GB [27:34, 2.52MB/s][A[A[A[A[A[A[A







Downloading [model-00001-of-00002.safetensors]: 6.70GB [27:35, 2.70MB/s][A[A[A[A[A[A[A







Downloading [model-00001-of-00002.safetensors]: 6.70GB [27:35, 2.68MB/s][A[A[A[A[A[A[A







Downloading [model-00001-of-00002.safetensors]: 6.70GB [27:36, 2.42MB/s][A[A[A[A[A[A[A







Downloading [model-00001-of-00002.safetensors]: 6.70GB [27:36, 2.14MB/s][A[A[A[A[A[A[A







Downloading [model-00001-of-00002.safetensors]: 6.70GB [27:37, 2.31MB/s][A[A[A[A[A[A[A







Downloading [model-00001-of-00002.safetensors]: 6.70GB [27:37, 2.54MB/s][A[A[A[A[A[A[A







Downloading [model-00001-of-00002.safetensors]: 6.70GB [27:37, 2.94MB/s][A[A[A[A[A[A[A







Downloading [model-00001-of-00002.safetensors]: 6.70GB [27:37, 3.36MB/s][A[A[A[A[A[A[A







Downloading [model-00001-of-00002.safetensors]: 6.71GB [27:38, 3.67MB/s][A[A[A[A[A[A[A







Downloading [model-00001-of-00002.safetensors]: 6.71GB [27:38, 3.97MB/s][A[A[A[A[A[A[A







Downloading [model-00001-of-00002.safetensors]: 6.71GB [27:38, 4.18MB/s][A[A[A[A[A[A[A







Downloading [model-00001-of-00002.safetensors]: 6.71GB [27:38, 4.54MB/s][A[A[A[A[A[A[A







Downloading [model-00001-of-00002.safetensors]: 6.71GB [27:38, 4.95MB/s][A[A[A[A[A[A[A







Downloading [model-00001-of-00002.safetensors]: 6.71GB [27:39, 4.65MB/s][A[A[A[A[A[A[A







Downloading [model-00001-of-00002.safetensors]: 6.71GB [27:39, 4.62MB/s][A[A[A[A[A[A[A







Downloading [model-00001-of-00002.safetensors]: 6.71GB [27:39, 4.58MB/s][A[A[A[A[A[A[A







Downloading [model-00001-of-00002.safetensors]: 6.71GB [27:40, 3.36MB/s][A[A[A[A[A[A[A







Downloading [model-00001-of-00002.safetensors]: 6.71GB [27:40, 3.54MB/s][A[A[A[A[A[A[A







Downloading [model-00001-of-00002.safetensors]: 6.71GB [27:40, 3.07MB/s][A[A[A[A[A[A[A







Downloading [model-00001-of-00002.safetensors]: 6.72GB [27:41, 2.76MB/s][A[A[A[A[A[A[A







Downloading [model-00001-of-00002.safetensors]: 6.72GB [27:41, 2.21MB/s][A[A[A[A[A[A[A







Downloading [model-00001-of-00002.safetensors]: 6.72GB [27:42, 2.02MB/s][A[A[A[A[A[A[A







Downloading [model-00001-of-00002.safetensors]: 6.72GB [27:42, 2.32MB/s][A[A[A[A[A[A[A







Downloading [model-00001-of-00002.safetensors]: 6.72GB [27:43, 2.61MB/s][A[A[A[A[A[A[A







Downloading [model-00001-of-00002.safetensors]: 6.72GB [27:43, 2.29MB/s][A[A[A[A[A[A[A







Downloading [model-00001-of-00002.safetensors]: 6.72GB [27:44, 2.49MB/s][A[A[A[A[A[A[A







Downloading [model-00001-of-00002.safetensors]: 6.72GB [27:44, 2.58MB/s][A[A[A[A[A[A[A







Downloading [model-00001-of-00002.safetensors]: 6.72GB [27:44, 2.72MB/s][A[A[A[A[A[A[A







Downloading [model-00001-of-00002.safetensors]: 6.72GB [27:45, 2.10MB/s][A[A[A[A[A[A[A







Downloading [model-00001-of-00002.safetensors]: 6.73GB [27:45, 2.30MB/s][A[A[A[A[A[A[A







Downloading [model-00001-of-00002.safetensors]: 6.73GB [27:46, 2.28MB/s][A[A[A[A[A[A[A







Downloading [model-00001-of-00002.safetensors]: 6.73GB [27:46, 2.71MB/s][A[A[A[A[A[A[A







Downloading [model-00001-of-00002.safetensors]: 6.73GB [27:46, 3.13MB/s][A[A[A[A[A[A[A
Downloading [model-00001-of-00002.safetensors]: 6.73GB [27:46, 4.33MB/s]

Processing 14 items: 100%|██████████| 14.0/14.0 [27:48<00:00, 322s/it]
Processing 14 items: 100%|██████████| 14.0/14.0 [27:48<00:00, 119s/it]
2026-04-17 01:10:31,919 - modelscope - INFO - Download model 'Qwen/Qwen2.5-VL-3B-Instruct' successfully.
2026-04-17 01:10:31,919 - modelscope - INFO - Creating symbolic link [C:\Users\lzjia\.cache\modelscope\Qwen\Qwen2.5-VL-3B-Instruct].
[QwenVLClient] model source: modelscope -> C:\Users\lzjia\.cache\modelscope\Qwen\Qwen2___5-VL-3B-Instruct

Loading weights:   0%|          | 0/824 [00:00<?, ?it/s]
Loading weights: 100%|██████████| 824/824 [00:00<00:00, 14737.13it/s]
The following generation flags are not valid and may be ignored: ['temperature']. Set `TRANSFORMERS_VERBOSITY=info` for more details.
Saved predictions to: outputs/project_profile_4090/20260417_003534/docqa_vlm_pred.jsonl
[8/10] ChartQA baseline (mock)
Saved predictions: outputs/project_profile_4090/20260417_003534/chartqa_mock_pred.jsonl
Samples: 80
[9/10] ChartQA VLM (Qwen2.5-VL)
Downloading Model from https://www.modelscope.cn to directory: C:\Users\lzjia\.cache\modelscope\Qwen\Qwen2.5-VL-3B-Instruct
2026-04-17 01:11:21,026 - modelscope - INFO - Target directory already exists, skipping creation.
[QwenVLClient] model source: modelscope -> C:\Users\lzjia\.cache\modelscope\Qwen\Qwen2___5-VL-3B-Instruct

Loading weights:   0%|          | 0/824 [00:00<?, ?it/s]
Loading weights: 100%|██████████| 824/824 [00:00<00:00, 15174.00it/s]
The following generation flags are not valid and may be ignored: ['temperature']. Set `TRANSFORMERS_VERBOSITY=info` for more details.
Saved predictions: outputs/project_profile_4090/20260417_003534/chartqa_vlm_pred.jsonl
Samples: 80
[10/10] Generate summary
{
  "docqa": {
    "baseline_mock": {
      "Total": 100.0,
      "ExactAcc": 0.0,
      "RelaxedAcc": 0.0,
      "Score": 0.0
    },
    "vlm": {
      "Total": 100.0,
      "ExactAcc": 0.43,
      "RelaxedAcc": 0.43,
      "Score": 0.43
    },
    "score_gain": 0.43
  },
  "chartqa": {
    "baseline_mock": {
      "Total": 80.0,
      "ExactAcc": 0.0,
      "RelaxedAcc": 0.0,
      "Score": 0.0
    },
    "vlm": {
      "Total": 80.0,
      "ExactAcc": 0.575,
      "RelaxedAcc": 0.675,
      "Score": 0.625
    },
    "score_gain": 0.625
  }
}
Done. Results root: outputs/project_profile_4090/20260417_003534
