[1/10] Prepare DocVQA + ChartQA datasets
Saved train: qa=750, regions=6315
Saved test : qa=100, regions=738
Output root: data\docvqa
Warning: You are sending unauthenticated requests to the HF Hub. Please set a HF_TOKEN to enable higher rate limits and faster downloads.
Saved train: qa=2000, regions=2000
Saved val  : qa=300, regions=300
Saved test : qa=80, regions=80
Output root: data\chartqa
[2/10] Train retriever (BGE)
D:\vqa\scripts\train_retriever.py:9: DeprecationWarning: Importing from 'sentence_transformers.losses' is deprecated and will be removed in a future version. Please use 'sentence_transformers.sentence_transformer.losses' instead.
  from sentence_transformers import InputExample, SentenceTransformer, losses
Downloading Model from https://www.modelscope.cn to directory: C:\Users\lzjia\.cache\modelscope\BAAI\bge-large-en-v1.5
2026-04-17 01:18:02,857 - modelscope - INFO - Got 14 files, start to download ...

Processing 14 items:   0%|          | 0.00/14.0 [00:00<?, ?it/s]

Downloading [config.json]:   0%|          | 0.00/779 [00:00<?, ?B/s][A


Downloading [1_Pooling/config.json]:   0%|          | 0.00/191 [00:00<?, ?B/s][A[A



Downloading [config_sentence_transformers.json]:   0%|          | 0.00/124 [00:00<?, ?B/s][A[A[A




Downloading [configuration.json]:   0%|          | 0.00/76.0 [00:00<?, ?B/s][A[A[A[A





Downloading [onnx/model.onnx]:   0%|          | 0.00/1.25G [00:00<?, ?B/s][A[A[A[A[A






Downloading [model.safetensors]:   0%|          | 0.00/1.25G [00:00<?, ?B/s][A[A[A[A[A[A







Downloading [modules.json]:   0%|          | 0.00/349 [00:00<?, ?B/s][A[A[A[A[A[A[A








Downloading [pytorch_model.bin]:   0%|          | 0.00/1.25G [00:00<?, ?B/s][A[A[A[A[A[A[A[A

Downloading [config.json]: 100%|██████████| 779/779 [00:01<00:00, 576B/s][A
Downloading [config.json]: 100%|██████████| 779/779 [00:01<00:00, 576B/s]


Downloading [README.md]:   0%|          | 0.00/92.4k [00:00<?, ?B/s][A
Processing 14 items:   7%|▋         | 1.00/14.0 [00:01<00:17, 1.37s/it]


Downloading [1_Pooling/config.json]: 100%|██████████| 191/191 [00:01<00:00, 139B/s][A[A
Downloading [1_Pooling/config.json]: 100%|██████████| 191/191 [00:01<00:00, 139B/s]



Downloading [sentence_bert_config.json]:   0%|          | 0.00/52.0 [00:00<?, ?B/s][A[A




Downloading [configuration.json]: 100%|██████████| 76.0/76.0 [00:01<00:00, 54.7B/s][A[A[A[A
Downloading [configuration.json]: 100%|██████████| 76.0/76.0 [00:01<00:00, 54.7B/s]





Downloading [special_tokens_map.json]:   0%|          | 0.00/125 [00:00<?, ?B/s][A[A[A[A



Downloading [config_sentence_transformers.json]: 100%|██████████| 124/124 [00:01<00:00, 84.8B/s][A[A[A
Downloading [config_sentence_transformers.json]: 100%|██████████| 124/124 [00:01<00:00, 84.8B/s]

Processing 14 items:  29%|██▊       | 4.00/14.0 [00:01<00:02, 3.47it/s]



Downloading [tokenizer.json]:   0%|          | 0.00/695k [00:00<?, ?B/s][A[A[A






Downloading [model.safetensors]:   0%|          | 1.00M/1.25G [00:02<44:32, 501kB/s][A[A[A[A[A[A






Downloading [model.safetensors]:   0%|          | 2.00M/1.25G [00:02<27:48, 802kB/s][A[A[A[A[A[A






Downloading [model.safetensors]:   0%|          | 3.00M/1.25G [00:03<18:33, 1.20MB/s][A[A[A[A[A[A








Downloading [pytorch_model.bin]:   0%|          | 1.00M/1.25G [00:03<1:14:19, 300kB/s][A[A[A[A[A[A[A[A





Downloading [onnx/model.onnx]:   0%|          | 1.00M/1.25G [00:03<1:14:16, 300kB/s][A[A[A[A[A






Downloading [model.safetensors]:   0%|          | 4.00M/1.25G [00:03<13:46, 1.62MB/s][A[A[A[A[A[A






Downloading [model.safetensors]:   0%|          | 5.00M/1.25G [00:03<10:35, 2.10MB/s][A[A[A[A[A[A








Downloading [pytorch_model.bin]:   0%|          | 2.00M/1.25G [00:04<38:30, 579kB/s]  [A[A[A[A[A[A[A[A





Downloading [onnx/model.onnx]:   0%|          | 2.00M/1.25G [00:04<38:33, 577kB/s]  [A[A[A[A[A






Downloading [model.safetensors]:   0%|          | 6.00M/1.25G [00:04<10:11, 2.18MB/s][A[A[A[A[A[A








Downloading [pytorch_model.bin]:   0%|          | 3.00M/1.25G [00:04<24:20, 916kB/s][A[A[A[A[A[A[A[A





Downloading [onnx/model.onnx]:   0%|          | 3.00M/1.25G [00:04<24:22, 912kB/s][A[A[A[A[A








Downloading [pytorch_model.bin]:   0%|          | 4.00M/1.25G [00:04<16:53, 1.32MB/s][A[A[A[A[A[A[A[A





Downloading [onnx/model.onnx]:   0%|          | 4.00M/1.25G [00:04<16:53, 1.32MB/s][A[A[A[A[A






Downloading [model.safetensors]:   1%|          | 7.00M/1.25G [00:04<11:51, 1.87MB/s][A[A[A[A[A[A








Downloading [pytorch_model.bin]:   0%|          | 5.00M/1.25G [00:04<12:28, 1.78MB/s][A[A[A[A[A[A[A[A





Downloading [onnx/model.onnx]:   0%|          | 5.00M/1.25G [00:05<12:42, 1.75MB/s][A[A[A[A[A








Downloading [pytorch_model.bin]:   0%|          | 6.00M/1.25G [00:05<09:53, 2.25MB/s][A[A[A[A[A[A[A[A





Downloading [onnx/model.onnx]:   0%|          | 6.00M/1.25G [00:05<10:09, 2.18MB/s][A[A[A[A[A






Downloading [model.safetensors]:   1%|          | 8.00M/1.25G [00:05<10:42, 2.07MB/s][A[A[A[A[A[A








Downloading [pytorch_model.bin]:   1%|          | 7.00M/1.25G [00:05<08:04, 2.75MB/s][A[A[A[A[A[A[A[A





Downloading [onnx/model.onnx]:   1%|          | 7.00M/1.25G [00:05<08:16, 2.68MB/s][A[A[A[A[A








Downloading [pytorch_model.bin]:   1%|          | 8.00M/1.25G [00:05<07:33, 2.94MB/s][A[A[A[A[A[A[A[A








Downloading [pytorch_model.bin]:   1%|          | 9.00M/1.25G [00:05<06:18, 3.52MB/s][A[A[A[A[A[A[A[A






Downloading [model.safetensors]:   1%|          | 9.00M/1.25G [00:05<11:49, 1.88MB/s][A[A[A[A[A[A








Downloading [pytorch_model.bin]:   1%|          | 10.0M/1.25G [00:06<05:22, 4.12MB/s][A[A[A[A[A[A[A[A





Downloading [onnx/model.onnx]:   1%|          | 8.00M/1.25G [00:06<09:55, 2.23MB/s][A[A[A[A[A








Downloading [pytorch_model.bin]:   1%|          | 11.0M/1.25G [00:06<04:55, 4.50MB/s][A[A[A[A[A[A[A[A






Downloading [model.safetensors]:   1%|          | 10.0M/1.25G [00:06<09:57, 2.23MB/s][A[A[A[A[A[A








Downloading [pytorch_model.bin]:   1%|          | 12.0M/1.25G [00:06<04:42, 4.71MB/s][A[A[A[A[A[A[A[A





Downloading [onnx/model.onnx]:   1%|          | 9.00M/1.25G [00:06<09:13, 2.40MB/s][A[A[A[A[A






Downloading [model.safetensors]:   1%|          | 11.0M/1.25G [00:06<09:12, 2.41MB/s][A[A[A[A[A[A




Downloading [special_tokens_map.json]: 100%|██████████| 125/125 [00:05<00:00, 24.0B/s][A[A[A[A








Downloading [pytorch_model.bin]:   1%|          | 13.0M/1.25G [00:06<04:34, 4.84MB/s][A[A[A[A[A[A[A[A







Downloading [modules.json]: 100%|██████████| 349/349 [00:06<00:00, 52.8B/s][A[A[A[A[A[A[A
Downloading [special_tokens_map.json]: 100%|██████████| 125/125 [00:05<00:00, 24.0B/s]




Downloading [tokenizer.json]:   1%|          | 3.80k/695k [00:05<15:33, 758B/s][A[A[A
Downloading [modules.json]: 100%|██████████| 349/349 [00:06<00:00, 52.8B/s]





Downloading [tokenizer_config.json]:   0%|          | 0.00/366 [00:00<?, ?B/s][A[A[A[A
Processing 14 items:  43%|████▎     | 6.00/14.0 [00:06<00:10, 1.29s/it]







Downloading [vocab.txt]:   0%|          | 0.00/226k [00:00<?, ?B/s][A[A[A[A[A[A[A



Downloading [tokenizer.json]:  10%|█         | 71.8k/695k [00:05<00:32, 19.5kB/s][A[A[A


Downloading [sentence_bert_config.json]: 100%|██████████| 52.0/52.0 [00:05<00:00, 9.70B/s][A[A
Downloading [sentence_bert_config.json]: 100%|██████████| 52.0/52.0 [00:05<00:00, 9.70B/s]

Processing 14 items:  50%|█████     | 7.00/14.0 [00:06<00:07, 1.01s/it]





Downloading [onnx/model.onnx]:   1%|          | 10.0M/1.25G [00:06<08:15, 2.68MB/s][A[A[A[A[A



Downloading [tokenizer.json]:  33%|███▎      | 232k/695k [00:05<00:05, 79.5kB/s] [A[A[A








Downloading [pytorch_model.bin]:   1%|          | 14.0M/1.25G [00:06<04:40, 4.73MB/s][A[A[A[A[A[A[A[A






Downloading [model.safetensors]:   1%|          | 12.0M/1.25G [00:06<08:05, 2.73MB/s][A[A[A[A[A[A



Downloading [tokenizer.json]:  70%|███████   | 488k/695k [00:05<00:01, 207kB/s] [A[A[A
Downloading [tokenizer.json]: 100%|██████████| 695k/695k [00:05<00:00, 129kB/s]

Processing 14 items:  57%|█████▋    | 8.00/14.0 [00:07<00:04, 1.22it/s]

Downloading [README.md]: 100%|██████████| 92.4k/92.4k [00:05<00:00, 16.4kB/s][A
Downloading [README.md]: 100%|██████████| 92.4k/92.4k [00:05<00:00, 16.4kB/s]

Processing 14 items:  64%|██████▍   | 9.00/14.0 [00:07<00:03, 1.57it/s]





Downloading [onnx/model.onnx]:   1%|          | 11.0M/1.25G [00:07<08:45, 2.52MB/s][A[A[A[A[A






Downloading [model.safetensors]:   1%|          | 13.0M/1.25G [00:07<09:13, 2.40MB/s][A[A[A[A[A[A








Downloading [pytorch_model.bin]:   1%|          | 15.0M/1.25G [00:07<08:55, 2.48MB/s][A[A[A[A[A[A[A[A





Downloading [onnx/model.onnx]:   1%|          | 12.0M/1.25G [00:07<09:59, 2.21MB/s][A[A[A[A[A






Downloading [model.safetensors]:   1%|          | 14.0M/1.25G [00:07<09:01, 2.45MB/s][A[A[A[A[A[A







Downloading [vocab.txt]:   2%|▏         | 3.80k/226k [00:01<01:19, 2.87kB/s][A[A[A[A[A[A[A







Downloading [vocab.txt]:  19%|█▉        | 43.8k/226k [00:01<00:04, 41.2kB/s][A[A[A[A[A[A[A







Downloading [vocab.txt]:  49%|████▉     | 112k/226k [00:01<00:00, 119kB/s]  [A[A[A[A[A[A[A
Downloading [vocab.txt]: 100%|██████████| 226k/226k [00:01<00:00, 139kB/s]

Processing 14 items:  71%|███████▏  | 10.0/14.0 [00:08<00:03, 1.28it/s]






Downloading [model.safetensors]:   1%|          | 15.0M/1.25G [00:08<09:47, 2.26MB/s][A[A[A[A[A[A




Downloading [tokenizer_config.json]: 100%|██████████| 366/366 [00:01<00:00, 206B/s][A[A[A[A
Downloading [tokenizer_config.json]: 100%|██████████| 366/366 [00:01<00:00, 206B/s]

Processing 14 items:  79%|███████▊  | 11.0/14.0 [00:08<00:01, 1.70it/s]





Downloading [onnx/model.onnx]:   1%|          | 13.0M/1.25G [00:08<10:45, 2.05MB/s][A[A[A[A[A








Downloading [pytorch_model.bin]:   1%|▏         | 16.0M/1.25G [00:08<10:42, 2.06MB/s][A[A[A[A[A[A[A[A








Downloading [pytorch_model.bin]:   1%|▏         | 17.0M/1.25G [00:09<12:20, 1.79MB/s][A[A[A[A[A[A[A[A





Downloading [onnx/model.onnx]:   1%|          | 14.0M/1.25G [00:09<12:48, 1.72MB/s][A[A[A[A[A






Downloading [model.safetensors]:   1%|▏         | 16.0M/1.25G [00:09<13:19, 1.66MB/s][A[A[A[A[A[A





Downloading [onnx/model.onnx]:   1%|          | 15.0M/1.25G [00:09<11:15, 1.96MB/s][A[A[A[A[A








Downloading [pytorch_model.bin]:   1%|▏         | 18.0M/1.25G [00:09<12:01, 1.83MB/s][A[A[A[A[A[A[A[A






Downloading [model.safetensors]:   1%|▏         | 17.0M/1.25G [00:09<11:37, 1.90MB/s][A[A[A[A[A[A





Downloading [onnx/model.onnx]:   1%|▏         | 16.0M/1.25G [00:09<09:18, 2.37MB/s][A[A[A[A[A





Downloading [onnx/model.onnx]:   1%|▏         | 17.0M/1.25G [00:10<07:52, 2.79MB/s][A[A[A[A[A






Downloading [model.safetensors]:   1%|▏         | 18.0M/1.25G [00:10<09:59, 2.21MB/s][A[A[A[A[A[A








Downloading [pytorch_model.bin]:   1%|▏         | 19.0M/1.25G [00:10<10:31, 2.09MB/s][A[A[A[A[A[A[A[A






Downloading [model.safetensors]:   1%|▏         | 19.0M/1.25G [00:10<09:40, 2.27MB/s][A[A[A[A[A[A





Downloading [onnx/model.onnx]:   1%|▏         | 18.0M/1.25G [00:10<08:50, 2.48MB/s][A[A[A[A[A








Downloading [pytorch_model.bin]:   2%|▏         | 20.0M/1.25G [00:10<11:09, 1.97MB/s][A[A[A[A[A[A[A[A






Downloading [model.safetensors]:   2%|▏         | 20.0M/1.25G [00:11<10:15, 2.14MB/s][A[A[A[A[A[A





Downloading [onnx/model.onnx]:   1%|▏         | 19.0M/1.25G [00:11<11:13, 1.96MB/s][A[A[A[A[A






Downloading [model.safetensors]:   2%|▏         | 21.0M/1.25G [00:11<10:06, 2.17MB/s][A[A[A[A[A[A








Downloading [pytorch_model.bin]:   2%|▏         | 21.0M/1.25G [00:11<13:39, 1.61MB/s][A[A[A[A[A[A[A[A





Downloading [onnx/model.onnx]:   2%|▏         | 20.0M/1.25G [00:12<13:41, 1.60MB/s][A[A[A[A[A






Downloading [model.safetensors]:   2%|▏         | 22.0M/1.25G [00:12<13:37, 1.61MB/s][A[A[A[A[A[A








Downloading [pytorch_model.bin]:   2%|▏         | 22.0M/1.25G [00:12<17:58, 1.22MB/s][A[A[A[A[A[A[A[A





Downloading [onnx/model.onnx]:   2%|▏         | 21.0M/1.25G [00:13<14:45, 1.48MB/s][A[A[A[A[A








Downloading [pytorch_model.bin]:   2%|▏         | 23.0M/1.25G [00:13<18:42, 1.17MB/s][A[A[A[A[A[A[A[A






Downloading [model.safetensors]:   2%|▏         | 23.0M/1.25G [00:14<18:33, 1.18MB/s][A[A[A[A[A[A





Downloading [onnx/model.onnx]:   2%|▏         | 22.0M/1.25G [00:14<15:38, 1.40MB/s][A[A[A[A[A






Downloading [model.safetensors]:   2%|▏         | 25.0M/1.25G [00:14<11:32, 1.90MB/s][A[A[A[A[A[A








Downloading [pytorch_model.bin]:   2%|▏         | 24.0M/1.25G [00:14<16:17, 1.35MB/s][A[A[A[A[A[A[A[A





Downloading [onnx/model.onnx]:   2%|▏         | 23.0M/1.25G [00:14<14:00, 1.56MB/s][A[A[A[A[A






Downloading [model.safetensors]:   2%|▏         | 26.0M/1.25G [00:14<10:14, 2.14MB/s][A[A[A[A[A[A








Downloading [pytorch_model.bin]:   2%|▏         | 25.0M/1.25G [00:14<13:27, 1.63MB/s][A[A[A[A[A[A[A[A





Downloading [onnx/model.onnx]:   2%|▏         | 24.0M/1.25G [00:14<11:42, 1.87MB/s][A[A[A[A[A






Downloading [model.safetensors]:   2%|▏         | 27.0M/1.25G [00:14<09:14, 2.37MB/s][A[A[A[A[A[A








Downloading [pytorch_model.bin]:   2%|▏         | 26.0M/1.25G [00:14<10:45, 2.03MB/s][A[A[A[A[A[A[A[A





Downloading [onnx/model.onnx]:   2%|▏         | 25.0M/1.25G [00:15<09:43, 2.24MB/s][A[A[A[A[A






Downloading [model.safetensors]:   2%|▏         | 28.0M/1.25G [00:15<08:37, 2.53MB/s][A[A[A[A[A[A





Downloading [onnx/model.onnx]:   2%|▏         | 26.0M/1.25G [00:15<08:15, 2.64MB/s][A[A[A[A[A








Downloading [pytorch_model.bin]:   2%|▏         | 27.0M/1.25G [00:15<09:25, 2.32MB/s][A[A[A[A[A[A[A[A





Downloading [onnx/model.onnx]:   2%|▏         | 27.0M/1.25G [00:15<07:08, 3.06MB/s][A[A[A[A[A






Downloading [model.safetensors]:   2%|▏         | 29.0M/1.25G [00:15<07:39, 2.85MB/s][A[A[A[A[A[A








Downloading [pytorch_model.bin]:   2%|▏         | 28.0M/1.25G [00:15<08:14, 2.65MB/s][A[A[A[A[A[A[A[A





Downloading [onnx/model.onnx]:   2%|▏         | 28.0M/1.25G [00:15<06:31, 3.34MB/s][A[A[A[A[A






Downloading [model.safetensors]:   2%|▏         | 30.0M/1.25G [00:15<07:03, 3.09MB/s][A[A[A[A[A[A








Downloading [pytorch_model.bin]:   2%|▏         | 29.0M/1.25G [00:15<07:39, 2.85MB/s][A[A[A[A[A[A[A[A





Downloading [onnx/model.onnx]:   2%|▏         | 29.0M/1.25G [00:16<06:10, 3.53MB/s][A[A[A[A[A






Downloading [model.safetensors]:   2%|▏         | 31.0M/1.25G [00:16<06:30, 3.35MB/s][A[A[A[A[A[A








Downloading [pytorch_model.bin]:   2%|▏         | 30.0M/1.25G [00:16<07:21, 2.96MB/s][A[A[A[A[A[A[A[A





Downloading [onnx/model.onnx]:   2%|▏         | 30.0M/1.25G [00:16<05:45, 3.78MB/s][A[A[A[A[A






Downloading [model.safetensors]:   3%|▎         | 32.0M/1.25G [00:16<05:53, 3.70MB/s][A[A[A[A[A[A





Downloading [onnx/model.onnx]:   2%|▏         | 31.0M/1.25G [00:16<05:17, 4.10MB/s][A[A[A[A[A






Downloading [model.safetensors]:   3%|▎         | 33.0M/1.25G [00:16<05:34, 3.90MB/s][A[A[A[A[A[A








Downloading [pytorch_model.bin]:   2%|▏         | 31.0M/1.25G [00:16<07:30, 2.90MB/s][A[A[A[A[A[A[A[A






Downloading [model.safetensors]:   3%|▎         | 34.0M/1.25G [00:16<05:10, 4.21MB/s][A[A[A[A[A[A








Downloading [pytorch_model.bin]:   3%|▎         | 32.0M/1.25G [00:16<06:38, 3.28MB/s][A[A[A[A[A[A[A[A






Downloading [model.safetensors]:   3%|▎         | 35.0M/1.25G [00:17<05:56, 3.66MB/s][A[A[A[A[A[A





Downloading [onnx/model.onnx]:   3%|▎         | 32.0M/1.25G [00:17<07:56, 2.74MB/s][A[A[A[A[A








Downloading [pytorch_model.bin]:   3%|▎         | 33.0M/1.25G [00:17<07:30, 2.90MB/s][A[A[A[A[A[A[A[A








Downloading [pytorch_model.bin]:   3%|▎         | 34.0M/1.25G [00:17<07:34, 2.87MB/s][A[A[A[A[A[A[A[A






Downloading [model.safetensors]:   3%|▎         | 36.0M/1.25G [00:17<08:55, 2.43MB/s][A[A[A[A[A[A





Downloading [onnx/model.onnx]:   3%|▎         | 33.0M/1.25G [00:18<11:09, 1.94MB/s][A[A[A[A[A








Downloading [pytorch_model.bin]:   3%|▎         | 35.0M/1.25G [00:18<08:54, 2.44MB/s][A[A[A[A[A[A[A[A






Downloading [model.safetensors]:   3%|▎         | 37.0M/1.25G [00:18<08:47, 2.47MB/s][A[A[A[A[A[A





Downloading [onnx/model.onnx]:   3%|▎         | 34.0M/1.25G [00:18<10:03, 2.16MB/s][A[A[A[A[A








Downloading [pytorch_model.bin]:   3%|▎         | 36.0M/1.25G [00:18<08:12, 2.64MB/s][A[A[A[A[A[A[A[A






Downloading [model.safetensors]:   3%|▎         | 38.0M/1.25G [00:18<07:52, 2.76MB/s][A[A[A[A[A[A





Downloading [onnx/model.onnx]:   3%|▎         | 35.0M/1.25G [00:18<08:48, 2.46MB/s][A[A[A[A[A






Downloading [model.safetensors]:   3%|▎         | 39.0M/1.25G [00:18<06:49, 3.17MB/s][A[A[A[A[A[A








Downloading [pytorch_model.bin]:   3%|▎         | 37.0M/1.25G [00:18<07:17, 2.98MB/s][A[A[A[A[A[A[A[A






Downloading [model.safetensors]:   3%|▎         | 40.0M/1.25G [00:19<06:32, 3.31MB/s][A[A[A[A[A[A








Downloading [pytorch_model.bin]:   3%|▎         | 38.0M/1.25G [00:19<07:11, 3.02MB/s][A[A[A[A[A[A[A[A





Downloading [onnx/model.onnx]:   3%|▎         | 36.0M/1.25G [00:19<09:34, 2.26MB/s][A[A[A[A[A






Downloading [model.safetensors]:   3%|▎         | 41.0M/1.25G [00:19<06:15, 3.46MB/s][A[A[A[A[A[A








Downloading [pytorch_model.bin]:   3%|▎         | 39.0M/1.25G [00:19<08:11, 2.65MB/s][A[A[A[A[A[A[A[A






Downloading [model.safetensors]:   3%|▎         | 42.0M/1.25G [00:19<06:56, 3.12MB/s][A[A[A[A[A[A





Downloading [onnx/model.onnx]:   3%|▎         | 38.0M/1.25G [00:19<07:33, 2.86MB/s][A[A[A[A[A






Downloading [model.safetensors]:   3%|▎         | 43.0M/1.25G [00:20<08:01, 2.69MB/s][A[A[A[A[A[A





Downloading [onnx/model.onnx]:   3%|▎         | 39.0M/1.25G [00:20<08:10, 2.64MB/s][A[A[A[A[A








Downloading [pytorch_model.bin]:   3%|▎         | 40.0M/1.25G [00:20<09:39, 2.24MB/s][A[A[A[A[A[A[A[A






Downloading [model.safetensors]:   3%|▎         | 44.0M/1.25G [00:20<07:52, 2.74MB/s][A[A[A[A[A[A





Downloading [onnx/model.onnx]:   3%|▎         | 40.0M/1.25G [00:20<08:15, 2.61MB/s][A[A[A[A[A








Downloading [pytorch_model.bin]:   3%|▎         | 41.0M/1.25G [00:20<09:52, 2.19MB/s][A[A[A[A[A[A[A[A






Downloading [model.safetensors]:   4%|▎         | 45.0M/1.25G [00:20<07:30, 2.87MB/s][A[A[A[A[A[A





Downloading [onnx/model.onnx]:   3%|▎         | 41.0M/1.25G [00:21<11:22, 1.90MB/s][A[A[A[A[A






Downloading [model.safetensors]:   4%|▎         | 46.0M/1.25G [00:21<10:15, 2.10MB/s][A[A[A[A[A[A








Downloading [pytorch_model.bin]:   3%|▎         | 42.0M/1.25G [00:21<13:11, 1.64MB/s][A[A[A[A[A[A[A[A





Downloading [onnx/model.onnx]:   3%|▎         | 42.0M/1.25G [00:22<13:09, 1.64MB/s][A[A[A[A[A






Downloading [model.safetensors]:   4%|▎         | 47.0M/1.25G [00:22<11:45, 1.83MB/s][A[A[A[A[A[A








Downloading [pytorch_model.bin]:   3%|▎         | 43.0M/1.25G [00:22<15:09, 1.42MB/s][A[A[A[A[A[A[A[A






Downloading [model.safetensors]:   4%|▍         | 48.0M/1.25G [00:22<10:54, 1.97MB/s][A[A[A[A[A[A








Downloading [pytorch_model.bin]:   3%|▎         | 44.0M/1.25G [00:23<15:59, 1.35MB/s][A[A[A[A[A[A[A[A





Downloading [onnx/model.onnx]:   3%|▎         | 43.0M/1.25G [00:23<16:14, 1.33MB/s][A[A[A[A[A






Downloading [model.safetensors]:   4%|▍         | 49.0M/1.25G [00:23<12:12, 1.76MB/s][A[A[A[A[A[A






Downloading [model.safetensors]:   4%|▍         | 50.0M/1.25G [00:24<11:29, 1.87MB/s][A[A[A[A[A[A





Downloading [onnx/model.onnx]:   3%|▎         | 44.0M/1.25G [00:24<14:55, 1.44MB/s][A[A[A[A[A








Downloading [pytorch_model.bin]:   4%|▎         | 45.0M/1.25G [00:24<15:09, 1.42MB/s][A[A[A[A[A[A[A[A






Downloading [model.safetensors]:   4%|▍         | 51.0M/1.25G [00:24<11:38, 1.84MB/s][A[A[A[A[A[A








Downloading [pytorch_model.bin]:   4%|▎         | 46.0M/1.25G [00:24<14:55, 1.44MB/s][A[A[A[A[A[A[A[A





Downloading [onnx/model.onnx]:   4%|▎         | 45.0M/1.25G [00:25<16:21, 1.31MB/s][A[A[A[A[A






Downloading [model.safetensors]:   4%|▍         | 52.0M/1.25G [00:25<13:03, 1.64MB/s][A[A[A[A[A[A





Downloading [onnx/model.onnx]:   4%|▎         | 46.0M/1.25G [00:25<14:01, 1.53MB/s][A[A[A[A[A








Downloading [pytorch_model.bin]:   4%|▎         | 47.0M/1.25G [00:25<14:44, 1.46MB/s][A[A[A[A[A[A[A[A






Downloading [model.safetensors]:   4%|▍         | 53.0M/1.25G [00:25<11:21, 1.89MB/s][A[A[A[A[A[A





Downloading [onnx/model.onnx]:   4%|▎         | 47.0M/1.25G [00:25<12:06, 1.77MB/s][A[A[A[A[A








Downloading [pytorch_model.bin]:   4%|▍         | 48.0M/1.25G [00:26<15:16, 1.41MB/s][A[A[A[A[A[A[A[A






Downloading [model.safetensors]:   4%|▍         | 54.0M/1.25G [00:26<13:04, 1.64MB/s][A[A[A[A[A[A





Downloading [onnx/model.onnx]:   4%|▍         | 48.0M/1.25G [00:27<15:32, 1.38MB/s][A[A[A[A[A








Downloading [pytorch_model.bin]:   4%|▍         | 49.0M/1.25G [00:27<15:41, 1.37MB/s][A[A[A[A[A[A[A[A






Downloading [model.safetensors]:   4%|▍         | 55.0M/1.25G [00:27<13:55, 1.54MB/s][A[A[A[A[A[A





Downloading [onnx/model.onnx]:   4%|▍         | 49.0M/1.25G [00:27<13:44, 1.56MB/s][A[A[A[A[A






Downloading [model.safetensors]:   4%|▍         | 56.0M/1.25G [00:28<13:59, 1.53MB/s][A[A[A[A[A[A








Downloading [pytorch_model.bin]:   4%|▍         | 50.0M/1.25G [00:28<16:51, 1.27MB/s][A[A[A[A[A[A[A[A






Downloading [model.safetensors]:   4%|▍         | 57.0M/1.25G [00:28<13:16, 1.61MB/s][A[A[A[A[A[A





Downloading [onnx/model.onnx]:   4%|▍         | 50.0M/1.25G [00:28<17:37, 1.22MB/s][A[A[A[A[A








Downloading [pytorch_model.bin]:   4%|▍         | 51.0M/1.25G [00:29<17:04, 1.26MB/s][A[A[A[A[A[A[A[A






Downloading [model.safetensors]:   5%|▍         | 58.0M/1.25G [00:29<13:41, 1.56MB/s][A[A[A[A[A[A





Downloading [onnx/model.onnx]:   4%|▍         | 51.0M/1.25G [00:29<16:20, 1.31MB/s][A[A[A[A[A








Downloading [pytorch_model.bin]:   4%|▍         | 52.0M/1.25G [00:29<16:29, 1.30MB/s][A[A[A[A[A[A[A[A






Downloading [model.safetensors]:   5%|▍         | 59.0M/1.25G [00:29<12:08, 1.76MB/s][A[A[A[A[A[A





Downloading [onnx/model.onnx]:   4%|▍         | 52.0M/1.25G [00:30<14:38, 1.46MB/s][A[A[A[A[A






Downloading [model.safetensors]:   5%|▍         | 60.0M/1.25G [00:30<10:41, 1.99MB/s][A[A[A[A[A[A








Downloading [pytorch_model.bin]:   4%|▍         | 53.0M/1.25G [00:30<14:49, 1.44MB/s][A[A[A[A[A[A[A[A





Downloading [onnx/model.onnx]:   4%|▍         | 53.0M/1.25G [00:30<15:23, 1.39MB/s][A[A[A[A[A






Downloading [model.safetensors]:   5%|▍         | 61.0M/1.25G [00:30<11:35, 1.84MB/s][A[A[A[A[A[A








Downloading [pytorch_model.bin]:   4%|▍         | 54.0M/1.25G [00:31<15:25, 1.39MB/s][A[A[A[A[A[A[A[A





Downloading [onnx/model.onnx]:   4%|▍         | 54.0M/1.25G [00:31<14:07, 1.51MB/s][A[A[A[A[A






Downloading [model.safetensors]:   5%|▍         | 62.0M/1.25G [00:31<11:37, 1.83MB/s][A[A[A[A[A[A






Downloading [model.safetensors]:   5%|▍         | 63.0M/1.25G [00:32<11:37, 1.83MB/s][A[A[A[A[A[A








Downloading [pytorch_model.bin]:   4%|▍         | 55.0M/1.25G [00:32<17:07, 1.25MB/s][A[A[A[A[A[A[A[A





Downloading [onnx/model.onnx]:   4%|▍         | 55.0M/1.25G [00:32<15:34, 1.37MB/s][A[A[A[A[A






Downloading [model.safetensors]:   5%|▌         | 64.0M/1.25G [00:32<11:59, 1.77MB/s][A[A[A[A[A[A





Downloading [onnx/model.onnx]:   4%|▍         | 56.0M/1.25G [00:32<13:22, 1.59MB/s][A[A[A[A[A








Downloading [pytorch_model.bin]:   4%|▍         | 56.0M/1.25G [00:33<16:48, 1.27MB/s][A[A[A[A[A[A[A[A








Downloading [pytorch_model.bin]:   4%|▍         | 57.0M/1.25G [00:33<13:36, 1.57MB/s][A[A[A[A[A[A[A[A





Downloading [onnx/model.onnx]:   4%|▍         | 57.0M/1.25G [00:33<12:35, 1.69MB/s][A[A[A[A[A






Downloading [model.safetensors]:   5%|▌         | 65.0M/1.25G [00:33<12:31, 1.69MB/s][A[A[A[A[A[A








Downloading [pytorch_model.bin]:   5%|▍         | 58.0M/1.25G [00:33<12:17, 1.74MB/s][A[A[A[A[A[A[A[A





Downloading [onnx/model.onnx]:   5%|▍         | 58.0M/1.25G [00:33<12:15, 1.74MB/s][A[A[A[A[A






Downloading [model.safetensors]:   5%|▌         | 66.0M/1.25G [00:33<11:47, 1.80MB/s][A[A[A[A[A[A






Downloading [model.safetensors]:   5%|▌         | 67.0M/1.25G [00:34<10:00, 2.11MB/s][A[A[A[A[A[A





Downloading [onnx/model.onnx]:   5%|▍         | 59.0M/1.25G [00:34<11:04, 1.92MB/s][A[A[A[A[A








Downloading [pytorch_model.bin]:   5%|▍         | 59.0M/1.25G [00:34<11:57, 1.78MB/s][A[A[A[A[A[A[A[A






Downloading [model.safetensors]:   5%|▌         | 68.0M/1.25G [00:34<08:22, 2.53MB/s][A[A[A[A[A[A








Downloading [pytorch_model.bin]:   5%|▍         | 60.0M/1.25G [00:34<10:07, 2.10MB/s][A[A[A[A[A[A[A[A





Downloading [onnx/model.onnx]:   5%|▍         | 60.0M/1.25G [00:34<10:08, 2.09MB/s][A[A[A[A[A






Downloading [model.safetensors]:   5%|▌         | 69.0M/1.25G [00:34<08:01, 2.64MB/s][A[A[A[A[A[A








Downloading [pytorch_model.bin]:   5%|▍         | 61.0M/1.25G [00:34<08:40, 2.45MB/s][A[A[A[A[A[A[A[A





Downloading [onnx/model.onnx]:   5%|▍         | 61.0M/1.25G [00:34<08:48, 2.41MB/s][A[A[A[A[A






Downloading [model.safetensors]:   5%|▌         | 70.0M/1.25G [00:35<07:27, 2.83MB/s][A[A[A[A[A[A








Downloading [pytorch_model.bin]:   5%|▍         | 62.0M/1.25G [00:35<07:52, 2.70MB/s][A[A[A[A[A[A[A[A





Downloading [onnx/model.onnx]:   5%|▍         | 62.0M/1.25G [00:35<07:21, 2.88MB/s][A[A[A[A[A






Downloading [model.safetensors]:   6%|▌         | 71.0M/1.25G [00:35<08:05, 2.61MB/s][A[A[A[A[A[A





Downloading [onnx/model.onnx]:   5%|▍         | 63.0M/1.25G [00:35<07:43, 2.74MB/s][A[A[A[A[A








Downloading [pytorch_model.bin]:   5%|▍         | 63.0M/1.25G [00:35<08:28, 2.51MB/s][A[A[A[A[A[A[A[A






Downloading [model.safetensors]:   6%|▌         | 72.0M/1.25G [00:35<07:15, 2.90MB/s][A[A[A[A[A[A





Downloading [onnx/model.onnx]:   5%|▌         | 64.0M/1.25G [00:35<06:59, 3.03MB/s][A[A[A[A[A








Downloading [pytorch_model.bin]:   5%|▌         | 64.0M/1.25G [00:35<07:39, 2.77MB/s][A[A[A[A[A[A[A[A






Downloading [model.safetensors]:   6%|▌         | 73.0M/1.25G [00:36<06:33, 3.21MB/s][A[A[A[A[A[A








Downloading [pytorch_model.bin]:   5%|▌         | 65.0M/1.25G [00:36<07:13, 2.94MB/s][A[A[A[A[A[A[A[A





Downloading [onnx/model.onnx]:   5%|▌         | 65.0M/1.25G [00:36<07:50, 2.70MB/s][A[A[A[A[A






Downloading [model.safetensors]:   6%|▌         | 74.0M/1.25G [00:36<06:38, 3.17MB/s][A[A[A[A[A[A






Downloading [model.safetensors]:   6%|▌         | 75.0M/1.25G [00:36<06:35, 3.19MB/s][A[A[A[A[A[A








Downloading [pytorch_model.bin]:   5%|▌         | 66.0M/1.25G [00:36<08:31, 2.49MB/s][A[A[A[A[A[A[A[A





Downloading [onnx/model.onnx]:   5%|▌         | 66.0M/1.25G [00:36<08:42, 2.43MB/s][A[A[A[A[A






Downloading [model.safetensors]:   6%|▌         | 76.0M/1.25G [00:37<07:15, 2.90MB/s][A[A[A[A[A[A





Downloading [onnx/model.onnx]:   5%|▌         | 67.0M/1.25G [00:37<08:52, 2.38MB/s][A[A[A[A[A








Downloading [pytorch_model.bin]:   5%|▌         | 67.0M/1.25G [00:37<09:13, 2.30MB/s][A[A[A[A[A[A[A[A






Downloading [model.safetensors]:   6%|▌         | 77.0M/1.25G [00:37<07:39, 2.74MB/s][A[A[A[A[A[A








Downloading [pytorch_model.bin]:   5%|▌         | 68.0M/1.25G [00:37<08:58, 2.36MB/s][A[A[A[A[A[A[A[A





Downloading [onnx/model.onnx]:   5%|▌         | 68.0M/1.25G [00:37<09:26, 2.23MB/s][A[A[A[A[A






Downloading [model.safetensors]:   6%|▌         | 78.0M/1.25G [00:38<07:51, 2.67MB/s][A[A[A[A[A[A








Downloading [pytorch_model.bin]:   5%|▌         | 69.0M/1.25G [00:38<07:56, 2.66MB/s][A[A[A[A[A[A[A[A





Downloading [onnx/model.onnx]:   5%|▌         | 69.0M/1.25G [00:38<08:22, 2.51MB/s][A[A[A[A[A








Downloading [pytorch_model.bin]:   5%|▌         | 70.0M/1.25G [00:38<07:18, 2.89MB/s][A[A[A[A[A[A[A[A






Downloading [model.safetensors]:   6%|▌         | 79.0M/1.25G [00:38<07:22, 2.85MB/s][A[A[A[A[A[A





Downloading [onnx/model.onnx]:   5%|▌         | 70.0M/1.25G [00:38<08:52, 2.37MB/s][A[A[A[A[A






Downloading [model.safetensors]:   6%|▋         | 80.0M/1.25G [00:38<07:49, 2.68MB/s][A[A[A[A[A[A








Downloading [pytorch_model.bin]:   6%|▌         | 71.0M/1.25G [00:38<07:56, 2.66MB/s][A[A[A[A[A[A[A[A






Downloading [model.safetensors]:   6%|▋         | 81.0M/1.25G [00:39<10:10, 2.06MB/s][A[A[A[A[A[A





Downloading [onnx/model.onnx]:   6%|▌         | 71.0M/1.25G [00:39<11:52, 1.77MB/s][A[A[A[A[A








Downloading [pytorch_model.bin]:   6%|▌         | 72.0M/1.25G [00:39<11:07, 1.89MB/s][A[A[A[A[A[A[A[A






Downloading [model.safetensors]:   6%|▋         | 82.0M/1.25G [00:39<09:34, 2.18MB/s][A[A[A[A[A[A








Downloading [pytorch_model.bin]:   6%|▌         | 73.0M/1.25G [00:40<10:24, 2.02MB/s][A[A[A[A[A[A[A[A





Downloading [onnx/model.onnx]:   6%|▌         | 72.0M/1.25G [00:40<12:17, 1.71MB/s][A[A[A[A[A






Downloading [model.safetensors]:   6%|▋         | 83.0M/1.25G [00:40<09:56, 2.10MB/s][A[A[A[A[A[A








Downloading [pytorch_model.bin]:   6%|▌         | 74.0M/1.25G [00:40<10:58, 1.92MB/s][A[A[A[A[A[A[A[A





Downloading [onnx/model.onnx]:   6%|▌         | 73.0M/1.25G [00:40<12:01, 1.75MB/s][A[A[A[A[A






Downloading [model.safetensors]:   7%|▋         | 84.0M/1.25G [00:41<10:59, 1.90MB/s][A[A[A[A[A[A








Downloading [pytorch_model.bin]:   6%|▌         | 75.0M/1.25G [00:41<10:43, 1.96MB/s][A[A[A[A[A[A[A[A





Downloading [onnx/model.onnx]:   6%|▌         | 74.0M/1.25G [00:41<11:00, 1.91MB/s][A[A[A[A[A






Downloading [model.safetensors]:   7%|▋         | 85.0M/1.25G [00:41<09:56, 2.10MB/s][A[A[A[A[A[A








Downloading [pytorch_model.bin]:   6%|▌         | 76.0M/1.25G [00:41<10:18, 2.04MB/s][A[A[A[A[A[A[A[A





Downloading [onnx/model.onnx]:   6%|▌         | 75.0M/1.25G [00:42<12:39, 1.66MB/s][A[A[A[A[A






Downloading [model.safetensors]:   7%|▋         | 86.0M/1.25G [00:42<11:16, 1.85MB/s][A[A[A[A[A[A








Downloading [pytorch_model.bin]:   6%|▌         | 77.0M/1.25G [00:42<11:57, 1.76MB/s][A[A[A[A[A[A[A[A





Downloading [onnx/model.onnx]:   6%|▌         | 76.0M/1.25G [00:42<12:08, 1.73MB/s][A[A[A[A[A






Downloading [model.safetensors]:   7%|▋         | 87.0M/1.25G [00:42<10:07, 2.06MB/s][A[A[A[A[A[A








Downloading [pytorch_model.bin]:   6%|▌         | 78.0M/1.25G [00:42<10:18, 2.03MB/s][A[A[A[A[A[A[A[A





Downloading [onnx/model.onnx]:   6%|▌         | 77.0M/1.25G [00:42<10:22, 2.02MB/s][A[A[A[A[A






Downloading [model.safetensors]:   7%|▋         | 88.0M/1.25G [00:43<09:42, 2.14MB/s][A[A[A[A[A[A








Downloading [pytorch_model.bin]:   6%|▌         | 79.0M/1.25G [00:43<09:03, 2.31MB/s][A[A[A[A[A[A[A[A






Downloading [model.safetensors]:   7%|▋         | 90.0M/1.25G [00:43<06:57, 2.98MB/s][A[A[A[A[A[A





Downloading [onnx/model.onnx]:   6%|▌         | 78.0M/1.25G [00:43<10:31, 1.99MB/s][A[A[A[A[A






Downloading [model.safetensors]:   7%|▋         | 91.0M/1.25G [00:43<06:37, 3.13MB/s][A[A[A[A[A[A








Downloading [pytorch_model.bin]:   6%|▋         | 80.0M/1.25G [00:44<12:09, 1.72MB/s][A[A[A[A[A[A[A[A






Downloading [model.safetensors]:   7%|▋         | 92.0M/1.25G [00:44<06:50, 3.03MB/s][A[A[A[A[A[A





Downloading [onnx/model.onnx]:   6%|▌         | 79.0M/1.25G [00:44<11:33, 1.81MB/s][A[A[A[A[A






Downloading [model.safetensors]:   7%|▋         | 93.0M/1.25G [00:44<06:09, 3.36MB/s][A[A[A[A[A[A








Downloading [pytorch_model.bin]:   6%|▋         | 81.0M/1.25G [00:44<10:41, 1.96MB/s][A[A[A[A[A[A[A[A





Downloading [onnx/model.onnx]:   6%|▋         | 80.0M/1.25G [00:44<09:50, 2.12MB/s][A[A[A[A[A






Downloading [model.safetensors]:   7%|▋         | 94.0M/1.25G [00:44<05:50, 3.54MB/s][A[A[A[A[A[A





Downloading [onnx/model.onnx]:   6%|▋         | 81.0M/1.25G [00:44<08:14, 2.53MB/s][A[A[A[A[A








Downloading [pytorch_model.bin]:   6%|▋         | 82.0M/1.25G [00:44<08:56, 2.34MB/s][A[A[A[A[A[A[A[A






Downloading [model.safetensors]:   7%|▋         | 95.0M/1.25G [00:44<05:32, 3.74MB/s][A[A[A[A[A[A








Downloading [pytorch_model.bin]:   6%|▋         | 83.0M/1.25G [00:45<08:22, 2.49MB/s][A[A[A[A[A[A[A[A





Downloading [onnx/model.onnx]:   6%|▋         | 82.0M/1.25G [00:45<09:20, 2.23MB/s][A[A[A[A[A






Downloading [model.safetensors]:   8%|▊         | 96.0M/1.25G [00:45<08:18, 2.49MB/s][A[A[A[A[A[A








Downloading [pytorch_model.bin]:   7%|▋         | 84.0M/1.25G [00:46<12:14, 1.71MB/s][A[A[A[A[A[A[A[A






Downloading [model.safetensors]:   8%|▊         | 97.0M/1.25G [00:46<10:29, 1.97MB/s][A[A[A[A[A[A





Downloading [onnx/model.onnx]:   7%|▋         | 83.0M/1.25G [00:46<13:53, 1.50MB/s][A[A[A[A[A








Downloading [pytorch_model.bin]:   7%|▋         | 85.0M/1.25G [00:46<11:26, 1.82MB/s][A[A[A[A[A[A[A[A






Downloading [model.safetensors]:   8%|▊         | 98.0M/1.25G [00:46<09:32, 2.16MB/s][A[A[A[A[A[A








Downloading [pytorch_model.bin]:   7%|▋         | 86.0M/1.25G [00:46<09:33, 2.18MB/s][A[A[A[A[A[A[A[A






Downloading [model.safetensors]:   8%|▊         | 99.0M/1.25G [00:47<08:24, 2.45MB/s][A[A[A[A[A[A





Downloading [onnx/model.onnx]:   7%|▋         | 84.0M/1.25G [00:47<13:07, 1.59MB/s][A[A[A[A[A








Downloading [pytorch_model.bin]:   7%|▋         | 87.0M/1.25G [00:47<08:55, 2.33MB/s][A[A[A[A[A[A[A[A






Downloading [model.safetensors]:   8%|▊         | 100M/1.25G [00:47<09:05, 2.27MB/s] [A[A[A[A[A[A





Downloading [onnx/model.onnx]:   7%|▋         | 85.0M/1.25G [00:47<13:06, 1.59MB/s][A[A[A[A[A








Downloading [pytorch_model.bin]:   7%|▋         | 88.0M/1.25G [00:47<10:05, 2.06MB/s][A[A[A[A[A[A[A[A








Downloading [pytorch_model.bin]:   7%|▋         | 89.0M/1.25G [00:48<08:46, 2.37MB/s][A[A[A[A[A[A[A[A






Downloading [model.safetensors]:   8%|▊         | 101M/1.25G [00:48<10:12, 2.02MB/s][A[A[A[A[A[A





Downloading [onnx/model.onnx]:   7%|▋         | 86.0M/1.25G [00:48<12:11, 1.70MB/s][A[A[A[A[A






Downloading [model.safetensors]:   8%|▊         | 102M/1.25G [00:48<10:05, 2.04MB/s][A[A[A[A[A[A








Downloading [pytorch_model.bin]:   7%|▋         | 90.0M/1.25G [00:48<09:38, 2.16MB/s][A[A[A[A[A[A[A[A





Downloading [onnx/model.onnx]:   7%|▋         | 87.0M/1.25G [00:48<12:04, 1.72MB/s][A[A[A[A[A






Downloading [model.safetensors]:   8%|▊         | 103M/1.25G [00:49<08:34, 2.40MB/s][A[A[A[A[A[A








Downloading [pytorch_model.bin]:   7%|▋         | 91.0M/1.25G [00:49<08:38, 2.40MB/s][A[A[A[A[A[A[A[A





Downloading [onnx/model.onnx]:   7%|▋         | 88.0M/1.25G [00:49<10:18, 2.01MB/s][A[A[A[A[A






Downloading [model.safetensors]:   8%|▊         | 104M/1.25G [00:49<07:20, 2.80MB/s][A[A[A[A[A[A





Downloading [onnx/model.onnx]:   7%|▋         | 89.0M/1.25G [00:49<08:29, 2.44MB/s][A[A[A[A[A








Downloading [pytorch_model.bin]:   7%|▋         | 92.0M/1.25G [00:49<08:01, 2.59MB/s][A[A[A[A[A[A[A[A






Downloading [model.safetensors]:   8%|▊         | 105M/1.25G [00:49<06:46, 3.02MB/s][A[A[A[A[A[A





Downloading [onnx/model.onnx]:   7%|▋         | 90.0M/1.25G [00:49<07:05, 2.92MB/s][A[A[A[A[A








Downloading [pytorch_model.bin]:   7%|▋         | 93.0M/1.25G [00:49<07:56, 2.61MB/s][A[A[A[A[A[A[A[A






Downloading [model.safetensors]:   8%|▊         | 106M/1.25G [00:49<06:37, 3.09MB/s][A[A[A[A[A[A





Downloading [onnx/model.onnx]:   7%|▋         | 91.0M/1.25G [00:49<06:50, 3.02MB/s][A[A[A[A[A






Downloading [model.safetensors]:   8%|▊         | 107M/1.25G [00:50<07:10, 2.85MB/s][A[A[A[A[A[A








Downloading [pytorch_model.bin]:   7%|▋         | 94.0M/1.25G [00:50<09:41, 2.14MB/s][A[A[A[A[A[A[A[A





Downloading [onnx/model.onnx]:   7%|▋         | 92.0M/1.25G [00:50<08:36, 2.40MB/s][A[A[A[A[A






Downloading [model.safetensors]:   8%|▊         | 108M/1.25G [00:50<07:23, 2.77MB/s][A[A[A[A[A[A








Downloading [pytorch_model.bin]:   7%|▋         | 95.0M/1.25G [00:50<09:04, 2.28MB/s][A[A[A[A[A[A[A[A





Downloading [onnx/model.onnx]:   7%|▋         | 93.0M/1.25G [00:50<08:11, 2.52MB/s][A[A[A[A[A






Downloading [model.safetensors]:   9%|▊         | 109M/1.25G [00:51<06:51, 2.98MB/s][A[A[A[A[A[A








Downloading [pytorch_model.bin]:   8%|▊         | 96.0M/1.25G [00:51<08:24, 2.46MB/s][A[A[A[A[A[A[A[A





Downloading [onnx/model.onnx]:   7%|▋         | 94.0M/1.25G [00:51<07:46, 2.65MB/s][A[A[A[A[A






Downloading [model.safetensors]:   9%|▊         | 110M/1.25G [00:51<06:46, 3.01MB/s][A[A[A[A[A[A






Downloading [model.safetensors]:   9%|▊         | 111M/1.25G [00:51<05:54, 3.45MB/s][A[A[A[A[A[A








Downloading [pytorch_model.bin]:   8%|▊         | 97.0M/1.25G [00:51<07:37, 2.71MB/s][A[A[A[A[A[A[A[A





Downloading [onnx/model.onnx]:   7%|▋         | 95.0M/1.25G [00:51<08:43, 2.36MB/s][A[A[A[A[A






Downloading [model.safetensors]:   9%|▉         | 112M/1.25G [00:51<06:21, 3.20MB/s][A[A[A[A[A[A








Downloading [pytorch_model.bin]:   8%|▊         | 98.0M/1.25G [00:52<08:27, 2.44MB/s][A[A[A[A[A[A[A[A





Downloading [onnx/model.onnx]:   8%|▊         | 96.0M/1.25G [00:52<07:51, 2.62MB/s][A[A[A[A[A






Downloading [model.safetensors]:   9%|▉         | 114M/1.25G [00:52<04:39, 4.37MB/s][A[A[A[A[A[A





Downloading [onnx/model.onnx]:   8%|▊         | 97.0M/1.25G [00:52<06:52, 2.99MB/s][A[A[A[A[A






Downloading [model.safetensors]:   9%|▉         | 115M/1.25G [00:52<04:33, 4.46MB/s][A[A[A[A[A[A








Downloading [pytorch_model.bin]:   8%|▊         | 99.0M/1.25G [00:52<08:29, 2.43MB/s][A[A[A[A[A[A[A[A






Downloading [model.safetensors]:   9%|▉         | 116M/1.25G [00:52<04:23, 4.63MB/s][A[A[A[A[A[A





Downloading [onnx/model.onnx]:   8%|▊         | 98.0M/1.25G [00:52<06:23, 3.22MB/s][A[A[A[A[A






Downloading [model.safetensors]:   9%|▉         | 117M/1.25G [00:52<04:56, 4.11MB/s][A[A[A[A[A[A








Downloading [pytorch_model.bin]:   8%|▊         | 100M/1.25G [00:53<08:30, 2.42MB/s] [A[A[A[A[A[A[A[A





Downloading [onnx/model.onnx]:   8%|▊         | 99.0M/1.25G [00:53<06:53, 2.98MB/s][A[A[A[A[A






Downloading [model.safetensors]:   9%|▉         | 118M/1.25G [00:53<04:44, 4.28MB/s][A[A[A[A[A[A








Downloading [pytorch_model.bin]:   8%|▊         | 101M/1.25G [00:53<07:51, 2.62MB/s][A[A[A[A[A[A[A[A





Downloading [onnx/model.onnx]:   8%|▊         | 100M/1.25G [00:53<06:42, 3.06MB/s] [A[A[A[A[A






Downloading [model.safetensors]:   9%|▉         | 119M/1.25G [00:53<05:19, 3.81MB/s][A[A[A[A[A[A








Downloading [pytorch_model.bin]:   8%|▊         | 102M/1.25G [00:53<08:25, 2.44MB/s][A[A[A[A[A[A[A[A





Downloading [onnx/model.onnx]:   8%|▊         | 101M/1.25G [00:53<07:35, 2.70MB/s][A[A[A[A[A






Downloading [model.safetensors]:   9%|▉         | 120M/1.25G [00:54<07:30, 2.70MB/s][A[A[A[A[A[A








Downloading [pytorch_model.bin]:   8%|▊         | 103M/1.25G [00:54<10:16, 2.00MB/s][A[A[A[A[A[A[A[A






Downloading [model.safetensors]:   9%|▉         | 121M/1.25G [00:54<07:33, 2.68MB/s][A[A[A[A[A[A





Downloading [onnx/model.onnx]:   8%|▊         | 102M/1.25G [00:54<10:31, 1.95MB/s][A[A[A[A[A






Downloading [model.safetensors]:  10%|▉         | 122M/1.25G [00:54<07:21, 2.74MB/s][A[A[A[A[A[A








Downloading [pytorch_model.bin]:   8%|▊         | 104M/1.25G [00:55<09:56, 2.06MB/s][A[A[A[A[A[A[A[A





Downloading [onnx/model.onnx]:   8%|▊         | 103M/1.25G [00:55<10:33, 1.94MB/s][A[A[A[A[A






Downloading [model.safetensors]:  10%|▉         | 123M/1.25G [00:55<09:08, 2.21MB/s][A[A[A[A[A[A








Downloading [pytorch_model.bin]:   8%|▊         | 105M/1.25G [00:55<10:58, 1.87MB/s][A[A[A[A[A[A[A[A





Downloading [onnx/model.onnx]:   8%|▊         | 104M/1.25G [00:55<10:12, 2.01MB/s][A[A[A[A[A






Downloading [model.safetensors]:  10%|▉         | 124M/1.25G [00:56<08:48, 2.29MB/s][A[A[A[A[A[A





Downloading [onnx/model.onnx]:   8%|▊         | 105M/1.25G [00:56<09:01, 2.27MB/s][A[A[A[A[A








Downloading [pytorch_model.bin]:   8%|▊         | 106M/1.25G [00:56<10:11, 2.01MB/s][A[A[A[A[A[A[A[A






Downloading [model.safetensors]:  10%|▉         | 125M/1.25G [00:56<07:35, 2.65MB/s][A[A[A[A[A[A





Downloading [onnx/model.onnx]:   8%|▊         | 106M/1.25G [00:56<07:31, 2.72MB/s][A[A[A[A[A








Downloading [pytorch_model.bin]:   8%|▊         | 107M/1.25G [00:56<09:01, 2.27MB/s][A[A[A[A[A[A[A[A





Downloading [onnx/model.onnx]:   8%|▊         | 107M/1.25G [00:56<06:15, 3.26MB/s][A[A[A[A[A






Downloading [model.safetensors]:  10%|▉         | 126M/1.25G [00:56<06:55, 2.91MB/s][A[A[A[A[A[A





Downloading [onnx/model.onnx]:   8%|▊         | 108M/1.25G [00:56<05:36, 3.64MB/s][A[A[A[A[A








Downloading [pytorch_model.bin]:   8%|▊         | 108M/1.25G [00:56<08:45, 2.34MB/s][A[A[A[A[A[A[A[A





Downloading [onnx/model.onnx]:   9%|▊         | 109M/1.25G [00:56<05:17, 3.85MB/s][A[A[A[A[A






Downloading [model.safetensors]:  10%|▉         | 127M/1.25G [00:56<06:52, 2.93MB/s][A[A[A[A[A[A





Downloading [onnx/model.onnx]:   9%|▊         | 110M/1.25G [00:57<05:31, 3.68MB/s][A[A[A[A[A








Downloading [pytorch_model.bin]:   9%|▊         | 109M/1.25G [00:57<08:52, 2.30MB/s][A[A[A[A[A[A[A[A






Downloading [model.safetensors]:  10%|█         | 128M/1.25G [00:57<07:07, 2.83MB/s][A[A[A[A[A[A





Downloading [onnx/model.onnx]:   9%|▊         | 111M/1.25G [00:57<07:36, 2.67MB/s][A[A[A[A[A






Downloading [model.safetensors]:  10%|█         | 129M/1.25G [00:57<08:20, 2.41MB/s][A[A[A[A[A[A








Downloading [pytorch_model.bin]:   9%|▊         | 110M/1.25G [00:58<10:48, 1.89MB/s][A[A[A[A[A[A[A[A





Downloading [onnx/model.onnx]:   9%|▉         | 112M/1.25G [00:58<06:47, 2.99MB/s][A[A[A[A[A






Downloading [model.safetensors]:  10%|█         | 130M/1.25G [00:58<07:13, 2.78MB/s][A[A[A[A[A[A





Downloading [onnx/model.onnx]:   9%|▉         | 113M/1.25G [00:58<05:51, 3.47MB/s][A[A[A[A[A






Downloading [model.safetensors]:  10%|█         | 131M/1.25G [00:58<06:07, 3.27MB/s][A[A[A[A[A[A








Downloading [pytorch_model.bin]:   9%|▊         | 111M/1.25G [00:58<09:34, 2.13MB/s][A[A[A[A[A[A[A[A





Downloading [onnx/model.onnx]:   9%|▉         | 114M/1.25G [00:58<05:31, 3.67MB/s][A[A[A[A[A






Downloading [model.safetensors]:  10%|█         | 132M/1.25G [00:58<06:12, 3.23MB/s][A[A[A[A[A[A





Downloading [onnx/model.onnx]:   9%|▉         | 115M/1.25G [00:59<06:45, 3.00MB/s][A[A[A[A[A








Downloading [pytorch_model.bin]:   9%|▉         | 112M/1.25G [00:59<10:49, 1.88MB/s][A[A[A[A[A[A[A[A






Downloading [model.safetensors]:  10%|█         | 133M/1.25G [00:59<08:42, 2.30MB/s][A[A[A[A[A[A





Downloading [onnx/model.onnx]:   9%|▉         | 116M/1.25G [00:59<08:31, 2.38MB/s][A[A[A[A[A








Downloading [pytorch_model.bin]:   9%|▉         | 113M/1.25G [01:00<12:59, 1.57MB/s][A[A[A[A[A[A[A[A






Downloading [model.safetensors]:  10%|█         | 134M/1.25G [01:00<09:56, 2.01MB/s][A[A[A[A[A[A






Downloading [model.safetensors]:  11%|█         | 135M/1.25G [01:00<07:50, 2.55MB/s][A[A[A[A[A[A





Downloading [onnx/model.onnx]:   9%|▉         | 117M/1.25G [01:00<09:11, 2.20MB/s][A[A[A[A[A








Downloading [pytorch_model.bin]:   9%|▉         | 114M/1.25G [01:00<10:53, 1.87MB/s][A[A[A[A[A[A[A[A





Downloading [onnx/model.onnx]:   9%|▉         | 118M/1.25G [01:00<07:14, 2.79MB/s][A[A[A[A[A






Downloading [model.safetensors]:  11%|█         | 136M/1.25G [01:00<07:10, 2.78MB/s][A[A[A[A[A[A








Downloading [pytorch_model.bin]:   9%|▉         | 115M/1.25G [01:00<09:49, 2.07MB/s][A[A[A[A[A[A[A[A





Downloading [onnx/model.onnx]:   9%|▉         | 119M/1.25G [01:00<07:52, 2.57MB/s][A[A[A[A[A






Downloading [model.safetensors]:  11%|█         | 137M/1.25G [01:01<07:49, 2.55MB/s][A[A[A[A[A[A








Downloading [pytorch_model.bin]:   9%|▉         | 116M/1.25G [01:01<08:49, 2.30MB/s][A[A[A[A[A[A[A[A





Downloading [onnx/model.onnx]:   9%|▉         | 120M/1.25G [01:01<08:19, 2.42MB/s][A[A[A[A[A








Downloading [pytorch_model.bin]:   9%|▉         | 117M/1.25G [01:01<07:56, 2.55MB/s][A[A[A[A[A[A[A[A






Downloading [model.safetensors]:  11%|█         | 138M/1.25G [01:01<07:37, 2.61MB/s][A[A[A[A[A[A








Downloading [pytorch_model.bin]:   9%|▉         | 118M/1.25G [01:01<07:16, 2.79MB/s][A[A[A[A[A[A[A[A






Downloading [model.safetensors]:  11%|█         | 139M/1.25G [01:01<07:04, 2.81MB/s][A[A[A[A[A[A





Downloading [onnx/model.onnx]:   9%|▉         | 121M/1.25G [01:01<08:08, 2.48MB/s][A[A[A[A[A








Downloading [pytorch_model.bin]:   9%|▉         | 119M/1.25G [01:02<07:30, 2.70MB/s][A[A[A[A[A[A[A[A





Downloading [onnx/model.onnx]:  10%|▉         | 122M/1.25G [01:02<07:53, 2.55MB/s][A[A[A[A[A






Downloading [model.safetensors]:  11%|█         | 140M/1.25G [01:02<07:30, 2.65MB/s][A[A[A[A[A[A








Downloading [pytorch_model.bin]:   9%|▉         | 120M/1.25G [01:02<08:00, 2.53MB/s][A[A[A[A[A[A[A[A






Downloading [model.safetensors]:  11%|█         | 141M/1.25G [01:02<07:46, 2.56MB/s][A[A[A[A[A[A





Downloading [onnx/model.onnx]:  10%|▉         | 123M/1.25G [01:02<08:18, 2.42MB/s][A[A[A[A[A






Downloading [model.safetensors]:  11%|█         | 142M/1.25G [01:03<07:13, 2.75MB/s][A[A[A[A[A[A








Downloading [pytorch_model.bin]:   9%|▉         | 121M/1.25G [01:03<07:42, 2.63MB/s][A[A[A[A[A[A[A[A





Downloading [onnx/model.onnx]:  10%|▉         | 124M/1.25G [01:03<08:08, 2.47MB/s][A[A[A[A[A








Downloading [pytorch_model.bin]:  10%|▉         | 122M/1.25G [01:03<06:37, 3.05MB/s][A[A[A[A[A[A[A[A






Downloading [model.safetensors]:  11%|█         | 143M/1.25G [01:03<06:34, 3.01MB/s][A[A[A[A[A[A





Downloading [onnx/model.onnx]:  10%|▉         | 125M/1.25G [01:03<07:15, 2.77MB/s][A[A[A[A[A








Downloading [pytorch_model.bin]:  10%|▉         | 123M/1.25G [01:03<06:10, 3.27MB/s][A[A[A[A[A[A[A[A






Downloading [model.safetensors]:  11%|█▏        | 144M/1.25G [01:03<06:05, 3.25MB/s][A[A[A[A[A[A






Downloading [model.safetensors]:  11%|█▏        | 145M/1.25G [01:03<05:27, 3.63MB/s][A[A[A[A[A[A






Downloading [model.safetensors]:  11%|█▏        | 146M/1.25G [01:03<04:55, 4.01MB/s][A[A[A[A[A[A





Downloading [onnx/model.onnx]:  10%|▉         | 126M/1.25G [01:04<09:31, 2.11MB/s][A[A[A[A[A






Downloading [model.safetensors]:  11%|█▏        | 147M/1.25G [01:04<04:58, 3.98MB/s][A[A[A[A[A[A








Downloading [pytorch_model.bin]:  10%|▉         | 124M/1.25G [01:04<09:06, 2.21MB/s][A[A[A[A[A[A[A[A





Downloading [onnx/model.onnx]:  10%|▉         | 127M/1.25G [01:04<08:05, 2.48MB/s][A[A[A[A[A






Downloading [model.safetensors]:  12%|█▏        | 148M/1.25G [01:04<05:33, 3.55MB/s][A[A[A[A[A[A








Downloading [pytorch_model.bin]:  10%|▉         | 125M/1.25G [01:04<09:09, 2.20MB/s][A[A[A[A[A[A[A[A





Downloading [onnx/model.onnx]:  10%|█         | 128M/1.25G [01:04<07:58, 2.51MB/s][A[A[A[A[A






Downloading [model.safetensors]:  12%|█▏        | 149M/1.25G [01:04<05:18, 3.71MB/s][A[A[A[A[A[A






Downloading [model.safetensors]:  12%|█▏        | 150M/1.25G [01:05<05:17, 3.73MB/s][A[A[A[A[A[A








Downloading [pytorch_model.bin]:  10%|▉         | 126M/1.25G [01:05<09:35, 2.10MB/s][A[A[A[A[A[A[A[A





Downloading [onnx/model.onnx]:  10%|█         | 129M/1.25G [01:05<08:55, 2.24MB/s][A[A[A[A[A






Downloading [model.safetensors]:  12%|█▏        | 151M/1.25G [01:05<06:01, 3.27MB/s][A[A[A[A[A[A








Downloading [pytorch_model.bin]:  10%|▉         | 127M/1.25G [01:05<09:35, 2.10MB/s][A[A[A[A[A[A[A[A






Downloading [model.safetensors]:  12%|█▏        | 152M/1.25G [01:06<06:53, 2.86MB/s][A[A[A[A[A[A





Downloading [onnx/model.onnx]:  10%|█         | 130M/1.25G [01:06<10:51, 1.84MB/s][A[A[A[A[A








Downloading [pytorch_model.bin]:  10%|█         | 128M/1.25G [01:06<10:40, 1.88MB/s][A[A[A[A[A[A[A[A






Downloading [model.safetensors]:  12%|█▏        | 153M/1.25G [01:06<08:15, 2.38MB/s][A[A[A[A[A[A





Downloading [onnx/model.onnx]:  10%|█         | 131M/1.25G [01:06<11:47, 1.69MB/s][A[A[A[A[A






Downloading [model.safetensors]:  12%|█▏        | 154M/1.25G [01:07<08:22, 2.35MB/s][A[A[A[A[A[A








Downloading [pytorch_model.bin]:  10%|█         | 129M/1.25G [01:07<10:40, 1.88MB/s][A[A[A[A[A[A[A[A






Downloading [model.safetensors]:  12%|█▏        | 155M/1.25G [01:07<08:46, 2.24MB/s][A[A[A[A[A[A








Downloading [pytorch_model.bin]:  10%|█         | 130M/1.25G [01:08<13:00, 1.54MB/s][A[A[A[A[A[A[A[A





Downloading [onnx/model.onnx]:  10%|█         | 132M/1.25G [01:08<15:37, 1.28MB/s][A[A[A[A[A






Downloading [model.safetensors]:  12%|█▏        | 156M/1.25G [01:08<11:11, 1.75MB/s][A[A[A[A[A[A








Downloading [pytorch_model.bin]:  10%|█         | 131M/1.25G [01:08<12:22, 1.62MB/s][A[A[A[A[A[A[A[A





Downloading [onnx/model.onnx]:  10%|█         | 133M/1.25G [01:08<13:21, 1.49MB/s][A[A[A[A[A






Downloading [model.safetensors]:  12%|█▏        | 157M/1.25G [01:08<09:45, 2.01MB/s][A[A[A[A[A[A








Downloading [pytorch_model.bin]:  10%|█         | 132M/1.25G [01:09<14:54, 1.34MB/s][A[A[A[A[A[A[A[A





Downloading [onnx/model.onnx]:  11%|█         | 134M/1.25G [01:09<16:12, 1.23MB/s][A[A[A[A[A






Downloading [model.safetensors]:  12%|█▏        | 158M/1.25G [01:10<14:36, 1.34MB/s][A[A[A[A[A[A





Downloading [onnx/model.onnx]:  11%|█         | 135M/1.25G [01:10<14:13, 1.40MB/s][A[A[A[A[A








Downloading [pytorch_model.bin]:  10%|█         | 133M/1.25G [01:10<15:39, 1.28MB/s][A[A[A[A[A[A[A[A






Downloading [model.safetensors]:  12%|█▏        | 159M/1.25G [01:10<13:24, 1.46MB/s][A[A[A[A[A[A





Downloading [onnx/model.onnx]:  11%|█         | 136M/1.25G [01:11<14:03, 1.42MB/s][A[A[A[A[A








Downloading [pytorch_model.bin]:  10%|█         | 134M/1.25G [01:11<14:07, 1.42MB/s][A[A[A[A[A[A[A[A






Downloading [model.safetensors]:  13%|█▎        | 160M/1.25G [01:11<14:22, 1.36MB/s][A[A[A[A[A[A








Downloading [pytorch_model.bin]:  11%|█         | 135M/1.25G [01:11<13:58, 1.43MB/s][A[A[A[A[A[A[A[A





Downloading [onnx/model.onnx]:  11%|█         | 137M/1.25G [01:11<14:38, 1.36MB/s][A[A[A[A[A






Downloading [model.safetensors]:  13%|█▎        | 161M/1.25G [01:12<13:20, 1.46MB/s][A[A[A[A[A[A





Downloading [onnx/model.onnx]:  11%|█         | 138M/1.25G [01:12<14:09, 1.40MB/s][A[A[A[A[A








Downloading [pytorch_model.bin]:  11%|█         | 136M/1.25G [01:12<13:47, 1.45MB/s][A[A[A[A[A[A[A[A








Downloading [pytorch_model.bin]:  11%|█         | 137M/1.25G [01:13<13:29, 1.48MB/s][A[A[A[A[A[A[A[A






Downloading [model.safetensors]:  13%|█▎        | 162M/1.25G [01:13<16:22, 1.19MB/s][A[A[A[A[A[A





Downloading [onnx/model.onnx]:  11%|█         | 139M/1.25G [01:13<15:07, 1.31MB/s][A[A[A[A[A








Downloading [pytorch_model.bin]:  11%|█         | 138M/1.25G [01:13<13:17, 1.50MB/s][A[A[A[A[A[A[A[A





Downloading [onnx/model.onnx]:  11%|█         | 140M/1.25G [01:14<13:40, 1.45MB/s][A[A[A[A[A






Downloading [model.safetensors]:  13%|█▎        | 163M/1.25G [01:14<14:38, 1.33MB/s][A[A[A[A[A[A








Downloading [pytorch_model.bin]:  11%|█         | 139M/1.25G [01:14<13:14, 1.50MB/s][A[A[A[A[A[A[A[A





Downloading [onnx/model.onnx]:  11%|█         | 141M/1.25G [01:14<13:02, 1.52MB/s][A[A[A[A[A






Downloading [model.safetensors]:  13%|█▎        | 164M/1.25G [01:14<14:13, 1.37MB/s][A[A[A[A[A[A






Downloading [model.safetensors]:  13%|█▎        | 165M/1.25G [01:15<13:50, 1.41MB/s][A[A[A[A[A[A





Downloading [onnx/model.onnx]:  11%|█         | 142M/1.25G [01:15<15:36, 1.27MB/s][A[A[A[A[A








Downloading [pytorch_model.bin]:  11%|█         | 140M/1.25G [01:16<17:52, 1.11MB/s][A[A[A[A[A[A[A[A





Downloading [onnx/model.onnx]:  11%|█         | 143M/1.25G [01:16<14:35, 1.35MB/s][A[A[A[A[A








Downloading [pytorch_model.bin]:  11%|█         | 141M/1.25G [01:16<16:28, 1.21MB/s][A[A[A[A[A[A[A[A






Downloading [model.safetensors]:  13%|█▎        | 166M/1.25G [01:16<17:16, 1.13MB/s][A[A[A[A[A[A





Downloading [onnx/model.onnx]:  11%|█▏        | 144M/1.25G [01:17<13:09, 1.50MB/s][A[A[A[A[A






Downloading [model.safetensors]:  13%|█▎        | 167M/1.25G [01:17<13:41, 1.42MB/s][A[A[A[A[A[A








Downloading [pytorch_model.bin]:  11%|█         | 142M/1.25G [01:17<13:14, 1.50MB/s][A[A[A[A[A[A[A[A





Downloading [onnx/model.onnx]:  11%|█▏        | 145M/1.25G [01:17<10:50, 1.82MB/s][A[A[A[A[A






Downloading [model.safetensors]:  13%|█▎        | 168M/1.25G [01:17<10:33, 1.84MB/s][A[A[A[A[A[A








Downloading [pytorch_model.bin]:  11%|█         | 143M/1.25G [01:17<10:22, 1.91MB/s][A[A[A[A[A[A[A[A





Downloading [onnx/model.onnx]:  11%|█▏        | 146M/1.25G [01:17<08:41, 2.27MB/s][A[A[A[A[A








Downloading [pytorch_model.bin]:  11%|█▏        | 144M/1.25G [01:17<08:10, 2.42MB/s][A[A[A[A[A[A[A[A






Downloading [model.safetensors]:  13%|█▎        | 169M/1.25G [01:17<09:24, 2.06MB/s][A[A[A[A[A[A








Downloading [pytorch_model.bin]:  11%|█▏        | 145M/1.25G [01:17<06:48, 2.91MB/s][A[A[A[A[A[A[A[A





Downloading [onnx/model.onnx]:  12%|█▏        | 147M/1.25G [01:17<07:40, 2.57MB/s][A[A[A[A[A








Downloading [pytorch_model.bin]:  11%|█▏        | 146M/1.25G [01:18<06:29, 3.05MB/s][A[A[A[A[A[A[A[A






Downloading [model.safetensors]:  13%|█▎        | 170M/1.25G [01:18<08:42, 2.23MB/s][A[A[A[A[A[A





Downloading [onnx/model.onnx]:  12%|█▏        | 148M/1.25G [01:18<07:34, 2.60MB/s][A[A[A[A[A






Downloading [model.safetensors]:  13%|█▎        | 171M/1.25G [01:18<07:27, 2.59MB/s][A[A[A[A[A[A








Downloading [pytorch_model.bin]:  11%|█▏        | 147M/1.25G [01:18<06:24, 3.08MB/s][A[A[A[A[A[A[A[A






Downloading [model.safetensors]:  13%|█▎        | 172M/1.25G [01:18<06:10, 3.14MB/s][A[A[A[A[A[A








Downloading [pytorch_model.bin]:  12%|█▏        | 148M/1.25G [01:18<06:12, 3.18MB/s][A[A[A[A[A[A[A[A





Downloading [onnx/model.onnx]:  12%|█▏        | 149M/1.25G [01:18<08:06, 2.42MB/s][A[A[A[A[A






Downloading [model.safetensors]:  14%|█▎        | 173M/1.25G [01:18<05:25, 3.57MB/s][A[A[A[A[A[A








Downloading [pytorch_model.bin]:  12%|█▏        | 149M/1.25G [01:18<05:34, 3.54MB/s][A[A[A[A[A[A[A[A






Downloading [model.safetensors]:  14%|█▎        | 174M/1.25G [01:18<04:49, 4.01MB/s][A[A[A[A[A[A





Downloading [onnx/model.onnx]:  12%|█▏        | 150M/1.25G [01:19<10:14, 1.92MB/s][A[A[A[A[A






Downloading [model.safetensors]:  14%|█▎        | 175M/1.25G [01:19<07:46, 2.48MB/s][A[A[A[A[A[A








Downloading [pytorch_model.bin]:  12%|█▏        | 150M/1.25G [01:19<09:46, 2.02MB/s][A[A[A[A[A[A[A[A





Downloading [onnx/model.onnx]:  12%|█▏        | 151M/1.25G [01:20<11:19, 1.73MB/s][A[A[A[A[A






Downloading [model.safetensors]:  14%|█▍        | 176M/1.25G [01:20<08:40, 2.22MB/s][A[A[A[A[A[A








Downloading [pytorch_model.bin]:  12%|█▏        | 151M/1.25G [01:20<09:51, 2.00MB/s][A[A[A[A[A[A[A[A






Downloading [model.safetensors]:  14%|█▍        | 177M/1.25G [01:20<08:01, 2.40MB/s][A[A[A[A[A[A





Downloading [onnx/model.onnx]:  12%|█▏        | 152M/1.25G [01:20<10:46, 1.82MB/s][A[A[A[A[A








Downloading [pytorch_model.bin]:  12%|█▏        | 152M/1.25G [01:21<09:57, 1.98MB/s][A[A[A[A[A[A[A[A






Downloading [model.safetensors]:  14%|█▍        | 178M/1.25G [01:21<08:43, 2.20MB/s][A[A[A[A[A[A








Downloading [pytorch_model.bin]:  12%|█▏        | 153M/1.25G [01:21<08:51, 2.22MB/s][A[A[A[A[A[A[A[A





Downloading [onnx/model.onnx]:  12%|█▏        | 153M/1.25G [01:21<11:57, 1.64MB/s][A[A[A[A[A






Downloading [model.safetensors]:  14%|█▍        | 179M/1.25G [01:22<10:52, 1.77MB/s][A[A[A[A[A[A





Downloading [onnx/model.onnx]:  12%|█▏        | 154M/1.25G [01:22<11:45, 1.66MB/s][A[A[A[A[A








Downloading [pytorch_model.bin]:  12%|█▏        | 154M/1.25G [01:22<11:14, 1.75MB/s][A[A[A[A[A[A[A[A






Downloading [model.safetensors]:  14%|█▍        | 180M/1.25G [01:22<09:34, 2.00MB/s][A[A[A[A[A[A





Downloading [onnx/model.onnx]:  12%|█▏        | 155M/1.25G [01:22<09:59, 1.96MB/s][A[A[A[A[A








Downloading [pytorch_model.bin]:  12%|█▏        | 155M/1.25G [01:22<09:54, 1.98MB/s][A[A[A[A[A[A[A[A





Downloading [onnx/model.onnx]:  12%|█▏        | 156M/1.25G [01:22<08:06, 2.41MB/s][A[A[A[A[A






Downloading [model.safetensors]:  14%|█▍        | 181M/1.25G [01:23<09:43, 1.97MB/s][A[A[A[A[A[A








Downloading [pytorch_model.bin]:  12%|█▏        | 156M/1.25G [01:23<09:44, 2.01MB/s][A[A[A[A[A[A[A[A





Downloading [onnx/model.onnx]:  12%|█▏        | 157M/1.25G [01:23<08:37, 2.26MB/s][A[A[A[A[A






Downloading [model.safetensors]:  14%|█▍        | 182M/1.25G [01:23<08:57, 2.14MB/s][A[A[A[A[A[A








Downloading [pytorch_model.bin]:  12%|█▏        | 157M/1.25G [01:23<09:58, 1.97MB/s][A[A[A[A[A[A[A[A





Downloading [onnx/model.onnx]:  12%|█▏        | 158M/1.25G [01:23<08:55, 2.19MB/s][A[A[A[A[A






Downloading [model.safetensors]:  14%|█▍        | 183M/1.25G [01:23<08:45, 2.19MB/s][A[A[A[A[A[A





Downloading [onnx/model.onnx]:  12%|█▏        | 159M/1.25G [01:24<08:16, 2.36MB/s][A[A[A[A[A






Downloading [model.safetensors]:  14%|█▍        | 184M/1.25G [01:24<07:51, 2.43MB/s][A[A[A[A[A[A








Downloading [pytorch_model.bin]:  12%|█▏        | 158M/1.25G [01:24<09:40, 2.03MB/s][A[A[A[A[A[A[A[A






Downloading [model.safetensors]:  14%|█▍        | 185M/1.25G [01:24<06:36, 2.89MB/s][A[A[A[A[A[A





Downloading [onnx/model.onnx]:  13%|█▎        | 160M/1.25G [01:24<07:41, 2.53MB/s][A[A[A[A[A






Downloading [model.safetensors]:  15%|█▍        | 186M/1.25G [01:24<05:29, 3.47MB/s][A[A[A[A[A[A








Downloading [pytorch_model.bin]:  12%|█▏        | 159M/1.25G [01:24<09:13, 2.12MB/s][A[A[A[A[A[A[A[A






Downloading [model.safetensors]:  15%|█▍        | 187M/1.25G [01:24<04:36, 4.15MB/s][A[A[A[A[A[A





Downloading [onnx/model.onnx]:  13%|█▎        | 161M/1.25G [01:24<07:24, 2.63MB/s][A[A[A[A[A






Downloading [model.safetensors]:  15%|█▍        | 188M/1.25G [01:24<04:14, 4.49MB/s][A[A[A[A[A[A






Downloading [model.safetensors]:  15%|█▍        | 189M/1.25G [01:25<04:09, 4.57MB/s][A[A[A[A[A[A





Downloading [onnx/model.onnx]:  13%|█▎        | 162M/1.25G [01:25<07:07, 2.73MB/s][A[A[A[A[A








Downloading [pytorch_model.bin]:  13%|█▎        | 160M/1.25G [01:25<09:30, 2.06MB/s][A[A[A[A[A[A[A[A






Downloading [model.safetensors]:  15%|█▍        | 190M/1.25G [01:25<03:59, 4.77MB/s][A[A[A[A[A[A





Downloading [onnx/model.onnx]:  13%|█▎        | 163M/1.25G [01:25<06:07, 3.18MB/s][A[A[A[A[A






Downloading [model.safetensors]:  15%|█▍        | 191M/1.25G [01:25<03:59, 4.76MB/s][A[A[A[A[A[A





Downloading [onnx/model.onnx]:  13%|█▎        | 164M/1.25G [01:25<05:11, 3.74MB/s][A[A[A[A[A








Downloading [pytorch_model.bin]:  13%|█▎        | 161M/1.25G [01:25<08:39, 2.26MB/s][A[A[A[A[A[A[A[A





Downloading [onnx/model.onnx]:  13%|█▎        | 165M/1.25G [01:25<04:54, 3.95MB/s][A[A[A[A[A






Downloading [model.safetensors]:  15%|█▌        | 192M/1.25G [01:25<04:03, 4.68MB/s][A[A[A[A[A[A








Downloading [pytorch_model.bin]:  13%|█▎        | 162M/1.25G [01:25<07:56, 2.46MB/s][A[A[A[A[A[A[A[A





Downloading [onnx/model.onnx]:  13%|█▎        | 166M/1.25G [01:25<04:36, 4.21MB/s][A[A[A[A[A






Downloading [model.safetensors]:  15%|█▌        | 193M/1.25G [01:25<04:02, 4.69MB/s][A[A[A[A[A[A






Downloading [model.safetensors]:  15%|█▌        | 194M/1.25G [01:26<03:48, 4.97MB/s][A[A[A[A[A[A








Downloading [pytorch_model.bin]:  13%|█▎        | 163M/1.25G [01:26<07:19, 2.66MB/s][A[A[A[A[A[A[A[A





Downloading [onnx/model.onnx]:  13%|█▎        | 167M/1.25G [01:26<05:13, 3.71MB/s][A[A[A[A[A






Downloading [model.safetensors]:  15%|█▌        | 195M/1.25G [01:26<03:41, 5.12MB/s][A[A[A[A[A[A








Downloading [pytorch_model.bin]:  13%|█▎        | 164M/1.25G [01:26<07:04, 2.75MB/s][A[A[A[A[A[A[A[A






Downloading [model.safetensors]:  15%|█▌        | 196M/1.25G [01:26<03:43, 5.08MB/s][A[A[A[A[A[A





Downloading [onnx/model.onnx]:  13%|█▎        | 168M/1.25G [01:26<05:03, 3.82MB/s][A[A[A[A[A






Downloading [model.safetensors]:  15%|█▌        | 197M/1.25G [01:26<03:48, 4.97MB/s][A[A[A[A[A[A





Downloading [onnx/model.onnx]:  13%|█▎        | 169M/1.25G [01:26<04:56, 3.91MB/s][A[A[A[A[A








Downloading [pytorch_model.bin]:  13%|█▎        | 165M/1.25G [01:26<06:52, 2.83MB/s][A[A[A[A[A[A[A[A






Downloading [model.safetensors]:  15%|█▌        | 198M/1.25G [01:27<04:13, 4.47MB/s][A[A[A[A[A[A





Downloading [onnx/model.onnx]:  13%|█▎        | 170M/1.25G [01:27<06:24, 3.01MB/s][A[A[A[A[A






Downloading [model.safetensors]:  16%|█▌        | 199M/1.25G [01:27<04:52, 3.87MB/s][A[A[A[A[A[A








Downloading [pytorch_model.bin]:  13%|█▎        | 166M/1.25G [01:27<08:56, 2.17MB/s][A[A[A[A[A[A[A[A






Downloading [model.safetensors]:  16%|█▌        | 200M/1.25G [01:27<05:32, 3.40MB/s][A[A[A[A[A[A





Downloading [onnx/model.onnx]:  13%|█▎        | 171M/1.25G [01:28<09:35, 2.01MB/s][A[A[A[A[A








Downloading [pytorch_model.bin]:  13%|█▎        | 167M/1.25G [01:28<09:54, 1.96MB/s][A[A[A[A[A[A[A[A





Downloading [onnx/model.onnx]:  13%|█▎        | 172M/1.25G [01:28<08:22, 2.30MB/s][A[A[A[A[A






Downloading [model.safetensors]:  16%|█▌        | 201M/1.25G [01:28<08:39, 2.17MB/s][A[A[A[A[A[A








Downloading [pytorch_model.bin]:  13%|█▎        | 168M/1.25G [01:28<09:15, 2.10MB/s][A[A[A[A[A[A[A[A





Downloading [onnx/model.onnx]:  14%|█▎        | 173M/1.25G [01:28<07:22, 2.61MB/s][A[A[A[A[A






Downloading [model.safetensors]:  16%|█▌        | 204M/1.25G [01:29<04:55, 3.81MB/s][A[A[A[A[A[A








Downloading [pytorch_model.bin]:  13%|█▎        | 169M/1.25G [01:29<08:26, 2.30MB/s][A[A[A[A[A[A[A[A





Downloading [onnx/model.onnx]:  14%|█▎        | 174M/1.25G [01:29<06:27, 2.98MB/s][A[A[A[A[A






Downloading [model.safetensors]:  16%|█▌        | 205M/1.25G [01:29<04:49, 3.89MB/s][A[A[A[A[A[A





Downloading [onnx/model.onnx]:  14%|█▎        | 175M/1.25G [01:29<05:49, 3.30MB/s][A[A[A[A[A








Downloading [pytorch_model.bin]:  13%|█▎        | 170M/1.25G [01:29<07:37, 2.54MB/s][A[A[A[A[A[A[A[A





Downloading [onnx/model.onnx]:  14%|█▍        | 176M/1.25G [01:29<05:21, 3.59MB/s][A[A[A[A[A






Downloading [model.safetensors]:  16%|█▌        | 206M/1.25G [01:29<05:02, 3.72MB/s][A[A[A[A[A[A








Downloading [pytorch_model.bin]:  13%|█▎        | 171M/1.25G [01:29<06:46, 2.86MB/s][A[A[A[A[A[A[A[A





Downloading [onnx/model.onnx]:  14%|█▍        | 177M/1.25G [01:29<05:12, 3.68MB/s][A[A[A[A[A








Downloading [pytorch_model.bin]:  13%|█▎        | 172M/1.25G [01:30<07:54, 2.45MB/s][A[A[A[A[A[A[A[A






Downloading [model.safetensors]:  16%|█▌        | 207M/1.25G [01:30<06:24, 2.92MB/s][A[A[A[A[A[A





Downloading [onnx/model.onnx]:  14%|█▍        | 178M/1.25G [01:30<08:09, 2.35MB/s][A[A[A[A[A






Downloading [model.safetensors]:  16%|█▋        | 208M/1.25G [01:30<07:40, 2.44MB/s][A[A[A[A[A[A








Downloading [pytorch_model.bin]:  14%|█▎        | 173M/1.25G [01:30<09:16, 2.08MB/s][A[A[A[A[A[A[A[A





Downloading [onnx/model.onnx]:  14%|█▍        | 179M/1.25G [01:31<08:46, 2.18MB/s][A[A[A[A[A






Downloading [model.safetensors]:  16%|█▋        | 209M/1.25G [01:31<07:36, 2.46MB/s][A[A[A[A[A[A








Downloading [pytorch_model.bin]:  14%|█▎        | 174M/1.25G [01:31<08:36, 2.24MB/s][A[A[A[A[A[A[A[A






Downloading [model.safetensors]:  16%|█▋        | 210M/1.25G [01:31<07:06, 2.63MB/s][A[A[A[A[A[A





Downloading [onnx/model.onnx]:  14%|█▍        | 180M/1.25G [01:31<08:47, 2.18MB/s][A[A[A[A[A








Downloading [pytorch_model.bin]:  14%|█▎        | 175M/1.25G [01:31<08:26, 2.28MB/s][A[A[A[A[A[A[A[A








Downloading [pytorch_model.bin]:  14%|█▍        | 176M/1.25G [01:31<07:16, 2.65MB/s][A[A[A[A[A[A[A[A





Downloading [onnx/model.onnx]:  14%|█▍        | 181M/1.25G [01:31<07:35, 2.52MB/s][A[A[A[A[A






Downloading [model.safetensors]:  17%|█▋        | 211M/1.25G [01:32<07:23, 2.52MB/s][A[A[A[A[A[A








Downloading [pytorch_model.bin]:  14%|█▍        | 177M/1.25G [01:32<06:13, 3.09MB/s][A[A[A[A[A[A[A[A





Downloading [onnx/model.onnx]:  14%|█▍        | 182M/1.25G [01:32<07:28, 2.55MB/s][A[A[A[A[A








Downloading [pytorch_model.bin]:  14%|█▍        | 178M/1.25G [01:32<05:57, 3.23MB/s][A[A[A[A[A[A[A[A






Downloading [model.safetensors]:  17%|█▋        | 212M/1.25G [01:32<07:37, 2.44MB/s][A[A[A[A[A[A





Downloading [onnx/model.onnx]:  14%|█▍        | 183M/1.25G [01:32<06:28, 2.94MB/s][A[A[A[A[A








Downloading [pytorch_model.bin]:  14%|█▍        | 179M/1.25G [01:32<05:15, 3.66MB/s][A[A[A[A[A[A[A[A






Downloading [model.safetensors]:  17%|█▋        | 213M/1.25G [01:32<07:09, 2.60MB/s][A[A[A[A[A[A





Downloading [onnx/model.onnx]:  14%|█▍        | 184M/1.25G [01:32<06:14, 3.06MB/s][A[A[A[A[A








Downloading [pytorch_model.bin]:  14%|█▍        | 180M/1.25G [01:32<05:27, 3.52MB/s][A[A[A[A[A[A[A[A






Downloading [model.safetensors]:  17%|█▋        | 214M/1.25G [01:33<06:49, 2.73MB/s][A[A[A[A[A[A





Downloading [onnx/model.onnx]:  15%|█▍        | 185M/1.25G [01:33<05:52, 3.25MB/s][A[A[A[A[A








Downloading [pytorch_model.bin]:  14%|█▍        | 181M/1.25G [01:33<05:48, 3.30MB/s][A[A[A[A[A[A[A[A





Downloading [onnx/model.onnx]:  15%|█▍        | 186M/1.25G [01:33<05:11, 3.67MB/s][A[A[A[A[A






Downloading [model.safetensors]:  17%|█▋        | 215M/1.25G [01:33<06:03, 3.07MB/s][A[A[A[A[A[A








Downloading [pytorch_model.bin]:  14%|█▍        | 182M/1.25G [01:33<06:46, 2.83MB/s][A[A[A[A[A[A[A[A






Downloading [model.safetensors]:  17%|█▋        | 216M/1.25G [01:33<07:07, 2.60MB/s][A[A[A[A[A[A





Downloading [onnx/model.onnx]:  15%|█▍        | 187M/1.25G [01:33<06:55, 2.75MB/s][A[A[A[A[A






Downloading [model.safetensors]:  17%|█▋        | 217M/1.25G [01:34<08:03, 2.30MB/s][A[A[A[A[A[A








Downloading [pytorch_model.bin]:  14%|█▍        | 183M/1.25G [01:34<08:41, 2.20MB/s][A[A[A[A[A[A[A[A





Downloading [onnx/model.onnx]:  15%|█▍        | 188M/1.25G [01:34<09:12, 2.06MB/s][A[A[A[A[A






Downloading [model.safetensors]:  17%|█▋        | 218M/1.25G [01:34<07:52, 2.35MB/s][A[A[A[A[A[A





Downloading [onnx/model.onnx]:  15%|█▍        | 189M/1.25G [01:35<08:37, 2.20MB/s][A[A[A[A[A






Downloading [model.safetensors]:  17%|█▋        | 219M/1.25G [01:35<07:08, 2.59MB/s][A[A[A[A[A[A








Downloading [pytorch_model.bin]:  14%|█▍        | 184M/1.25G [01:35<10:28, 1.83MB/s][A[A[A[A[A[A[A[A






Downloading [model.safetensors]:  17%|█▋        | 220M/1.25G [01:35<06:26, 2.87MB/s][A[A[A[A[A[A





Downloading [onnx/model.onnx]:  15%|█▍        | 190M/1.25G [01:35<08:37, 2.20MB/s][A[A[A[A[A






Downloading [model.safetensors]:  17%|█▋        | 221M/1.25G [01:35<05:53, 3.14MB/s][A[A[A[A[A[A








Downloading [pytorch_model.bin]:  14%|█▍        | 185M/1.25G [01:35<10:14, 1.87MB/s][A[A[A[A[A[A[A[A





Downloading [onnx/model.onnx]:  15%|█▍        | 191M/1.25G [01:35<07:28, 2.53MB/s][A[A[A[A[A






Downloading [model.safetensors]:  17%|█▋        | 222M/1.25G [01:36<07:29, 2.47MB/s][A[A[A[A[A[A





Downloading [onnx/model.onnx]:  15%|█▌        | 192M/1.25G [01:36<09:21, 2.02MB/s][A[A[A[A[A








Downloading [pytorch_model.bin]:  15%|█▍        | 186M/1.25G [01:36<11:41, 1.63MB/s][A[A[A[A[A[A[A[A






Downloading [model.safetensors]:  17%|█▋        | 223M/1.25G [01:37<08:45, 2.11MB/s][A[A[A[A[A[A








Downloading [pytorch_model.bin]:  15%|█▍        | 187M/1.25G [01:37<10:30, 1.81MB/s][A[A[A[A[A[A[A[A





Downloading [onnx/model.onnx]:  15%|█▌        | 193M/1.25G [01:37<09:33, 1.98MB/s][A[A[A[A[A






Downloading [model.safetensors]:  18%|█▊        | 224M/1.25G [01:37<07:48, 2.36MB/s][A[A[A[A[A[A








Downloading [pytorch_model.bin]:  15%|█▍        | 188M/1.25G [01:37<09:01, 2.11MB/s][A[A[A[A[A[A[A[A






Downloading [model.safetensors]:  18%|█▊        | 225M/1.25G [01:37<07:03, 2.61MB/s][A[A[A[A[A[A





Downloading [onnx/model.onnx]:  15%|█▌        | 194M/1.25G [01:37<09:26, 2.00MB/s][A[A[A[A[A








Downloading [pytorch_model.bin]:  15%|█▍        | 189M/1.25G [01:37<09:07, 2.09MB/s][A[A[A[A[A[A[A[A






Downloading [model.safetensors]:  18%|█▊        | 226M/1.25G [01:38<06:31, 2.82MB/s][A[A[A[A[A[A





Downloading [onnx/model.onnx]:  15%|█▌        | 195M/1.25G [01:38<08:37, 2.19MB/s][A[A[A[A[A








Downloading [pytorch_model.bin]:  15%|█▍        | 190M/1.25G [01:38<08:32, 2.23MB/s][A[A[A[A[A[A[A[A






Downloading [model.safetensors]:  18%|█▊        | 227M/1.25G [01:38<06:27, 2.85MB/s][A[A[A[A[A[A






Downloading [model.safetensors]:  18%|█▊        | 228M/1.25G [01:38<07:28, 2.46MB/s][A[A[A[A[A[A








Downloading [pytorch_model.bin]:  15%|█▍        | 191M/1.25G [01:39<09:51, 1.93MB/s][A[A[A[A[A[A[A[A






Downloading [model.safetensors]:  18%|█▊        | 229M/1.25G [01:39<06:51, 2.67MB/s][A[A[A[A[A[A





Downloading [onnx/model.onnx]:  15%|█▌        | 196M/1.25G [01:39<12:46, 1.48MB/s][A[A[A[A[A








Downloading [pytorch_model.bin]:  15%|█▌        | 192M/1.25G [01:39<08:43, 2.18MB/s][A[A[A[A[A[A[A[A






Downloading [model.safetensors]:  18%|█▊        | 230M/1.25G [01:39<05:54, 3.10MB/s][A[A[A[A[A[A





Downloading [onnx/model.onnx]:  15%|█▌        | 197M/1.25G [01:39<09:47, 1.92MB/s][A[A[A[A[A








Downloading [pytorch_model.bin]:  15%|█▌        | 193M/1.25G [01:39<07:24, 2.56MB/s][A[A[A[A[A[A[A[A





Downloading [onnx/model.onnx]:  16%|█▌        | 198M/1.25G [01:39<07:30, 2.50MB/s][A[A[A[A[A






Downloading [model.safetensors]:  18%|█▊        | 231M/1.25G [01:39<05:11, 3.53MB/s][A[A[A[A[A[A





Downloading [onnx/model.onnx]:  16%|█▌        | 199M/1.25G [01:39<05:57, 3.15MB/s][A[A[A[A[A






Downloading [model.safetensors]:  18%|█▊        | 232M/1.25G [01:39<04:42, 3.89MB/s][A[A[A[A[A[A








Downloading [pytorch_model.bin]:  15%|█▌        | 194M/1.25G [01:39<06:35, 2.87MB/s][A[A[A[A[A[A[A[A





Downloading [onnx/model.onnx]:  16%|█▌        | 200M/1.25G [01:40<05:40, 3.31MB/s][A[A[A[A[A






Downloading [model.safetensors]:  18%|█▊        | 233M/1.25G [01:40<05:35, 3.26MB/s][A[A[A[A[A[A








Downloading [pytorch_model.bin]:  15%|█▌        | 195M/1.25G [01:40<07:12, 2.63MB/s][A[A[A[A[A[A[A[A





Downloading [onnx/model.onnx]:  16%|█▌        | 201M/1.25G [01:40<05:57, 3.15MB/s][A[A[A[A[A








Downloading [pytorch_model.bin]:  15%|█▌        | 196M/1.25G [01:40<06:59, 2.71MB/s][A[A[A[A[A[A[A[A






Downloading [model.safetensors]:  18%|█▊        | 234M/1.25G [01:40<06:22, 2.87MB/s][A[A[A[A[A[A





Downloading [onnx/model.onnx]:  16%|█▌        | 202M/1.25G [01:40<06:41, 2.80MB/s][A[A[A[A[A








Downloading [pytorch_model.bin]:  15%|█▌        | 197M/1.25G [01:41<08:01, 2.36MB/s][A[A[A[A[A[A[A[A






Downloading [model.safetensors]:  18%|█▊        | 235M/1.25G [01:41<07:18, 2.50MB/s][A[A[A[A[A[A





Downloading [onnx/model.onnx]:  16%|█▌        | 203M/1.25G [01:41<07:19, 2.56MB/s][A[A[A[A[A








Downloading [pytorch_model.bin]:  15%|█▌        | 198M/1.25G [01:41<08:25, 2.24MB/s][A[A[A[A[A[A[A[A






Downloading [model.safetensors]:  18%|█▊        | 236M/1.25G [01:41<08:10, 2.23MB/s][A[A[A[A[A[A





Downloading [onnx/model.onnx]:  16%|█▌        | 204M/1.25G [01:42<09:28, 1.98MB/s][A[A[A[A[A








Downloading [pytorch_model.bin]:  16%|█▌        | 199M/1.25G [01:42<08:23, 2.25MB/s][A[A[A[A[A[A[A[A






Downloading [model.safetensors]:  19%|█▊        | 237M/1.25G [01:42<08:25, 2.16MB/s][A[A[A[A[A[A








Downloading [pytorch_model.bin]:  16%|█▌        | 200M/1.25G [01:42<07:35, 2.48MB/s][A[A[A[A[A[A[A[A





Downloading [onnx/model.onnx]:  16%|█▌        | 205M/1.25G [01:42<09:32, 1.96MB/s][A[A[A[A[A






Downloading [model.safetensors]:  19%|█▊        | 238M/1.25G [01:42<08:02, 2.26MB/s][A[A[A[A[A[A








Downloading [pytorch_model.bin]:  16%|█▌        | 201M/1.25G [01:43<09:13, 2.04MB/s][A[A[A[A[A[A[A[A






Downloading [model.safetensors]:  19%|█▊        | 239M/1.25G [01:43<09:38, 1.88MB/s][A[A[A[A[A[A








Downloading [pytorch_model.bin]:  16%|█▌        | 202M/1.25G [01:43<08:40, 2.17MB/s][A[A[A[A[A[A[A[A





Downloading [onnx/model.onnx]:  16%|█▌        | 206M/1.25G [01:43<12:21, 1.51MB/s][A[A[A[A[A






Downloading [model.safetensors]:  19%|█▉        | 240M/1.25G [01:43<08:08, 2.23MB/s][A[A[A[A[A[A








Downloading [pytorch_model.bin]:  16%|█▌        | 203M/1.25G [01:44<07:28, 2.52MB/s][A[A[A[A[A[A[A[A






Downloading [model.safetensors]:  19%|█▉        | 241M/1.25G [01:44<06:45, 2.68MB/s][A[A[A[A[A[A





Downloading [onnx/model.onnx]:  16%|█▌        | 207M/1.25G [01:44<10:18, 1.81MB/s][A[A[A[A[A






Downloading [model.safetensors]:  19%|█▉        | 242M/1.25G [01:44<05:44, 3.15MB/s][A[A[A[A[A[A








Downloading [pytorch_model.bin]:  16%|█▌        | 204M/1.25G [01:44<06:55, 2.71MB/s][A[A[A[A[A[A[A[A






Downloading [model.safetensors]:  19%|█▉        | 243M/1.25G [01:44<04:59, 3.63MB/s][A[A[A[A[A[A





Downloading [onnx/model.onnx]:  16%|█▋        | 208M/1.25G [01:44<09:15, 2.01MB/s][A[A[A[A[A








Downloading [pytorch_model.bin]:  16%|█▌        | 205M/1.25G [01:44<06:21, 2.95MB/s][A[A[A[A[A[A[A[A






Downloading [model.safetensors]:  19%|█▉        | 244M/1.25G [01:44<04:32, 3.98MB/s][A[A[A[A[A[A








Downloading [pytorch_model.bin]:  16%|█▌        | 206M/1.25G [01:44<05:44, 3.26MB/s][A[A[A[A[A[A[A[A






Downloading [model.safetensors]:  19%|█▉        | 245M/1.25G [01:44<04:25, 4.08MB/s][A[A[A[A[A[A





Downloading [onnx/model.onnx]:  16%|█▋        | 209M/1.25G [01:44<08:56, 2.08MB/s][A[A[A[A[A






Downloading [model.safetensors]:  19%|█▉        | 246M/1.25G [01:45<04:03, 4.45MB/s][A[A[A[A[A[A








Downloading [pytorch_model.bin]:  16%|█▌        | 207M/1.25G [01:45<05:43, 3.27MB/s][A[A[A[A[A[A[A[A





Downloading [onnx/model.onnx]:  16%|█▋        | 210M/1.25G [01:45<07:58, 2.33MB/s][A[A[A[A[A






Downloading [model.safetensors]:  19%|█▉        | 247M/1.25G [01:45<03:55, 4.60MB/s][A[A[A[A[A[A






Downloading [model.safetensors]:  19%|█▉        | 248M/1.25G [01:45<03:51, 4.68MB/s][A[A[A[A[A[A








Downloading [pytorch_model.bin]:  16%|█▋        | 208M/1.25G [01:45<06:26, 2.90MB/s][A[A[A[A[A[A[A[A





Downloading [onnx/model.onnx]:  17%|█▋        | 211M/1.25G [01:45<07:44, 2.40MB/s][A[A[A[A[A






Downloading [model.safetensors]:  19%|█▉        | 249M/1.25G [01:45<04:00, 4.48MB/s][A[A[A[A[A[A








Downloading [pytorch_model.bin]:  16%|█▋        | 209M/1.25G [01:45<05:35, 3.35MB/s][A[A[A[A[A[A[A[A






Downloading [model.safetensors]:  20%|█▉        | 250M/1.25G [01:45<03:40, 4.90MB/s][A[A[A[A[A[A






Downloading [model.safetensors]:  20%|█▉        | 251M/1.25G [01:46<03:18, 5.43MB/s][A[A[A[A[A[A





Downloading [onnx/model.onnx]:  17%|█▋        | 212M/1.25G [01:46<08:07, 2.29MB/s][A[A[A[A[A






Downloading [model.safetensors]:  20%|█▉        | 252M/1.25G [01:46<03:12, 5.60MB/s][A[A[A[A[A[A






Downloading [model.safetensors]:  20%|█▉        | 253M/1.25G [01:46<03:16, 5.48MB/s][A[A[A[A[A[A






Downloading [model.safetensors]:  20%|█▉        | 254M/1.25G [01:46<03:04, 5.81MB/s][A[A[A[A[A[A








Downloading [pytorch_model.bin]:  16%|█▋        | 210M/1.25G [01:46<08:41, 2.15MB/s][A[A[A[A[A[A[A[A






Downloading [model.safetensors]:  20%|█▉        | 255M/1.25G [01:46<02:55, 6.13MB/s][A[A[A[A[A[A






Downloading [model.safetensors]:  20%|██        | 256M/1.25G [01:46<03:00, 5.95MB/s][A[A[A[A[A[A





Downloading [onnx/model.onnx]:  17%|█▋        | 213M/1.25G [01:47<10:22, 1.79MB/s][A[A[A[A[A








Downloading [pytorch_model.bin]:  17%|█▋        | 211M/1.25G [01:47<08:19, 2.24MB/s][A[A[A[A[A[A[A[A






Downloading [model.safetensors]:  20%|██        | 257M/1.25G [01:47<03:08, 5.68MB/s][A[A[A[A[A[A






Downloading [model.safetensors]:  20%|██        | 258M/1.25G [01:47<03:15, 5.46MB/s][A[A[A[A[A[A








Downloading [pytorch_model.bin]:  17%|█▋        | 212M/1.25G [01:47<07:31, 2.47MB/s][A[A[A[A[A[A[A[A





Downloading [onnx/model.onnx]:  17%|█▋        | 214M/1.25G [01:47<09:20, 1.99MB/s][A[A[A[A[A






Downloading [model.safetensors]:  20%|██        | 259M/1.25G [01:47<03:26, 5.16MB/s][A[A[A[A[A[A





Downloading [onnx/model.onnx]:  17%|█▋        | 215M/1.25G [01:47<08:16, 2.24MB/s][A[A[A[A[A






Downloading [model.safetensors]:  20%|██        | 260M/1.25G [01:47<03:36, 4.94MB/s][A[A[A[A[A[A








Downloading [pytorch_model.bin]:  17%|█▋        | 213M/1.25G [01:47<07:20, 2.54MB/s][A[A[A[A[A[A[A[A






Downloading [model.safetensors]:  20%|██        | 261M/1.25G [01:48<03:24, 5.23MB/s][A[A[A[A[A[A





Downloading [onnx/model.onnx]:  17%|█▋        | 216M/1.25G [01:48<08:07, 2.28MB/s][A[A[A[A[A








Downloading [pytorch_model.bin]:  17%|█▋        | 214M/1.25G [01:48<08:04, 2.30MB/s][A[A[A[A[A[A[A[A






Downloading [model.safetensors]:  20%|██        | 262M/1.25G [01:48<04:40, 3.80MB/s][A[A[A[A[A[A





Downloading [onnx/model.onnx]:  17%|█▋        | 217M/1.25G [01:48<07:33, 2.45MB/s][A[A[A[A[A








Downloading [pytorch_model.bin]:  17%|█▋        | 215M/1.25G [01:49<08:46, 2.12MB/s][A[A[A[A[A[A[A[A





Downloading [onnx/model.onnx]:  17%|█▋        | 218M/1.25G [01:49<07:25, 2.49MB/s][A[A[A[A[A






Downloading [model.safetensors]:  21%|██        | 263M/1.25G [01:49<06:07, 2.89MB/s][A[A[A[A[A[A





Downloading [onnx/model.onnx]:  17%|█▋        | 219M/1.25G [01:49<06:22, 2.90MB/s][A[A[A[A[A






Downloading [model.safetensors]:  21%|██        | 264M/1.25G [01:49<05:38, 3.14MB/s][A[A[A[A[A[A





Downloading [onnx/model.onnx]:  17%|█▋        | 220M/1.25G [01:49<05:22, 3.43MB/s][A[A[A[A[A








Downloading [pytorch_model.bin]:  17%|█▋        | 216M/1.25G [01:49<08:27, 2.19MB/s][A[A[A[A[A[A[A[A






Downloading [model.safetensors]:  21%|██        | 265M/1.25G [01:49<04:55, 3.60MB/s][A[A[A[A[A[A





Downloading [onnx/model.onnx]:  17%|█▋        | 221M/1.25G [01:49<04:30, 4.08MB/s][A[A[A[A[A






Downloading [model.safetensors]:  21%|██        | 266M/1.25G [01:49<04:17, 4.12MB/s][A[A[A[A[A[A








Downloading [pytorch_model.bin]:  17%|█▋        | 217M/1.25G [01:49<07:21, 2.52MB/s][A[A[A[A[A[A[A[A





Downloading [onnx/model.onnx]:  17%|█▋        | 222M/1.25G [01:50<05:59, 3.08MB/s][A[A[A[A[A






Downloading [model.safetensors]:  21%|██        | 267M/1.25G [01:50<05:25, 3.26MB/s][A[A[A[A[A[A








Downloading [pytorch_model.bin]:  17%|█▋        | 218M/1.25G [01:50<07:45, 2.39MB/s][A[A[A[A[A[A[A[A





Downloading [onnx/model.onnx]:  17%|█▋        | 223M/1.25G [01:50<05:39, 3.25MB/s][A[A[A[A[A






Downloading [model.safetensors]:  21%|██        | 268M/1.25G [01:50<05:09, 3.42MB/s][A[A[A[A[A[A








Downloading [pytorch_model.bin]:  17%|█▋        | 219M/1.25G [01:50<06:57, 2.66MB/s][A[A[A[A[A[A[A[A





Downloading [onnx/model.onnx]:  18%|█▊        | 224M/1.25G [01:50<05:21, 3.43MB/s][A[A[A[A[A






Downloading [model.safetensors]:  21%|██        | 269M/1.25G [01:50<04:48, 3.67MB/s][A[A[A[A[A[A








Downloading [pytorch_model.bin]:  17%|█▋        | 220M/1.25G [01:50<05:53, 3.14MB/s][A[A[A[A[A[A[A[A






Downloading [model.safetensors]:  21%|██        | 270M/1.25G [01:50<04:22, 4.03MB/s][A[A[A[A[A[A





Downloading [onnx/model.onnx]:  18%|█▊        | 225M/1.25G [01:50<04:50, 3.79MB/s][A[A[A[A[A








Downloading [pytorch_model.bin]:  17%|█▋        | 221M/1.25G [01:50<05:34, 3.32MB/s][A[A[A[A[A[A[A[A






Downloading [model.safetensors]:  21%|██        | 271M/1.25G [01:51<04:15, 4.13MB/s][A[A[A[A[A[A





Downloading [onnx/model.onnx]:  18%|█▊        | 226M/1.25G [01:51<04:40, 3.92MB/s][A[A[A[A[A






Downloading [model.safetensors]:  21%|██▏       | 272M/1.25G [01:51<03:56, 4.46MB/s][A[A[A[A[A[A








Downloading [pytorch_model.bin]:  17%|█▋        | 222M/1.25G [01:51<05:43, 3.23MB/s][A[A[A[A[A[A[A[A






Downloading [model.safetensors]:  21%|██▏       | 273M/1.25G [01:51<03:29, 5.02MB/s][A[A[A[A[A[A





Downloading [onnx/model.onnx]:  18%|█▊        | 227M/1.25G [01:51<05:12, 3.52MB/s][A[A[A[A[A






Downloading [model.safetensors]:  21%|██▏       | 274M/1.25G [01:51<03:08, 5.58MB/s][A[A[A[A[A[A








Downloading [pytorch_model.bin]:  17%|█▋        | 223M/1.25G [01:51<06:20, 2.91MB/s][A[A[A[A[A[A[A[A






Downloading [model.safetensors]:  22%|██▏       | 275M/1.25G [01:51<03:07, 5.62MB/s][A[A[A[A[A[A





Downloading [onnx/model.onnx]:  18%|█▊        | 228M/1.25G [01:51<05:34, 3.28MB/s][A[A[A[A[A






Downloading [model.safetensors]:  22%|██▏       | 276M/1.25G [01:51<03:06, 5.65MB/s][A[A[A[A[A[A








Downloading [pytorch_model.bin]:  18%|█▊        | 224M/1.25G [01:52<06:03, 3.04MB/s][A[A[A[A[A[A[A[A






Downloading [model.safetensors]:  22%|██▏       | 277M/1.25G [01:52<03:10, 5.51MB/s][A[A[A[A[A[A





Downloading [onnx/model.onnx]:  18%|█▊        | 229M/1.25G [01:52<05:34, 3.28MB/s][A[A[A[A[A






Downloading [model.safetensors]:  22%|██▏       | 278M/1.25G [01:52<03:15, 5.37MB/s][A[A[A[A[A[A








Downloading [pytorch_model.bin]:  18%|█▊        | 225M/1.25G [01:52<05:48, 3.17MB/s][A[A[A[A[A[A[A[A





Downloading [onnx/model.onnx]:  18%|█▊        | 230M/1.25G [01:52<05:34, 3.27MB/s][A[A[A[A[A






Downloading [model.safetensors]:  22%|██▏       | 279M/1.25G [01:52<03:17, 5.31MB/s][A[A[A[A[A[A






Downloading [model.safetensors]:  22%|██▏       | 280M/1.25G [01:52<03:27, 5.05MB/s][A[A[A[A[A[A





Downloading [onnx/model.onnx]:  18%|█▊        | 231M/1.25G [01:52<05:29, 3.32MB/s][A[A[A[A[A








Downloading [pytorch_model.bin]:  18%|█▊        | 226M/1.25G [01:52<06:45, 2.72MB/s][A[A[A[A[A[A[A[A








Downloading [pytorch_model.bin]:  18%|█▊        | 227M/1.25G [01:53<05:42, 3.22MB/s][A[A[A[A[A[A[A[A






Downloading [model.safetensors]:  22%|██▏       | 281M/1.25G [01:53<03:48, 4.57MB/s][A[A[A[A[A[A





Downloading [onnx/model.onnx]:  18%|█▊        | 232M/1.25G [01:53<05:51, 3.12MB/s][A[A[A[A[A






Downloading [model.safetensors]:  22%|██▏       | 282M/1.25G [01:53<03:44, 4.66MB/s][A[A[A[A[A[A








Downloading [pytorch_model.bin]:  18%|█▊        | 228M/1.25G [01:53<05:31, 3.33MB/s][A[A[A[A[A[A[A[A





Downloading [onnx/model.onnx]:  18%|█▊        | 233M/1.25G [01:53<05:34, 3.26MB/s][A[A[A[A[A






Downloading [model.safetensors]:  22%|██▏       | 283M/1.25G [01:53<03:55, 4.43MB/s][A[A[A[A[A[A








Downloading [pytorch_model.bin]:  18%|█▊        | 229M/1.25G [01:53<05:07, 3.57MB/s][A[A[A[A[A[A[A[A






Downloading [model.safetensors]:  22%|██▏       | 284M/1.25G [01:54<05:13, 3.33MB/s][A[A[A[A[A[A





Downloading [onnx/model.onnx]:  18%|█▊        | 234M/1.25G [01:54<06:58, 2.61MB/s][A[A[A[A[A








Downloading [pytorch_model.bin]:  18%|█▊        | 230M/1.25G [01:54<07:01, 2.61MB/s][A[A[A[A[A[A[A[A






Downloading [model.safetensors]:  22%|██▏       | 285M/1.25G [01:54<04:46, 3.63MB/s][A[A[A[A[A[A






Downloading [model.safetensors]:  22%|██▏       | 286M/1.25G [01:54<04:41, 3.69MB/s][A[A[A[A[A[A






Downloading [model.safetensors]:  22%|██▏       | 287M/1.25G [01:54<04:24, 3.93MB/s][A[A[A[A[A[A





Downloading [onnx/model.onnx]:  18%|█▊        | 235M/1.25G [01:54<08:40, 2.09MB/s][A[A[A[A[A








Downloading [pytorch_model.bin]:  18%|█▊        | 231M/1.25G [01:55<09:14, 1.98MB/s][A[A[A[A[A[A[A[A






Downloading [model.safetensors]:  23%|██▎       | 288M/1.25G [01:55<04:59, 3.47MB/s][A[A[A[A[A[A





Downloading [onnx/model.onnx]:  19%|█▊        | 236M/1.25G [01:56<12:54, 1.41MB/s][A[A[A[A[A








Downloading [pytorch_model.bin]:  18%|█▊        | 232M/1.25G [01:56<11:54, 1.54MB/s][A[A[A[A[A[A[A[A






Downloading [model.safetensors]:  23%|██▎       | 289M/1.25G [01:56<08:26, 2.05MB/s][A[A[A[A[A[A






Downloading [model.safetensors]:  23%|██▎       | 290M/1.25G [01:56<07:19, 2.36MB/s][A[A[A[A[A[A








Downloading [pytorch_model.bin]:  18%|█▊        | 233M/1.25G [01:56<10:22, 1.76MB/s][A[A[A[A[A[A[A[A





Downloading [onnx/model.onnx]:  19%|█▊        | 237M/1.25G [01:56<11:36, 1.56MB/s][A[A[A[A[A






Downloading [model.safetensors]:  23%|██▎       | 291M/1.25G [01:56<06:06, 2.83MB/s][A[A[A[A[A[A








Downloading [pytorch_model.bin]:  18%|█▊        | 234M/1.25G [01:56<08:31, 2.14MB/s][A[A[A[A[A[A[A[A





Downloading [onnx/model.onnx]:  19%|█▊        | 238M/1.25G [01:56<10:02, 1.81MB/s][A[A[A[A[A








Downloading [pytorch_model.bin]:  18%|█▊        | 235M/1.25G [01:57<07:47, 2.34MB/s][A[A[A[A[A[A[A[A






Downloading [model.safetensors]:  23%|██▎       | 292M/1.25G [01:57<06:46, 2.54MB/s][A[A[A[A[A[A






Downloading [model.safetensors]:  23%|██▎       | 294M/1.25G [01:57<04:06, 4.19MB/s][A[A[A[A[A[A





Downloading [onnx/model.onnx]:  19%|█▊        | 239M/1.25G [01:57<08:40, 2.09MB/s][A[A[A[A[A








Downloading [pytorch_model.bin]:  18%|█▊        | 236M/1.25G [01:57<06:31, 2.79MB/s][A[A[A[A[A[A[A[A






Downloading [model.safetensors]:  23%|██▎       | 295M/1.25G [01:57<03:53, 4.42MB/s][A[A[A[A[A[A








Downloading [pytorch_model.bin]:  19%|█▊        | 237M/1.25G [01:57<05:57, 3.05MB/s][A[A[A[A[A[A[A[A





Downloading [onnx/model.onnx]:  19%|█▉        | 240M/1.25G [01:57<07:45, 2.33MB/s][A[A[A[A[A






Downloading [model.safetensors]:  23%|██▎       | 296M/1.25G [01:57<03:44, 4.60MB/s][A[A[A[A[A[A






Downloading [model.safetensors]:  23%|██▎       | 297M/1.25G [01:57<03:30, 4.88MB/s][A[A[A[A[A[A








Downloading [pytorch_model.bin]:  19%|█▊        | 238M/1.25G [01:57<05:51, 3.11MB/s][A[A[A[A[A[A[A[A






Downloading [model.safetensors]:  23%|██▎       | 298M/1.25G [01:58<03:13, 5.32MB/s][A[A[A[A[A[A






Downloading [model.safetensors]:  23%|██▎       | 299M/1.25G [01:58<02:52, 5.95MB/s][A[A[A[A[A[A








Downloading [pytorch_model.bin]:  19%|█▊        | 239M/1.25G [01:58<05:43, 3.17MB/s][A[A[A[A[A[A[A[A






Downloading [model.safetensors]:  23%|██▎       | 300M/1.25G [01:58<02:37, 6.50MB/s][A[A[A[A[A[A





Downloading [onnx/model.onnx]:  19%|█▉        | 241M/1.25G [01:58<09:00, 2.00MB/s][A[A[A[A[A






Downloading [model.safetensors]:  24%|██▎       | 301M/1.25G [01:58<02:38, 6.45MB/s][A[A[A[A[A[A





Downloading [onnx/model.onnx]:  19%|█▉        | 242M/1.25G [01:58<07:10, 2.51MB/s][A[A[A[A[A





Downloading [onnx/model.onnx]:  19%|█▉        | 243M/1.25G [01:58<05:49, 3.10MB/s][A[A[A[A[A






Downloading [model.safetensors]:  24%|██▎       | 302M/1.25G [01:58<03:04, 5.54MB/s][A[A[A[A[A[A





Downloading [onnx/model.onnx]:  19%|█▉        | 244M/1.25G [01:58<04:52, 3.69MB/s][A[A[A[A[A






Downloading [model.safetensors]:  24%|██▎       | 303M/1.25G [01:58<03:20, 5.09MB/s][A[A[A[A[A[A








Downloading [pytorch_model.bin]:  19%|█▉        | 240M/1.25G [01:58<07:40, 2.36MB/s][A[A[A[A[A[A[A[A





Downloading [onnx/model.onnx]:  19%|█▉        | 245M/1.25G [01:58<04:18, 4.18MB/s][A[A[A[A[A





Downloading [onnx/model.onnx]:  19%|█▉        | 246M/1.25G [01:59<03:56, 4.57MB/s][A[A[A[A[A






Downloading [model.safetensors]:  24%|██▍       | 304M/1.25G [01:59<03:31, 4.84MB/s][A[A[A[A[A[A





Downloading [onnx/model.onnx]:  19%|█▉        | 247M/1.25G [01:59<03:49, 4.70MB/s][A[A[A[A[A






Downloading [model.safetensors]:  24%|██▍       | 305M/1.25G [01:59<03:33, 4.79MB/s][A[A[A[A[A[A








Downloading [pytorch_model.bin]:  19%|█▉        | 241M/1.25G [01:59<07:55, 2.29MB/s][A[A[A[A[A[A[A[A








Downloading [pytorch_model.bin]:  19%|█▉        | 242M/1.25G [01:59<06:54, 2.62MB/s][A[A[A[A[A[A[A[A






Downloading [model.safetensors]:  24%|██▍       | 306M/1.25G [01:59<04:25, 3.85MB/s][A[A[A[A[A[A





Downloading [onnx/model.onnx]:  19%|█▉        | 248M/1.25G [01:59<05:02, 3.56MB/s][A[A[A[A[A








Downloading [pytorch_model.bin]:  19%|█▉        | 243M/1.25G [02:00<07:10, 2.52MB/s][A[A[A[A[A[A[A[A






Downloading [model.safetensors]:  24%|██▍       | 307M/1.25G [02:00<05:10, 3.28MB/s][A[A[A[A[A[A








Downloading [pytorch_model.bin]:  19%|█▉        | 244M/1.25G [02:00<05:57, 3.04MB/s][A[A[A[A[A[A[A[A





Downloading [onnx/model.onnx]:  20%|█▉        | 249M/1.25G [02:00<06:05, 2.94MB/s][A[A[A[A[A








Downloading [pytorch_model.bin]:  19%|█▉        | 245M/1.25G [02:00<04:57, 3.65MB/s][A[A[A[A[A[A[A[A








Downloading [pytorch_model.bin]:  19%|█▉        | 246M/1.25G [02:00<04:07, 4.38MB/s][A[A[A[A[A[A[A[A








Downloading [pytorch_model.bin]:  19%|█▉        | 247M/1.25G [02:00<03:25, 5.26MB/s][A[A[A[A[A[A[A[A






Downloading [model.safetensors]:  24%|██▍       | 308M/1.25G [02:00<06:54, 2.45MB/s][A[A[A[A[A[A





Downloading [onnx/model.onnx]:  20%|█▉        | 250M/1.25G [02:01<07:46, 2.30MB/s][A[A[A[A[A








Downloading [pytorch_model.bin]:  19%|█▉        | 248M/1.25G [02:01<04:38, 3.88MB/s][A[A[A[A[A[A[A[A






Downloading [model.safetensors]:  24%|██▍       | 309M/1.25G [02:01<06:39, 2.54MB/s][A[A[A[A[A[A





Downloading [onnx/model.onnx]:  20%|█▉        | 251M/1.25G [02:01<08:03, 2.22MB/s][A[A[A[A[A








Downloading [pytorch_model.bin]:  19%|█▉        | 249M/1.25G [02:01<05:18, 3.39MB/s][A[A[A[A[A[A[A[A






Downloading [model.safetensors]:  24%|██▍       | 310M/1.25G [02:01<06:08, 2.76MB/s][A[A[A[A[A[A








Downloading [pytorch_model.bin]:  20%|█▉        | 250M/1.25G [02:01<05:29, 3.27MB/s][A[A[A[A[A[A[A[A





Downloading [onnx/model.onnx]:  20%|█▉        | 252M/1.25G [02:02<08:10, 2.19MB/s][A[A[A[A[A






Downloading [model.safetensors]:  24%|██▍       | 311M/1.25G [02:02<06:29, 2.61MB/s][A[A[A[A[A[A








Downloading [pytorch_model.bin]:  20%|█▉        | 251M/1.25G [02:02<06:58, 2.57MB/s][A[A[A[A[A[A[A[A





Downloading [onnx/model.onnx]:  20%|█▉        | 253M/1.25G [02:02<08:33, 2.09MB/s][A[A[A[A[A






Downloading [model.safetensors]:  24%|██▍       | 312M/1.25G [02:02<07:24, 2.28MB/s][A[A[A[A[A[A








Downloading [pytorch_model.bin]:  20%|█▉        | 252M/1.25G [02:02<06:27, 2.78MB/s][A[A[A[A[A[A[A[A





Downloading [onnx/model.onnx]:  20%|█▉        | 254M/1.25G [02:02<07:26, 2.40MB/s][A[A[A[A[A






Downloading [model.safetensors]:  24%|██▍       | 313M/1.25G [02:02<06:38, 2.54MB/s][A[A[A[A[A[A








Downloading [pytorch_model.bin]:  20%|█▉        | 253M/1.25G [02:03<05:45, 3.11MB/s][A[A[A[A[A[A[A[A





Downloading [onnx/model.onnx]:  20%|██        | 255M/1.25G [02:03<06:34, 2.71MB/s][A[A[A[A[A






Downloading [model.safetensors]:  25%|██▍       | 314M/1.25G [02:03<06:01, 2.80MB/s][A[A[A[A[A[A








Downloading [pytorch_model.bin]:  20%|█▉        | 254M/1.25G [02:03<05:08, 3.48MB/s][A[A[A[A[A[A[A[A





Downloading [onnx/model.onnx]:  20%|██        | 256M/1.25G [02:03<06:04, 2.93MB/s][A[A[A[A[A






Downloading [model.safetensors]:  25%|██▍       | 315M/1.25G [02:03<05:26, 3.09MB/s][A[A[A[A[A[A








Downloading [pytorch_model.bin]:  20%|█▉        | 255M/1.25G [02:03<05:09, 3.46MB/s][A[A[A[A[A[A[A[A






Downloading [model.safetensors]:  25%|██▍       | 316M/1.25G [02:03<04:47, 3.51MB/s][A[A[A[A[A[A





Downloading [onnx/model.onnx]:  20%|██        | 257M/1.25G [02:03<05:37, 3.16MB/s][A[A[A[A[A








Downloading [pytorch_model.bin]:  20%|██        | 256M/1.25G [02:03<05:07, 3.49MB/s][A[A[A[A[A[A[A[A






Downloading [model.safetensors]:  25%|██▍       | 317M/1.25G [02:03<04:20, 3.87MB/s][A[A[A[A[A[A








Downloading [pytorch_model.bin]:  20%|██        | 257M/1.25G [02:04<04:35, 3.88MB/s][A[A[A[A[A[A[A[A





Downloading [onnx/model.onnx]:  20%|██        | 258M/1.25G [02:04<06:08, 2.90MB/s][A[A[A[A[A






Downloading [model.safetensors]:  25%|██▍       | 318M/1.25G [02:04<05:16, 3.18MB/s][A[A[A[A[A[A








Downloading [pytorch_model.bin]:  20%|██        | 258M/1.25G [02:04<04:47, 3.72MB/s][A[A[A[A[A[A[A[A






Downloading [model.safetensors]:  25%|██▍       | 319M/1.25G [02:05<07:27, 2.25MB/s][A[A[A[A[A[A





Downloading [onnx/model.onnx]:  20%|██        | 259M/1.25G [02:05<09:50, 1.80MB/s][A[A[A[A[A








Downloading [pytorch_model.bin]:  20%|██        | 259M/1.25G [02:05<08:24, 2.12MB/s][A[A[A[A[A[A[A[A






Downloading [model.safetensors]:  25%|██▌       | 320M/1.25G [02:05<07:28, 2.24MB/s][A[A[A[A[A[A





Downloading [onnx/model.onnx]:  20%|██        | 260M/1.25G [02:05<10:16, 1.73MB/s][A[A[A[A[A








Downloading [pytorch_model.bin]:  20%|██        | 260M/1.25G [02:05<08:59, 1.98MB/s][A[A[A[A[A[A[A[A






Downloading [model.safetensors]:  25%|██▌       | 321M/1.25G [02:06<08:40, 1.93MB/s][A[A[A[A[A[A








Downloading [pytorch_model.bin]:  20%|██        | 261M/1.25G [02:06<08:28, 2.10MB/s][A[A[A[A[A[A[A[A





Downloading [onnx/model.onnx]:  20%|██        | 261M/1.25G [02:06<10:47, 1.64MB/s][A[A[A[A[A






Downloading [model.safetensors]:  25%|██▌       | 322M/1.25G [02:06<09:14, 1.81MB/s][A[A[A[A[A[A








Downloading [pytorch_model.bin]:  20%|██        | 262M/1.25G [02:07<09:06, 1.95MB/s][A[A[A[A[A[A[A[A





Downloading [onnx/model.onnx]:  21%|██        | 262M/1.25G [02:07<10:22, 1.71MB/s][A[A[A[A[A






Downloading [model.safetensors]:  25%|██▌       | 323M/1.25G [02:07<08:53, 1.88MB/s][A[A[A[A[A[A








Downloading [pytorch_model.bin]:  21%|██        | 263M/1.25G [02:07<08:58, 1.98MB/s][A[A[A[A[A[A[A[A






Downloading [model.safetensors]:  25%|██▌       | 324M/1.25G [02:07<06:57, 2.40MB/s][A[A[A[A[A[A





Downloading [onnx/model.onnx]:  21%|██        | 263M/1.25G [02:07<09:49, 1.80MB/s][A[A[A[A[A








Downloading [pytorch_model.bin]:  21%|██        | 264M/1.25G [02:07<08:31, 2.08MB/s][A[A[A[A[A[A[A[A






Downloading [model.safetensors]:  25%|██▌       | 325M/1.25G [02:08<06:33, 2.54MB/s][A[A[A[A[A[A





Downloading [onnx/model.onnx]:  21%|██        | 264M/1.25G [02:08<10:34, 1.67MB/s][A[A[A[A[A






Downloading [model.safetensors]:  25%|██▌       | 326M/1.25G [02:08<08:03, 2.07MB/s][A[A[A[A[A[A








Downloading [pytorch_model.bin]:  21%|██        | 265M/1.25G [02:08<10:30, 1.68MB/s][A[A[A[A[A[A[A[A





Downloading [onnx/model.onnx]:  21%|██        | 265M/1.25G [02:09<10:31, 1.68MB/s][A[A[A[A[A






Downloading [model.safetensors]:  26%|██▌       | 327M/1.25G [02:09<06:56, 2.40MB/s][A[A[A[A[A[A








Downloading [pytorch_model.bin]:  21%|██        | 266M/1.25G [02:09<09:11, 1.93MB/s][A[A[A[A[A[A[A[A





Downloading [onnx/model.onnx]:  21%|██        | 266M/1.25G [02:09<09:04, 1.94MB/s][A[A[A[A[A






Downloading [model.safetensors]:  26%|██▌       | 328M/1.25G [02:09<07:18, 2.27MB/s][A[A[A[A[A[A








Downloading [pytorch_model.bin]:  21%|██        | 267M/1.25G [02:09<08:52, 1.99MB/s][A[A[A[A[A[A[A[A





Downloading [onnx/model.onnx]:  21%|██        | 267M/1.25G [02:09<08:18, 2.12MB/s][A[A[A[A[A






Downloading [model.safetensors]:  26%|██▌       | 330M/1.25G [02:10<05:54, 2.81MB/s][A[A[A[A[A[A








Downloading [pytorch_model.bin]:  21%|██        | 268M/1.25G [02:10<08:00, 2.21MB/s][A[A[A[A[A[A[A[A





Downloading [onnx/model.onnx]:  21%|██        | 268M/1.25G [02:10<08:11, 2.15MB/s][A[A[A[A[A








Downloading [pytorch_model.bin]:  21%|██        | 269M/1.25G [02:10<07:09, 2.46MB/s][A[A[A[A[A[A[A[A






Downloading [model.safetensors]:  26%|██▌       | 331M/1.25G [02:10<05:43, 2.89MB/s][A[A[A[A[A[A





Downloading [onnx/model.onnx]:  21%|██        | 269M/1.25G [02:10<08:09, 2.16MB/s][A[A[A[A[A






Downloading [model.safetensors]:  26%|██▌       | 332M/1.25G [02:10<05:37, 2.94MB/s][A[A[A[A[A[A








Downloading [pytorch_model.bin]:  21%|██        | 270M/1.25G [02:10<07:25, 2.37MB/s][A[A[A[A[A[A[A[A






Downloading [model.safetensors]:  26%|██▌       | 333M/1.25G [02:11<05:42, 2.90MB/s][A[A[A[A[A[A





Downloading [onnx/model.onnx]:  21%|██        | 270M/1.25G [02:11<08:41, 2.02MB/s][A[A[A[A[A








Downloading [pytorch_model.bin]:  21%|██        | 271M/1.25G [02:11<07:25, 2.37MB/s][A[A[A[A[A[A[A[A






Downloading [model.safetensors]:  26%|██▌       | 334M/1.25G [02:11<05:21, 3.08MB/s][A[A[A[A[A[A






Downloading [model.safetensors]:  26%|██▌       | 335M/1.25G [02:11<05:32, 2.97MB/s][A[A[A[A[A[A








Downloading [pytorch_model.bin]:  21%|██▏       | 272M/1.25G [02:11<07:54, 2.22MB/s][A[A[A[A[A[A[A[A





Downloading [onnx/model.onnx]:  21%|██▏       | 271M/1.25G [02:11<09:03, 1.94MB/s][A[A[A[A[A






Downloading [model.safetensors]:  26%|██▋       | 336M/1.25G [02:12<05:37, 2.93MB/s][A[A[A[A[A[A





Downloading [onnx/model.onnx]:  21%|██▏       | 272M/1.25G [02:12<08:17, 2.11MB/s][A[A[A[A[A








Downloading [pytorch_model.bin]:  21%|██▏       | 273M/1.25G [02:12<07:48, 2.25MB/s][A[A[A[A[A[A[A[A






Downloading [model.safetensors]:  26%|██▋       | 337M/1.25G [02:12<05:10, 3.18MB/s][A[A[A[A[A[A





Downloading [onnx/model.onnx]:  21%|██▏       | 273M/1.25G [02:12<07:09, 2.45MB/s][A[A[A[A[A








Downloading [pytorch_model.bin]:  21%|██▏       | 274M/1.25G [02:12<06:52, 2.55MB/s][A[A[A[A[A[A[A[A






Downloading [model.safetensors]:  26%|██▋       | 338M/1.25G [02:12<04:49, 3.41MB/s][A[A[A[A[A[A





Downloading [onnx/model.onnx]:  21%|██▏       | 274M/1.25G [02:12<06:18, 2.77MB/s][A[A[A[A[A








Downloading [pytorch_model.bin]:  22%|██▏       | 275M/1.25G [02:12<06:09, 2.85MB/s][A[A[A[A[A[A[A[A






Downloading [model.safetensors]:  27%|██▋       | 339M/1.25G [02:12<04:49, 3.40MB/s][A[A[A[A[A[A






Downloading [model.safetensors]:  27%|██▋       | 340M/1.25G [02:13<03:58, 4.12MB/s][A[A[A[A[A[A





Downloading [onnx/model.onnx]:  22%|██▏       | 275M/1.25G [02:13<06:10, 2.83MB/s][A[A[A[A[A






Downloading [model.safetensors]:  27%|██▋       | 341M/1.25G [02:13<03:38, 4.50MB/s][A[A[A[A[A[A








Downloading [pytorch_model.bin]:  22%|██▏       | 276M/1.25G [02:13<06:38, 2.64MB/s][A[A[A[A[A[A[A[A





Downloading [onnx/model.onnx]:  22%|██▏       | 276M/1.25G [02:13<05:44, 3.04MB/s][A[A[A[A[A






Downloading [model.safetensors]:  27%|██▋       | 342M/1.25G [02:13<03:28, 4.71MB/s][A[A[A[A[A[A








Downloading [pytorch_model.bin]:  22%|██▏       | 277M/1.25G [02:13<06:15, 2.79MB/s][A[A[A[A[A[A[A[A






Downloading [model.safetensors]:  27%|██▋       | 343M/1.25G [02:13<04:22, 3.74MB/s][A[A[A[A[A[A





Downloading [onnx/model.onnx]:  22%|██▏       | 277M/1.25G [02:14<06:53, 2.53MB/s][A[A[A[A[A








Downloading [pytorch_model.bin]:  22%|██▏       | 278M/1.25G [02:14<06:22, 2.74MB/s][A[A[A[A[A[A[A[A






Downloading [model.safetensors]:  27%|██▋       | 344M/1.25G [02:14<04:48, 3.39MB/s][A[A[A[A[A[A






Downloading [model.safetensors]:  27%|██▋       | 345M/1.25G [02:14<04:22, 3.73MB/s][A[A[A[A[A[A





Downloading [onnx/model.onnx]:  22%|██▏       | 278M/1.25G [02:14<07:28, 2.33MB/s][A[A[A[A[A








Downloading [pytorch_model.bin]:  22%|██▏       | 279M/1.25G [02:14<07:21, 2.37MB/s][A[A[A[A[A[A[A[A






Downloading [model.safetensors]:  27%|██▋       | 346M/1.25G [02:14<03:52, 4.20MB/s][A[A[A[A[A[A






Downloading [model.safetensors]:  27%|██▋       | 347M/1.25G [02:14<03:21, 4.84MB/s][A[A[A[A[A[A





Downloading [onnx/model.onnx]:  22%|██▏       | 279M/1.25G [02:14<06:52, 2.53MB/s][A[A[A[A[A








Downloading [pytorch_model.bin]:  22%|██▏       | 280M/1.25G [02:14<06:54, 2.53MB/s][A[A[A[A[A[A[A[A






Downloading [model.safetensors]:  27%|██▋       | 348M/1.25G [02:15<03:16, 4.96MB/s][A[A[A[A[A[A





Downloading [onnx/model.onnx]:  22%|██▏       | 280M/1.25G [02:15<07:21, 2.36MB/s][A[A[A[A[A








Downloading [pytorch_model.bin]:  22%|██▏       | 281M/1.25G [02:15<07:23, 2.36MB/s][A[A[A[A[A[A[A[A






Downloading [model.safetensors]:  27%|██▋       | 349M/1.25G [02:15<04:36, 3.52MB/s][A[A[A[A[A[A





Downloading [onnx/model.onnx]:  22%|██▏       | 281M/1.25G [02:15<07:13, 2.41MB/s][A[A[A[A[A








Downloading [pytorch_model.bin]:  22%|██▏       | 282M/1.25G [02:15<07:28, 2.33MB/s][A[A[A[A[A[A[A[A






Downloading [model.safetensors]:  27%|██▋       | 350M/1.25G [02:16<06:07, 2.65MB/s][A[A[A[A[A[A








Downloading [pytorch_model.bin]:  22%|██▏       | 283M/1.25G [02:16<06:41, 2.60MB/s][A[A[A[A[A[A[A[A





Downloading [onnx/model.onnx]:  22%|██▏       | 282M/1.25G [02:16<07:15, 2.39MB/s][A[A[A[A[A








Downloading [pytorch_model.bin]:  22%|██▏       | 284M/1.25G [02:16<06:17, 2.76MB/s][A[A[A[A[A[A[A[A






Downloading [model.safetensors]:  27%|██▋       | 351M/1.25G [02:16<07:12, 2.25MB/s][A[A[A[A[A[A





Downloading [onnx/model.onnx]:  22%|██▏       | 283M/1.25G [02:16<07:44, 2.24MB/s][A[A[A[A[A








Downloading [pytorch_model.bin]:  22%|██▏       | 285M/1.25G [02:16<05:58, 2.90MB/s][A[A[A[A[A[A[A[A








Downloading [pytorch_model.bin]:  22%|██▏       | 286M/1.25G [02:17<05:11, 3.34MB/s][A[A[A[A[A[A[A[A





Downloading [onnx/model.onnx]:  22%|██▏       | 284M/1.25G [02:17<06:55, 2.50MB/s][A[A[A[A[A






Downloading [model.safetensors]:  28%|██▊       | 352M/1.25G [02:17<06:45, 2.40MB/s][A[A[A[A[A[A





Downloading [onnx/model.onnx]:  22%|██▏       | 285M/1.25G [02:17<06:03, 2.86MB/s][A[A[A[A[A








Downloading [pytorch_model.bin]:  22%|██▏       | 287M/1.25G [02:17<04:51, 3.57MB/s][A[A[A[A[A[A[A[A






Downloading [model.safetensors]:  28%|██▊       | 353M/1.25G [02:17<05:54, 2.74MB/s][A[A[A[A[A[A






Downloading [model.safetensors]:  28%|██▊       | 354M/1.25G [02:17<05:06, 3.16MB/s][A[A[A[A[A[A





Downloading [onnx/model.onnx]:  22%|██▏       | 286M/1.25G [02:17<05:35, 3.09MB/s][A[A[A[A[A








Downloading [pytorch_model.bin]:  23%|██▎       | 288M/1.25G [02:17<04:57, 3.50MB/s][A[A[A[A[A[A[A[A






Downloading [model.safetensors]:  28%|██▊       | 355M/1.25G [02:17<04:29, 3.59MB/s][A[A[A[A[A[A





Downloading [onnx/model.onnx]:  23%|██▎       | 287M/1.25G [02:17<05:23, 3.20MB/s][A[A[A[A[A








Downloading [pytorch_model.bin]:  23%|██▎       | 289M/1.25G [02:17<04:58, 3.47MB/s][A[A[A[A[A[A[A[A






Downloading [model.safetensors]:  28%|██▊       | 356M/1.25G [02:18<04:19, 3.73MB/s][A[A[A[A[A[A





Downloading [onnx/model.onnx]:  23%|██▎       | 288M/1.25G [02:18<05:01, 3.43MB/s][A[A[A[A[A








Downloading [pytorch_model.bin]:  23%|██▎       | 290M/1.25G [02:18<04:46, 3.62MB/s][A[A[A[A[A[A[A[A






Downloading [model.safetensors]:  28%|██▊       | 357M/1.25G [02:18<04:22, 3.68MB/s][A[A[A[A[A[A





Downloading [onnx/model.onnx]:  23%|██▎       | 289M/1.25G [02:18<04:43, 3.64MB/s][A[A[A[A[A








Downloading [pytorch_model.bin]:  23%|██▎       | 291M/1.25G [02:18<04:31, 3.82MB/s][A[A[A[A[A[A[A[A





Downloading [onnx/model.onnx]:  23%|██▎       | 290M/1.25G [02:18<04:16, 4.02MB/s][A[A[A[A[A








Downloading [pytorch_model.bin]:  23%|██▎       | 292M/1.25G [02:18<04:20, 3.97MB/s][A[A[A[A[A[A[A[A






Downloading [model.safetensors]:  28%|██▊       | 358M/1.25G [02:18<05:09, 3.12MB/s][A[A[A[A[A[A





Downloading [onnx/model.onnx]:  23%|██▎       | 291M/1.25G [02:19<06:33, 2.62MB/s][A[A[A[A[A








Downloading [pytorch_model.bin]:  23%|██▎       | 293M/1.25G [02:19<07:14, 2.38MB/s][A[A[A[A[A[A[A[A






Downloading [model.safetensors]:  28%|██▊       | 359M/1.25G [02:19<07:41, 2.09MB/s][A[A[A[A[A[A





Downloading [onnx/model.onnx]:  23%|██▎       | 292M/1.25G [02:19<07:33, 2.27MB/s][A[A[A[A[A






Downloading [model.safetensors]:  28%|██▊       | 360M/1.25G [02:20<06:48, 2.36MB/s][A[A[A[A[A[A








Downloading [pytorch_model.bin]:  23%|██▎       | 294M/1.25G [02:20<07:50, 2.19MB/s][A[A[A[A[A[A[A[A





Downloading [onnx/model.onnx]:  23%|██▎       | 293M/1.25G [02:20<06:27, 2.66MB/s][A[A[A[A[A






Downloading [model.safetensors]:  28%|██▊       | 361M/1.25G [02:20<05:36, 2.86MB/s][A[A[A[A[A[A






Downloading [model.safetensors]:  28%|██▊       | 362M/1.25G [02:20<04:41, 3.41MB/s][A[A[A[A[A[A





Downloading [onnx/model.onnx]:  23%|██▎       | 294M/1.25G [02:20<05:53, 2.91MB/s][A[A[A[A[A






Downloading [model.safetensors]:  28%|██▊       | 363M/1.25G [02:20<04:08, 3.86MB/s][A[A[A[A[A[A








Downloading [pytorch_model.bin]:  23%|██▎       | 295M/1.25G [02:20<07:40, 2.24MB/s][A[A[A[A[A[A[A[A






Downloading [model.safetensors]:  28%|██▊       | 364M/1.25G [02:20<04:23, 3.64MB/s][A[A[A[A[A[A





Downloading [onnx/model.onnx]:  23%|██▎       | 295M/1.25G [02:21<06:52, 2.49MB/s][A[A[A[A[A








Downloading [pytorch_model.bin]:  23%|██▎       | 296M/1.25G [02:21<08:26, 2.03MB/s][A[A[A[A[A[A[A[A






Downloading [model.safetensors]:  29%|██▊       | 365M/1.25G [02:21<04:59, 3.20MB/s][A[A[A[A[A[A





Downloading [onnx/model.onnx]:  23%|██▎       | 296M/1.25G [02:21<07:13, 2.37MB/s][A[A[A[A[A








Downloading [pytorch_model.bin]:  23%|██▎       | 297M/1.25G [02:21<07:43, 2.22MB/s][A[A[A[A[A[A[A[A






Downloading [model.safetensors]:  29%|██▊       | 366M/1.25G [02:21<04:57, 3.22MB/s][A[A[A[A[A[A





Downloading [onnx/model.onnx]:  23%|██▎       | 297M/1.25G [02:21<06:37, 2.58MB/s][A[A[A[A[A






Downloading [model.safetensors]:  29%|██▊       | 367M/1.25G [02:21<04:38, 3.43MB/s][A[A[A[A[A[A








Downloading [pytorch_model.bin]:  23%|██▎       | 298M/1.25G [02:21<07:17, 2.35MB/s][A[A[A[A[A[A[A[A






Downloading [model.safetensors]:  29%|██▉       | 368M/1.25G [02:22<04:51, 3.27MB/s][A[A[A[A[A[A





Downloading [onnx/model.onnx]:  23%|██▎       | 298M/1.25G [02:22<06:59, 2.44MB/s][A[A[A[A[A






Downloading [model.safetensors]:  29%|██▉       | 369M/1.25G [02:22<04:59, 3.18MB/s][A[A[A[A[A[A





Downloading [onnx/model.onnx]:  23%|██▎       | 299M/1.25G [02:22<06:17, 2.71MB/s][A[A[A[A[A








Downloading [pytorch_model.bin]:  23%|██▎       | 299M/1.25G [02:22<08:25, 2.03MB/s][A[A[A[A[A[A[A[A






Downloading [model.safetensors]:  29%|██▉       | 370M/1.25G [02:23<05:57, 2.66MB/s][A[A[A[A[A[A





Downloading [onnx/model.onnx]:  24%|██▎       | 300M/1.25G [02:23<08:04, 2.11MB/s][A[A[A[A[A






Downloading [model.safetensors]:  29%|██▉       | 371M/1.25G [02:23<06:44, 2.35MB/s][A[A[A[A[A[A








Downloading [pytorch_model.bin]:  23%|██▎       | 300M/1.25G [02:23<11:21, 1.51MB/s][A[A[A[A[A[A[A[A





Downloading [onnx/model.onnx]:  24%|██▎       | 301M/1.25G [02:23<08:10, 2.08MB/s][A[A[A[A[A






Downloading [model.safetensors]:  29%|██▉       | 372M/1.25G [02:23<05:57, 2.66MB/s][A[A[A[A[A[A








Downloading [pytorch_model.bin]:  24%|██▎       | 301M/1.25G [02:24<09:16, 1.84MB/s][A[A[A[A[A[A[A[A






Downloading [model.safetensors]:  29%|██▉       | 373M/1.25G [02:24<06:04, 2.60MB/s][A[A[A[A[A[A





Downloading [onnx/model.onnx]:  24%|██▎       | 302M/1.25G [02:24<08:27, 2.01MB/s][A[A[A[A[A








Downloading [pytorch_model.bin]:  24%|██▎       | 302M/1.25G [02:24<08:39, 1.97MB/s][A[A[A[A[A[A[A[A






Downloading [model.safetensors]:  29%|██▉       | 374M/1.25G [02:24<06:35, 2.40MB/s][A[A[A[A[A[A





Downloading [onnx/model.onnx]:  24%|██▍       | 303M/1.25G [02:25<08:53, 1.91MB/s][A[A[A[A[A






Downloading [model.safetensors]:  29%|██▉       | 375M/1.25G [02:25<06:23, 2.47MB/s][A[A[A[A[A[A








Downloading [pytorch_model.bin]:  24%|██▎       | 303M/1.25G [02:25<10:10, 1.67MB/s][A[A[A[A[A[A[A[A





Downloading [onnx/model.onnx]:  24%|██▍       | 304M/1.25G [02:25<08:54, 1.91MB/s][A[A[A[A[A






Downloading [model.safetensors]:  29%|██▉       | 376M/1.25G [02:25<05:57, 2.65MB/s][A[A[A[A[A[A








Downloading [pytorch_model.bin]:  24%|██▍       | 304M/1.25G [02:25<09:51, 1.73MB/s][A[A[A[A[A[A[A[A






Downloading [model.safetensors]:  29%|██▉       | 377M/1.25G [02:25<05:40, 2.78MB/s][A[A[A[A[A[A





Downloading [onnx/model.onnx]:  24%|██▍       | 305M/1.25G [02:26<08:31, 1.99MB/s][A[A[A[A[A






Downloading [model.safetensors]:  30%|██▉       | 378M/1.25G [02:26<05:12, 3.02MB/s][A[A[A[A[A[A








Downloading [pytorch_model.bin]:  24%|██▍       | 305M/1.25G [02:26<09:43, 1.75MB/s][A[A[A[A[A[A[A[A





Downloading [onnx/model.onnx]:  24%|██▍       | 306M/1.25G [02:26<08:08, 2.08MB/s][A[A[A[A[A






Downloading [model.safetensors]:  30%|██▉       | 379M/1.25G [02:26<05:00, 3.14MB/s][A[A[A[A[A[A






Downloading [model.safetensors]:  30%|██▉       | 380M/1.25G [02:26<04:35, 3.42MB/s][A[A[A[A[A[A





Downloading [onnx/model.onnx]:  24%|██▍       | 307M/1.25G [02:26<07:24, 2.28MB/s][A[A[A[A[A






Downloading [model.safetensors]:  30%|██▉       | 381M/1.25G [02:26<03:58, 3.95MB/s][A[A[A[A[A[A








Downloading [pytorch_model.bin]:  24%|██▍       | 306M/1.25G [02:26<09:13, 1.84MB/s][A[A[A[A[A[A[A[A






Downloading [model.safetensors]:  30%|██▉       | 382M/1.25G [02:27<03:36, 4.35MB/s][A[A[A[A[A[A





Downloading [onnx/model.onnx]:  24%|██▍       | 308M/1.25G [02:27<06:52, 2.46MB/s][A[A[A[A[A








Downloading [pytorch_model.bin]:  24%|██▍       | 307M/1.25G [02:27<07:58, 2.13MB/s][A[A[A[A[A[A[A[A






Downloading [model.safetensors]:  30%|██▉       | 383M/1.25G [02:27<03:18, 4.73MB/s][A[A[A[A[A[A






Downloading [model.safetensors]:  30%|███       | 384M/1.25G [02:27<03:02, 5.13MB/s][A[A[A[A[A[A





Downloading [onnx/model.onnx]:  24%|██▍       | 309M/1.25G [02:27<06:34, 2.57MB/s][A[A[A[A[A






Downloading [model.safetensors]:  30%|███       | 385M/1.25G [02:27<02:44, 5.70MB/s][A[A[A[A[A[A








Downloading [pytorch_model.bin]:  24%|██▍       | 308M/1.25G [02:27<07:33, 2.24MB/s][A[A[A[A[A[A[A[A






Downloading [model.safetensors]:  30%|███       | 386M/1.25G [02:27<03:15, 4.79MB/s][A[A[A[A[A[A





Downloading [onnx/model.onnx]:  24%|██▍       | 310M/1.25G [02:28<08:08, 2.07MB/s][A[A[A[A[A






Downloading [model.safetensors]:  30%|███       | 387M/1.25G [02:28<04:45, 3.28MB/s][A[A[A[A[A[A








Downloading [pytorch_model.bin]:  24%|██▍       | 309M/1.25G [02:28<10:00, 1.69MB/s][A[A[A[A[A[A[A[A





Downloading [onnx/model.onnx]:  24%|██▍       | 311M/1.25G [02:28<07:30, 2.24MB/s][A[A[A[A[A






Downloading [model.safetensors]:  30%|███       | 388M/1.25G [02:28<04:41, 3.32MB/s][A[A[A[A[A[A








Downloading [pytorch_model.bin]:  24%|██▍       | 310M/1.25G [02:28<08:17, 2.04MB/s][A[A[A[A[A[A[A[A





Downloading [onnx/model.onnx]:  24%|██▍       | 312M/1.25G [02:28<06:30, 2.59MB/s][A[A[A[A[A






Downloading [model.safetensors]:  30%|███       | 389M/1.25G [02:29<04:19, 3.59MB/s][A[A[A[A[A[A






Downloading [model.safetensors]:  31%|███       | 390M/1.25G [02:29<03:51, 4.02MB/s][A[A[A[A[A[A





Downloading [onnx/model.onnx]:  25%|██▍       | 313M/1.25G [02:29<05:50, 2.87MB/s][A[A[A[A[A








Downloading [pytorch_model.bin]:  24%|██▍       | 311M/1.25G [02:29<07:45, 2.18MB/s][A[A[A[A[A[A[A[A






Downloading [model.safetensors]:  31%|███       | 391M/1.25G [02:29<03:26, 4.50MB/s][A[A[A[A[A[A





Downloading [onnx/model.onnx]:  25%|██▍       | 314M/1.25G [02:29<05:23, 3.11MB/s][A[A[A[A[A






Downloading [model.safetensors]:  31%|███       | 392M/1.25G [02:29<03:13, 4.79MB/s][A[A[A[A[A[A








Downloading [pytorch_model.bin]:  24%|██▍       | 312M/1.25G [02:29<08:02, 2.10MB/s][A[A[A[A[A[A[A[A






Downloading [model.safetensors]:  31%|███       | 393M/1.25G [02:29<04:10, 3.71MB/s][A[A[A[A[A[A





Downloading [onnx/model.onnx]:  25%|██▍       | 315M/1.25G [02:30<06:17, 2.67MB/s][A[A[A[A[A








Downloading [pytorch_model.bin]:  24%|██▍       | 313M/1.25G [02:30<06:56, 2.43MB/s][A[A[A[A[A[A[A[A






Downloading [model.safetensors]:  31%|███       | 394M/1.25G [02:30<03:54, 3.95MB/s][A[A[A[A[A[A








Downloading [pytorch_model.bin]:  25%|██▍       | 314M/1.25G [02:30<05:45, 2.92MB/s][A[A[A[A[A[A[A[A






Downloading [model.safetensors]:  31%|███       | 395M/1.25G [02:30<03:25, 4.50MB/s][A[A[A[A[A[A








Downloading [pytorch_model.bin]:  25%|██▍       | 315M/1.25G [02:30<04:59, 3.38MB/s][A[A[A[A[A[A[A[A





Downloading [onnx/model.onnx]:  25%|██▍       | 316M/1.25G [02:30<06:50, 2.45MB/s][A[A[A[A[A






Downloading [model.safetensors]:  31%|███       | 396M/1.25G [02:30<03:28, 4.43MB/s][A[A[A[A[A[A





Downloading [onnx/model.onnx]:  25%|██▍       | 317M/1.25G [02:30<05:19, 3.15MB/s][A[A[A[A[A






Downloading [model.safetensors]:  31%|███       | 397M/1.25G [02:30<04:00, 3.85MB/s][A[A[A[A[A[A








Downloading [pytorch_model.bin]:  25%|██▍       | 316M/1.25G [02:31<06:03, 2.77MB/s][A[A[A[A[A[A[A[A





Downloading [onnx/model.onnx]:  25%|██▍       | 318M/1.25G [02:31<05:38, 2.96MB/s][A[A[A[A[A






Downloading [model.safetensors]:  31%|███       | 398M/1.25G [02:31<04:38, 3.32MB/s][A[A[A[A[A[A





Downloading [onnx/model.onnx]:  25%|██▌       | 319M/1.25G [02:31<05:38, 2.96MB/s][A[A[A[A[A








Downloading [pytorch_model.bin]:  25%|██▍       | 317M/1.25G [02:31<06:36, 2.54MB/s][A[A[A[A[A[A[A[A






Downloading [model.safetensors]:  31%|███       | 399M/1.25G [02:31<04:19, 3.56MB/s][A[A[A[A[A[A





Downloading [onnx/model.onnx]:  25%|██▌       | 320M/1.25G [02:31<05:06, 3.26MB/s][A[A[A[A[A






Downloading [model.safetensors]:  31%|███▏      | 400M/1.25G [02:31<04:26, 3.46MB/s][A[A[A[A[A[A








Downloading [pytorch_model.bin]:  25%|██▍       | 318M/1.25G [02:31<06:37, 2.53MB/s][A[A[A[A[A[A[A[A





Downloading [onnx/model.onnx]:  25%|██▌       | 321M/1.25G [02:32<05:23, 3.09MB/s][A[A[A[A[A






Downloading [model.safetensors]:  31%|███▏      | 401M/1.25G [02:32<04:32, 3.38MB/s][A[A[A[A[A[A








Downloading [pytorch_model.bin]:  25%|██▍       | 319M/1.25G [02:32<08:31, 1.97MB/s][A[A[A[A[A[A[A[A






Downloading [model.safetensors]:  31%|███▏      | 402M/1.25G [02:32<05:25, 2.82MB/s][A[A[A[A[A[A





Downloading [onnx/model.onnx]:  25%|██▌       | 322M/1.25G [02:32<07:24, 2.25MB/s][A[A[A[A[A






Downloading [model.safetensors]:  32%|███▏      | 403M/1.25G [02:33<06:30, 2.35MB/s][A[A[A[A[A[A








Downloading [pytorch_model.bin]:  25%|██▌       | 320M/1.25G [02:33<09:29, 1.77MB/s][A[A[A[A[A[A[A[A





Downloading [onnx/model.onnx]:  25%|██▌       | 323M/1.25G [02:33<08:53, 1.87MB/s][A[A[A[A[A






Downloading [model.safetensors]:  32%|███▏      | 404M/1.25G [02:33<05:48, 2.63MB/s][A[A[A[A[A[A






Downloading [model.safetensors]:  32%|███▏      | 405M/1.25G [02:33<04:53, 3.12MB/s][A[A[A[A[A[A






Downloading [model.safetensors]:  32%|███▏      | 406M/1.25G [02:34<04:05, 3.73MB/s][A[A[A[A[A[A





Downloading [onnx/model.onnx]:  25%|██▌       | 324M/1.25G [02:34<09:04, 1.83MB/s][A[A[A[A[A






Downloading [model.safetensors]:  32%|███▏      | 407M/1.25G [02:34<03:53, 3.92MB/s][A[A[A[A[A[A








Downloading [pytorch_model.bin]:  25%|██▌       | 321M/1.25G [02:34<10:23, 1.61MB/s][A[A[A[A[A[A[A[A






Downloading [model.safetensors]:  32%|███▏      | 408M/1.25G [02:34<04:10, 3.64MB/s][A[A[A[A[A[A





Downloading [onnx/model.onnx]:  25%|██▌       | 325M/1.25G [02:34<08:43, 1.90MB/s][A[A[A[A[A






Downloading [model.safetensors]:  32%|███▏      | 409M/1.25G [02:34<03:49, 3.97MB/s][A[A[A[A[A[A








Downloading [pytorch_model.bin]:  25%|██▌       | 322M/1.25G [02:34<10:32, 1.59MB/s][A[A[A[A[A[A[A[A






Downloading [model.safetensors]:  32%|███▏      | 410M/1.25G [02:35<04:06, 3.69MB/s][A[A[A[A[A[A





Downloading [onnx/model.onnx]:  26%|██▌       | 326M/1.25G [02:35<09:06, 1.82MB/s][A[A[A[A[A








Downloading [pytorch_model.bin]:  25%|██▌       | 323M/1.25G [02:35<09:39, 1.73MB/s][A[A[A[A[A[A[A[A






Downloading [model.safetensors]:  32%|███▏      | 411M/1.25G [02:35<04:40, 3.24MB/s][A[A[A[A[A[A






Downloading [model.safetensors]:  32%|███▏      | 412M/1.25G [02:35<04:58, 3.04MB/s][A[A[A[A[A[A








Downloading [pytorch_model.bin]:  25%|██▌       | 324M/1.25G [02:36<09:43, 1.71MB/s][A[A[A[A[A[A[A[A





Downloading [onnx/model.onnx]:  26%|██▌       | 327M/1.25G [02:36<10:23, 1.59MB/s][A[A[A[A[A






Downloading [model.safetensors]:  32%|███▏      | 413M/1.25G [02:36<05:07, 2.95MB/s][A[A[A[A[A[A








Downloading [pytorch_model.bin]:  25%|██▌       | 325M/1.25G [02:36<09:43, 1.72MB/s][A[A[A[A[A[A[A[A





Downloading [onnx/model.onnx]:  26%|██▌       | 328M/1.25G [02:36<09:44, 1.70MB/s][A[A[A[A[A






Downloading [model.safetensors]:  32%|███▏      | 414M/1.25G [02:36<05:09, 2.93MB/s][A[A[A[A[A[A





Downloading [onnx/model.onnx]:  26%|██▌       | 329M/1.25G [02:37<08:36, 1.92MB/s][A[A[A[A[A






Downloading [model.safetensors]:  32%|███▏      | 415M/1.25G [02:37<05:23, 2.80MB/s][A[A[A[A[A[A








Downloading [pytorch_model.bin]:  25%|██▌       | 326M/1.25G [02:37<08:57, 1.86MB/s][A[A[A[A[A[A[A[A






Downloading [model.safetensors]:  33%|███▎      | 416M/1.25G [02:37<06:15, 2.41MB/s][A[A[A[A[A[A





Downloading [onnx/model.onnx]:  26%|██▌       | 330M/1.25G [02:37<09:05, 1.82MB/s][A[A[A[A[A








Downloading [pytorch_model.bin]:  26%|██▌       | 327M/1.25G [02:37<09:21, 1.78MB/s][A[A[A[A[A[A[A[A






Downloading [model.safetensors]:  33%|███▎      | 417M/1.25G [02:38<05:54, 2.55MB/s][A[A[A[A[A[A








Downloading [pytorch_model.bin]:  26%|██▌       | 328M/1.25G [02:38<08:25, 1.97MB/s][A[A[A[A[A[A[A[A





Downloading [onnx/model.onnx]:  26%|██▌       | 331M/1.25G [02:38<09:11, 1.79MB/s][A[A[A[A[A






Downloading [model.safetensors]:  33%|███▎      | 418M/1.25G [02:38<05:24, 2.78MB/s][A[A[A[A[A[A






Downloading [model.safetensors]:  33%|███▎      | 419M/1.25G [02:38<04:39, 3.22MB/s][A[A[A[A[A[A





Downloading [onnx/model.onnx]:  26%|██▌       | 332M/1.25G [02:38<08:03, 2.04MB/s][A[A[A[A[A








Downloading [pytorch_model.bin]:  26%|██▌       | 329M/1.25G [02:38<08:55, 1.86MB/s][A[A[A[A[A[A[A[A






Downloading [model.safetensors]:  33%|███▎      | 420M/1.25G [02:38<05:06, 2.93MB/s][A[A[A[A[A[A





Downloading [onnx/model.onnx]:  26%|██▌       | 333M/1.25G [02:39<07:22, 2.23MB/s][A[A[A[A[A






Downloading [model.safetensors]:  33%|███▎      | 421M/1.25G [02:39<04:24, 3.40MB/s][A[A[A[A[A[A








Downloading [pytorch_model.bin]:  26%|██▌       | 331M/1.25G [02:39<06:23, 2.59MB/s][A[A[A[A[A[A[A[A





Downloading [onnx/model.onnx]:  26%|██▌       | 334M/1.25G [02:39<06:22, 2.58MB/s][A[A[A[A[A






Downloading [model.safetensors]:  33%|███▎      | 422M/1.25G [02:39<04:01, 3.72MB/s][A[A[A[A[A[A








Downloading [pytorch_model.bin]:  26%|██▌       | 332M/1.25G [02:39<05:51, 2.82MB/s][A[A[A[A[A[A[A[A





Downloading [onnx/model.onnx]:  26%|██▋       | 335M/1.25G [02:39<05:36, 2.93MB/s][A[A[A[A[A






Downloading [model.safetensors]:  33%|███▎      | 423M/1.25G [02:39<04:06, 3.64MB/s][A[A[A[A[A[A





Downloading [onnx/model.onnx]:  26%|██▋       | 336M/1.25G [02:39<05:54, 2.77MB/s][A[A[A[A[A








Downloading [pytorch_model.bin]:  26%|██▌       | 333M/1.25G [02:39<06:09, 2.68MB/s][A[A[A[A[A[A[A[A






Downloading [model.safetensors]:  33%|███▎      | 424M/1.25G [02:40<04:07, 3.63MB/s][A[A[A[A[A[A






Downloading [model.safetensors]:  33%|███▎      | 425M/1.25G [02:40<03:46, 3.95MB/s][A[A[A[A[A[A





Downloading [onnx/model.onnx]:  26%|██▋       | 337M/1.25G [02:40<05:46, 2.84MB/s][A[A[A[A[A








Downloading [pytorch_model.bin]:  26%|██▌       | 334M/1.25G [02:40<06:09, 2.68MB/s][A[A[A[A[A[A[A[A






Downloading [model.safetensors]:  33%|███▎      | 426M/1.25G [02:40<03:41, 4.04MB/s][A[A[A[A[A[A






Downloading [model.safetensors]:  33%|███▎      | 427M/1.25G [02:40<03:47, 3.93MB/s][A[A[A[A[A[A








Downloading [pytorch_model.bin]:  26%|██▌       | 335M/1.25G [02:41<07:09, 2.31MB/s][A[A[A[A[A[A[A[A





Downloading [onnx/model.onnx]:  27%|██▋       | 338M/1.25G [02:41<07:23, 2.21MB/s][A[A[A[A[A






Downloading [model.safetensors]:  33%|███▎      | 428M/1.25G [02:41<04:02, 3.68MB/s][A[A[A[A[A[A






Downloading [model.safetensors]:  34%|███▎      | 429M/1.25G [02:41<04:18, 3.45MB/s][A[A[A[A[A[A








Downloading [pytorch_model.bin]:  26%|██▋       | 336M/1.25G [02:41<07:11, 2.29MB/s][A[A[A[A[A[A[A[A





Downloading [onnx/model.onnx]:  27%|██▋       | 339M/1.25G [02:41<07:46, 2.10MB/s][A[A[A[A[A






Downloading [model.safetensors]:  34%|███▎      | 430M/1.25G [02:41<04:05, 3.62MB/s][A[A[A[A[A[A








Downloading [pytorch_model.bin]:  26%|██▋       | 337M/1.25G [02:41<06:57, 2.37MB/s][A[A[A[A[A[A[A[A






Downloading [model.safetensors]:  34%|███▎      | 431M/1.25G [02:42<04:25, 3.35MB/s][A[A[A[A[A[A





Downloading [onnx/model.onnx]:  27%|██▋       | 340M/1.25G [02:42<08:19, 1.96MB/s][A[A[A[A[A








Downloading [pytorch_model.bin]:  26%|██▋       | 338M/1.25G [02:42<06:38, 2.48MB/s][A[A[A[A[A[A[A[A






Downloading [model.safetensors]:  34%|███▍      | 432M/1.25G [02:42<04:24, 3.35MB/s][A[A[A[A[A[A








Downloading [pytorch_model.bin]:  27%|██▋       | 339M/1.25G [02:42<05:43, 2.87MB/s][A[A[A[A[A[A[A[A






Downloading [model.safetensors]:  34%|███▍      | 433M/1.25G [02:42<03:54, 3.78MB/s][A[A[A[A[A[A





Downloading [onnx/model.onnx]:  27%|██▋       | 341M/1.25G [02:42<08:13, 1.98MB/s][A[A[A[A[A






Downloading [model.safetensors]:  34%|███▍      | 434M/1.25G [02:42<04:05, 3.61MB/s][A[A[A[A[A[A








Downloading [pytorch_model.bin]:  27%|██▋       | 340M/1.25G [02:42<06:04, 2.70MB/s][A[A[A[A[A[A[A[A






Downloading [model.safetensors]:  34%|███▍      | 435M/1.25G [02:43<04:08, 3.56MB/s][A[A[A[A[A[A








Downloading [pytorch_model.bin]:  27%|██▋       | 341M/1.25G [02:43<05:51, 2.80MB/s][A[A[A[A[A[A[A[A





Downloading [onnx/model.onnx]:  27%|██▋       | 342M/1.25G [02:43<08:31, 1.91MB/s][A[A[A[A[A






Downloading [model.safetensors]:  34%|███▍      | 436M/1.25G [02:43<03:57, 3.72MB/s][A[A[A[A[A[A








Downloading [pytorch_model.bin]:  27%|██▋       | 342M/1.25G [02:43<05:47, 2.83MB/s][A[A[A[A[A[A[A[A






Downloading [model.safetensors]:  34%|███▍      | 437M/1.25G [02:43<03:58, 3.70MB/s][A[A[A[A[A[A





Downloading [onnx/model.onnx]:  27%|██▋       | 343M/1.25G [02:43<08:04, 2.02MB/s][A[A[A[A[A








Downloading [pytorch_model.bin]:  27%|██▋       | 343M/1.25G [02:44<06:42, 2.44MB/s][A[A[A[A[A[A[A[A





Downloading [onnx/model.onnx]:  27%|██▋       | 344M/1.25G [02:44<08:11, 1.99MB/s][A[A[A[A[A






Downloading [model.safetensors]:  34%|███▍      | 438M/1.25G [02:44<06:08, 2.39MB/s][A[A[A[A[A[A








Downloading [pytorch_model.bin]:  27%|██▋       | 344M/1.25G [02:44<06:20, 2.57MB/s][A[A[A[A[A[A[A[A





Downloading [onnx/model.onnx]:  27%|██▋       | 345M/1.25G [02:44<07:27, 2.18MB/s][A[A[A[A[A








Downloading [pytorch_model.bin]:  27%|██▋       | 345M/1.25G [02:44<06:13, 2.62MB/s][A[A[A[A[A[A[A[A






Downloading [model.safetensors]:  34%|███▍      | 439M/1.25G [02:44<06:04, 2.41MB/s][A[A[A[A[A[A





Downloading [onnx/model.onnx]:  27%|██▋       | 346M/1.25G [02:45<07:23, 2.20MB/s][A[A[A[A[A








Downloading [pytorch_model.bin]:  27%|██▋       | 346M/1.25G [02:45<05:31, 2.95MB/s][A[A[A[A[A[A[A[A






Downloading [model.safetensors]:  34%|███▍      | 440M/1.25G [02:45<05:39, 2.59MB/s][A[A[A[A[A[A








Downloading [pytorch_model.bin]:  27%|██▋       | 347M/1.25G [02:45<04:56, 3.29MB/s][A[A[A[A[A[A[A[A





Downloading [onnx/model.onnx]:  27%|██▋       | 347M/1.25G [02:45<06:40, 2.43MB/s][A[A[A[A[A






Downloading [model.safetensors]:  34%|███▍      | 441M/1.25G [02:45<05:30, 2.66MB/s][A[A[A[A[A[A








Downloading [pytorch_model.bin]:  27%|██▋       | 348M/1.25G [02:45<05:28, 2.97MB/s][A[A[A[A[A[A[A[A






Downloading [model.safetensors]:  35%|███▍      | 442M/1.25G [02:45<05:08, 2.84MB/s][A[A[A[A[A[A






Downloading [model.safetensors]:  35%|███▍      | 443M/1.25G [02:46<05:00, 2.92MB/s][A[A[A[A[A[A








Downloading [pytorch_model.bin]:  27%|██▋       | 349M/1.25G [02:46<06:13, 2.61MB/s][A[A[A[A[A[A[A[A






Downloading [model.safetensors]:  35%|███▍      | 444M/1.25G [02:46<04:40, 3.12MB/s][A[A[A[A[A[A





Downloading [onnx/model.onnx]:  27%|██▋       | 348M/1.25G [02:46<10:40, 1.52MB/s][A[A[A[A[A






Downloading [model.safetensors]:  35%|███▍      | 445M/1.25G [02:46<04:42, 3.09MB/s][A[A[A[A[A[A








Downloading [pytorch_model.bin]:  27%|██▋       | 350M/1.25G [02:46<07:00, 2.32MB/s][A[A[A[A[A[A[A[A






Downloading [model.safetensors]:  35%|███▍      | 446M/1.25G [02:47<05:05, 2.86MB/s][A[A[A[A[A[A








Downloading [pytorch_model.bin]:  27%|██▋       | 351M/1.25G [02:47<06:55, 2.34MB/s][A[A[A[A[A[A[A[A





Downloading [onnx/model.onnx]:  27%|██▋       | 349M/1.25G [02:47<10:16, 1.57MB/s][A[A[A[A[A








Downloading [pytorch_model.bin]:  28%|██▊       | 352M/1.25G [02:47<06:31, 2.48MB/s][A[A[A[A[A[A[A[A






Downloading [model.safetensors]:  35%|███▍      | 447M/1.25G [02:47<05:39, 2.57MB/s][A[A[A[A[A[A





Downloading [onnx/model.onnx]:  27%|██▋       | 350M/1.25G [02:47<09:26, 1.71MB/s][A[A[A[A[A








Downloading [pytorch_model.bin]:  28%|██▊       | 353M/1.25G [02:47<05:43, 2.83MB/s][A[A[A[A[A[A[A[A






Downloading [model.safetensors]:  35%|███▌      | 448M/1.25G [02:48<05:00, 2.90MB/s][A[A[A[A[A[A








Downloading [pytorch_model.bin]:  28%|██▊       | 354M/1.25G [02:48<05:04, 3.18MB/s][A[A[A[A[A[A[A[A





Downloading [onnx/model.onnx]:  28%|██▊       | 351M/1.25G [02:48<08:27, 1.91MB/s][A[A[A[A[A






Downloading [model.safetensors]:  35%|███▌      | 449M/1.25G [02:48<05:17, 2.74MB/s][A[A[A[A[A[A








Downloading [pytorch_model.bin]:  28%|██▊       | 355M/1.25G [02:48<05:58, 2.70MB/s][A[A[A[A[A[A[A[A





Downloading [onnx/model.onnx]:  28%|██▊       | 352M/1.25G [02:48<08:51, 1.82MB/s][A[A[A[A[A






Downloading [model.safetensors]:  35%|███▌      | 450M/1.25G [02:48<05:21, 2.70MB/s][A[A[A[A[A[A








Downloading [pytorch_model.bin]:  28%|██▊       | 356M/1.25G [02:49<06:32, 2.47MB/s][A[A[A[A[A[A[A[A






Downloading [model.safetensors]:  35%|███▌      | 451M/1.25G [02:49<05:09, 2.80MB/s][A[A[A[A[A[A





Downloading [onnx/model.onnx]:  28%|██▊       | 353M/1.25G [02:49<08:35, 1.87MB/s][A[A[A[A[A






Downloading [model.safetensors]:  35%|███▌      | 452M/1.25G [02:49<04:58, 2.90MB/s][A[A[A[A[A[A








Downloading [pytorch_model.bin]:  28%|██▊       | 357M/1.25G [02:49<06:19, 2.54MB/s][A[A[A[A[A[A[A[A





Downloading [onnx/model.onnx]:  28%|██▊       | 354M/1.25G [02:50<08:53, 1.81MB/s][A[A[A[A[A








Downloading [pytorch_model.bin]:  28%|██▊       | 358M/1.25G [02:50<07:59, 2.01MB/s][A[A[A[A[A[A[A[A






Downloading [model.safetensors]:  35%|███▌      | 453M/1.25G [02:50<07:14, 1.99MB/s][A[A[A[A[A[A





Downloading [onnx/model.onnx]:  28%|██▊       | 355M/1.25G [02:50<10:05, 1.59MB/s][A[A[A[A[A






Downloading [model.safetensors]:  36%|███▌      | 454M/1.25G [02:51<07:01, 2.05MB/s][A[A[A[A[A[A








Downloading [pytorch_model.bin]:  28%|██▊       | 359M/1.25G [02:51<08:32, 1.88MB/s][A[A[A[A[A[A[A[A






Downloading [model.safetensors]:  36%|███▌      | 455M/1.25G [02:51<06:16, 2.29MB/s][A[A[A[A[A[A





Downloading [onnx/model.onnx]:  28%|██▊       | 356M/1.25G [02:51<09:28, 1.69MB/s][A[A[A[A[A








Downloading [pytorch_model.bin]:  28%|██▊       | 360M/1.25G [02:51<07:50, 2.05MB/s][A[A[A[A[A[A[A[A






Downloading [model.safetensors]:  36%|███▌      | 456M/1.25G [02:51<05:29, 2.62MB/s][A[A[A[A[A[A





Downloading [onnx/model.onnx]:  28%|██▊       | 357M/1.25G [02:51<08:17, 1.94MB/s][A[A[A[A[A








Downloading [pytorch_model.bin]:  28%|██▊       | 361M/1.25G [02:51<07:30, 2.14MB/s][A[A[A[A[A[A[A[A






Downloading [model.safetensors]:  36%|███▌      | 457M/1.25G [02:51<05:20, 2.68MB/s][A[A[A[A[A[A






Downloading [model.safetensors]:  36%|███▌      | 458M/1.25G [02:52<05:22, 2.67MB/s][A[A[A[A[A[A





Downloading [onnx/model.onnx]:  28%|██▊       | 358M/1.25G [02:52<08:23, 1.91MB/s][A[A[A[A[A








Downloading [pytorch_model.bin]:  28%|██▊       | 362M/1.25G [02:52<07:32, 2.12MB/s][A[A[A[A[A[A[A[A






Downloading [model.safetensors]:  36%|███▌      | 459M/1.25G [02:52<04:40, 3.07MB/s][A[A[A[A[A[A





Downloading [onnx/model.onnx]:  28%|██▊       | 359M/1.25G [02:52<07:57, 2.01MB/s][A[A[A[A[A








Downloading [pytorch_model.bin]:  28%|██▊       | 363M/1.25G [02:52<07:18, 2.19MB/s][A[A[A[A[A[A[A[A






Downloading [model.safetensors]:  36%|███▌      | 460M/1.25G [02:53<05:10, 2.76MB/s][A[A[A[A[A[A





Downloading [onnx/model.onnx]:  28%|██▊       | 360M/1.25G [02:53<07:35, 2.11MB/s][A[A[A[A[A








Downloading [pytorch_model.bin]:  28%|██▊       | 364M/1.25G [02:53<07:09, 2.23MB/s][A[A[A[A[A[A[A[A






Downloading [model.safetensors]:  36%|███▌      | 461M/1.25G [02:53<05:24, 2.64MB/s][A[A[A[A[A[A





Downloading [onnx/model.onnx]:  28%|██▊       | 361M/1.25G [02:53<06:32, 2.44MB/s][A[A[A[A[A








Downloading [pytorch_model.bin]:  29%|██▊       | 365M/1.25G [02:53<06:18, 2.53MB/s][A[A[A[A[A[A[A[A





Downloading [onnx/model.onnx]:  28%|██▊       | 362M/1.25G [02:53<05:40, 2.81MB/s][A[A[A[A[A








Downloading [pytorch_model.bin]:  29%|██▊       | 366M/1.25G [02:53<06:01, 2.65MB/s][A[A[A[A[A[A[A[A






Downloading [model.safetensors]:  36%|███▌      | 463M/1.25G [02:54<04:40, 3.05MB/s][A[A[A[A[A[A





Downloading [onnx/model.onnx]:  28%|██▊       | 363M/1.25G [02:54<05:37, 2.83MB/s][A[A[A[A[A








Downloading [pytorch_model.bin]:  29%|██▊       | 367M/1.25G [02:54<05:14, 3.04MB/s][A[A[A[A[A[A[A[A






Downloading [model.safetensors]:  36%|███▋      | 464M/1.25G [02:54<04:12, 3.38MB/s][A[A[A[A[A[A








Downloading [pytorch_model.bin]:  29%|██▉       | 368M/1.25G [02:54<04:46, 3.33MB/s][A[A[A[A[A[A[A[A





Downloading [onnx/model.onnx]:  29%|██▊       | 364M/1.25G [02:54<05:24, 2.94MB/s][A[A[A[A[A






Downloading [model.safetensors]:  36%|███▋      | 465M/1.25G [02:54<03:51, 3.68MB/s][A[A[A[A[A[A








Downloading [pytorch_model.bin]:  29%|██▉       | 369M/1.25G [02:54<05:12, 3.05MB/s][A[A[A[A[A[A[A[A






Downloading [model.safetensors]:  36%|███▋      | 466M/1.25G [02:54<04:20, 3.27MB/s][A[A[A[A[A[A





Downloading [onnx/model.onnx]:  29%|██▊       | 365M/1.25G [02:55<06:22, 2.50MB/s][A[A[A[A[A








Downloading [pytorch_model.bin]:  29%|██▉       | 370M/1.25G [02:55<05:08, 3.09MB/s][A[A[A[A[A[A[A[A






Downloading [model.safetensors]:  37%|███▋      | 467M/1.25G [02:55<04:18, 3.29MB/s][A[A[A[A[A[A





Downloading [onnx/model.onnx]:  29%|██▉       | 367M/1.25G [02:55<04:27, 3.56MB/s][A[A[A[A[A








Downloading [pytorch_model.bin]:  29%|██▉       | 371M/1.25G [02:55<04:44, 3.35MB/s][A[A[A[A[A[A[A[A






Downloading [model.safetensors]:  37%|███▋      | 468M/1.25G [02:55<04:08, 3.42MB/s][A[A[A[A[A[A





Downloading [onnx/model.onnx]:  29%|██▉       | 368M/1.25G [02:55<04:39, 3.40MB/s][A[A[A[A[A








Downloading [pytorch_model.bin]:  29%|██▉       | 372M/1.25G [02:55<04:39, 3.40MB/s][A[A[A[A[A[A[A[A






Downloading [model.safetensors]:  37%|███▋      | 469M/1.25G [02:55<04:53, 2.90MB/s][A[A[A[A[A[A








Downloading [pytorch_model.bin]:  29%|██▉       | 373M/1.25G [02:56<04:40, 3.38MB/s][A[A[A[A[A[A[A[A





Downloading [onnx/model.onnx]:  29%|██▉       | 369M/1.25G [02:56<04:59, 3.17MB/s][A[A[A[A[A






Downloading [model.safetensors]:  37%|███▋      | 470M/1.25G [02:56<04:26, 3.18MB/s][A[A[A[A[A[A





Downloading [onnx/model.onnx]:  29%|██▉       | 370M/1.25G [02:56<05:12, 3.04MB/s][A[A[A[A[A






Downloading [model.safetensors]:  37%|███▋      | 471M/1.25G [02:56<04:12, 3.35MB/s][A[A[A[A[A[A








Downloading [pytorch_model.bin]:  29%|██▉       | 374M/1.25G [02:56<06:16, 2.52MB/s][A[A[A[A[A[A[A[A






Downloading [model.safetensors]:  37%|███▋      | 472M/1.25G [02:57<05:30, 2.56MB/s][A[A[A[A[A[A





Downloading [onnx/model.onnx]:  29%|██▉       | 371M/1.25G [02:57<07:37, 2.07MB/s][A[A[A[A[A








Downloading [pytorch_model.bin]:  29%|██▉       | 376M/1.25G [02:57<05:53, 2.68MB/s][A[A[A[A[A[A[A[A






Downloading [model.safetensors]:  37%|███▋      | 473M/1.25G [02:57<06:20, 2.22MB/s][A[A[A[A[A[A








Downloading [pytorch_model.bin]:  29%|██▉       | 377M/1.25G [02:57<06:38, 2.37MB/s][A[A[A[A[A[A[A[A





Downloading [onnx/model.onnx]:  29%|██▉       | 372M/1.25G [02:58<08:16, 1.91MB/s][A[A[A[A[A






Downloading [model.safetensors]:  37%|███▋      | 474M/1.25G [02:58<06:21, 2.21MB/s][A[A[A[A[A[A








Downloading [pytorch_model.bin]:  30%|██▉       | 378M/1.25G [02:58<07:17, 2.16MB/s][A[A[A[A[A[A[A[A





Downloading [onnx/model.onnx]:  29%|██▉       | 373M/1.25G [02:58<08:59, 1.75MB/s][A[A[A[A[A






Downloading [model.safetensors]:  37%|███▋      | 475M/1.25G [02:59<07:39, 1.83MB/s][A[A[A[A[A[A








Downloading [pytorch_model.bin]:  30%|██▉       | 379M/1.25G [02:59<07:49, 2.01MB/s][A[A[A[A[A[A[A[A






Downloading [model.safetensors]:  37%|███▋      | 476M/1.25G [02:59<06:28, 2.16MB/s][A[A[A[A[A[A





Downloading [onnx/model.onnx]:  29%|██▉       | 374M/1.25G [02:59<09:06, 1.73MB/s][A[A[A[A[A






Downloading [model.safetensors]:  37%|███▋      | 477M/1.25G [02:59<06:11, 2.26MB/s][A[A[A[A[A[A








Downloading [pytorch_model.bin]:  30%|██▉       | 380M/1.25G [02:59<07:55, 1.98MB/s][A[A[A[A[A[A[A[A





Downloading [onnx/model.onnx]:  29%|██▉       | 375M/1.25G [02:59<08:17, 1.90MB/s][A[A[A[A[A








Downloading [pytorch_model.bin]:  30%|██▉       | 381M/1.25G [03:00<07:11, 2.18MB/s][A[A[A[A[A[A[A[A






Downloading [model.safetensors]:  37%|███▋      | 478M/1.25G [03:00<06:07, 2.28MB/s][A[A[A[A[A[A





Downloading [onnx/model.onnx]:  29%|██▉       | 376M/1.25G [03:00<07:33, 2.08MB/s][A[A[A[A[A





Downloading [onnx/model.onnx]:  30%|██▉       | 377M/1.25G [03:00<06:38, 2.37MB/s][A[A[A[A[A








Downloading [pytorch_model.bin]:  30%|██▉       | 382M/1.25G [03:00<06:46, 2.31MB/s][A[A[A[A[A[A[A[A






Downloading [model.safetensors]:  37%|███▋      | 479M/1.25G [03:00<06:05, 2.30MB/s][A[A[A[A[A[A





Downloading [onnx/model.onnx]:  30%|██▉       | 378M/1.25G [03:00<05:59, 2.62MB/s][A[A[A[A[A








Downloading [pytorch_model.bin]:  30%|██▉       | 383M/1.25G [03:00<06:14, 2.51MB/s][A[A[A[A[A[A[A[A





Downloading [onnx/model.onnx]:  30%|██▉       | 379M/1.25G [03:01<05:27, 2.87MB/s][A[A[A[A[A






Downloading [model.safetensors]:  38%|███▊      | 480M/1.25G [03:01<06:20, 2.20MB/s][A[A[A[A[A[A








Downloading [pytorch_model.bin]:  30%|███       | 384M/1.25G [03:01<06:01, 2.59MB/s][A[A[A[A[A[A[A[A





Downloading [onnx/model.onnx]:  30%|██▉       | 380M/1.25G [03:01<05:56, 2.63MB/s][A[A[A[A[A








Downloading [pytorch_model.bin]:  30%|███       | 385M/1.25G [03:01<06:29, 2.40MB/s][A[A[A[A[A[A[A[A






Downloading [model.safetensors]:  38%|███▊      | 481M/1.25G [03:02<07:55, 1.76MB/s][A[A[A[A[A[A





Downloading [onnx/model.onnx]:  30%|██▉       | 381M/1.25G [03:02<07:41, 2.03MB/s][A[A[A[A[A








Downloading [pytorch_model.bin]:  30%|███       | 386M/1.25G [03:02<07:45, 2.01MB/s][A[A[A[A[A[A[A[A






Downloading [model.safetensors]:  38%|███▊      | 482M/1.25G [03:02<07:55, 1.76MB/s][A[A[A[A[A[A





Downloading [onnx/model.onnx]:  30%|██▉       | 382M/1.25G [03:02<07:39, 2.04MB/s][A[A[A[A[A








Downloading [pytorch_model.bin]:  30%|███       | 387M/1.25G [03:02<07:42, 2.02MB/s][A[A[A[A[A[A[A[A






Downloading [model.safetensors]:  38%|███▊      | 483M/1.25G [03:03<07:00, 1.98MB/s][A[A[A[A[A[A





Downloading [onnx/model.onnx]:  30%|███       | 383M/1.25G [03:03<06:29, 2.40MB/s][A[A[A[A[A






Downloading [model.safetensors]:  38%|███▊      | 484M/1.25G [03:03<05:41, 2.44MB/s][A[A[A[A[A[A








Downloading [pytorch_model.bin]:  30%|███       | 388M/1.25G [03:03<06:35, 2.36MB/s][A[A[A[A[A[A[A[A





Downloading [onnx/model.onnx]:  30%|███       | 384M/1.25G [03:03<05:35, 2.79MB/s][A[A[A[A[A






Downloading [model.safetensors]:  38%|███▊      | 485M/1.25G [03:03<04:56, 2.81MB/s][A[A[A[A[A[A








Downloading [pytorch_model.bin]:  30%|███       | 389M/1.25G [03:03<05:56, 2.61MB/s][A[A[A[A[A[A[A[A





Downloading [onnx/model.onnx]:  30%|███       | 385M/1.25G [03:03<05:02, 3.08MB/s][A[A[A[A[A






Downloading [model.safetensors]:  38%|███▊      | 486M/1.25G [03:03<04:23, 3.15MB/s][A[A[A[A[A[A





Downloading [onnx/model.onnx]:  30%|███       | 386M/1.25G [03:03<04:27, 3.48MB/s][A[A[A[A[A








Downloading [pytorch_model.bin]:  31%|███       | 390M/1.25G [03:03<05:55, 2.62MB/s][A[A[A[A[A[A[A[A






Downloading [model.safetensors]:  38%|███▊      | 487M/1.25G [03:03<04:04, 3.39MB/s][A[A[A[A[A[A





Downloading [onnx/model.onnx]:  30%|███       | 387M/1.25G [03:04<04:09, 3.74MB/s][A[A[A[A[A






Downloading [model.safetensors]:  38%|███▊      | 488M/1.25G [03:04<03:54, 3.53MB/s][A[A[A[A[A[A








Downloading [pytorch_model.bin]:  31%|███       | 391M/1.25G [03:04<05:25, 2.86MB/s][A[A[A[A[A[A[A[A





Downloading [onnx/model.onnx]:  30%|███       | 388M/1.25G [03:04<04:15, 3.64MB/s][A[A[A[A[A






Downloading [model.safetensors]:  38%|███▊      | 489M/1.25G [03:04<05:24, 2.55MB/s][A[A[A[A[A[A





Downloading [onnx/model.onnx]:  31%|███       | 389M/1.25G [03:04<05:22, 2.88MB/s][A[A[A[A[A








Downloading [pytorch_model.bin]:  31%|███       | 392M/1.25G [03:05<07:58, 1.94MB/s][A[A[A[A[A[A[A[A





Downloading [onnx/model.onnx]:  31%|███       | 390M/1.25G [03:06<10:00, 1.55MB/s][A[A[A[A[A






Downloading [model.safetensors]:  38%|███▊      | 490M/1.25G [03:06<09:26, 1.46MB/s][A[A[A[A[A[A








Downloading [pytorch_model.bin]:  31%|███       | 393M/1.25G [03:06<10:42, 1.45MB/s][A[A[A[A[A[A[A[A





Downloading [onnx/model.onnx]:  31%|███       | 392M/1.25G [03:06<06:22, 2.42MB/s][A[A[A[A[A





Downloading [onnx/model.onnx]:  31%|███       | 394M/1.25G [03:06<04:10, 3.68MB/s][A[A[A[A[A





Downloading [onnx/model.onnx]:  31%|███       | 395M/1.25G [03:07<04:11, 3.67MB/s][A[A[A[A[A






Downloading [model.safetensors]:  38%|███▊      | 492M/1.25G [03:07<07:21, 1.87MB/s][A[A[A[A[A[A






Downloading [model.safetensors]:  39%|███▊      | 495M/1.25G [03:07<04:14, 3.23MB/s][A[A[A[A[A[A






Downloading [model.safetensors]:  39%|███▉      | 496M/1.25G [03:07<03:57, 3.46MB/s][A[A[A[A[A[A





Downloading [onnx/model.onnx]:  31%|███       | 396M/1.25G [03:07<05:20, 2.88MB/s][A[A[A[A[A






Downloading [model.safetensors]:  39%|███▉      | 497M/1.25G [03:07<04:13, 3.24MB/s][A[A[A[A[A[A






Downloading [model.safetensors]:  39%|███▉      | 498M/1.25G [03:08<03:54, 3.50MB/s][A[A[A[A[A[A





Downloading [onnx/model.onnx]:  31%|███       | 397M/1.25G [03:08<06:17, 2.44MB/s][A[A[A[A[A






Downloading [model.safetensors]:  39%|███▉      | 499M/1.25G [03:08<04:28, 3.04MB/s][A[A[A[A[A[A






Downloading [model.safetensors]:  39%|███▉      | 500M/1.25G [03:09<04:41, 2.90MB/s][A[A[A[A[A[A








Downloading [pytorch_model.bin]:  31%|███       | 394M/1.25G [03:09<19:35, 789kB/s] [A[A[A[A[A[A[A[A





Downloading [onnx/model.onnx]:  31%|███       | 398M/1.25G [03:09<08:15, 1.85MB/s][A[A[A[A[A






Downloading [model.safetensors]:  39%|███▉      | 501M/1.25G [03:09<04:54, 2.77MB/s][A[A[A[A[A[A





Downloading [onnx/model.onnx]:  31%|███▏      | 399M/1.25G [03:09<08:03, 1.90MB/s][A[A[A[A[A






Downloading [model.safetensors]:  39%|███▉      | 502M/1.25G [03:09<04:19, 3.13MB/s][A[A[A[A[A[A






Downloading [model.safetensors]:  39%|███▉      | 505M/1.25G [03:09<02:24, 5.60MB/s][A[A[A[A[A[A






Downloading [model.safetensors]:  40%|███▉      | 507M/1.25G [03:10<02:04, 6.52MB/s][A[A[A[A[A[A





Downloading [onnx/model.onnx]:  31%|███▏      | 401M/1.25G [03:10<07:43, 1.98MB/s][A[A[A[A[A








Downloading [pytorch_model.bin]:  31%|███       | 395M/1.25G [03:10<21:11, 729kB/s][A[A[A[A[A[A[A[A






Downloading [model.safetensors]:  40%|███▉      | 508M/1.25G [03:10<03:39, 3.69MB/s][A[A[A[A[A[A





Downloading [onnx/model.onnx]:  32%|███▏      | 402M/1.25G [03:11<09:26, 1.61MB/s][A[A[A[A[A






Downloading [model.safetensors]:  40%|███▉      | 509M/1.25G [03:11<05:09, 2.60MB/s][A[A[A[A[A[A





Downloading [onnx/model.onnx]:  32%|███▏      | 404M/1.25G [03:11<06:11, 2.46MB/s][A[A[A[A[A






Downloading [model.safetensors]:  40%|███▉      | 511M/1.25G [03:11<03:46, 3.55MB/s][A[A[A[A[A[A





Downloading [onnx/model.onnx]:  32%|███▏      | 406M/1.25G [03:12<04:21, 3.48MB/s][A[A[A[A[A






Downloading [model.safetensors]:  40%|████      | 513M/1.25G [03:12<02:48, 4.77MB/s][A[A[A[A[A[A






Downloading [model.safetensors]:  40%|████      | 514M/1.25G [03:12<02:34, 5.20MB/s][A[A[A[A[A[A








Downloading [pytorch_model.bin]:  31%|███       | 396M/1.25G [03:12<21:49, 707kB/s][A[A[A[A[A[A[A[A





Downloading [onnx/model.onnx]:  32%|███▏      | 407M/1.25G [03:12<04:32, 3.34MB/s][A[A[A[A[A






Downloading [model.safetensors]:  40%|████      | 516M/1.25G [03:13<03:29, 3.81MB/s][A[A[A[A[A[A








Downloading [pytorch_model.bin]:  31%|███       | 397M/1.25G [03:13<18:36, 828kB/s][A[A[A[A[A[A[A[A





Downloading [onnx/model.onnx]:  32%|███▏      | 408M/1.25G [03:13<06:12, 2.44MB/s][A[A[A[A[A








Downloading [pytorch_model.bin]:  31%|███       | 398M/1.25G [03:13<14:45, 1.04MB/s][A[A[A[A[A[A[A[A








Downloading [pytorch_model.bin]:  31%|███       | 399M/1.25G [03:13<11:19, 1.36MB/s][A[A[A[A[A[A[A[A








Downloading [pytorch_model.bin]:  31%|███▏      | 400M/1.25G [03:13<08:55, 1.72MB/s][A[A[A[A[A[A[A[A








Downloading [pytorch_model.bin]:  31%|███▏      | 401M/1.25G [03:14<07:07, 2.15MB/s][A[A[A[A[A[A[A[A








Downloading [pytorch_model.bin]:  31%|███▏      | 402M/1.25G [03:14<05:46, 2.65MB/s][A[A[A[A[A[A[A[A








Downloading [pytorch_model.bin]:  32%|███▏      | 403M/1.25G [03:14<04:42, 3.25MB/s][A[A[A[A[A[A[A[A






Downloading [model.safetensors]:  40%|████      | 517M/1.25G [03:14<06:34, 2.02MB/s][A[A[A[A[A[A





Downloading [onnx/model.onnx]:  32%|███▏      | 409M/1.25G [03:14<09:11, 1.64MB/s][A[A[A[A[A








Downloading [pytorch_model.bin]:  32%|███▏      | 404M/1.25G [03:14<03:51, 3.96MB/s][A[A[A[A[A[A[A[A








Downloading [pytorch_model.bin]:  32%|███▏      | 405M/1.25G [03:14<03:14, 4.71MB/s][A[A[A[A[A[A[A[A






Downloading [model.safetensors]:  41%|████      | 518M/1.25G [03:14<05:57, 2.23MB/s][A[A[A[A[A[A








Downloading [pytorch_model.bin]:  32%|███▏      | 406M/1.25G [03:14<02:45, 5.52MB/s][A[A[A[A[A[A[A[A





Downloading [onnx/model.onnx]:  32%|███▏      | 410M/1.25G [03:14<08:14, 1.83MB/s][A[A[A[A[A








Downloading [pytorch_model.bin]:  32%|███▏      | 407M/1.25G [03:14<02:23, 6.36MB/s][A[A[A[A[A[A[A[A








Downloading [pytorch_model.bin]:  32%|███▏      | 408M/1.25G [03:15<02:07, 7.16MB/s][A[A[A[A[A[A[A[A








Downloading [pytorch_model.bin]:  32%|███▏      | 409M/1.25G [03:15<01:56, 7.81MB/s][A[A[A[A[A[A[A[A








Downloading [pytorch_model.bin]:  32%|███▏      | 410M/1.25G [03:15<01:49, 8.30MB/s][A[A[A[A[A[A[A[A








Downloading [pytorch_model.bin]:  32%|███▏      | 411M/1.25G [03:15<01:43, 8.82MB/s][A[A[A[A[A[A[A[A








Downloading [pytorch_model.bin]:  32%|███▏      | 412M/1.25G [03:15<01:39, 9.14MB/s][A[A[A[A[A[A[A[A








Downloading [pytorch_model.bin]:  32%|███▏      | 413M/1.25G [03:15<01:37, 9.27MB/s][A[A[A[A[A[A[A[A








Downloading [pytorch_model.bin]:  32%|███▏      | 415M/1.25G [03:15<01:32, 9.83MB/s][A[A[A[A[A[A[A[A





Downloading [onnx/model.onnx]:  32%|███▏      | 411M/1.25G [03:15<09:38, 1.57MB/s][A[A[A[A[A






Downloading [model.safetensors]:  41%|████      | 519M/1.25G [03:15<07:52, 1.68MB/s][A[A[A[A[A[A








Downloading [pytorch_model.bin]:  33%|███▎      | 416M/1.25G [03:15<01:45, 8.55MB/s][A[A[A[A[A[A[A[A






Downloading [model.safetensors]:  41%|████      | 520M/1.25G [03:16<08:52, 1.49MB/s][A[A[A[A[A[A





Downloading [onnx/model.onnx]:  32%|███▏      | 412M/1.25G [03:17<12:37, 1.19MB/s][A[A[A[A[A








Downloading [pytorch_model.bin]:  33%|███▎      | 417M/1.25G [03:17<06:32, 2.30MB/s][A[A[A[A[A[A[A[A






Downloading [model.safetensors]:  41%|████      | 521M/1.25G [03:17<10:08, 1.31MB/s][A[A[A[A[A[A





Downloading [onnx/model.onnx]:  32%|███▏      | 413M/1.25G [03:18<12:37, 1.19MB/s][A[A[A[A[A








Downloading [pytorch_model.bin]:  33%|███▎      | 418M/1.25G [03:18<08:07, 1.85MB/s][A[A[A[A[A[A[A[A






Downloading [model.safetensors]:  41%|████      | 522M/1.25G [03:18<08:54, 1.49MB/s][A[A[A[A[A[A





Downloading [onnx/model.onnx]:  32%|███▏      | 414M/1.25G [03:18<11:04, 1.36MB/s][A[A[A[A[A








Downloading [pytorch_model.bin]:  33%|███▎      | 419M/1.25G [03:18<08:08, 1.84MB/s][A[A[A[A[A[A[A[A






Downloading [model.safetensors]:  41%|████      | 523M/1.25G [03:18<08:15, 1.60MB/s][A[A[A[A[A[A





Downloading [onnx/model.onnx]:  33%|███▎      | 415M/1.25G [03:19<10:44, 1.40MB/s][A[A[A[A[A








Downloading [pytorch_model.bin]:  33%|███▎      | 420M/1.25G [03:19<09:17, 1.62MB/s][A[A[A[A[A[A[A[A






Downloading [model.safetensors]:  41%|████      | 524M/1.25G [03:19<09:05, 1.45MB/s][A[A[A[A[A[A





Downloading [onnx/model.onnx]:  33%|███▎      | 416M/1.25G [03:20<10:12, 1.47MB/s][A[A[A[A[A






Downloading [model.safetensors]:  41%|████      | 525M/1.25G [03:20<08:26, 1.56MB/s][A[A[A[A[A[A








Downloading [pytorch_model.bin]:  33%|███▎      | 421M/1.25G [03:20<09:44, 1.54MB/s][A[A[A[A[A[A[A[A





Downloading [onnx/model.onnx]:  33%|███▎      | 417M/1.25G [03:20<09:30, 1.58MB/s][A[A[A[A[A






Downloading [model.safetensors]:  41%|████      | 526M/1.25G [03:20<07:07, 1.84MB/s][A[A[A[A[A[A








Downloading [pytorch_model.bin]:  33%|███▎      | 422M/1.25G [03:21<10:09, 1.47MB/s][A[A[A[A[A[A[A[A





Downloading [onnx/model.onnx]:  33%|███▎      | 418M/1.25G [03:21<09:53, 1.51MB/s][A[A[A[A[A






Downloading [model.safetensors]:  41%|████      | 527M/1.25G [03:21<08:16, 1.59MB/s][A[A[A[A[A[A








Downloading [pytorch_model.bin]:  33%|███▎      | 423M/1.25G [03:21<08:53, 1.68MB/s][A[A[A[A[A[A[A[A





Downloading [onnx/model.onnx]:  33%|███▎      | 419M/1.25G [03:21<08:32, 1.75MB/s][A[A[A[A[A








Downloading [pytorch_model.bin]:  33%|███▎      | 424M/1.25G [03:22<08:11, 1.82MB/s][A[A[A[A[A[A[A[A





Downloading [onnx/model.onnx]:  33%|███▎      | 420M/1.25G [03:22<09:21, 1.60MB/s][A[A[A[A[A






Downloading [model.safetensors]:  41%|████▏     | 528M/1.25G [03:22<09:55, 1.32MB/s][A[A[A[A[A[A








Downloading [pytorch_model.bin]:  33%|███▎      | 425M/1.25G [03:22<09:37, 1.55MB/s][A[A[A[A[A[A[A[A





Downloading [onnx/model.onnx]:  33%|███▎      | 421M/1.25G [03:23<10:32, 1.42MB/s][A[A[A[A[A






Downloading [model.safetensors]:  41%|████▏     | 529M/1.25G [03:23<10:31, 1.25MB/s][A[A[A[A[A[A








Downloading [pytorch_model.bin]:  33%|███▎      | 426M/1.25G [03:23<09:23, 1.59MB/s][A[A[A[A[A[A[A[A





Downloading [onnx/model.onnx]:  33%|███▎      | 422M/1.25G [03:24<11:41, 1.28MB/s][A[A[A[A[A






Downloading [model.safetensors]:  41%|████▏     | 530M/1.25G [03:24<12:01, 1.09MB/s][A[A[A[A[A[A








Downloading [pytorch_model.bin]:  33%|███▎      | 427M/1.25G [03:24<12:21, 1.20MB/s][A[A[A[A[A[A[A[A








Downloading [pytorch_model.bin]:  33%|███▎      | 428M/1.25G [03:26<15:39, 950kB/s] [A[A[A[A[A[A[A[A






Downloading [model.safetensors]:  42%|████▏     | 531M/1.25G [03:27<16:23, 797kB/s] [A[A[A[A[A[A





Downloading [onnx/model.onnx]:  33%|███▎      | 423M/1.25G [03:27<22:45, 654kB/s] [A[A[A[A[A






Downloading [model.safetensors]:  42%|████▏     | 532M/1.25G [03:28<15:50, 824kB/s][A[A[A[A[A[A








Downloading [pytorch_model.bin]:  34%|███▎      | 429M/1.25G [03:28<18:45, 792kB/s][A[A[A[A[A[A[A[A






Downloading [model.safetensors]:  42%|████▏     | 533M/1.25G [03:29<14:21, 908kB/s][A[A[A[A[A[A





Downloading [onnx/model.onnx]:  33%|███▎      | 424M/1.25G [03:29<21:48, 682kB/s][A[A[A[A[A






Downloading [model.safetensors]:  42%|████▏     | 534M/1.25G [03:29<11:29, 1.13MB/s][A[A[A[A[A[A








Downloading [pytorch_model.bin]:  34%|███▎      | 430M/1.25G [03:29<17:25, 851kB/s][A[A[A[A[A[A[A[A





Downloading [onnx/model.onnx]:  33%|███▎      | 425M/1.25G [03:29<18:16, 812kB/s][A[A[A[A[A








Downloading [pytorch_model.bin]:  34%|███▎      | 431M/1.25G [03:29<14:19, 1.03MB/s][A[A[A[A[A[A[A[A






Downloading [model.safetensors]:  42%|████▏     | 535M/1.25G [03:30<10:31, 1.23MB/s][A[A[A[A[A[A





Downloading [onnx/model.onnx]:  33%|███▎      | 426M/1.25G [03:30<16:10, 917kB/s][A[A[A[A[A








Downloading [pytorch_model.bin]:  34%|███▍      | 432M/1.25G [03:30<13:26, 1.10MB/s][A[A[A[A[A[A[A[A






Downloading [model.safetensors]:  42%|████▏     | 536M/1.25G [03:31<10:41, 1.21MB/s][A[A[A[A[A[A








Downloading [pytorch_model.bin]:  34%|███▍      | 433M/1.25G [03:31<11:21, 1.30MB/s][A[A[A[A[A[A[A[A





Downloading [onnx/model.onnx]:  33%|███▎      | 427M/1.25G [03:31<13:53, 1.07MB/s][A[A[A[A[A






Downloading [model.safetensors]:  42%|████▏     | 537M/1.25G [03:31<09:31, 1.36MB/s][A[A[A[A[A[A








Downloading [pytorch_model.bin]:  34%|███▍      | 434M/1.25G [03:31<10:10, 1.45MB/s][A[A[A[A[A[A[A[A





Downloading [onnx/model.onnx]:  34%|███▎      | 428M/1.25G [03:31<12:14, 1.21MB/s][A[A[A[A[A






Downloading [model.safetensors]:  42%|████▏     | 538M/1.25G [03:31<08:09, 1.59MB/s][A[A[A[A[A[A








Downloading [pytorch_model.bin]:  34%|███▍      | 435M/1.25G [03:32<08:50, 1.67MB/s][A[A[A[A[A[A[A[A






Downloading [model.safetensors]:  42%|████▏     | 539M/1.25G [03:32<07:58, 1.62MB/s][A[A[A[A[A[A





Downloading [onnx/model.onnx]:  34%|███▎      | 429M/1.25G [03:32<12:03, 1.23MB/s][A[A[A[A[A








Downloading [pytorch_model.bin]:  34%|███▍      | 436M/1.25G [03:32<08:43, 1.69MB/s][A[A[A[A[A[A[A[A






Downloading [model.safetensors]:  42%|████▏     | 540M/1.25G [03:33<08:04, 1.60MB/s][A[A[A[A[A[A








Downloading [pytorch_model.bin]:  34%|███▍      | 437M/1.25G [03:33<10:10, 1.45MB/s][A[A[A[A[A[A[A[A





Downloading [onnx/model.onnx]:  34%|███▎      | 430M/1.25G [03:33<13:24, 1.10MB/s][A[A[A[A[A






Downloading [model.safetensors]:  42%|████▏     | 541M/1.25G [03:34<08:50, 1.46MB/s][A[A[A[A[A[A





Downloading [onnx/model.onnx]:  34%|███▍      | 431M/1.25G [03:34<10:28, 1.41MB/s][A[A[A[A[A








Downloading [pytorch_model.bin]:  34%|███▍      | 438M/1.25G [03:34<11:06, 1.32MB/s][A[A[A[A[A[A[A[A






Downloading [model.safetensors]:  42%|████▏     | 542M/1.25G [03:34<08:34, 1.50MB/s][A[A[A[A[A[A





Downloading [onnx/model.onnx]:  34%|███▍      | 432M/1.25G [03:34<10:05, 1.46MB/s][A[A[A[A[A








Downloading [pytorch_model.bin]:  34%|███▍      | 439M/1.25G [03:35<09:44, 1.51MB/s][A[A[A[A[A[A[A[A






Downloading [model.safetensors]:  42%|████▏     | 543M/1.25G [03:35<07:37, 1.69MB/s][A[A[A[A[A[A





Downloading [onnx/model.onnx]:  34%|███▍      | 433M/1.25G [03:35<09:40, 1.52MB/s][A[A[A[A[A






Downloading [model.safetensors]:  43%|████▎     | 544M/1.25G [03:35<07:29, 1.71MB/s][A[A[A[A[A[A








Downloading [pytorch_model.bin]:  34%|███▍      | 440M/1.25G [03:36<11:11, 1.31MB/s][A[A[A[A[A[A[A[A






Downloading [model.safetensors]:  43%|████▎     | 545M/1.25G [03:36<07:45, 1.65MB/s][A[A[A[A[A[A





Downloading [onnx/model.onnx]:  34%|███▍      | 434M/1.25G [03:36<11:14, 1.31MB/s][A[A[A[A[A






Downloading [model.safetensors]:  43%|████▎     | 546M/1.25G [03:37<07:40, 1.67MB/s][A[A[A[A[A[A






Downloading [model.safetensors]:  43%|████▎     | 547M/1.25G [03:37<06:10, 2.07MB/s][A[A[A[A[A[A





Downloading [onnx/model.onnx]:  34%|███▍      | 435M/1.25G [03:37<11:03, 1.33MB/s][A[A[A[A[A








Downloading [pytorch_model.bin]:  34%|███▍      | 441M/1.25G [03:37<12:32, 1.17MB/s][A[A[A[A[A[A[A[A






Downloading [model.safetensors]:  43%|████▎     | 548M/1.25G [03:37<05:02, 2.53MB/s][A[A[A[A[A[A





Downloading [onnx/model.onnx]:  34%|███▍      | 436M/1.25G [03:37<09:14, 1.59MB/s][A[A[A[A[A






Downloading [model.safetensors]:  43%|████▎     | 549M/1.25G [03:37<04:21, 2.93MB/s][A[A[A[A[A[A








Downloading [pytorch_model.bin]:  35%|███▍      | 442M/1.25G [03:37<10:30, 1.39MB/s][A[A[A[A[A[A[A[A






Downloading [model.safetensors]:  43%|████▎     | 550M/1.25G [03:38<05:33, 2.29MB/s][A[A[A[A[A[A





Downloading [onnx/model.onnx]:  34%|███▍      | 437M/1.25G [03:38<11:06, 1.32MB/s][A[A[A[A[A








Downloading [pytorch_model.bin]:  35%|███▍      | 443M/1.25G [03:39<14:09, 1.03MB/s][A[A[A[A[A[A[A[A






Downloading [model.safetensors]:  43%|████▎     | 551M/1.25G [03:39<09:15, 1.37MB/s][A[A[A[A[A[A





Downloading [onnx/model.onnx]:  34%|███▍      | 438M/1.25G [03:40<15:36, 937kB/s] [A[A[A[A[A








Downloading [pytorch_model.bin]:  35%|███▍      | 444M/1.25G [03:40<15:36, 935kB/s] [A[A[A[A[A[A[A[A






Downloading [model.safetensors]:  43%|████▎     | 552M/1.25G [03:40<10:08, 1.25MB/s][A[A[A[A[A[A





Downloading [onnx/model.onnx]:  34%|███▍      | 439M/1.25G [03:40<12:07, 1.20MB/s][A[A[A[A[A





Downloading [onnx/model.onnx]:  35%|███▍      | 440M/1.25G [03:41<10:50, 1.35MB/s][A[A[A[A[A








Downloading [pytorch_model.bin]:  35%|███▍      | 445M/1.25G [03:41<14:59, 972kB/s][A[A[A[A[A[A[A[A






Downloading [model.safetensors]:  43%|████▎     | 553M/1.25G [03:42<10:58, 1.16MB/s][A[A[A[A[A[A





Downloading [onnx/model.onnx]:  35%|███▍      | 441M/1.25G [03:42<11:13, 1.30MB/s][A[A[A[A[A








Downloading [pytorch_model.bin]:  35%|███▍      | 446M/1.25G [03:42<14:03, 1.03MB/s][A[A[A[A[A[A[A[A





Downloading [onnx/model.onnx]:  35%|███▍      | 442M/1.25G [03:43<10:59, 1.32MB/s][A[A[A[A[A








Downloading [pytorch_model.bin]:  35%|███▍      | 447M/1.25G [03:43<12:20, 1.18MB/s][A[A[A[A[A[A[A[A






Downloading [model.safetensors]:  43%|████▎     | 554M/1.25G [03:43<12:23, 1.02MB/s][A[A[A[A[A[A





Downloading [onnx/model.onnx]:  35%|███▍      | 443M/1.25G [03:44<12:43, 1.14MB/s][A[A[A[A[A








Downloading [pytorch_model.bin]:  35%|███▌      | 448M/1.25G [03:44<14:32, 998kB/s] [A[A[A[A[A[A[A[A






Downloading [model.safetensors]:  43%|████▎     | 555M/1.25G [03:44<14:07, 895kB/s] [A[A[A[A[A[A





Downloading [onnx/model.onnx]:  35%|███▍      | 444M/1.25G [03:45<13:24, 1.08MB/s][A[A[A[A[A






Downloading [model.safetensors]:  43%|████▎     | 556M/1.25G [03:45<12:23, 1.02MB/s][A[A[A[A[A[A








Downloading [pytorch_model.bin]:  35%|███▌      | 449M/1.25G [03:45<15:37, 928kB/s][A[A[A[A[A[A[A[A






Downloading [model.safetensors]:  44%|████▎     | 557M/1.25G [03:46<10:47, 1.17MB/s][A[A[A[A[A[A





Downloading [onnx/model.onnx]:  35%|███▍      | 445M/1.25G [03:46<12:12, 1.19MB/s][A[A[A[A[A






Downloading [model.safetensors]:  44%|████▎     | 558M/1.25G [03:46<09:08, 1.38MB/s][A[A[A[A[A[A








Downloading [pytorch_model.bin]:  35%|███▌      | 450M/1.25G [03:46<14:54, 971kB/s][A[A[A[A[A[A[A[A





Downloading [onnx/model.onnx]:  35%|███▍      | 446M/1.25G [03:46<11:51, 1.22MB/s][A[A[A[A[A






Downloading [model.safetensors]:  44%|████▎     | 559M/1.25G [03:47<09:10, 1.37MB/s][A[A[A[A[A[A





Downloading [onnx/model.onnx]:  35%|███▌      | 447M/1.25G [03:47<10:42, 1.35MB/s][A[A[A[A[A








Downloading [pytorch_model.bin]:  35%|███▌      | 451M/1.25G [03:47<14:21, 1.01MB/s][A[A[A[A[A[A[A[A






Downloading [model.safetensors]:  44%|████▍     | 560M/1.25G [03:48<09:10, 1.37MB/s][A[A[A[A[A[A





Downloading [onnx/model.onnx]:  35%|███▌      | 448M/1.25G [03:48<11:43, 1.23MB/s][A[A[A[A[A








Downloading [pytorch_model.bin]:  35%|███▌      | 452M/1.25G [03:49<14:51, 972kB/s] [A[A[A[A[A[A[A[A






Downloading [model.safetensors]:  44%|████▍     | 561M/1.25G [03:49<09:58, 1.26MB/s][A[A[A[A[A[A






Downloading [model.safetensors]:  44%|████▍     | 562M/1.25G [03:49<09:29, 1.32MB/s][A[A[A[A[A[A





Downloading [onnx/model.onnx]:  35%|███▌      | 449M/1.25G [03:49<13:35, 1.06MB/s][A[A[A[A[A








Downloading [pytorch_model.bin]:  35%|███▌      | 453M/1.25G [03:50<14:27, 998kB/s][A[A[A[A[A[A[A[A






Downloading [model.safetensors]:  44%|████▍     | 563M/1.25G [03:50<07:33, 1.65MB/s][A[A[A[A[A[A





Downloading [onnx/model.onnx]:  35%|███▌      | 450M/1.25G [03:50<10:25, 1.38MB/s][A[A[A[A[A






Downloading [model.safetensors]:  44%|████▍     | 564M/1.25G [03:50<06:01, 2.07MB/s][A[A[A[A[A[A








Downloading [pytorch_model.bin]:  36%|███▌      | 454M/1.25G [03:50<11:41, 1.23MB/s][A[A[A[A[A[A[A[A





Downloading [onnx/model.onnx]:  35%|███▌      | 451M/1.25G [03:50<09:02, 1.59MB/s][A[A[A[A[A






Downloading [model.safetensors]:  44%|████▍     | 565M/1.25G [03:50<05:55, 2.11MB/s][A[A[A[A[A[A





Downloading [onnx/model.onnx]:  35%|███▌      | 452M/1.25G [03:51<08:42, 1.65MB/s][A[A[A[A[A








Downloading [pytorch_model.bin]:  36%|███▌      | 455M/1.25G [03:51<11:17, 1.27MB/s][A[A[A[A[A[A[A[A






Downloading [model.safetensors]:  44%|████▍     | 566M/1.25G [03:51<07:24, 1.68MB/s][A[A[A[A[A[A








Downloading [pytorch_model.bin]:  36%|███▌      | 456M/1.25G [03:51<10:21, 1.39MB/s][A[A[A[A[A[A[A[A





Downloading [onnx/model.onnx]:  36%|███▌      | 453M/1.25G [03:51<09:28, 1.52MB/s][A[A[A[A[A






Downloading [model.safetensors]:  44%|████▍     | 567M/1.25G [03:52<07:05, 1.75MB/s][A[A[A[A[A[A








Downloading [pytorch_model.bin]:  36%|███▌      | 457M/1.25G [03:52<10:07, 1.42MB/s][A[A[A[A[A[A[A[A





Downloading [onnx/model.onnx]:  36%|███▌      | 454M/1.25G [03:52<09:00, 1.59MB/s][A[A[A[A[A






Downloading [model.safetensors]:  44%|████▍     | 568M/1.25G [03:52<06:55, 1.79MB/s][A[A[A[A[A[A






Downloading [model.safetensors]:  45%|████▍     | 569M/1.25G [03:53<05:56, 2.09MB/s][A[A[A[A[A[A





Downloading [onnx/model.onnx]:  36%|███▌      | 455M/1.25G [03:53<08:57, 1.60MB/s][A[A[A[A[A








Downloading [pytorch_model.bin]:  36%|███▌      | 458M/1.25G [03:53<10:32, 1.36MB/s][A[A[A[A[A[A[A[A






Downloading [model.safetensors]:  45%|████▍     | 570M/1.25G [03:53<06:02, 2.05MB/s][A[A[A[A[A[A





Downloading [onnx/model.onnx]:  36%|███▌      | 456M/1.25G [03:53<08:40, 1.65MB/s][A[A[A[A[A








Downloading [pytorch_model.bin]:  36%|███▌      | 459M/1.25G [03:53<09:13, 1.55MB/s][A[A[A[A[A[A[A[A






Downloading [model.safetensors]:  45%|████▍     | 571M/1.25G [03:53<05:17, 2.34MB/s][A[A[A[A[A[A






Downloading [model.safetensors]:  45%|████▍     | 572M/1.25G [03:54<05:11, 2.38MB/s][A[A[A[A[A[A








Downloading [pytorch_model.bin]:  36%|███▌      | 460M/1.25G [03:54<08:45, 1.63MB/s][A[A[A[A[A[A[A[A





Downloading [onnx/model.onnx]:  36%|███▌      | 457M/1.25G [03:54<08:36, 1.66MB/s][A[A[A[A[A






Downloading [model.safetensors]:  45%|████▍     | 573M/1.25G [03:54<04:56, 2.49MB/s][A[A[A[A[A[A





Downloading [onnx/model.onnx]:  36%|███▌      | 458M/1.25G [03:54<08:09, 1.75MB/s][A[A[A[A[A








Downloading [pytorch_model.bin]:  36%|███▌      | 461M/1.25G [03:55<09:41, 1.48MB/s][A[A[A[A[A[A[A[A






Downloading [model.safetensors]:  45%|████▍     | 574M/1.25G [03:56<08:12, 1.50MB/s][A[A[A[A[A[A





Downloading [onnx/model.onnx]:  36%|███▌      | 459M/1.25G [03:56<10:47, 1.32MB/s][A[A[A[A[A








Downloading [pytorch_model.bin]:  36%|███▌      | 462M/1.25G [03:56<13:32, 1.05MB/s][A[A[A[A[A[A[A[A





Downloading [onnx/model.onnx]:  36%|███▌      | 460M/1.25G [03:57<13:03, 1.09MB/s][A[A[A[A[A








Downloading [pytorch_model.bin]:  36%|███▌      | 463M/1.25G [03:57<12:06, 1.18MB/s][A[A[A[A[A[A[A[A






Downloading [model.safetensors]:  45%|████▍     | 575M/1.25G [03:57<11:06, 1.11MB/s][A[A[A[A[A[A








Downloading [pytorch_model.bin]:  36%|███▋      | 464M/1.25G [03:57<10:03, 1.41MB/s][A[A[A[A[A[A[A[A





Downloading [onnx/model.onnx]:  36%|███▌      | 461M/1.25G [03:58<12:13, 1.16MB/s][A[A[A[A[A








Downloading [pytorch_model.bin]:  36%|███▋      | 465M/1.25G [03:58<09:11, 1.55MB/s][A[A[A[A[A[A[A[A






Downloading [model.safetensors]:  45%|████▌     | 576M/1.25G [03:58<11:04, 1.11MB/s][A[A[A[A[A[A








Downloading [pytorch_model.bin]:  36%|███▋      | 466M/1.25G [03:58<08:33, 1.66MB/s][A[A[A[A[A[A[A[A





Downloading [onnx/model.onnx]:  36%|███▌      | 462M/1.25G [03:58<11:31, 1.23MB/s][A[A[A[A[A






Downloading [model.safetensors]:  45%|████▌     | 577M/1.25G [03:59<10:24, 1.18MB/s][A[A[A[A[A[A








Downloading [pytorch_model.bin]:  37%|███▋      | 467M/1.25G [03:59<07:44, 1.83MB/s][A[A[A[A[A[A[A[A





Downloading [onnx/model.onnx]:  36%|███▋      | 463M/1.25G [03:59<10:04, 1.41MB/s][A[A[A[A[A






Downloading [model.safetensors]:  45%|████▌     | 578M/1.25G [03:59<09:27, 1.29MB/s][A[A[A[A[A[A





Downloading [onnx/model.onnx]:  36%|███▋      | 464M/1.25G [03:59<09:09, 1.55MB/s][A[A[A[A[A








Downloading [pytorch_model.bin]:  37%|███▋      | 468M/1.25G [04:00<08:07, 1.74MB/s][A[A[A[A[A[A[A[A






Downloading [model.safetensors]:  45%|████▌     | 579M/1.25G [04:00<08:11, 1.49MB/s][A[A[A[A[A[A








Downloading [pytorch_model.bin]:  37%|███▋      | 469M/1.25G [04:00<07:50, 1.80MB/s][A[A[A[A[A[A[A[A





Downloading [onnx/model.onnx]:  36%|███▋      | 465M/1.25G [04:00<09:11, 1.54MB/s][A[A[A[A[A






Downloading [model.safetensors]:  45%|████▌     | 580M/1.25G [04:00<07:00, 1.74MB/s][A[A[A[A[A[A








Downloading [pytorch_model.bin]:  37%|███▋      | 470M/1.25G [04:00<06:07, 2.31MB/s][A[A[A[A[A[A[A[A






Downloading [model.safetensors]:  45%|████▌     | 581M/1.25G [04:01<06:10, 1.98MB/s][A[A[A[A[A[A





Downloading [onnx/model.onnx]:  37%|███▋      | 466M/1.25G [04:01<08:53, 1.59MB/s][A[A[A[A[A






Downloading [model.safetensors]:  46%|████▌     | 582M/1.25G [04:01<05:34, 2.18MB/s][A[A[A[A[A[A








Downloading [pytorch_model.bin]:  37%|███▋      | 471M/1.25G [04:01<07:39, 1.84MB/s][A[A[A[A[A[A[A[A






Downloading [model.safetensors]:  46%|████▌     | 583M/1.25G [04:01<04:51, 2.50MB/s][A[A[A[A[A[A






Downloading [model.safetensors]:  46%|████▌     | 584M/1.25G [04:01<04:13, 2.87MB/s][A[A[A[A[A[A





Downloading [onnx/model.onnx]:  37%|███▋      | 467M/1.25G [04:02<10:46, 1.31MB/s][A[A[A[A[A






Downloading [model.safetensors]:  46%|████▌     | 585M/1.25G [04:02<05:13, 2.32MB/s][A[A[A[A[A[A








Downloading [pytorch_model.bin]:  37%|███▋      | 472M/1.25G [04:02<09:49, 1.43MB/s][A[A[A[A[A[A[A[A






Downloading [model.safetensors]:  46%|████▌     | 586M/1.25G [04:03<05:26, 2.22MB/s][A[A[A[A[A[A





Downloading [onnx/model.onnx]:  37%|███▋      | 468M/1.25G [04:03<10:22, 1.36MB/s][A[A[A[A[A








Downloading [pytorch_model.bin]:  37%|███▋      | 473M/1.25G [04:03<09:05, 1.55MB/s][A[A[A[A[A[A[A[A





Downloading [onnx/model.onnx]:  37%|███▋      | 469M/1.25G [04:03<08:49, 1.60MB/s][A[A[A[A[A








Downloading [pytorch_model.bin]:  37%|███▋      | 474M/1.25G [04:03<07:50, 1.79MB/s][A[A[A[A[A[A[A[A






Downloading [model.safetensors]:  46%|████▌     | 587M/1.25G [04:03<05:51, 2.06MB/s][A[A[A[A[A[A





Downloading [onnx/model.onnx]:  37%|███▋      | 470M/1.25G [04:03<07:37, 1.84MB/s][A[A[A[A[A






Downloading [model.safetensors]:  46%|████▌     | 588M/1.25G [04:04<05:50, 2.07MB/s][A[A[A[A[A[A








Downloading [pytorch_model.bin]:  37%|███▋      | 475M/1.25G [04:04<08:04, 1.74MB/s][A[A[A[A[A[A[A[A






Downloading [model.safetensors]:  46%|████▌     | 589M/1.25G [04:04<06:14, 1.93MB/s][A[A[A[A[A[A





Downloading [onnx/model.onnx]:  37%|███▋      | 471M/1.25G [04:04<09:32, 1.47MB/s][A[A[A[A[A








Downloading [pytorch_model.bin]:  37%|███▋      | 476M/1.25G [04:04<08:33, 1.64MB/s][A[A[A[A[A[A[A[A






Downloading [model.safetensors]:  46%|████▌     | 590M/1.25G [04:05<05:28, 2.19MB/s][A[A[A[A[A[A





Downloading [onnx/model.onnx]:  37%|███▋      | 472M/1.25G [04:05<08:35, 1.63MB/s][A[A[A[A[A






Downloading [model.safetensors]:  46%|████▌     | 591M/1.25G [04:05<05:10, 2.32MB/s][A[A[A[A[A[A








Downloading [pytorch_model.bin]:  37%|███▋      | 477M/1.25G [04:05<09:04, 1.54MB/s][A[A[A[A[A[A[A[A





Downloading [onnx/model.onnx]:  37%|███▋      | 473M/1.25G [04:06<08:25, 1.66MB/s][A[A[A[A[A






Downloading [model.safetensors]:  46%|████▋     | 592M/1.25G [04:06<05:09, 2.33MB/s][A[A[A[A[A[A








Downloading [pytorch_model.bin]:  37%|███▋      | 478M/1.25G [04:06<07:54, 1.77MB/s][A[A[A[A[A[A[A[A





Downloading [onnx/model.onnx]:  37%|███▋      | 474M/1.25G [04:06<06:56, 2.02MB/s][A[A[A[A[A






Downloading [model.safetensors]:  46%|████▋     | 593M/1.25G [04:06<04:29, 2.67MB/s][A[A[A[A[A[A








Downloading [pytorch_model.bin]:  37%|███▋      | 479M/1.25G [04:06<06:27, 2.16MB/s][A[A[A[A[A[A[A[A





Downloading [onnx/model.onnx]:  37%|███▋      | 475M/1.25G [04:06<05:37, 2.48MB/s][A[A[A[A[A






Downloading [model.safetensors]:  46%|████▋     | 594M/1.25G [04:06<04:07, 2.90MB/s][A[A[A[A[A[A





Downloading [onnx/model.onnx]:  37%|███▋      | 476M/1.25G [04:06<04:39, 3.00MB/s][A[A[A[A[A








Downloading [pytorch_model.bin]:  38%|███▊      | 480M/1.25G [04:06<05:33, 2.51MB/s][A[A[A[A[A[A[A[A





Downloading [onnx/model.onnx]:  37%|███▋      | 477M/1.25G [04:06<04:05, 3.41MB/s][A[A[A[A[A






Downloading [model.safetensors]:  47%|████▋     | 595M/1.25G [04:06<03:57, 3.02MB/s][A[A[A[A[A[A








Downloading [pytorch_model.bin]:  38%|███▊      | 481M/1.25G [04:06<05:11, 2.68MB/s][A[A[A[A[A[A[A[A





Downloading [onnx/model.onnx]:  37%|███▋      | 478M/1.25G [04:07<03:47, 3.68MB/s][A[A[A[A[A






Downloading [model.safetensors]:  47%|████▋     | 596M/1.25G [04:07<04:50, 2.46MB/s][A[A[A[A[A[A








Downloading [pytorch_model.bin]:  38%|███▊      | 482M/1.25G [04:07<07:22, 1.89MB/s][A[A[A[A[A[A[A[A






Downloading [model.safetensors]:  47%|████▋     | 597M/1.25G [04:08<06:21, 1.87MB/s][A[A[A[A[A[A





Downloading [onnx/model.onnx]:  38%|███▊      | 479M/1.25G [04:08<08:12, 1.70MB/s][A[A[A[A[A








Downloading [pytorch_model.bin]:  38%|███▊      | 483M/1.25G [04:08<09:23, 1.48MB/s][A[A[A[A[A[A[A[A






Downloading [model.safetensors]:  47%|████▋     | 598M/1.25G [04:09<07:02, 1.69MB/s][A[A[A[A[A[A








Downloading [pytorch_model.bin]:  38%|███▊      | 484M/1.25G [04:09<07:39, 1.81MB/s][A[A[A[A[A[A[A[A





Downloading [onnx/model.onnx]:  38%|███▊      | 480M/1.25G [04:09<09:00, 1.54MB/s][A[A[A[A[A






Downloading [model.safetensors]:  47%|████▋     | 599M/1.25G [04:09<06:02, 1.97MB/s][A[A[A[A[A[A








Downloading [pytorch_model.bin]:  38%|███▊      | 485M/1.25G [04:09<06:18, 2.20MB/s][A[A[A[A[A[A[A[A





Downloading [onnx/model.onnx]:  38%|███▊      | 482M/1.25G [04:09<06:05, 2.27MB/s][A[A[A[A[A






Downloading [model.safetensors]:  47%|████▋     | 600M/1.25G [04:09<05:35, 2.12MB/s][A[A[A[A[A[A








Downloading [pytorch_model.bin]:  38%|███▊      | 486M/1.25G [04:09<05:58, 2.32MB/s][A[A[A[A[A[A[A[A






Downloading [model.safetensors]:  47%|████▋     | 601M/1.25G [04:10<05:02, 2.35MB/s][A[A[A[A[A[A








Downloading [pytorch_model.bin]:  38%|███▊      | 487M/1.25G [04:10<05:44, 2.41MB/s][A[A[A[A[A[A[A[A





Downloading [onnx/model.onnx]:  38%|███▊      | 483M/1.25G [04:10<06:44, 2.05MB/s][A[A[A[A[A





Downloading [onnx/model.onnx]:  38%|███▊      | 484M/1.25G [04:10<05:33, 2.49MB/s][A[A[A[A[A





Downloading [onnx/model.onnx]:  38%|███▊      | 485M/1.25G [04:10<04:42, 2.93MB/s][A[A[A[A[A






Downloading [model.safetensors]:  47%|████▋     | 602M/1.25G [04:10<05:25, 2.18MB/s][A[A[A[A[A[A








Downloading [pytorch_model.bin]:  38%|███▊      | 488M/1.25G [04:10<06:25, 2.15MB/s][A[A[A[A[A[A[A[A





Downloading [onnx/model.onnx]:  38%|███▊      | 486M/1.25G [04:11<04:38, 2.97MB/s][A[A[A[A[A






Downloading [model.safetensors]:  47%|████▋     | 603M/1.25G [04:11<05:19, 2.22MB/s][A[A[A[A[A[A








Downloading [pytorch_model.bin]:  38%|███▊      | 489M/1.25G [04:11<06:24, 2.16MB/s][A[A[A[A[A[A[A[A





Downloading [onnx/model.onnx]:  38%|███▊      | 487M/1.25G [04:11<04:36, 2.98MB/s][A[A[A[A[A






Downloading [model.safetensors]:  47%|████▋     | 604M/1.25G [04:11<05:06, 2.30MB/s][A[A[A[A[A[A








Downloading [pytorch_model.bin]:  38%|███▊      | 490M/1.25G [04:11<06:09, 2.24MB/s][A[A[A[A[A[A[A[A





Downloading [onnx/model.onnx]:  38%|███▊      | 488M/1.25G [04:11<04:52, 2.83MB/s][A[A[A[A[A






Downloading [model.safetensors]:  47%|████▋     | 605M/1.25G [04:12<05:29, 2.14MB/s][A[A[A[A[A[A





Downloading [onnx/model.onnx]:  38%|███▊      | 489M/1.25G [04:12<05:29, 2.50MB/s][A[A[A[A[A








Downloading [pytorch_model.bin]:  38%|███▊      | 491M/1.25G [04:12<07:00, 1.96MB/s][A[A[A[A[A[A[A[A






Downloading [model.safetensors]:  47%|████▋     | 606M/1.25G [04:12<06:00, 1.96MB/s][A[A[A[A[A[A





Downloading [onnx/model.onnx]:  38%|███▊      | 490M/1.25G [04:12<05:55, 2.31MB/s][A[A[A[A[A








Downloading [pytorch_model.bin]:  38%|███▊      | 492M/1.25G [04:13<07:12, 1.91MB/s][A[A[A[A[A[A[A[A






Downloading [model.safetensors]:  47%|████▋     | 607M/1.25G [04:13<05:02, 2.33MB/s][A[A[A[A[A[A





Downloading [onnx/model.onnx]:  39%|███▊      | 491M/1.25G [04:13<05:05, 2.69MB/s][A[A[A[A[A






Downloading [model.safetensors]:  48%|████▊     | 608M/1.25G [04:13<04:19, 2.71MB/s][A[A[A[A[A[A





Downloading [onnx/model.onnx]:  39%|███▊      | 492M/1.25G [04:13<05:34, 2.46MB/s][A[A[A[A[A








Downloading [pytorch_model.bin]:  39%|███▊      | 493M/1.25G [04:13<07:23, 1.86MB/s][A[A[A[A[A[A[A[A






Downloading [model.safetensors]:  48%|████▊     | 609M/1.25G [04:13<04:20, 2.69MB/s][A[A[A[A[A[A






Downloading [model.safetensors]:  48%|████▊     | 610M/1.25G [04:14<04:28, 2.61MB/s][A[A[A[A[A[A





Downloading [onnx/model.onnx]:  39%|███▊      | 493M/1.25G [04:14<05:46, 2.37MB/s][A[A[A[A[A








Downloading [pytorch_model.bin]:  39%|███▊      | 494M/1.25G [04:14<07:01, 1.95MB/s][A[A[A[A[A[A[A[A





Downloading [onnx/model.onnx]:  39%|███▊      | 494M/1.25G [04:14<05:35, 2.44MB/s][A[A[A[A[A








Downloading [pytorch_model.bin]:  39%|███▊      | 495M/1.25G [04:14<06:30, 2.10MB/s][A[A[A[A[A[A[A[A








Downloading [pytorch_model.bin]:  39%|███▉      | 496M/1.25G [04:14<05:49, 2.35MB/s][A[A[A[A[A[A[A[A






Downloading [model.safetensors]:  48%|████▊     | 611M/1.25G [04:14<05:36, 2.08MB/s][A[A[A[A[A[A





Downloading [onnx/model.onnx]:  39%|███▉      | 495M/1.25G [04:14<05:39, 2.41MB/s][A[A[A[A[A








Downloading [pytorch_model.bin]:  39%|███▉      | 497M/1.25G [04:15<05:05, 2.69MB/s][A[A[A[A[A[A[A[A





Downloading [onnx/model.onnx]:  39%|███▉      | 496M/1.25G [04:15<05:05, 2.67MB/s][A[A[A[A[A








Downloading [pytorch_model.bin]:  39%|███▉      | 498M/1.25G [04:15<04:28, 3.05MB/s][A[A[A[A[A[A[A[A






Downloading [model.safetensors]:  48%|████▊     | 612M/1.25G [04:15<06:16, 1.85MB/s][A[A[A[A[A[A






Downloading [model.safetensors]:  48%|████▊     | 613M/1.25G [04:15<04:55, 2.36MB/s][A[A[A[A[A[A








Downloading [pytorch_model.bin]:  39%|███▉      | 499M/1.25G [04:15<04:47, 2.84MB/s][A[A[A[A[A[A[A[A





Downloading [onnx/model.onnx]:  39%|███▉      | 497M/1.25G [04:15<05:51, 2.32MB/s][A[A[A[A[A








Downloading [pytorch_model.bin]:  39%|███▉      | 500M/1.25G [04:16<04:38, 2.93MB/s][A[A[A[A[A[A[A[A






Downloading [model.safetensors]:  48%|████▊     | 614M/1.25G [04:16<04:44, 2.45MB/s][A[A[A[A[A[A





Downloading [onnx/model.onnx]:  39%|███▉      | 498M/1.25G [04:16<05:33, 2.45MB/s][A[A[A[A[A








Downloading [pytorch_model.bin]:  39%|███▉      | 501M/1.25G [04:16<04:14, 3.20MB/s][A[A[A[A[A[A[A[A






Downloading [model.safetensors]:  48%|████▊     | 615M/1.25G [04:16<04:14, 2.73MB/s][A[A[A[A[A[A





Downloading [onnx/model.onnx]:  39%|███▉      | 499M/1.25G [04:16<05:10, 2.62MB/s][A[A[A[A[A








Downloading [pytorch_model.bin]:  39%|███▉      | 502M/1.25G [04:16<04:14, 3.20MB/s][A[A[A[A[A[A[A[A






Downloading [model.safetensors]:  48%|████▊     | 616M/1.25G [04:16<04:10, 2.77MB/s][A[A[A[A[A[A








Downloading [pytorch_model.bin]:  39%|███▉      | 503M/1.25G [04:16<03:49, 3.55MB/s][A[A[A[A[A[A[A[A





Downloading [onnx/model.onnx]:  39%|███▉      | 500M/1.25G [04:17<05:19, 2.55MB/s][A[A[A[A[A






Downloading [model.safetensors]:  48%|████▊     | 617M/1.25G [04:17<03:50, 3.01MB/s][A[A[A[A[A[A








Downloading [pytorch_model.bin]:  39%|███▉      | 504M/1.25G [04:17<03:27, 3.91MB/s][A[A[A[A[A[A[A[A






Downloading [model.safetensors]:  48%|████▊     | 618M/1.25G [04:17<03:34, 3.22MB/s][A[A[A[A[A[A





Downloading [onnx/model.onnx]:  39%|███▉      | 501M/1.25G [04:17<05:12, 2.59MB/s][A[A[A[A[A








Downloading [pytorch_model.bin]:  39%|███▉      | 505M/1.25G [04:17<03:28, 3.88MB/s][A[A[A[A[A[A[A[A






Downloading [model.safetensors]:  48%|████▊     | 619M/1.25G [04:17<04:13, 2.73MB/s][A[A[A[A[A[A





Downloading [onnx/model.onnx]:  39%|███▉      | 502M/1.25G [04:18<05:59, 2.25MB/s][A[A[A[A[A








Downloading [pytorch_model.bin]:  40%|███▉      | 506M/1.25G [04:18<04:44, 2.85MB/s][A[A[A[A[A[A[A[A






Downloading [model.safetensors]:  48%|████▊     | 620M/1.25G [04:18<04:02, 2.84MB/s][A[A[A[A[A[A





Downloading [onnx/model.onnx]:  39%|███▉      | 503M/1.25G [04:18<05:20, 2.53MB/s][A[A[A[A[A








Downloading [pytorch_model.bin]:  40%|███▉      | 507M/1.25G [04:18<05:29, 2.46MB/s][A[A[A[A[A[A[A[A





Downloading [onnx/model.onnx]:  40%|███▉      | 504M/1.25G [04:18<05:18, 2.54MB/s][A[A[A[A[A






Downloading [model.safetensors]:  49%|████▊     | 621M/1.25G [04:18<04:54, 2.34MB/s][A[A[A[A[A[A








Downloading [pytorch_model.bin]:  40%|███▉      | 508M/1.25G [04:18<05:25, 2.48MB/s][A[A[A[A[A[A[A[A






Downloading [model.safetensors]:  49%|████▊     | 622M/1.25G [04:19<04:42, 2.44MB/s][A[A[A[A[A[A





Downloading [onnx/model.onnx]:  40%|███▉      | 505M/1.25G [04:19<05:41, 2.36MB/s][A[A[A[A[A








Downloading [pytorch_model.bin]:  40%|███▉      | 509M/1.25G [04:19<05:33, 2.42MB/s][A[A[A[A[A[A[A[A






Downloading [model.safetensors]:  49%|████▊     | 623M/1.25G [04:19<04:37, 2.48MB/s][A[A[A[A[A[A





Downloading [onnx/model.onnx]:  40%|███▉      | 506M/1.25G [04:19<06:19, 2.12MB/s][A[A[A[A[A








Downloading [pytorch_model.bin]:  40%|███▉      | 510M/1.25G [04:19<05:33, 2.42MB/s][A[A[A[A[A[A[A[A






Downloading [model.safetensors]:  49%|████▉     | 624M/1.25G [04:19<04:14, 2.70MB/s][A[A[A[A[A[A






Downloading [model.safetensors]:  49%|████▉     | 625M/1.25G [04:20<04:26, 2.57MB/s][A[A[A[A[A[A








Downloading [pytorch_model.bin]:  40%|███▉      | 511M/1.25G [04:20<06:21, 2.11MB/s][A[A[A[A[A[A[A[A





Downloading [onnx/model.onnx]:  40%|███▉      | 507M/1.25G [04:20<07:05, 1.89MB/s][A[A[A[A[A






Downloading [model.safetensors]:  49%|████▉     | 626M/1.25G [04:21<05:05, 2.24MB/s][A[A[A[A[A[A








Downloading [pytorch_model.bin]:  40%|████      | 512M/1.25G [04:21<06:26, 2.08MB/s][A[A[A[A[A[A[A[A





Downloading [onnx/model.onnx]:  40%|███▉      | 508M/1.25G [04:21<07:53, 1.70MB/s][A[A[A[A[A






Downloading [model.safetensors]:  49%|████▉     | 627M/1.25G [04:21<04:55, 2.32MB/s][A[A[A[A[A[A








Downloading [pytorch_model.bin]:  40%|████      | 513M/1.25G [04:21<06:33, 2.04MB/s][A[A[A[A[A[A[A[A






Downloading [model.safetensors]:  49%|████▉     | 628M/1.25G [04:21<04:07, 2.75MB/s][A[A[A[A[A[A





Downloading [onnx/model.onnx]:  40%|███▉      | 509M/1.25G [04:21<06:52, 1.95MB/s][A[A[A[A[A






Downloading [model.safetensors]:  49%|████▉     | 629M/1.25G [04:22<04:50, 2.34MB/s][A[A[A[A[A[A








Downloading [pytorch_model.bin]:  40%|████      | 514M/1.25G [04:22<07:03, 1.89MB/s][A[A[A[A[A[A[A[A





Downloading [onnx/model.onnx]:  40%|████      | 510M/1.25G [04:22<07:11, 1.86MB/s][A[A[A[A[A






Downloading [model.safetensors]:  49%|████▉     | 630M/1.25G [04:22<03:44, 3.02MB/s][A[A[A[A[A[A








Downloading [pytorch_model.bin]:  40%|████      | 515M/1.25G [04:22<05:38, 2.37MB/s][A[A[A[A[A[A[A[A






Downloading [model.safetensors]:  49%|████▉     | 631M/1.25G [04:22<03:07, 3.62MB/s][A[A[A[A[A[A





Downloading [onnx/model.onnx]:  40%|████      | 511M/1.25G [04:22<05:52, 2.27MB/s][A[A[A[A[A








Downloading [pytorch_model.bin]:  40%|████      | 516M/1.25G [04:22<04:38, 2.87MB/s][A[A[A[A[A[A[A[A






Downloading [model.safetensors]:  49%|████▉     | 632M/1.25G [04:22<02:36, 4.32MB/s][A[A[A[A[A[A





Downloading [onnx/model.onnx]:  40%|████      | 512M/1.25G [04:22<04:48, 2.78MB/s][A[A[A[A[A






Downloading [model.safetensors]:  50%|████▉     | 633M/1.25G [04:22<02:22, 4.74MB/s][A[A[A[A[A[A








Downloading [pytorch_model.bin]:  40%|████      | 517M/1.25G [04:22<04:00, 3.31MB/s][A[A[A[A[A[A[A[A






Downloading [model.safetensors]:  50%|████▉     | 634M/1.25G [04:22<02:10, 5.18MB/s][A[A[A[A[A[A








Downloading [pytorch_model.bin]:  41%|████      | 518M/1.25G [04:23<03:34, 3.73MB/s][A[A[A[A[A[A[A[A






Downloading [model.safetensors]:  50%|████▉     | 635M/1.25G [04:23<02:00, 5.60MB/s][A[A[A[A[A[A








Downloading [pytorch_model.bin]:  41%|████      | 519M/1.25G [04:23<03:17, 4.04MB/s][A[A[A[A[A[A[A[A






Downloading [model.safetensors]:  50%|████▉     | 636M/1.25G [04:23<01:51, 6.02MB/s][A[A[A[A[A[A





Downloading [onnx/model.onnx]:  40%|████      | 513M/1.25G [04:23<05:57, 2.24MB/s][A[A[A[A[A






Downloading [model.safetensors]:  50%|████▉     | 637M/1.25G [04:23<02:00, 5.60MB/s][A[A[A[A[A[A





Downloading [onnx/model.onnx]:  40%|████      | 514M/1.25G [04:23<04:50, 2.74MB/s][A[A[A[A[A








Downloading [pytorch_model.bin]:  41%|████      | 520M/1.25G [04:23<04:04, 3.26MB/s][A[A[A[A[A[A[A[A






Downloading [model.safetensors]:  50%|████▉     | 638M/1.25G [04:23<02:10, 5.14MB/s][A[A[A[A[A[A






Downloading [model.safetensors]:  50%|████▉     | 639M/1.25G [04:23<02:02, 5.47MB/s][A[A[A[A[A[A





Downloading [onnx/model.onnx]:  40%|████      | 515M/1.25G [04:23<04:46, 2.78MB/s][A[A[A[A[A








Downloading [pytorch_model.bin]:  41%|████      | 521M/1.25G [04:23<03:53, 3.40MB/s][A[A[A[A[A[A[A[A






Downloading [model.safetensors]:  50%|█████     | 640M/1.25G [04:24<02:02, 5.48MB/s][A[A[A[A[A[A








Downloading [pytorch_model.bin]:  41%|████      | 522M/1.25G [04:24<03:40, 3.60MB/s][A[A[A[A[A[A[A[A






Downloading [model.safetensors]:  50%|█████     | 641M/1.25G [04:24<02:02, 5.47MB/s][A[A[A[A[A[A





Downloading [onnx/model.onnx]:  40%|████      | 516M/1.25G [04:24<04:51, 2.73MB/s][A[A[A[A[A






Downloading [model.safetensors]:  50%|█████     | 642M/1.25G [04:24<01:56, 5.71MB/s][A[A[A[A[A[A








Downloading [pytorch_model.bin]:  41%|████      | 523M/1.25G [04:24<03:38, 3.63MB/s][A[A[A[A[A[A[A[A






Downloading [model.safetensors]:  50%|█████     | 643M/1.25G [04:24<01:57, 5.67MB/s][A[A[A[A[A[A





Downloading [onnx/model.onnx]:  41%|████      | 517M/1.25G [04:24<04:59, 2.65MB/s][A[A[A[A[A






Downloading [model.safetensors]:  50%|█████     | 644M/1.25G [04:24<01:54, 5.80MB/s][A[A[A[A[A[A








Downloading [pytorch_model.bin]:  41%|████      | 524M/1.25G [04:24<03:41, 3.58MB/s][A[A[A[A[A[A[A[A





Downloading [onnx/model.onnx]:  41%|████      | 518M/1.25G [04:24<04:25, 2.99MB/s][A[A[A[A[A






Downloading [model.safetensors]:  50%|█████     | 645M/1.25G [04:25<02:07, 5.22MB/s][A[A[A[A[A[A








Downloading [pytorch_model.bin]:  41%|████      | 525M/1.25G [04:25<04:04, 3.23MB/s][A[A[A[A[A[A[A[A





Downloading [onnx/model.onnx]:  41%|████      | 519M/1.25G [04:25<04:10, 3.17MB/s][A[A[A[A[A






Downloading [model.safetensors]:  51%|█████     | 646M/1.25G [04:25<02:22, 4.65MB/s][A[A[A[A[A[A








Downloading [pytorch_model.bin]:  41%|████      | 526M/1.25G [04:25<03:54, 3.37MB/s][A[A[A[A[A[A[A[A





Downloading [onnx/model.onnx]:  41%|████      | 520M/1.25G [04:25<04:01, 3.27MB/s][A[A[A[A[A






Downloading [model.safetensors]:  51%|█████     | 647M/1.25G [04:25<02:32, 4.34MB/s][A[A[A[A[A[A








Downloading [pytorch_model.bin]:  41%|████      | 527M/1.25G [04:25<04:14, 3.09MB/s][A[A[A[A[A[A[A[A






Downloading [model.safetensors]:  51%|█████     | 648M/1.25G [04:25<02:50, 3.89MB/s][A[A[A[A[A[A





Downloading [onnx/model.onnx]:  41%|████      | 521M/1.25G [04:26<04:36, 2.86MB/s][A[A[A[A[A








Downloading [pytorch_model.bin]:  41%|████▏     | 528M/1.25G [04:26<04:17, 3.06MB/s][A[A[A[A[A[A[A[A






Downloading [model.safetensors]:  51%|█████     | 649M/1.25G [04:26<03:08, 3.51MB/s][A[A[A[A[A[A





Downloading [onnx/model.onnx]:  41%|████      | 522M/1.25G [04:26<04:57, 2.65MB/s][A[A[A[A[A






Downloading [model.safetensors]:  51%|█████     | 650M/1.25G [04:26<02:57, 3.71MB/s][A[A[A[A[A[A








Downloading [pytorch_model.bin]:  41%|████▏     | 529M/1.25G [04:26<04:53, 2.68MB/s][A[A[A[A[A[A[A[A





Downloading [onnx/model.onnx]:  41%|████      | 523M/1.25G [04:26<04:32, 2.89MB/s][A[A[A[A[A






Downloading [model.safetensors]:  51%|█████     | 651M/1.25G [04:26<03:02, 3.61MB/s][A[A[A[A[A[A





Downloading [onnx/model.onnx]:  41%|████      | 524M/1.25G [04:27<04:15, 3.08MB/s][A[A[A[A[A








Downloading [pytorch_model.bin]:  41%|████▏     | 530M/1.25G [04:27<04:50, 2.70MB/s][A[A[A[A[A[A[A[A





Downloading [onnx/model.onnx]:  41%|████      | 525M/1.25G [04:27<05:21, 2.44MB/s][A[A[A[A[A






Downloading [model.safetensors]:  51%|█████     | 652M/1.25G [04:27<05:15, 2.08MB/s][A[A[A[A[A[A








Downloading [pytorch_model.bin]:  42%|████▏     | 531M/1.25G [04:27<06:15, 2.09MB/s][A[A[A[A[A[A[A[A





Downloading [onnx/model.onnx]:  41%|████▏     | 526M/1.25G [04:28<05:09, 2.53MB/s][A[A[A[A[A






Downloading [model.safetensors]:  51%|█████     | 653M/1.25G [04:28<04:29, 2.44MB/s][A[A[A[A[A[A








Downloading [pytorch_model.bin]:  42%|████▏     | 532M/1.25G [04:28<05:21, 2.44MB/s][A[A[A[A[A[A[A[A





Downloading [onnx/model.onnx]:  41%|████▏     | 527M/1.25G [04:28<04:42, 2.77MB/s][A[A[A[A[A








Downloading [pytorch_model.bin]:  42%|████▏     | 533M/1.25G [04:28<04:59, 2.61MB/s][A[A[A[A[A[A[A[A






Downloading [model.safetensors]:  51%|█████     | 654M/1.25G [04:28<04:42, 2.32MB/s][A[A[A[A[A[A





Downloading [onnx/model.onnx]:  41%|████▏     | 528M/1.25G [04:28<05:21, 2.44MB/s][A[A[A[A[A








Downloading [pytorch_model.bin]:  42%|████▏     | 534M/1.25G [04:28<05:22, 2.42MB/s][A[A[A[A[A[A[A[A






Downloading [model.safetensors]:  51%|█████     | 655M/1.25G [04:29<05:01, 2.17MB/s][A[A[A[A[A[A





Downloading [onnx/model.onnx]:  41%|████▏     | 529M/1.25G [04:29<05:10, 2.52MB/s][A[A[A[A[A








Downloading [pytorch_model.bin]:  42%|████▏     | 535M/1.25G [04:29<05:09, 2.52MB/s][A[A[A[A[A[A[A[A






Downloading [model.safetensors]:  51%|█████▏    | 656M/1.25G [04:29<04:25, 2.46MB/s][A[A[A[A[A[A





Downloading [onnx/model.onnx]:  42%|████▏     | 530M/1.25G [04:29<04:52, 2.67MB/s][A[A[A[A[A








Downloading [pytorch_model.bin]:  42%|████▏     | 536M/1.25G [04:29<05:04, 2.56MB/s][A[A[A[A[A[A[A[A






Downloading [model.safetensors]:  51%|█████▏    | 657M/1.25G [04:29<04:07, 2.64MB/s][A[A[A[A[A[A





Downloading [onnx/model.onnx]:  42%|████▏     | 531M/1.25G [04:30<05:19, 2.44MB/s][A[A[A[A[A






Downloading [model.safetensors]:  51%|█████▏    | 658M/1.25G [04:30<04:15, 2.54MB/s][A[A[A[A[A[A








Downloading [pytorch_model.bin]:  42%|████▏     | 537M/1.25G [04:30<05:30, 2.35MB/s][A[A[A[A[A[A[A[A





Downloading [onnx/model.onnx]:  42%|████▏     | 532M/1.25G [04:30<05:49, 2.23MB/s][A[A[A[A[A






Downloading [model.safetensors]:  52%|█████▏    | 659M/1.25G [04:30<04:31, 2.39MB/s][A[A[A[A[A[A








Downloading [pytorch_model.bin]:  42%|████▏     | 538M/1.25G [04:30<06:14, 2.07MB/s][A[A[A[A[A[A[A[A






Downloading [model.safetensors]:  52%|█████▏    | 660M/1.25G [04:31<04:49, 2.24MB/s][A[A[A[A[A[A





Downloading [onnx/model.onnx]:  42%|████▏     | 533M/1.25G [04:31<06:27, 2.01MB/s][A[A[A[A[A








Downloading [pytorch_model.bin]:  42%|████▏     | 539M/1.25G [04:31<07:04, 1.83MB/s][A[A[A[A[A[A[A[A






Downloading [model.safetensors]:  52%|█████▏    | 661M/1.25G [04:32<05:48, 1.86MB/s][A[A[A[A[A[A





Downloading [onnx/model.onnx]:  42%|████▏     | 534M/1.25G [04:32<07:55, 1.63MB/s][A[A[A[A[A








Downloading [pytorch_model.bin]:  42%|████▏     | 540M/1.25G [04:32<07:57, 1.62MB/s][A[A[A[A[A[A[A[A






Downloading [model.safetensors]:  52%|█████▏    | 662M/1.25G [04:32<06:03, 1.78MB/s][A[A[A[A[A[A





Downloading [onnx/model.onnx]:  42%|████▏     | 535M/1.25G [04:32<07:40, 1.68MB/s][A[A[A[A[A








Downloading [pytorch_model.bin]:  42%|████▏     | 541M/1.25G [04:33<07:34, 1.70MB/s][A[A[A[A[A[A[A[A






Downloading [model.safetensors]:  52%|█████▏    | 663M/1.25G [04:33<05:56, 1.81MB/s][A[A[A[A[A[A





Downloading [onnx/model.onnx]:  42%|████▏     | 536M/1.25G [04:33<07:22, 1.75MB/s][A[A[A[A[A






Downloading [model.safetensors]:  52%|█████▏    | 664M/1.25G [04:33<05:02, 2.13MB/s][A[A[A[A[A[A








Downloading [pytorch_model.bin]:  42%|████▏     | 542M/1.25G [04:33<07:20, 1.75MB/s][A[A[A[A[A[A[A[A






Downloading [model.safetensors]:  52%|█████▏    | 665M/1.25G [04:33<04:32, 2.36MB/s][A[A[A[A[A[A





Downloading [onnx/model.onnx]:  42%|████▏     | 537M/1.25G [04:33<07:13, 1.79MB/s][A[A[A[A[A








Downloading [pytorch_model.bin]:  42%|████▏     | 543M/1.25G [04:34<07:04, 1.82MB/s][A[A[A[A[A[A[A[A






Downloading [model.safetensors]:  52%|█████▏    | 666M/1.25G [04:34<03:50, 2.79MB/s][A[A[A[A[A[A






Downloading [model.safetensors]:  52%|█████▏    | 667M/1.25G [04:34<03:11, 3.35MB/s][A[A[A[A[A[A





Downloading [onnx/model.onnx]:  42%|████▏     | 538M/1.25G [04:34<06:09, 2.09MB/s][A[A[A[A[A








Downloading [pytorch_model.bin]:  43%|████▎     | 544M/1.25G [04:34<05:52, 2.19MB/s][A[A[A[A[A[A[A[A






Downloading [model.safetensors]:  52%|█████▏    | 668M/1.25G [04:34<02:48, 3.81MB/s][A[A[A[A[A[A






Downloading [model.safetensors]:  52%|█████▏    | 669M/1.25G [04:34<02:26, 4.37MB/s][A[A[A[A[A[A





Downloading [onnx/model.onnx]:  42%|████▏     | 539M/1.25G [04:34<05:41, 2.26MB/s][A[A[A[A[A








Downloading [pytorch_model.bin]:  43%|████▎     | 545M/1.25G [04:34<05:45, 2.23MB/s][A[A[A[A[A[A[A[A






Downloading [model.safetensors]:  52%|█████▏    | 670M/1.25G [04:34<02:18, 4.62MB/s][A[A[A[A[A[A






Downloading [model.safetensors]:  52%|█████▏    | 671M/1.25G [04:35<03:35, 2.96MB/s][A[A[A[A[A[A








Downloading [pytorch_model.bin]:  43%|████▎     | 546M/1.25G [04:35<06:37, 1.93MB/s][A[A[A[A[A[A[A[A





Downloading [onnx/model.onnx]:  42%|████▏     | 540M/1.25G [04:35<07:18, 1.76MB/s][A[A[A[A[A





Downloading [onnx/model.onnx]:  42%|████▏     | 541M/1.25G [04:35<05:36, 2.29MB/s][A[A[A[A[A






Downloading [model.safetensors]:  53%|█████▎    | 672M/1.25G [04:35<03:25, 3.09MB/s][A[A[A[A[A[A





Downloading [onnx/model.onnx]:  43%|████▎     | 542M/1.25G [04:35<04:37, 2.77MB/s][A[A[A[A[A






Downloading [model.safetensors]:  53%|█████▎    | 673M/1.25G [04:35<03:00, 3.51MB/s][A[A[A[A[A[A








Downloading [pytorch_model.bin]:  43%|████▎     | 547M/1.25G [04:36<06:44, 1.90MB/s][A[A[A[A[A[A[A[A





Downloading [onnx/model.onnx]:  43%|████▎     | 543M/1.25G [04:36<04:01, 3.18MB/s][A[A[A[A[A






Downloading [model.safetensors]:  53%|█████▎    | 674M/1.25G [04:36<02:50, 3.72MB/s][A[A[A[A[A[A





Downloading [onnx/model.onnx]:  43%|████▎     | 544M/1.25G [04:36<03:39, 3.49MB/s][A[A[A[A[A








Downloading [pytorch_model.bin]:  43%|████▎     | 548M/1.25G [04:36<06:02, 2.12MB/s][A[A[A[A[A[A[A[A






Downloading [model.safetensors]:  53%|█████▎    | 675M/1.25G [04:36<02:42, 3.89MB/s][A[A[A[A[A[A








Downloading [pytorch_model.bin]:  43%|████▎     | 549M/1.25G [04:36<04:51, 2.62MB/s][A[A[A[A[A[A[A[A






Downloading [model.safetensors]:  53%|█████▎    | 676M/1.25G [04:36<02:31, 4.16MB/s][A[A[A[A[A[A





Downloading [onnx/model.onnx]:  43%|████▎     | 545M/1.25G [04:36<04:09, 3.07MB/s][A[A[A[A[A








Downloading [pytorch_model.bin]:  43%|████▎     | 550M/1.25G [04:36<04:05, 3.11MB/s][A[A[A[A[A[A[A[A





Downloading [onnx/model.onnx]:  43%|████▎     | 546M/1.25G [04:36<03:37, 3.52MB/s][A[A[A[A[A






Downloading [model.safetensors]:  53%|█████▎    | 677M/1.25G [04:36<02:42, 3.89MB/s][A[A[A[A[A[A





Downloading [onnx/model.onnx]:  43%|████▎     | 547M/1.25G [04:37<03:05, 4.11MB/s][A[A[A[A[A








Downloading [pytorch_model.bin]:  43%|████▎     | 551M/1.25G [04:37<04:01, 3.16MB/s][A[A[A[A[A[A[A[A





Downloading [onnx/model.onnx]:  43%|████▎     | 548M/1.25G [04:37<02:39, 4.77MB/s][A[A[A[A[A





Downloading [onnx/model.onnx]:  43%|████▎     | 549M/1.25G [04:37<02:20, 5.42MB/s][A[A[A[A[A






Downloading [model.safetensors]:  53%|█████▎    | 678M/1.25G [04:37<03:21, 3.13MB/s][A[A[A[A[A[A








Downloading [pytorch_model.bin]:  43%|████▎     | 552M/1.25G [04:37<04:11, 3.03MB/s][A[A[A[A[A[A[A[A





Downloading [onnx/model.onnx]:  43%|████▎     | 550M/1.25G [04:37<02:34, 4.91MB/s][A[A[A[A[A








Downloading [pytorch_model.bin]:  43%|████▎     | 553M/1.25G [04:37<03:38, 3.48MB/s][A[A[A[A[A[A[A[A






Downloading [model.safetensors]:  53%|█████▎    | 679M/1.25G [04:37<03:11, 3.28MB/s][A[A[A[A[A[A








Downloading [pytorch_model.bin]:  43%|████▎     | 554M/1.25G [04:37<03:17, 3.85MB/s][A[A[A[A[A[A[A[A






Downloading [model.safetensors]:  53%|█████▎    | 680M/1.25G [04:38<03:02, 3.45MB/s][A[A[A[A[A[A





Downloading [onnx/model.onnx]:  43%|████▎     | 551M/1.25G [04:38<03:06, 4.06MB/s][A[A[A[A[A








Downloading [pytorch_model.bin]:  43%|████▎     | 555M/1.25G [04:38<03:13, 3.91MB/s][A[A[A[A[A[A[A[A





Downloading [onnx/model.onnx]:  43%|████▎     | 552M/1.25G [04:38<03:36, 3.51MB/s][A[A[A[A[A






Downloading [model.safetensors]:  53%|█████▎    | 681M/1.25G [04:38<03:22, 3.09MB/s][A[A[A[A[A[A








Downloading [pytorch_model.bin]:  43%|████▎     | 556M/1.25G [04:38<03:38, 3.47MB/s][A[A[A[A[A[A[A[A






Downloading [model.safetensors]:  53%|█████▎    | 682M/1.25G [04:38<02:49, 3.70MB/s][A[A[A[A[A[A





Downloading [onnx/model.onnx]:  43%|████▎     | 553M/1.25G [04:38<03:17, 3.83MB/s][A[A[A[A[A






Downloading [model.safetensors]:  53%|█████▎    | 683M/1.25G [04:38<02:22, 4.38MB/s][A[A[A[A[A[A





Downloading [onnx/model.onnx]:  43%|████▎     | 554M/1.25G [04:38<03:01, 4.17MB/s][A[A[A[A[A






Downloading [model.safetensors]:  53%|█████▎    | 684M/1.25G [04:38<02:02, 5.07MB/s][A[A[A[A[A[A








Downloading [pytorch_model.bin]:  44%|████▎     | 557M/1.25G [04:38<03:39, 3.44MB/s][A[A[A[A[A[A[A[A





Downloading [onnx/model.onnx]:  44%|████▎     | 555M/1.25G [04:39<04:11, 3.01MB/s][A[A[A[A[A






Downloading [model.safetensors]:  54%|█████▎    | 685M/1.25G [04:39<03:07, 3.33MB/s][A[A[A[A[A[A






Downloading [model.safetensors]:  54%|█████▎    | 686M/1.25G [04:40<04:19, 2.39MB/s][A[A[A[A[A[A








Downloading [pytorch_model.bin]:  44%|████▎     | 558M/1.25G [04:40<07:36, 1.66MB/s][A[A[A[A[A[A[A[A





Downloading [onnx/model.onnx]:  44%|████▎     | 556M/1.25G [04:40<06:44, 1.87MB/s][A[A[A[A[A






Downloading [model.safetensors]:  54%|█████▎    | 687M/1.25G [04:40<04:44, 2.18MB/s][A[A[A[A[A[A








Downloading [pytorch_model.bin]:  44%|████▎     | 559M/1.25G [04:40<07:22, 1.70MB/s][A[A[A[A[A[A[A[A





Downloading [onnx/model.onnx]:  44%|████▎     | 557M/1.25G [04:41<07:21, 1.70MB/s][A[A[A[A[A






Downloading [model.safetensors]:  54%|█████▍    | 688M/1.25G [04:41<04:49, 2.14MB/s][A[A[A[A[A[A






Downloading [model.safetensors]:  54%|█████▍    | 689M/1.25G [04:41<05:30, 1.87MB/s][A[A[A[A[A[A





Downloading [onnx/model.onnx]:  44%|████▍     | 558M/1.25G [04:41<07:56, 1.58MB/s][A[A[A[A[A








Downloading [pytorch_model.bin]:  44%|████▍     | 560M/1.25G [04:42<10:08, 1.24MB/s][A[A[A[A[A[A[A[A





Downloading [onnx/model.onnx]:  44%|████▍     | 559M/1.25G [04:42<07:20, 1.70MB/s][A[A[A[A[A






Downloading [model.safetensors]:  54%|█████▍    | 690M/1.25G [04:42<05:26, 1.89MB/s][A[A[A[A[A[A








Downloading [pytorch_model.bin]:  44%|████▍     | 561M/1.25G [04:42<08:36, 1.46MB/s][A[A[A[A[A[A[A[A






Downloading [model.safetensors]:  54%|█████▍    | 691M/1.25G [04:42<05:08, 2.00MB/s][A[A[A[A[A[A





Downloading [onnx/model.onnx]:  44%|████▍     | 560M/1.25G [04:43<07:49, 1.60MB/s][A[A[A[A[A








Downloading [pytorch_model.bin]:  44%|████▍     | 562M/1.25G [04:43<08:33, 1.46MB/s][A[A[A[A[A[A[A[A






Downloading [model.safetensors]:  54%|█████▍    | 692M/1.25G [04:43<05:03, 2.03MB/s][A[A[A[A[A[A






Downloading [model.safetensors]:  54%|█████▍    | 693M/1.25G [04:43<04:54, 2.08MB/s][A[A[A[A[A[A





Downloading [onnx/model.onnx]:  44%|████▍     | 561M/1.25G [04:43<08:03, 1.55MB/s][A[A[A[A[A








Downloading [pytorch_model.bin]:  44%|████▍     | 563M/1.25G [04:44<08:34, 1.46MB/s][A[A[A[A[A[A[A[A






Downloading [model.safetensors]:  54%|█████▍    | 694M/1.25G [04:44<04:59, 2.05MB/s][A[A[A[A[A[A





Downloading [onnx/model.onnx]:  44%|████▍     | 562M/1.25G [04:44<08:07, 1.53MB/s][A[A[A[A[A








Downloading [pytorch_model.bin]:  44%|████▍     | 564M/1.25G [04:44<09:06, 1.37MB/s][A[A[A[A[A[A[A[A






Downloading [model.safetensors]:  54%|█████▍    | 695M/1.25G [04:45<05:16, 1.93MB/s][A[A[A[A[A[A








Downloading [pytorch_model.bin]:  44%|████▍     | 565M/1.25G [04:45<08:38, 1.44MB/s][A[A[A[A[A[A[A[A





Downloading [onnx/model.onnx]:  44%|████▍     | 563M/1.25G [04:45<09:03, 1.37MB/s][A[A[A[A[A






Downloading [model.safetensors]:  54%|█████▍    | 696M/1.25G [04:45<05:24, 1.88MB/s][A[A[A[A[A[A






Downloading [model.safetensors]:  55%|█████▍    | 697M/1.25G [04:46<04:58, 2.04MB/s][A[A[A[A[A[A





Downloading [onnx/model.onnx]:  44%|████▍     | 564M/1.25G [04:46<08:31, 1.46MB/s][A[A[A[A[A








Downloading [pytorch_model.bin]:  44%|████▍     | 566M/1.25G [04:46<08:40, 1.44MB/s][A[A[A[A[A[A[A[A






Downloading [model.safetensors]:  55%|█████▍    | 698M/1.25G [04:46<05:06, 1.98MB/s][A[A[A[A[A[A








Downloading [pytorch_model.bin]:  44%|████▍     | 567M/1.25G [04:46<08:17, 1.50MB/s][A[A[A[A[A[A[A[A





Downloading [onnx/model.onnx]:  44%|████▍     | 565M/1.25G [04:47<08:56, 1.39MB/s][A[A[A[A[A






Downloading [model.safetensors]:  55%|█████▍    | 699M/1.25G [04:47<05:20, 1.90MB/s][A[A[A[A[A[A






Downloading [model.safetensors]:  55%|█████▍    | 700M/1.25G [04:47<04:49, 2.10MB/s][A[A[A[A[A[A





Downloading [onnx/model.onnx]:  44%|████▍     | 566M/1.25G [04:47<08:39, 1.43MB/s][A[A[A[A[A








Downloading [pytorch_model.bin]:  44%|████▍     | 568M/1.25G [04:47<08:50, 1.41MB/s][A[A[A[A[A[A[A[A






Downloading [model.safetensors]:  55%|█████▍    | 701M/1.25G [04:48<04:29, 2.24MB/s][A[A[A[A[A[A





Downloading [onnx/model.onnx]:  44%|████▍     | 567M/1.25G [04:48<07:03, 1.75MB/s][A[A[A[A[A








Downloading [pytorch_model.bin]:  45%|████▍     | 569M/1.25G [04:48<08:16, 1.50MB/s][A[A[A[A[A[A[A[A





Downloading [onnx/model.onnx]:  45%|████▍     | 568M/1.25G [04:48<07:03, 1.75MB/s][A[A[A[A[A






Downloading [model.safetensors]:  55%|█████▍    | 702M/1.25G [04:48<05:11, 1.94MB/s][A[A[A[A[A[A








Downloading [pytorch_model.bin]:  45%|████▍     | 570M/1.25G [04:48<07:01, 1.76MB/s][A[A[A[A[A[A[A[A








Downloading [pytorch_model.bin]:  45%|████▍     | 571M/1.25G [04:49<06:29, 1.90MB/s][A[A[A[A[A[A[A[A





Downloading [onnx/model.onnx]:  45%|████▍     | 569M/1.25G [04:49<07:36, 1.62MB/s][A[A[A[A[A






Downloading [model.safetensors]:  55%|█████▍    | 703M/1.25G [04:49<05:39, 1.78MB/s][A[A[A[A[A[A








Downloading [pytorch_model.bin]:  45%|████▍     | 572M/1.25G [04:50<07:24, 1.67MB/s][A[A[A[A[A[A[A[A





Downloading [onnx/model.onnx]:  45%|████▍     | 570M/1.25G [04:50<07:34, 1.63MB/s][A[A[A[A[A






Downloading [model.safetensors]:  55%|█████▌    | 704M/1.25G [04:50<07:07, 1.41MB/s][A[A[A[A[A[A





Downloading [onnx/model.onnx]:  45%|████▍     | 571M/1.25G [04:50<08:38, 1.42MB/s][A[A[A[A[A






Downloading [model.safetensors]:  55%|█████▌    | 705M/1.25G [04:51<06:47, 1.48MB/s][A[A[A[A[A[A








Downloading [pytorch_model.bin]:  45%|████▍     | 573M/1.25G [04:51<09:49, 1.26MB/s][A[A[A[A[A[A[A[A





Downloading [onnx/model.onnx]:  45%|████▍     | 572M/1.25G [04:51<08:14, 1.49MB/s][A[A[A[A[A






Downloading [model.safetensors]:  55%|█████▌    | 706M/1.25G [04:51<06:05, 1.64MB/s][A[A[A[A[A[A








Downloading [pytorch_model.bin]:  45%|████▍     | 574M/1.25G [04:51<08:06, 1.52MB/s][A[A[A[A[A[A[A[A






Downloading [model.safetensors]:  55%|█████▌    | 707M/1.25G [04:52<06:18, 1.58MB/s][A[A[A[A[A[A





Downloading [onnx/model.onnx]:  45%|████▍     | 573M/1.25G [04:52<08:27, 1.45MB/s][A[A[A[A[A








Downloading [pytorch_model.bin]:  45%|████▍     | 575M/1.25G [04:52<08:38, 1.42MB/s][A[A[A[A[A[A[A[A





Downloading [onnx/model.onnx]:  45%|████▌     | 574M/1.25G [04:52<07:16, 1.68MB/s][A[A[A[A[A






Downloading [model.safetensors]:  55%|█████▌    | 708M/1.25G [04:52<05:53, 1.69MB/s][A[A[A[A[A[A








Downloading [pytorch_model.bin]:  45%|████▌     | 576M/1.25G [04:52<07:19, 1.68MB/s][A[A[A[A[A[A[A[A






Downloading [model.safetensors]:  55%|█████▌    | 709M/1.25G [04:53<04:35, 2.17MB/s][A[A[A[A[A[A





Downloading [onnx/model.onnx]:  45%|████▌     | 575M/1.25G [04:53<06:43, 1.82MB/s][A[A[A[A[A






Downloading [model.safetensors]:  56%|█████▌    | 710M/1.25G [04:53<04:40, 2.12MB/s][A[A[A[A[A[A








Downloading [pytorch_model.bin]:  45%|████▌     | 577M/1.25G [04:53<07:36, 1.61MB/s][A[A[A[A[A[A[A[A





Downloading [onnx/model.onnx]:  45%|████▌     | 576M/1.25G [04:53<06:19, 1.93MB/s][A[A[A[A[A






Downloading [model.safetensors]:  56%|█████▌    | 711M/1.25G [04:54<04:41, 2.12MB/s][A[A[A[A[A[A








Downloading [pytorch_model.bin]:  45%|████▌     | 578M/1.25G [04:54<06:57, 1.76MB/s][A[A[A[A[A[A[A[A





Downloading [onnx/model.onnx]:  45%|████▌     | 577M/1.25G [04:54<05:51, 2.08MB/s][A[A[A[A[A





Downloading [onnx/model.onnx]:  45%|████▌     | 578M/1.25G [04:54<05:30, 2.21MB/s][A[A[A[A[A






Downloading [model.safetensors]:  56%|█████▌    | 712M/1.25G [04:54<05:06, 1.94MB/s][A[A[A[A[A[A








Downloading [pytorch_model.bin]:  45%|████▌     | 579M/1.25G [04:54<07:53, 1.55MB/s][A[A[A[A[A[A[A[A





Downloading [onnx/model.onnx]:  45%|████▌     | 579M/1.25G [04:55<06:25, 1.89MB/s][A[A[A[A[A






Downloading [model.safetensors]:  56%|█████▌    | 713M/1.25G [04:55<05:33, 1.78MB/s][A[A[A[A[A[A








Downloading [pytorch_model.bin]:  45%|████▌     | 580M/1.25G [04:55<07:38, 1.60MB/s][A[A[A[A[A[A[A[A





Downloading [onnx/model.onnx]:  45%|████▌     | 580M/1.25G [04:55<06:56, 1.75MB/s][A[A[A[A[A








Downloading [pytorch_model.bin]:  45%|████▌     | 581M/1.25G [04:56<07:36, 1.60MB/s][A[A[A[A[A[A[A[A






Downloading [model.safetensors]:  56%|█████▌    | 714M/1.25G [04:56<06:39, 1.48MB/s][A[A[A[A[A[A





Downloading [onnx/model.onnx]:  46%|████▌     | 581M/1.25G [04:56<07:06, 1.71MB/s][A[A[A[A[A








Downloading [pytorch_model.bin]:  46%|████▌     | 582M/1.25G [04:56<06:57, 1.75MB/s][A[A[A[A[A[A[A[A






Downloading [model.safetensors]:  56%|█████▌    | 715M/1.25G [04:56<05:52, 1.67MB/s][A[A[A[A[A[A





Downloading [onnx/model.onnx]:  46%|████▌     | 582M/1.25G [04:56<06:00, 2.02MB/s][A[A[A[A[A








Downloading [pytorch_model.bin]:  46%|████▌     | 583M/1.25G [04:57<06:21, 1.91MB/s][A[A[A[A[A[A[A[A






Downloading [model.safetensors]:  56%|█████▌    | 716M/1.25G [04:57<05:25, 1.81MB/s][A[A[A[A[A[A





Downloading [onnx/model.onnx]:  46%|████▌     | 583M/1.25G [04:57<05:50, 2.07MB/s][A[A[A[A[A








Downloading [pytorch_model.bin]:  46%|████▌     | 584M/1.25G [04:57<05:29, 2.21MB/s][A[A[A[A[A[A[A[A






Downloading [model.safetensors]:  56%|█████▌    | 717M/1.25G [04:57<04:58, 1.97MB/s][A[A[A[A[A[A








Downloading [pytorch_model.bin]:  46%|████▌     | 585M/1.25G [04:57<05:07, 2.37MB/s][A[A[A[A[A[A[A[A





Downloading [onnx/model.onnx]:  46%|████▌     | 584M/1.25G [04:57<05:48, 2.08MB/s][A[A[A[A[A








Downloading [pytorch_model.bin]:  46%|████▌     | 586M/1.25G [04:58<05:12, 2.33MB/s][A[A[A[A[A[A[A[A






Downloading [model.safetensors]:  56%|█████▌    | 718M/1.25G [04:58<04:58, 1.97MB/s][A[A[A[A[A[A






Downloading [model.safetensors]:  56%|█████▌    | 719M/1.25G [04:58<05:17, 1.85MB/s][A[A[A[A[A[A





Downloading [onnx/model.onnx]:  46%|████▌     | 585M/1.25G [04:59<07:53, 1.53MB/s][A[A[A[A[A








Downloading [pytorch_model.bin]:  46%|████▌     | 587M/1.25G [04:59<07:25, 1.63MB/s][A[A[A[A[A[A[A[A





Downloading [onnx/model.onnx]:  46%|████▌     | 586M/1.25G [04:59<07:46, 1.55MB/s][A[A[A[A[A






Downloading [model.safetensors]:  56%|█████▋    | 720M/1.25G [04:59<06:15, 1.56MB/s][A[A[A[A[A[A








Downloading [pytorch_model.bin]:  46%|████▌     | 588M/1.25G [05:00<07:39, 1.58MB/s][A[A[A[A[A[A[A[A





Downloading [onnx/model.onnx]:  46%|████▌     | 587M/1.25G [05:00<07:32, 1.60MB/s][A[A[A[A[A








Downloading [pytorch_model.bin]:  46%|████▌     | 589M/1.25G [05:00<07:55, 1.52MB/s][A[A[A[A[A[A[A[A






Downloading [model.safetensors]:  56%|█████▋    | 721M/1.25G [05:00<07:28, 1.30MB/s][A[A[A[A[A[A








Downloading [pytorch_model.bin]:  46%|████▌     | 590M/1.25G [05:01<08:30, 1.42MB/s][A[A[A[A[A[A[A[A





Downloading [onnx/model.onnx]:  46%|████▌     | 588M/1.25G [05:01<10:14, 1.17MB/s][A[A[A[A[A






Downloading [model.safetensors]:  56%|█████▋    | 722M/1.25G [05:01<07:42, 1.26MB/s][A[A[A[A[A[A






Downloading [model.safetensors]:  57%|█████▋    | 723M/1.25G [05:02<06:03, 1.60MB/s][A[A[A[A[A[A








Downloading [pytorch_model.bin]:  46%|████▌     | 591M/1.25G [05:02<07:33, 1.59MB/s][A[A[A[A[A[A[A[A





Downloading [onnx/model.onnx]:  46%|████▌     | 589M/1.25G [05:02<08:48, 1.36MB/s][A[A[A[A[A






Downloading [model.safetensors]:  57%|█████▋    | 724M/1.25G [05:02<05:06, 1.90MB/s][A[A[A[A[A[A








Downloading [pytorch_model.bin]:  46%|████▋     | 592M/1.25G [05:02<06:37, 1.81MB/s][A[A[A[A[A[A[A[A





Downloading [onnx/model.onnx]:  46%|████▋     | 590M/1.25G [05:02<07:55, 1.51MB/s][A[A[A[A[A






Downloading [model.safetensors]:  57%|█████▋    | 725M/1.25G [05:02<04:46, 2.02MB/s][A[A[A[A[A[A








Downloading [pytorch_model.bin]:  46%|████▋     | 593M/1.25G [05:02<06:01, 1.99MB/s][A[A[A[A[A[A[A[A






Downloading [model.safetensors]:  57%|█████▋    | 726M/1.25G [05:03<05:03, 1.91MB/s][A[A[A[A[A[A





Downloading [onnx/model.onnx]:  46%|████▋     | 591M/1.25G [05:03<08:13, 1.45MB/s][A[A[A[A[A








Downloading [pytorch_model.bin]:  46%|████▋     | 594M/1.25G [05:03<06:36, 1.81MB/s][A[A[A[A[A[A[A[A






Downloading [model.safetensors]:  57%|█████▋    | 727M/1.25G [05:04<05:45, 1.67MB/s][A[A[A[A[A[A








Downloading [pytorch_model.bin]:  47%|████▋     | 595M/1.25G [05:04<07:16, 1.64MB/s][A[A[A[A[A[A[A[A





Downloading [onnx/model.onnx]:  46%|████▋     | 592M/1.25G [05:04<09:02, 1.32MB/s][A[A[A[A[A






Downloading [model.safetensors]:  57%|█████▋    | 728M/1.25G [05:04<05:33, 1.73MB/s][A[A[A[A[A[A








Downloading [pytorch_model.bin]:  47%|████▋     | 596M/1.25G [05:04<06:40, 1.79MB/s][A[A[A[A[A[A[A[A





Downloading [onnx/model.onnx]:  47%|████▋     | 593M/1.25G [05:04<07:55, 1.50MB/s][A[A[A[A[A






Downloading [model.safetensors]:  57%|█████▋    | 729M/1.25G [05:05<05:28, 1.75MB/s][A[A[A[A[A[A





Downloading [onnx/model.onnx]:  47%|████▋     | 594M/1.25G [05:05<07:56, 1.50MB/s][A[A[A[A[A








Downloading [pytorch_model.bin]:  47%|████▋     | 597M/1.25G [05:06<08:51, 1.34MB/s][A[A[A[A[A[A[A[A






Downloading [model.safetensors]:  57%|█████▋    | 730M/1.25G [05:06<05:56, 1.61MB/s][A[A[A[A[A[A





Downloading [onnx/model.onnx]:  47%|████▋     | 595M/1.25G [05:06<08:04, 1.47MB/s][A[A[A[A[A






Downloading [model.safetensors]:  57%|█████▋    | 731M/1.25G [05:06<05:24, 1.77MB/s][A[A[A[A[A[A








Downloading [pytorch_model.bin]:  47%|████▋     | 598M/1.25G [05:06<08:21, 1.42MB/s][A[A[A[A[A[A[A[A





Downloading [onnx/model.onnx]:  47%|████▋     | 596M/1.25G [05:07<08:08, 1.46MB/s][A[A[A[A[A






Downloading [model.safetensors]:  57%|█████▋    | 732M/1.25G [05:07<07:02, 1.36MB/s][A[A[A[A[A[A








Downloading [pytorch_model.bin]:  47%|████▋     | 599M/1.25G [05:08<11:28, 1.04MB/s][A[A[A[A[A[A[A[A





Downloading [onnx/model.onnx]:  47%|████▋     | 597M/1.25G [05:08<10:23, 1.14MB/s][A[A[A[A[A






Downloading [model.safetensors]:  57%|█████▋    | 733M/1.25G [05:08<07:46, 1.23MB/s][A[A[A[A[A[A








Downloading [pytorch_model.bin]:  47%|████▋     | 600M/1.25G [05:09<10:33, 1.12MB/s][A[A[A[A[A[A[A[A





Downloading [onnx/model.onnx]:  47%|████▋     | 598M/1.25G [05:09<09:56, 1.19MB/s][A[A[A[A[A






Downloading [model.safetensors]:  57%|█████▋    | 734M/1.25G [05:09<06:52, 1.38MB/s][A[A[A[A[A[A






Downloading [model.safetensors]:  57%|█████▋    | 735M/1.25G [05:10<07:06, 1.34MB/s][A[A[A[A[A[A








Downloading [pytorch_model.bin]:  47%|████▋     | 601M/1.25G [05:10<11:35, 1.02MB/s][A[A[A[A[A[A[A[A





Downloading [onnx/model.onnx]:  47%|████▋     | 599M/1.25G [05:10<10:57, 1.08MB/s][A[A[A[A[A






Downloading [model.safetensors]:  58%|█████▊    | 736M/1.25G [05:10<06:07, 1.55MB/s][A[A[A[A[A[A








Downloading [pytorch_model.bin]:  47%|████▋     | 602M/1.25G [05:10<09:24, 1.26MB/s][A[A[A[A[A[A[A[A





Downloading [onnx/model.onnx]:  47%|████▋     | 600M/1.25G [05:10<08:41, 1.36MB/s][A[A[A[A[A






Downloading [model.safetensors]:  58%|█████▊    | 737M/1.25G [05:10<04:56, 1.91MB/s][A[A[A[A[A[A








Downloading [pytorch_model.bin]:  47%|████▋     | 603M/1.25G [05:11<07:34, 1.56MB/s][A[A[A[A[A[A[A[A






Downloading [model.safetensors]:  58%|█████▊    | 738M/1.25G [05:11<04:09, 2.28MB/s][A[A[A[A[A[A





Downloading [onnx/model.onnx]:  47%|████▋     | 601M/1.25G [05:11<07:26, 1.58MB/s][A[A[A[A[A








Downloading [pytorch_model.bin]:  47%|████▋     | 604M/1.25G [05:11<06:29, 1.82MB/s][A[A[A[A[A[A[A[A






Downloading [model.safetensors]:  58%|█████▊    | 739M/1.25G [05:11<03:47, 2.48MB/s][A[A[A[A[A[A





Downloading [onnx/model.onnx]:  47%|████▋     | 602M/1.25G [05:11<06:33, 1.79MB/s][A[A[A[A[A








Downloading [pytorch_model.bin]:  47%|████▋     | 605M/1.25G [05:11<05:51, 2.01MB/s][A[A[A[A[A[A[A[A






Downloading [model.safetensors]:  58%|█████▊    | 740M/1.25G [05:12<04:17, 2.19MB/s][A[A[A[A[A[A





Downloading [onnx/model.onnx]:  47%|████▋     | 603M/1.25G [05:13<09:16, 1.27MB/s][A[A[A[A[A








Downloading [pytorch_model.bin]:  47%|████▋     | 606M/1.25G [05:13<08:42, 1.35MB/s][A[A[A[A[A[A[A[A






Downloading [model.safetensors]:  58%|█████▊    | 741M/1.25G [05:13<05:52, 1.60MB/s][A[A[A[A[A[A





Downloading [onnx/model.onnx]:  47%|████▋     | 604M/1.25G [05:13<08:21, 1.40MB/s][A[A[A[A[A






Downloading [model.safetensors]:  58%|█████▊    | 742M/1.25G [05:13<05:35, 1.68MB/s][A[A[A[A[A[A








Downloading [pytorch_model.bin]:  47%|████▋     | 607M/1.25G [05:14<08:58, 1.31MB/s][A[A[A[A[A[A[A[A





Downloading [onnx/model.onnx]:  47%|████▋     | 605M/1.25G [05:14<08:37, 1.36MB/s][A[A[A[A[A






Downloading [model.safetensors]:  58%|█████▊    | 743M/1.25G [05:14<06:07, 1.53MB/s][A[A[A[A[A[A








Downloading [pytorch_model.bin]:  48%|████▊     | 608M/1.25G [05:14<08:36, 1.36MB/s][A[A[A[A[A[A[A[A





Downloading [onnx/model.onnx]:  48%|████▊     | 606M/1.25G [05:14<07:39, 1.53MB/s][A[A[A[A[A






Downloading [model.safetensors]:  58%|█████▊    | 744M/1.25G [05:14<05:17, 1.76MB/s][A[A[A[A[A[A








Downloading [pytorch_model.bin]:  48%|████▊     | 609M/1.25G [05:15<08:02, 1.46MB/s][A[A[A[A[A[A[A[A





Downloading [onnx/model.onnx]:  48%|████▊     | 607M/1.25G [05:15<07:14, 1.61MB/s][A[A[A[A[A






Downloading [model.safetensors]:  58%|█████▊    | 745M/1.25G [05:16<06:29, 1.44MB/s][A[A[A[A[A[A








Downloading [pytorch_model.bin]:  48%|████▊     | 610M/1.25G [05:16<08:24, 1.39MB/s][A[A[A[A[A[A[A[A





Downloading [onnx/model.onnx]:  48%|████▊     | 608M/1.25G [05:16<08:41, 1.34MB/s][A[A[A[A[A






Downloading [model.safetensors]:  58%|█████▊    | 746M/1.25G [05:16<06:25, 1.45MB/s][A[A[A[A[A[A








Downloading [pytorch_model.bin]:  48%|████▊     | 611M/1.25G [05:17<10:25, 1.12MB/s][A[A[A[A[A[A[A[A





Downloading [onnx/model.onnx]:  48%|████▊     | 609M/1.25G [05:17<10:32, 1.10MB/s][A[A[A[A[A






Downloading [model.safetensors]:  58%|█████▊    | 747M/1.25G [05:18<09:03, 1.03MB/s][A[A[A[A[A[A





Downloading [onnx/model.onnx]:  48%|████▊     | 610M/1.25G [05:19<11:18, 1.03MB/s][A[A[A[A[A








Downloading [pytorch_model.bin]:  48%|████▊     | 612M/1.25G [05:19<13:04, 891kB/s] [A[A[A[A[A[A[A[A






Downloading [model.safetensors]:  59%|█████▊    | 748M/1.25G [05:19<08:37, 1.08MB/s][A[A[A[A[A[A





Downloading [onnx/model.onnx]:  48%|████▊     | 611M/1.25G [05:19<10:03, 1.15MB/s][A[A[A[A[A








Downloading [pytorch_model.bin]:  48%|████▊     | 613M/1.25G [05:19<11:11, 1.04MB/s][A[A[A[A[A[A[A[A






Downloading [model.safetensors]:  59%|█████▊    | 749M/1.25G [05:19<07:38, 1.21MB/s][A[A[A[A[A[A





Downloading [onnx/model.onnx]:  48%|████▊     | 612M/1.25G [05:20<09:21, 1.24MB/s][A[A[A[A[A








Downloading [pytorch_model.bin]:  48%|████▊     | 614M/1.25G [05:20<10:28, 1.11MB/s][A[A[A[A[A[A[A[A






Downloading [model.safetensors]:  59%|█████▊    | 750M/1.25G [05:20<07:27, 1.24MB/s][A[A[A[A[A[A








Downloading [pytorch_model.bin]:  48%|████▊     | 615M/1.25G [05:21<10:13, 1.13MB/s][A[A[A[A[A[A[A[A






Downloading [model.safetensors]:  59%|█████▊    | 751M/1.25G [05:21<07:30, 1.23MB/s][A[A[A[A[A[A





Downloading [onnx/model.onnx]:  48%|████▊     | 613M/1.25G [05:21<10:46, 1.07MB/s][A[A[A[A[A






Downloading [model.safetensors]:  59%|█████▉    | 752M/1.25G [05:22<06:23, 1.44MB/s][A[A[A[A[A[A








Downloading [pytorch_model.bin]:  48%|████▊     | 616M/1.25G [05:22<09:52, 1.17MB/s][A[A[A[A[A[A[A[A





Downloading [onnx/model.onnx]:  48%|████▊     | 614M/1.25G [05:22<09:58, 1.16MB/s][A[A[A[A[A






Downloading [model.safetensors]:  59%|█████▉    | 753M/1.25G [05:22<05:42, 1.61MB/s][A[A[A[A[A[A






Downloading [model.safetensors]:  59%|█████▉    | 754M/1.25G [05:23<05:54, 1.55MB/s][A[A[A[A[A[A





Downloading [onnx/model.onnx]:  48%|████▊     | 615M/1.25G [05:23<09:55, 1.16MB/s][A[A[A[A[A








Downloading [pytorch_model.bin]:  48%|████▊     | 617M/1.25G [05:23<09:59, 1.16MB/s][A[A[A[A[A[A[A[A






Downloading [model.safetensors]:  59%|█████▉    | 755M/1.25G [05:23<05:13, 1.75MB/s][A[A[A[A[A[A





Downloading [onnx/model.onnx]:  48%|████▊     | 616M/1.25G [05:23<08:27, 1.36MB/s][A[A[A[A[A








Downloading [pytorch_model.bin]:  48%|████▊     | 618M/1.25G [05:23<09:03, 1.27MB/s][A[A[A[A[A[A[A[A






Downloading [model.safetensors]:  59%|█████▉    | 756M/1.25G [05:25<07:34, 1.20MB/s][A[A[A[A[A[A





Downloading [onnx/model.onnx]:  48%|████▊     | 617M/1.25G [05:25<11:00, 1.04MB/s][A[A[A[A[A






Downloading [model.safetensors]:  59%|█████▉    | 757M/1.25G [05:26<08:24, 1.08MB/s][A[A[A[A[A[A








Downloading [pytorch_model.bin]:  48%|████▊     | 619M/1.25G [05:26<15:29, 744kB/s] [A[A[A[A[A[A[A[A





Downloading [onnx/model.onnx]:  48%|████▊     | 618M/1.25G [05:26<12:40, 906kB/s] [A[A[A[A[A






Downloading [model.safetensors]:  59%|█████▉    | 758M/1.25G [05:26<07:12, 1.26MB/s][A[A[A[A[A[A






Downloading [model.safetensors]:  59%|█████▉    | 759M/1.25G [05:27<05:43, 1.58MB/s][A[A[A[A[A[A








Downloading [pytorch_model.bin]:  48%|████▊     | 620M/1.25G [05:27<12:06, 951kB/s][A[A[A[A[A[A[A[A





Downloading [onnx/model.onnx]:  49%|████▊     | 619M/1.25G [05:27<09:55, 1.16MB/s][A[A[A[A[A






Downloading [model.safetensors]:  59%|█████▉    | 760M/1.25G [05:27<04:45, 1.90MB/s][A[A[A[A[A[A





Downloading [onnx/model.onnx]:  49%|████▊     | 620M/1.25G [05:27<08:58, 1.27MB/s][A[A[A[A[A






Downloading [model.safetensors]:  60%|█████▉    | 761M/1.25G [05:27<04:49, 1.87MB/s][A[A[A[A[A[A








Downloading [pytorch_model.bin]:  49%|████▊     | 621M/1.25G [05:28<11:44, 979kB/s][A[A[A[A[A[A[A[A





Downloading [onnx/model.onnx]:  49%|████▊     | 621M/1.25G [05:28<08:29, 1.35MB/s][A[A[A[A[A






Downloading [model.safetensors]:  60%|█████▉    | 762M/1.25G [05:28<04:43, 1.91MB/s][A[A[A[A[A[A








Downloading [pytorch_model.bin]:  49%|████▊     | 622M/1.25G [05:28<11:04, 1.04MB/s][A[A[A[A[A[A[A[A






Downloading [model.safetensors]:  60%|█████▉    | 763M/1.25G [05:29<05:10, 1.74MB/s][A[A[A[A[A[A





Downloading [onnx/model.onnx]:  49%|████▉     | 622M/1.25G [05:29<08:48, 1.29MB/s][A[A[A[A[A






Downloading [model.safetensors]:  60%|█████▉    | 764M/1.25G [05:29<04:47, 1.88MB/s][A[A[A[A[A[A








Downloading [pytorch_model.bin]:  49%|████▊     | 623M/1.25G [05:29<10:29, 1.09MB/s][A[A[A[A[A[A[A[A





Downloading [onnx/model.onnx]:  49%|████▉     | 623M/1.25G [05:29<07:54, 1.44MB/s][A[A[A[A[A






Downloading [model.safetensors]:  60%|█████▉    | 765M/1.25G [05:30<04:07, 2.18MB/s][A[A[A[A[A[A








Downloading [pytorch_model.bin]:  49%|████▉     | 624M/1.25G [05:30<08:39, 1.32MB/s][A[A[A[A[A[A[A[A






Downloading [model.safetensors]:  60%|█████▉    | 766M/1.25G [05:30<03:29, 2.56MB/s][A[A[A[A[A[A






Downloading [model.safetensors]:  60%|█████▉    | 767M/1.25G [05:30<03:12, 2.78MB/s][A[A[A[A[A[A








Downloading [pytorch_model.bin]:  49%|████▉     | 625M/1.25G [05:30<07:08, 1.60MB/s][A[A[A[A[A[A[A[A





Downloading [onnx/model.onnx]:  49%|████▉     | 624M/1.25G [05:30<07:53, 1.44MB/s][A[A[A[A[A





Downloading [onnx/model.onnx]:  49%|████▉     | 625M/1.25G [05:30<06:21, 1.78MB/s][A[A[A[A[A






Downloading [model.safetensors]:  60%|██████    | 768M/1.25G [05:30<03:16, 2.72MB/s][A[A[A[A[A[A








Downloading [pytorch_model.bin]:  49%|████▉     | 626M/1.25G [05:30<06:19, 1.80MB/s][A[A[A[A[A[A[A[A






Downloading [model.safetensors]:  60%|██████    | 769M/1.25G [05:31<03:12, 2.77MB/s][A[A[A[A[A[A





Downloading [onnx/model.onnx]:  49%|████▉     | 626M/1.25G [05:31<07:09, 1.59MB/s][A[A[A[A[A








Downloading [pytorch_model.bin]:  49%|████▉     | 627M/1.25G [05:31<07:13, 1.58MB/s][A[A[A[A[A[A[A[A






Downloading [model.safetensors]:  60%|██████    | 770M/1.25G [05:32<04:06, 2.16MB/s][A[A[A[A[A[A






Downloading [model.safetensors]:  60%|██████    | 771M/1.25G [05:33<05:28, 1.62MB/s][A[A[A[A[A[A





Downloading [onnx/model.onnx]:  49%|████▉     | 627M/1.25G [05:33<09:25, 1.20MB/s][A[A[A[A[A








Downloading [pytorch_model.bin]:  49%|████▉     | 628M/1.25G [05:33<09:06, 1.25MB/s][A[A[A[A[A[A[A[A






Downloading [model.safetensors]:  60%|██████    | 772M/1.25G [05:33<05:54, 1.50MB/s][A[A[A[A[A[A





Downloading [onnx/model.onnx]:  49%|████▉     | 628M/1.25G [05:33<09:23, 1.20MB/s][A[A[A[A[A








Downloading [pytorch_model.bin]:  49%|████▉     | 629M/1.25G [05:34<09:20, 1.21MB/s][A[A[A[A[A[A[A[A






Downloading [model.safetensors]:  60%|██████    | 773M/1.25G [05:34<04:52, 1.81MB/s][A[A[A[A[A[A








Downloading [pytorch_model.bin]:  49%|████▉     | 630M/1.25G [05:34<07:46, 1.46MB/s][A[A[A[A[A[A[A[A





Downloading [onnx/model.onnx]:  49%|████▉     | 629M/1.25G [05:34<08:49, 1.28MB/s][A[A[A[A[A






Downloading [model.safetensors]:  61%|██████    | 774M/1.25G [05:34<05:09, 1.71MB/s][A[A[A[A[A[A








Downloading [pytorch_model.bin]:  49%|████▉     | 631M/1.25G [05:35<08:06, 1.40MB/s][A[A[A[A[A[A[A[A






Downloading [model.safetensors]:  61%|██████    | 775M/1.25G [05:35<04:42, 1.87MB/s][A[A[A[A[A[A





Downloading [onnx/model.onnx]:  49%|████▉     | 630M/1.25G [05:35<08:34, 1.31MB/s][A[A[A[A[A






Downloading [model.safetensors]:  61%|██████    | 776M/1.25G [05:35<04:26, 1.98MB/s][A[A[A[A[A[A








Downloading [pytorch_model.bin]:  49%|████▉     | 632M/1.25G [05:35<08:08, 1.39MB/s][A[A[A[A[A[A[A[A





Downloading [onnx/model.onnx]:  49%|████▉     | 631M/1.25G [05:36<10:52, 1.03MB/s][A[A[A[A[A






Downloading [model.safetensors]:  61%|██████    | 777M/1.25G [05:36<06:09, 1.42MB/s][A[A[A[A[A[A





Downloading [onnx/model.onnx]:  50%|████▉     | 632M/1.25G [05:37<09:18, 1.21MB/s][A[A[A[A[A








Downloading [pytorch_model.bin]:  50%|████▉     | 633M/1.25G [05:37<11:19, 996kB/s] [A[A[A[A[A[A[A[A






Downloading [model.safetensors]:  61%|██████    | 778M/1.25G [05:37<06:38, 1.32MB/s][A[A[A[A[A[A





Downloading [onnx/model.onnx]:  50%|████▉     | 633M/1.25G [05:38<08:31, 1.32MB/s][A[A[A[A[A








Downloading [pytorch_model.bin]:  50%|████▉     | 634M/1.25G [05:38<09:07, 1.23MB/s][A[A[A[A[A[A[A[A






Downloading [model.safetensors]:  61%|██████    | 779M/1.25G [05:38<05:25, 1.61MB/s][A[A[A[A[A[A








Downloading [pytorch_model.bin]:  50%|████▉     | 635M/1.25G [05:38<07:47, 1.44MB/s][A[A[A[A[A[A[A[A





Downloading [onnx/model.onnx]:  50%|████▉     | 634M/1.25G [05:38<07:42, 1.45MB/s][A[A[A[A[A






Downloading [model.safetensors]:  61%|██████    | 780M/1.25G [05:39<06:07, 1.42MB/s][A[A[A[A[A[A





Downloading [onnx/model.onnx]:  50%|████▉     | 635M/1.25G [05:39<09:16, 1.21MB/s][A[A[A[A[A






Downloading [model.safetensors]:  61%|██████    | 781M/1.25G [05:39<05:57, 1.46MB/s][A[A[A[A[A[A








Downloading [pytorch_model.bin]:  50%|████▉     | 636M/1.25G [05:39<09:51, 1.14MB/s][A[A[A[A[A[A[A[A






Downloading [model.safetensors]:  61%|██████    | 782M/1.25G [05:40<05:38, 1.54MB/s][A[A[A[A[A[A





Downloading [onnx/model.onnx]:  50%|████▉     | 636M/1.25G [05:40<09:10, 1.22MB/s][A[A[A[A[A








Downloading [pytorch_model.bin]:  50%|████▉     | 637M/1.25G [05:40<09:54, 1.13MB/s][A[A[A[A[A[A[A[A






Downloading [model.safetensors]:  61%|██████    | 783M/1.25G [05:41<05:31, 1.57MB/s][A[A[A[A[A[A








Downloading [pytorch_model.bin]:  50%|████▉     | 638M/1.25G [05:41<08:58, 1.25MB/s][A[A[A[A[A[A[A[A






Downloading [model.safetensors]:  61%|██████▏   | 784M/1.25G [05:41<05:02, 1.71MB/s][A[A[A[A[A[A





Downloading [onnx/model.onnx]:  50%|████▉     | 637M/1.25G [05:41<10:18, 1.08MB/s][A[A[A[A[A






Downloading [model.safetensors]:  61%|██████▏   | 785M/1.25G [05:42<04:42, 1.83MB/s][A[A[A[A[A[A








Downloading [pytorch_model.bin]:  50%|████▉     | 639M/1.25G [05:42<08:42, 1.28MB/s][A[A[A[A[A[A[A[A





Downloading [onnx/model.onnx]:  50%|█████     | 638M/1.25G [05:42<08:49, 1.26MB/s][A[A[A[A[A






Downloading [model.safetensors]:  61%|██████▏   | 786M/1.25G [05:42<04:11, 2.06MB/s][A[A[A[A[A[A





Downloading [onnx/model.onnx]:  50%|█████     | 639M/1.25G [05:42<07:05, 1.57MB/s][A[A[A[A[A






Downloading [model.safetensors]:  62%|██████▏   | 787M/1.25G [05:42<04:21, 1.97MB/s][A[A[A[A[A[A








Downloading [pytorch_model.bin]:  50%|█████     | 640M/1.25G [05:43<08:27, 1.32MB/s][A[A[A[A[A[A[A[A





Downloading [onnx/model.onnx]:  50%|█████     | 640M/1.25G [05:43<06:41, 1.66MB/s][A[A[A[A[A






Downloading [model.safetensors]:  62%|██████▏   | 788M/1.25G [05:43<04:25, 1.94MB/s][A[A[A[A[A[A








Downloading [pytorch_model.bin]:  50%|█████     | 641M/1.25G [05:44<09:20, 1.19MB/s][A[A[A[A[A[A[A[A





Downloading [onnx/model.onnx]:  50%|█████     | 641M/1.25G [05:44<07:35, 1.46MB/s][A[A[A[A[A






Downloading [model.safetensors]:  62%|██████▏   | 789M/1.25G [05:44<04:53, 1.75MB/s][A[A[A[A[A[A








Downloading [pytorch_model.bin]:  50%|█████     | 642M/1.25G [05:44<09:19, 1.19MB/s][A[A[A[A[A[A[A[A





Downloading [onnx/model.onnx]:  50%|█████     | 642M/1.25G [05:45<08:56, 1.24MB/s][A[A[A[A[A






Downloading [model.safetensors]:  62%|██████▏   | 790M/1.25G [05:45<06:08, 1.39MB/s][A[A[A[A[A[A





Downloading [onnx/model.onnx]:  50%|█████     | 643M/1.25G [05:45<07:51, 1.41MB/s][A[A[A[A[A








Downloading [pytorch_model.bin]:  50%|█████     | 643M/1.25G [05:46<09:55, 1.12MB/s][A[A[A[A[A[A[A[A






Downloading [model.safetensors]:  62%|██████▏   | 791M/1.25G [05:46<06:08, 1.39MB/s][A[A[A[A[A[A





Downloading [onnx/model.onnx]:  51%|█████     | 644M/1.25G [05:46<07:04, 1.56MB/s][A[A[A[A[A








Downloading [pytorch_model.bin]:  50%|█████     | 644M/1.25G [05:46<08:23, 1.32MB/s][A[A[A[A[A[A[A[A






Downloading [model.safetensors]:  62%|██████▏   | 792M/1.25G [05:46<05:25, 1.57MB/s][A[A[A[A[A[A





Downloading [onnx/model.onnx]:  51%|█████     | 645M/1.25G [05:47<07:40, 1.43MB/s][A[A[A[A[A






Downloading [model.safetensors]:  62%|██████▏   | 793M/1.25G [05:47<06:13, 1.36MB/s][A[A[A[A[A[A








Downloading [pytorch_model.bin]:  50%|█████     | 645M/1.25G [05:47<09:41, 1.14MB/s][A[A[A[A[A[A[A[A





Downloading [onnx/model.onnx]:  51%|█████     | 646M/1.25G [05:47<07:02, 1.56MB/s][A[A[A[A[A








Downloading [pytorch_model.bin]:  51%|█████     | 646M/1.25G [05:47<07:40, 1.44MB/s][A[A[A[A[A[A[A[A






Downloading [model.safetensors]:  62%|██████▏   | 794M/1.25G [05:48<05:19, 1.59MB/s][A[A[A[A[A[A





Downloading [onnx/model.onnx]:  51%|█████     | 647M/1.25G [05:48<06:13, 1.76MB/s][A[A[A[A[A






Downloading [model.safetensors]:  62%|██████▏   | 795M/1.25G [05:48<05:16, 1.60MB/s][A[A[A[A[A[A





Downloading [onnx/model.onnx]:  51%|█████     | 648M/1.25G [05:48<06:15, 1.75MB/s][A[A[A[A[A








Downloading [pytorch_model.bin]:  51%|█████     | 647M/1.25G [05:48<08:02, 1.37MB/s][A[A[A[A[A[A[A[A






Downloading [model.safetensors]:  62%|██████▏   | 796M/1.25G [05:49<04:39, 1.81MB/s][A[A[A[A[A[A





Downloading [onnx/model.onnx]:  51%|█████     | 649M/1.25G [05:49<06:11, 1.77MB/s][A[A[A[A[A






Downloading [model.safetensors]:  62%|██████▏   | 797M/1.25G [05:49<03:52, 2.17MB/s][A[A[A[A[A[A








Downloading [pytorch_model.bin]:  51%|█████     | 648M/1.25G [05:49<07:19, 1.51MB/s][A[A[A[A[A[A[A[A






Downloading [model.safetensors]:  62%|██████▏   | 798M/1.25G [05:49<03:38, 2.31MB/s][A[A[A[A[A[A





Downloading [onnx/model.onnx]:  51%|█████     | 650M/1.25G [05:49<06:17, 1.73MB/s][A[A[A[A[A








Downloading [pytorch_model.bin]:  51%|█████     | 649M/1.25G [05:50<07:28, 1.47MB/s][A[A[A[A[A[A[A[A






Downloading [model.safetensors]:  62%|██████▏   | 799M/1.25G [05:50<03:52, 2.16MB/s][A[A[A[A[A[A





Downloading [onnx/model.onnx]:  51%|█████     | 651M/1.25G [05:50<05:59, 1.82MB/s][A[A[A[A[A








Downloading [pytorch_model.bin]:  51%|█████     | 650M/1.25G [05:50<06:24, 1.71MB/s][A[A[A[A[A[A[A[A






Downloading [model.safetensors]:  63%|██████▎   | 800M/1.25G [05:50<03:26, 2.43MB/s][A[A[A[A[A[A





Downloading [onnx/model.onnx]:  51%|█████     | 652M/1.25G [05:50<05:10, 2.10MB/s][A[A[A[A[A








Downloading [pytorch_model.bin]:  51%|█████     | 651M/1.25G [05:50<05:43, 1.92MB/s][A[A[A[A[A[A[A[A






Downloading [model.safetensors]:  63%|██████▎   | 801M/1.25G [05:50<03:14, 2.58MB/s][A[A[A[A[A[A





Downloading [onnx/model.onnx]:  51%|█████     | 653M/1.25G [05:51<04:48, 2.26MB/s][A[A[A[A[A






Downloading [model.safetensors]:  63%|██████▎   | 802M/1.25G [05:51<03:13, 2.58MB/s][A[A[A[A[A[A





Downloading [onnx/model.onnx]:  51%|█████▏    | 654M/1.25G [05:51<04:07, 2.63MB/s][A[A[A[A[A








Downloading [pytorch_model.bin]:  51%|█████     | 652M/1.25G [05:51<05:45, 1.90MB/s][A[A[A[A[A[A[A[A








Downloading [pytorch_model.bin]:  51%|█████     | 653M/1.25G [05:51<05:32, 1.97MB/s][A[A[A[A[A[A[A[A






Downloading [model.safetensors]:  63%|██████▎   | 803M/1.25G [05:51<03:44, 2.22MB/s][A[A[A[A[A[A





Downloading [onnx/model.onnx]:  51%|█████▏    | 655M/1.25G [05:52<04:44, 2.29MB/s][A[A[A[A[A






Downloading [model.safetensors]:  63%|██████▎   | 804M/1.25G [05:52<03:12, 2.59MB/s][A[A[A[A[A[A








Downloading [pytorch_model.bin]:  51%|█████     | 654M/1.25G [05:52<04:56, 2.21MB/s][A[A[A[A[A[A[A[A





Downloading [onnx/model.onnx]:  51%|█████▏    | 656M/1.25G [05:52<04:13, 2.56MB/s][A[A[A[A[A






Downloading [model.safetensors]:  63%|██████▎   | 805M/1.25G [05:52<03:25, 2.42MB/s][A[A[A[A[A[A








Downloading [pytorch_model.bin]:  51%|█████     | 655M/1.25G [05:52<04:55, 2.22MB/s][A[A[A[A[A[A[A[A





Downloading [onnx/model.onnx]:  52%|█████▏    | 657M/1.25G [05:52<04:23, 2.45MB/s][A[A[A[A[A






Downloading [model.safetensors]:  63%|██████▎   | 807M/1.25G [05:52<02:13, 3.72MB/s][A[A[A[A[A[A





Downloading [onnx/model.onnx]:  52%|█████▏    | 658M/1.25G [05:53<06:28, 1.66MB/s][A[A[A[A[A








Downloading [pytorch_model.bin]:  51%|█████▏    | 656M/1.25G [05:54<07:57, 1.37MB/s][A[A[A[A[A[A[A[A






Downloading [model.safetensors]:  63%|██████▎   | 809M/1.25G [05:54<03:23, 2.41MB/s][A[A[A[A[A[A





Downloading [onnx/model.onnx]:  52%|█████▏    | 659M/1.25G [05:54<06:59, 1.54MB/s][A[A[A[A[A






Downloading [model.safetensors]:  63%|██████▎   | 810M/1.25G [05:54<03:26, 2.38MB/s][A[A[A[A[A[A








Downloading [pytorch_model.bin]:  51%|█████▏    | 657M/1.25G [05:55<08:45, 1.24MB/s][A[A[A[A[A[A[A[A





Downloading [onnx/model.onnx]:  52%|█████▏    | 660M/1.25G [05:55<07:58, 1.35MB/s][A[A[A[A[A






Downloading [model.safetensors]:  63%|██████▎   | 811M/1.25G [05:55<04:26, 1.84MB/s][A[A[A[A[A[A






Downloading [model.safetensors]:  64%|██████▎   | 812M/1.25G [05:56<04:05, 1.99MB/s][A[A[A[A[A[A








Downloading [pytorch_model.bin]:  51%|█████▏    | 658M/1.25G [05:56<09:00, 1.20MB/s][A[A[A[A[A[A[A[A





Downloading [onnx/model.onnx]:  52%|█████▏    | 661M/1.25G [05:56<07:36, 1.41MB/s][A[A[A[A[A






Downloading [model.safetensors]:  64%|██████▎   | 813M/1.25G [05:56<04:47, 1.70MB/s][A[A[A[A[A[A





Downloading [onnx/model.onnx]:  52%|█████▏    | 662M/1.25G [05:57<07:24, 1.45MB/s][A[A[A[A[A








Downloading [pytorch_model.bin]:  52%|█████▏    | 659M/1.25G [05:57<09:15, 1.17MB/s][A[A[A[A[A[A[A[A






Downloading [model.safetensors]:  64%|██████▎   | 814M/1.25G [05:57<04:14, 1.91MB/s][A[A[A[A[A[A





Downloading [onnx/model.onnx]:  52%|█████▏    | 663M/1.25G [05:57<06:21, 1.68MB/s][A[A[A[A[A








Downloading [pytorch_model.bin]:  52%|█████▏    | 660M/1.25G [05:57<07:25, 1.46MB/s][A[A[A[A[A[A[A[A





Downloading [onnx/model.onnx]:  52%|█████▏    | 664M/1.25G [05:57<05:51, 1.82MB/s][A[A[A[A[A








Downloading [pytorch_model.bin]:  52%|█████▏    | 661M/1.25G [05:57<06:44, 1.60MB/s][A[A[A[A[A[A[A[A






Downloading [model.safetensors]:  64%|██████▎   | 815M/1.25G [05:57<04:25, 1.83MB/s][A[A[A[A[A[A





Downloading [onnx/model.onnx]:  52%|█████▏    | 665M/1.25G [05:58<05:39, 1.88MB/s][A[A[A[A[A








Downloading [pytorch_model.bin]:  52%|█████▏    | 662M/1.25G [05:58<06:12, 1.74MB/s][A[A[A[A[A[A[A[A






Downloading [model.safetensors]:  64%|██████▍   | 816M/1.25G [05:58<04:27, 1.81MB/s][A[A[A[A[A[A








Downloading [pytorch_model.bin]:  52%|█████▏    | 663M/1.25G [05:58<05:20, 2.02MB/s][A[A[A[A[A[A[A[A





Downloading [onnx/model.onnx]:  52%|█████▏    | 666M/1.25G [05:58<05:22, 1.98MB/s][A[A[A[A[A








Downloading [pytorch_model.bin]:  52%|█████▏    | 664M/1.25G [05:59<05:45, 1.86MB/s][A[A[A[A[A[A[A[A






Downloading [model.safetensors]:  64%|██████▍   | 817M/1.25G [05:59<05:18, 1.52MB/s][A[A[A[A[A[A





Downloading [onnx/model.onnx]:  52%|█████▏    | 667M/1.25G [05:59<05:50, 1.82MB/s][A[A[A[A[A






Downloading [model.safetensors]:  64%|██████▍   | 818M/1.25G [06:00<05:06, 1.57MB/s][A[A[A[A[A[A








Downloading [pytorch_model.bin]:  52%|█████▏    | 665M/1.25G [06:00<06:37, 1.62MB/s][A[A[A[A[A[A[A[A





Downloading [onnx/model.onnx]:  52%|█████▏    | 668M/1.25G [06:00<06:13, 1.70MB/s][A[A[A[A[A






Downloading [model.safetensors]:  64%|██████▍   | 819M/1.25G [06:00<04:19, 1.86MB/s][A[A[A[A[A[A








Downloading [pytorch_model.bin]:  52%|█████▏    | 666M/1.25G [06:00<06:45, 1.59MB/s][A[A[A[A[A[A[A[A





Downloading [onnx/model.onnx]:  52%|█████▏    | 669M/1.25G [06:01<06:53, 1.54MB/s][A[A[A[A[A






Downloading [model.safetensors]:  64%|██████▍   | 820M/1.25G [06:01<05:30, 1.45MB/s][A[A[A[A[A[A








Downloading [pytorch_model.bin]:  52%|█████▏    | 667M/1.25G [06:02<08:09, 1.31MB/s][A[A[A[A[A[A[A[A





Downloading [onnx/model.onnx]:  53%|█████▎    | 670M/1.25G [06:02<08:08, 1.30MB/s][A[A[A[A[A






Downloading [model.safetensors]:  64%|██████▍   | 821M/1.25G [06:02<05:18, 1.51MB/s][A[A[A[A[A[A






Downloading [model.safetensors]:  64%|██████▍   | 822M/1.25G [06:02<05:25, 1.47MB/s][A[A[A[A[A[A








Downloading [pytorch_model.bin]:  52%|█████▏    | 668M/1.25G [06:03<08:34, 1.25MB/s][A[A[A[A[A[A[A[A





Downloading [onnx/model.onnx]:  53%|█████▎    | 671M/1.25G [06:03<08:53, 1.19MB/s][A[A[A[A[A






Downloading [model.safetensors]:  64%|██████▍   | 823M/1.25G [06:03<04:38, 1.72MB/s][A[A[A[A[A[A








Downloading [pytorch_model.bin]:  52%|█████▏    | 669M/1.25G [06:03<07:06, 1.50MB/s][A[A[A[A[A[A[A[A





Downloading [onnx/model.onnx]:  53%|█████▎    | 672M/1.25G [06:03<07:05, 1.48MB/s][A[A[A[A[A








Downloading [pytorch_model.bin]:  52%|█████▏    | 670M/1.25G [06:04<07:09, 1.48MB/s][A[A[A[A[A[A[A[A






Downloading [model.safetensors]:  64%|██████▍   | 824M/1.25G [06:04<05:00, 1.59MB/s][A[A[A[A[A[A





Downloading [onnx/model.onnx]:  53%|█████▎    | 673M/1.25G [06:04<06:58, 1.51MB/s][A[A[A[A[A






Downloading [model.safetensors]:  65%|██████▍   | 825M/1.25G [06:04<04:42, 1.68MB/s][A[A[A[A[A[A








Downloading [pytorch_model.bin]:  52%|█████▏    | 671M/1.25G [06:04<07:04, 1.50MB/s][A[A[A[A[A[A[A[A





Downloading [onnx/model.onnx]:  53%|█████▎    | 674M/1.25G [06:05<07:18, 1.44MB/s][A[A[A[A[A






Downloading [model.safetensors]:  65%|██████▍   | 826M/1.25G [06:05<04:36, 1.71MB/s][A[A[A[A[A[A








Downloading [pytorch_model.bin]:  53%|█████▎    | 672M/1.25G [06:05<07:11, 1.48MB/s][A[A[A[A[A[A[A[A





Downloading [onnx/model.onnx]:  53%|█████▎    | 675M/1.25G [06:05<07:03, 1.49MB/s][A[A[A[A[A






Downloading [model.safetensors]:  65%|██████▍   | 827M/1.25G [06:05<04:39, 1.70MB/s][A[A[A[A[A[A








Downloading [pytorch_model.bin]:  53%|█████▎    | 673M/1.25G [06:05<06:18, 1.68MB/s][A[A[A[A[A[A[A[A






Downloading [model.safetensors]:  65%|██████▍   | 828M/1.25G [06:06<04:12, 1.87MB/s][A[A[A[A[A[A





Downloading [onnx/model.onnx]:  53%|█████▎    | 676M/1.25G [06:06<06:57, 1.50MB/s][A[A[A[A[A








Downloading [pytorch_model.bin]:  53%|█████▎    | 674M/1.25G [06:06<06:18, 1.68MB/s][A[A[A[A[A[A[A[A





Downloading [onnx/model.onnx]:  53%|█████▎    | 677M/1.25G [06:06<06:05, 1.71MB/s][A[A[A[A[A






Downloading [model.safetensors]:  65%|██████▍   | 829M/1.25G [06:07<04:57, 1.58MB/s][A[A[A[A[A[A








Downloading [pytorch_model.bin]:  53%|█████▎    | 675M/1.25G [06:07<06:52, 1.53MB/s][A[A[A[A[A[A[A[A





Downloading [onnx/model.onnx]:  53%|█████▎    | 678M/1.25G [06:07<06:34, 1.59MB/s][A[A[A[A[A






Downloading [model.safetensors]:  65%|██████▍   | 830M/1.25G [06:07<04:21, 1.80MB/s][A[A[A[A[A[A








Downloading [pytorch_model.bin]:  53%|█████▎    | 676M/1.25G [06:07<05:57, 1.77MB/s][A[A[A[A[A[A[A[A






Downloading [model.safetensors]:  65%|██████▍   | 831M/1.25G [06:08<05:00, 1.56MB/s][A[A[A[A[A[A





Downloading [onnx/model.onnx]:  53%|█████▎    | 679M/1.25G [06:08<08:23, 1.24MB/s][A[A[A[A[A








Downloading [pytorch_model.bin]:  53%|█████▎    | 677M/1.25G [06:08<07:31, 1.40MB/s][A[A[A[A[A[A[A[A






Downloading [model.safetensors]:  65%|██████▌   | 832M/1.25G [06:09<04:48, 1.63MB/s][A[A[A[A[A[A








Downloading [pytorch_model.bin]:  53%|█████▎    | 678M/1.25G [06:09<06:33, 1.60MB/s][A[A[A[A[A[A[A[A





Downloading [onnx/model.onnx]:  53%|█████▎    | 680M/1.25G [06:09<08:17, 1.25MB/s][A[A[A[A[A






Downloading [model.safetensors]:  65%|██████▌   | 833M/1.25G [06:09<05:12, 1.50MB/s][A[A[A[A[A[A








Downloading [pytorch_model.bin]:  53%|█████▎    | 679M/1.25G [06:10<07:14, 1.45MB/s][A[A[A[A[A[A[A[A





Downloading [onnx/model.onnx]:  53%|█████▎    | 681M/1.25G [06:10<08:02, 1.29MB/s][A[A[A[A[A






Downloading [model.safetensors]:  65%|██████▌   | 834M/1.25G [06:10<05:04, 1.53MB/s][A[A[A[A[A[A








Downloading [pytorch_model.bin]:  53%|█████▎    | 680M/1.25G [06:10<06:21, 1.65MB/s][A[A[A[A[A[A[A[A





Downloading [onnx/model.onnx]:  53%|█████▎    | 682M/1.25G [06:10<06:46, 1.53MB/s][A[A[A[A[A






Downloading [model.safetensors]:  65%|██████▌   | 836M/1.25G [06:11<03:45, 2.05MB/s][A[A[A[A[A[A








Downloading [pytorch_model.bin]:  53%|█████▎    | 681M/1.25G [06:11<06:06, 1.71MB/s][A[A[A[A[A[A[A[A





Downloading [onnx/model.onnx]:  54%|█████▎    | 683M/1.25G [06:11<06:34, 1.57MB/s][A[A[A[A[A






Downloading [model.safetensors]:  65%|██████▌   | 837M/1.25G [06:11<03:41, 2.09MB/s][A[A[A[A[A[A








Downloading [pytorch_model.bin]:  53%|█████▎    | 682M/1.25G [06:11<06:11, 1.69MB/s][A[A[A[A[A[A[A[A






Downloading [model.safetensors]:  66%|██████▌   | 838M/1.25G [06:11<03:27, 2.23MB/s][A[A[A[A[A[A








Downloading [pytorch_model.bin]:  53%|█████▎    | 683M/1.25G [06:12<05:34, 1.87MB/s][A[A[A[A[A[A[A[A





Downloading [onnx/model.onnx]:  54%|█████▎    | 684M/1.25G [06:12<07:25, 1.39MB/s][A[A[A[A[A






Downloading [model.safetensors]:  66%|██████▌   | 839M/1.25G [06:12<03:29, 2.20MB/s][A[A[A[A[A[A








Downloading [pytorch_model.bin]:  53%|█████▎    | 684M/1.25G [06:12<05:03, 2.06MB/s][A[A[A[A[A[A[A[A






Downloading [model.safetensors]:  66%|██████▌   | 840M/1.25G [06:12<03:06, 2.46MB/s][A[A[A[A[A[A





Downloading [onnx/model.onnx]:  54%|█████▎    | 685M/1.25G [06:12<06:43, 1.53MB/s][A[A[A[A[A






Downloading [model.safetensors]:  66%|██████▌   | 841M/1.25G [06:13<02:44, 2.79MB/s][A[A[A[A[A[A








Downloading [pytorch_model.bin]:  54%|█████▎    | 685M/1.25G [06:13<04:59, 2.08MB/s][A[A[A[A[A[A[A[A





Downloading [onnx/model.onnx]:  54%|█████▍    | 686M/1.25G [06:13<05:52, 1.75MB/s][A[A[A[A[A






Downloading [model.safetensors]:  66%|██████▌   | 842M/1.25G [06:13<02:45, 2.77MB/s][A[A[A[A[A[A








Downloading [pytorch_model.bin]:  54%|█████▎    | 686M/1.25G [06:13<05:03, 2.04MB/s][A[A[A[A[A[A[A[A





Downloading [onnx/model.onnx]:  54%|█████▍    | 687M/1.25G [06:13<05:46, 1.78MB/s][A[A[A[A[A






Downloading [model.safetensors]:  66%|██████▌   | 843M/1.25G [06:13<02:55, 2.60MB/s][A[A[A[A[A[A








Downloading [pytorch_model.bin]:  54%|█████▎    | 687M/1.25G [06:14<04:36, 2.24MB/s][A[A[A[A[A[A[A[A






Downloading [model.safetensors]:  66%|██████▌   | 844M/1.25G [06:14<02:56, 2.58MB/s][A[A[A[A[A[A





Downloading [onnx/model.onnx]:  54%|█████▍    | 688M/1.25G [06:14<05:26, 1.88MB/s][A[A[A[A[A








Downloading [pytorch_model.bin]:  54%|█████▍    | 688M/1.25G [06:14<04:44, 2.18MB/s][A[A[A[A[A[A[A[A





Downloading [onnx/model.onnx]:  54%|█████▍    | 689M/1.25G [06:14<04:55, 2.08MB/s][A[A[A[A[A






Downloading [model.safetensors]:  66%|██████▌   | 845M/1.25G [06:14<03:03, 2.47MB/s][A[A[A[A[A[A






Downloading [model.safetensors]:  66%|██████▌   | 846M/1.25G [06:15<02:42, 2.79MB/s][A[A[A[A[A[A








Downloading [pytorch_model.bin]:  54%|█████▍    | 689M/1.25G [06:15<04:46, 2.16MB/s][A[A[A[A[A[A[A[A





Downloading [onnx/model.onnx]:  54%|█████▍    | 690M/1.25G [06:15<04:34, 2.23MB/s][A[A[A[A[A








Downloading [pytorch_model.bin]:  54%|█████▍    | 690M/1.25G [06:15<04:51, 2.11MB/s][A[A[A[A[A[A[A[A






Downloading [model.safetensors]:  66%|██████▌   | 847M/1.25G [06:15<03:33, 2.12MB/s][A[A[A[A[A[A





Downloading [onnx/model.onnx]:  54%|█████▍    | 691M/1.25G [06:15<05:24, 1.89MB/s][A[A[A[A[A








Downloading [pytorch_model.bin]:  54%|█████▍    | 691M/1.25G [06:16<05:19, 1.93MB/s][A[A[A[A[A[A[A[A






Downloading [model.safetensors]:  66%|██████▋   | 848M/1.25G [06:16<03:35, 2.10MB/s][A[A[A[A[A[A





Downloading [onnx/model.onnx]:  54%|█████▍    | 692M/1.25G [06:16<05:48, 1.76MB/s][A[A[A[A[A








Downloading [pytorch_model.bin]:  54%|█████▍    | 692M/1.25G [06:16<04:54, 2.09MB/s][A[A[A[A[A[A[A[A






Downloading [model.safetensors]:  66%|██████▋   | 849M/1.25G [06:16<03:23, 2.21MB/s][A[A[A[A[A[A





Downloading [onnx/model.onnx]:  54%|█████▍    | 693M/1.25G [06:17<05:56, 1.71MB/s][A[A[A[A[A






Downloading [model.safetensors]:  66%|██████▋   | 850M/1.25G [06:17<03:59, 1.88MB/s][A[A[A[A[A[A








Downloading [pytorch_model.bin]:  54%|█████▍    | 693M/1.25G [06:17<05:58, 1.71MB/s][A[A[A[A[A[A[A[A





Downloading [onnx/model.onnx]:  54%|█████▍    | 694M/1.25G [06:17<05:53, 1.72MB/s][A[A[A[A[A






Downloading [model.safetensors]:  67%|██████▋   | 851M/1.25G [06:17<03:40, 2.04MB/s][A[A[A[A[A[A






Downloading [model.safetensors]:  67%|██████▋   | 852M/1.25G [06:18<03:05, 2.41MB/s][A[A[A[A[A[A





Downloading [onnx/model.onnx]:  55%|█████▍    | 695M/1.25G [06:18<05:09, 1.97MB/s][A[A[A[A[A








Downloading [pytorch_model.bin]:  54%|█████▍    | 694M/1.25G [06:18<06:40, 1.53MB/s][A[A[A[A[A[A[A[A






Downloading [model.safetensors]:  67%|██████▋   | 853M/1.25G [06:18<03:03, 2.43MB/s][A[A[A[A[A[A





Downloading [onnx/model.onnx]:  55%|█████▍    | 696M/1.25G [06:18<05:08, 1.97MB/s][A[A[A[A[A








Downloading [pytorch_model.bin]:  54%|█████▍    | 695M/1.25G [06:19<06:44, 1.51MB/s][A[A[A[A[A[A[A[A






Downloading [model.safetensors]:  67%|██████▋   | 854M/1.25G [06:19<03:13, 2.29MB/s][A[A[A[A[A[A





Downloading [onnx/model.onnx]:  55%|█████▍    | 697M/1.25G [06:19<05:01, 2.01MB/s][A[A[A[A[A






Downloading [model.safetensors]:  67%|██████▋   | 855M/1.25G [06:19<03:11, 2.32MB/s][A[A[A[A[A[A








Downloading [pytorch_model.bin]:  54%|█████▍    | 696M/1.25G [06:19<06:04, 1.68MB/s][A[A[A[A[A[A[A[A





Downloading [onnx/model.onnx]:  55%|█████▍    | 698M/1.25G [06:19<05:07, 1.97MB/s][A[A[A[A[A






Downloading [model.safetensors]:  67%|██████▋   | 856M/1.25G [06:19<02:42, 2.73MB/s][A[A[A[A[A[A








Downloading [pytorch_model.bin]:  55%|█████▍    | 697M/1.25G [06:20<06:11, 1.64MB/s][A[A[A[A[A[A[A[A






Downloading [model.safetensors]:  67%|██████▋   | 857M/1.25G [06:20<02:55, 2.51MB/s][A[A[A[A[A[A





Downloading [onnx/model.onnx]:  55%|█████▍    | 699M/1.25G [06:20<05:28, 1.84MB/s][A[A[A[A[A








Downloading [pytorch_model.bin]:  55%|█████▍    | 698M/1.25G [06:20<05:34, 1.82MB/s][A[A[A[A[A[A[A[A






Downloading [model.safetensors]:  67%|██████▋   | 858M/1.25G [06:20<02:57, 2.48MB/s][A[A[A[A[A[A





Downloading [onnx/model.onnx]:  55%|█████▍    | 700M/1.25G [06:20<04:59, 2.01MB/s][A[A[A[A[A








Downloading [pytorch_model.bin]:  55%|█████▍    | 699M/1.25G [06:21<05:00, 2.02MB/s][A[A[A[A[A[A[A[A






Downloading [model.safetensors]:  67%|██████▋   | 859M/1.25G [06:21<02:54, 2.51MB/s][A[A[A[A[A[A






Downloading [model.safetensors]:  67%|██████▋   | 860M/1.25G [06:21<02:33, 2.86MB/s][A[A[A[A[A[A





Downloading [onnx/model.onnx]:  55%|█████▍    | 701M/1.25G [06:21<05:05, 1.97MB/s][A[A[A[A[A








Downloading [pytorch_model.bin]:  55%|█████▍    | 700M/1.25G [06:21<04:32, 2.23MB/s][A[A[A[A[A[A[A[A






Downloading [model.safetensors]:  67%|██████▋   | 861M/1.25G [06:21<02:18, 3.17MB/s][A[A[A[A[A[A






Downloading [model.safetensors]:  67%|██████▋   | 862M/1.25G [06:21<02:04, 3.51MB/s][A[A[A[A[A[A





Downloading [onnx/model.onnx]:  55%|█████▌    | 702M/1.25G [06:21<04:48, 2.08MB/s][A[A[A[A[A








Downloading [pytorch_model.bin]:  55%|█████▍    | 701M/1.25G [06:21<04:45, 2.12MB/s][A[A[A[A[A[A[A[A








Downloading [pytorch_model.bin]:  55%|█████▍    | 702M/1.25G [06:22<03:40, 2.74MB/s][A[A[A[A[A[A[A[A






Downloading [model.safetensors]:  68%|██████▊   | 863M/1.25G [06:22<02:07, 3.43MB/s][A[A[A[A[A[A








Downloading [pytorch_model.bin]:  55%|█████▍    | 703M/1.25G [06:22<03:01, 3.33MB/s][A[A[A[A[A[A[A[A





Downloading [onnx/model.onnx]:  55%|█████▌    | 703M/1.25G [06:22<04:39, 2.14MB/s][A[A[A[A[A








Downloading [pytorch_model.bin]:  55%|█████▌    | 704M/1.25G [06:22<03:18, 3.04MB/s][A[A[A[A[A[A[A[A





Downloading [onnx/model.onnx]:  55%|█████▌    | 704M/1.25G [06:22<04:28, 2.23MB/s][A[A[A[A[A






Downloading [model.safetensors]:  68%|██████▊   | 864M/1.25G [06:22<02:45, 2.62MB/s][A[A[A[A[A[A






Downloading [model.safetensors]:  68%|██████▊   | 865M/1.25G [06:22<02:15, 3.20MB/s][A[A[A[A[A[A








Downloading [pytorch_model.bin]:  55%|█████▌    | 705M/1.25G [06:23<03:27, 2.90MB/s][A[A[A[A[A[A[A[A





Downloading [onnx/model.onnx]:  55%|█████▌    | 705M/1.25G [06:23<04:22, 2.28MB/s][A[A[A[A[A






Downloading [model.safetensors]:  68%|██████▊   | 866M/1.25G [06:23<02:23, 3.02MB/s][A[A[A[A[A[A








Downloading [pytorch_model.bin]:  55%|█████▌    | 706M/1.25G [06:23<04:21, 2.29MB/s][A[A[A[A[A[A[A[A






Downloading [model.safetensors]:  68%|██████▊   | 867M/1.25G [06:23<02:47, 2.57MB/s][A[A[A[A[A[A





Downloading [onnx/model.onnx]:  55%|█████▌    | 706M/1.25G [06:23<05:19, 1.87MB/s][A[A[A[A[A








Downloading [pytorch_model.bin]:  55%|█████▌    | 707M/1.25G [06:24<04:10, 2.40MB/s][A[A[A[A[A[A[A[A






Downloading [model.safetensors]:  68%|██████▊   | 868M/1.25G [06:24<02:49, 2.54MB/s][A[A[A[A[A[A





Downloading [onnx/model.onnx]:  55%|█████▌    | 707M/1.25G [06:24<04:53, 2.03MB/s][A[A[A[A[A








Downloading [pytorch_model.bin]:  55%|█████▌    | 708M/1.25G [06:24<03:58, 2.51MB/s][A[A[A[A[A[A[A[A






Downloading [model.safetensors]:  68%|██████▊   | 869M/1.25G [06:24<03:01, 2.36MB/s][A[A[A[A[A[A





Downloading [onnx/model.onnx]:  56%|█████▌    | 708M/1.25G [06:24<04:45, 2.08MB/s][A[A[A[A[A








Downloading [pytorch_model.bin]:  55%|█████▌    | 709M/1.25G [06:25<05:14, 1.90MB/s][A[A[A[A[A[A[A[A





Downloading [onnx/model.onnx]:  56%|█████▌    | 709M/1.25G [06:25<05:01, 1.97MB/s][A[A[A[A[A






Downloading [model.safetensors]:  68%|██████▊   | 870M/1.25G [06:25<03:54, 1.83MB/s][A[A[A[A[A[A






Downloading [model.safetensors]:  68%|██████▊   | 871M/1.25G [06:26<03:50, 1.85MB/s][A[A[A[A[A[A








Downloading [pytorch_model.bin]:  56%|█████▌    | 710M/1.25G [06:26<06:21, 1.56MB/s][A[A[A[A[A[A[A[A





Downloading [onnx/model.onnx]:  56%|█████▌    | 710M/1.25G [06:26<06:37, 1.49MB/s][A[A[A[A[A






Downloading [model.safetensors]:  68%|██████▊   | 872M/1.25G [06:26<03:49, 1.86MB/s][A[A[A[A[A[A








Downloading [pytorch_model.bin]:  56%|█████▌    | 711M/1.25G [06:26<06:18, 1.57MB/s][A[A[A[A[A[A[A[A






Downloading [model.safetensors]:  68%|██████▊   | 873M/1.25G [06:27<03:12, 2.20MB/s][A[A[A[A[A[A





Downloading [onnx/model.onnx]:  56%|█████▌    | 711M/1.25G [06:27<06:10, 1.60MB/s][A[A[A[A[A








Downloading [pytorch_model.bin]:  56%|█████▌    | 712M/1.25G [06:27<05:35, 1.77MB/s][A[A[A[A[A[A[A[A






Downloading [model.safetensors]:  68%|██████▊   | 874M/1.25G [06:27<02:57, 2.39MB/s][A[A[A[A[A[A





Downloading [onnx/model.onnx]:  56%|█████▌    | 712M/1.25G [06:27<05:56, 1.65MB/s][A[A[A[A[A






Downloading [model.safetensors]:  68%|██████▊   | 875M/1.25G [06:27<03:04, 2.29MB/s][A[A[A[A[A[A








Downloading [pytorch_model.bin]:  56%|█████▌    | 713M/1.25G [06:28<06:02, 1.64MB/s][A[A[A[A[A[A[A[A





Downloading [onnx/model.onnx]:  56%|█████▌    | 713M/1.25G [06:28<05:33, 1.77MB/s][A[A[A[A[A






Downloading [model.safetensors]:  69%|██████▊   | 876M/1.25G [06:28<03:37, 1.94MB/s][A[A[A[A[A[A






Downloading [model.safetensors]:  69%|██████▊   | 877M/1.25G [06:28<02:59, 2.34MB/s][A[A[A[A[A[A








Downloading [pytorch_model.bin]:  56%|█████▌    | 714M/1.25G [06:28<06:31, 1.51MB/s][A[A[A[A[A[A[A[A






Downloading [model.safetensors]:  69%|██████▊   | 878M/1.25G [06:29<02:27, 2.85MB/s][A[A[A[A[A[A





Downloading [onnx/model.onnx]:  56%|█████▌    | 714M/1.25G [06:29<06:40, 1.47MB/s][A[A[A[A[A






Downloading [model.safetensors]:  69%|██████▉   | 879M/1.25G [06:29<02:05, 3.33MB/s][A[A[A[A[A[A








Downloading [pytorch_model.bin]:  56%|█████▌    | 715M/1.25G [06:29<05:31, 1.78MB/s][A[A[A[A[A[A[A[A






Downloading [model.safetensors]:  69%|██████▉   | 880M/1.25G [06:29<02:01, 3.45MB/s][A[A[A[A[A[A





Downloading [onnx/model.onnx]:  56%|█████▌    | 715M/1.25G [06:29<05:57, 1.64MB/s][A[A[A[A[A








Downloading [pytorch_model.bin]:  56%|█████▌    | 716M/1.25G [06:29<04:56, 1.99MB/s][A[A[A[A[A[A[A[A






Downloading [model.safetensors]:  69%|██████▉   | 881M/1.25G [06:29<01:57, 3.54MB/s][A[A[A[A[A[A





Downloading [onnx/model.onnx]:  56%|█████▌    | 716M/1.25G [06:29<05:07, 1.91MB/s][A[A[A[A[A








Downloading [pytorch_model.bin]:  56%|█████▌    | 717M/1.25G [06:29<04:17, 2.28MB/s][A[A[A[A[A[A[A[A






Downloading [model.safetensors]:  69%|██████▉   | 882M/1.25G [06:30<01:55, 3.61MB/s][A[A[A[A[A[A








Downloading [pytorch_model.bin]:  56%|█████▌    | 718M/1.25G [06:30<04:07, 2.38MB/s][A[A[A[A[A[A[A[A





Downloading [onnx/model.onnx]:  56%|█████▌    | 717M/1.25G [06:30<04:45, 2.05MB/s][A[A[A[A[A






Downloading [model.safetensors]:  69%|██████▉   | 883M/1.25G [06:30<02:07, 3.25MB/s][A[A[A[A[A[A








Downloading [pytorch_model.bin]:  56%|█████▌    | 719M/1.25G [06:30<03:45, 2.60MB/s][A[A[A[A[A[A[A[A





Downloading [onnx/model.onnx]:  56%|█████▋    | 718M/1.25G [06:30<04:11, 2.32MB/s][A[A[A[A[A






Downloading [model.safetensors]:  69%|██████▉   | 884M/1.25G [06:30<01:54, 3.62MB/s][A[A[A[A[A[A






Downloading [model.safetensors]:  69%|██████▉   | 885M/1.25G [06:30<01:42, 4.02MB/s][A[A[A[A[A[A








Downloading [pytorch_model.bin]:  56%|█████▋    | 720M/1.25G [06:30<03:19, 2.93MB/s][A[A[A[A[A[A[A[A





Downloading [onnx/model.onnx]:  56%|█████▋    | 719M/1.25G [06:31<03:54, 2.48MB/s][A[A[A[A[A






Downloading [model.safetensors]:  69%|██████▉   | 886M/1.25G [06:31<01:37, 4.24MB/s][A[A[A[A[A[A








Downloading [pytorch_model.bin]:  56%|█████▋    | 721M/1.25G [06:31<03:00, 3.24MB/s][A[A[A[A[A[A[A[A





Downloading [onnx/model.onnx]:  56%|█████▋    | 720M/1.25G [06:31<03:22, 2.87MB/s][A[A[A[A[A








Downloading [pytorch_model.bin]:  56%|█████▋    | 722M/1.25G [06:31<02:34, 3.78MB/s][A[A[A[A[A[A[A[A





Downloading [onnx/model.onnx]:  57%|█████▋    | 721M/1.25G [06:31<02:58, 3.25MB/s][A[A[A[A[A






Downloading [model.safetensors]:  69%|██████▉   | 887M/1.25G [06:31<01:53, 3.62MB/s][A[A[A[A[A[A






Downloading [model.safetensors]:  69%|██████▉   | 888M/1.25G [06:31<01:40, 4.08MB/s][A[A[A[A[A[A








Downloading [pytorch_model.bin]:  57%|█████▋    | 723M/1.25G [06:31<02:58, 3.27MB/s][A[A[A[A[A[A[A[A






Downloading [model.safetensors]:  70%|██████▉   | 889M/1.25G [06:31<01:26, 4.70MB/s][A[A[A[A[A[A








Downloading [pytorch_model.bin]:  57%|█████▋    | 724M/1.25G [06:31<02:29, 3.88MB/s][A[A[A[A[A[A[A[A





Downloading [onnx/model.onnx]:  57%|█████▋    | 722M/1.25G [06:31<03:26, 2.81MB/s][A[A[A[A[A








Downloading [pytorch_model.bin]:  57%|█████▋    | 725M/1.25G [06:32<02:08, 4.53MB/s][A[A[A[A[A[A[A[A






Downloading [model.safetensors]:  70%|██████▉   | 890M/1.25G [06:32<02:06, 3.23MB/s][A[A[A[A[A[A





Downloading [onnx/model.onnx]:  57%|█████▋    | 723M/1.25G [06:32<03:39, 2.63MB/s][A[A[A[A[A








Downloading [pytorch_model.bin]:  57%|█████▋    | 726M/1.25G [06:32<03:16, 2.94MB/s][A[A[A[A[A[A[A[A






Downloading [model.safetensors]:  70%|██████▉   | 891M/1.25G [06:32<02:12, 3.06MB/s][A[A[A[A[A[A






Downloading [model.safetensors]:  70%|██████▉   | 892M/1.25G [06:33<02:13, 3.03MB/s][A[A[A[A[A[A





Downloading [onnx/model.onnx]:  57%|█████▋    | 724M/1.25G [06:33<05:18, 1.81MB/s][A[A[A[A[A






Downloading [model.safetensors]:  70%|██████▉   | 893M/1.25G [06:33<02:30, 2.69MB/s][A[A[A[A[A[A








Downloading [pytorch_model.bin]:  57%|█████▋    | 727M/1.25G [06:33<04:58, 1.94MB/s][A[A[A[A[A[A[A[A






Downloading [model.safetensors]:  70%|██████▉   | 894M/1.25G [06:33<02:07, 3.15MB/s][A[A[A[A[A[A





Downloading [onnx/model.onnx]:  57%|█████▋    | 725M/1.25G [06:33<04:48, 2.00MB/s][A[A[A[A[A






Downloading [model.safetensors]:  70%|███████   | 895M/1.25G [06:33<01:52, 3.58MB/s][A[A[A[A[A[A








Downloading [pytorch_model.bin]:  57%|█████▋    | 728M/1.25G [06:33<04:24, 2.18MB/s][A[A[A[A[A[A[A[A





Downloading [onnx/model.onnx]:  57%|█████▋    | 726M/1.25G [06:34<04:12, 2.28MB/s][A[A[A[A[A






Downloading [model.safetensors]:  70%|███████   | 896M/1.25G [06:34<01:54, 3.50MB/s][A[A[A[A[A[A





Downloading [onnx/model.onnx]:  57%|█████▋    | 727M/1.25G [06:34<03:45, 2.55MB/s][A[A[A[A[A








Downloading [pytorch_model.bin]:  57%|█████▋    | 729M/1.25G [06:34<04:21, 2.20MB/s][A[A[A[A[A[A[A[A






Downloading [model.safetensors]:  70%|███████   | 897M/1.25G [06:34<01:47, 3.73MB/s][A[A[A[A[A[A





Downloading [onnx/model.onnx]:  57%|█████▋    | 728M/1.25G [06:34<03:16, 2.91MB/s][A[A[A[A[A






Downloading [model.safetensors]:  70%|███████   | 898M/1.25G [06:34<01:39, 4.02MB/s][A[A[A[A[A[A








Downloading [pytorch_model.bin]:  57%|█████▋    | 730M/1.25G [06:34<04:04, 2.35MB/s][A[A[A[A[A[A[A[A





Downloading [onnx/model.onnx]:  57%|█████▋    | 729M/1.25G [06:34<02:53, 3.29MB/s][A[A[A[A[A






Downloading [model.safetensors]:  70%|███████   | 899M/1.25G [06:35<01:46, 3.72MB/s][A[A[A[A[A[A





Downloading [onnx/model.onnx]:  57%|█████▋    | 730M/1.25G [06:35<02:36, 3.65MB/s][A[A[A[A[A








Downloading [pytorch_model.bin]:  57%|█████▋    | 731M/1.25G [06:35<03:58, 2.41MB/s][A[A[A[A[A[A[A[A





Downloading [onnx/model.onnx]:  57%|█████▋    | 731M/1.25G [06:35<02:41, 3.54MB/s][A[A[A[A[A






Downloading [model.safetensors]:  70%|███████   | 900M/1.25G [06:35<02:09, 3.06MB/s][A[A[A[A[A[A








Downloading [pytorch_model.bin]:  57%|█████▋    | 732M/1.25G [06:35<04:13, 2.26MB/s][A[A[A[A[A[A[A[A






Downloading [model.safetensors]:  70%|███████   | 901M/1.25G [06:36<02:56, 2.24MB/s][A[A[A[A[A[A





Downloading [onnx/model.onnx]:  57%|█████▋    | 732M/1.25G [06:36<04:50, 1.96MB/s][A[A[A[A[A








Downloading [pytorch_model.bin]:  57%|█████▋    | 733M/1.25G [06:36<05:08, 1.86MB/s][A[A[A[A[A[A[A[A






Downloading [model.safetensors]:  71%|███████   | 902M/1.25G [06:36<02:42, 2.43MB/s][A[A[A[A[A[A





Downloading [onnx/model.onnx]:  57%|█████▋    | 733M/1.25G [06:36<04:21, 2.17MB/s][A[A[A[A[A






Downloading [model.safetensors]:  71%|███████   | 903M/1.25G [06:37<02:39, 2.46MB/s][A[A[A[A[A[A








Downloading [pytorch_model.bin]:  57%|█████▋    | 734M/1.25G [06:37<05:42, 1.67MB/s][A[A[A[A[A[A[A[A






Downloading [model.safetensors]:  71%|███████   | 904M/1.25G [06:37<03:10, 2.06MB/s][A[A[A[A[A[A





Downloading [onnx/model.onnx]:  58%|█████▊    | 734M/1.25G [06:37<06:02, 1.57MB/s][A[A[A[A[A






Downloading [model.safetensors]:  71%|███████   | 905M/1.25G [06:38<03:23, 1.92MB/s][A[A[A[A[A[A








Downloading [pytorch_model.bin]:  57%|█████▋    | 735M/1.25G [06:39<09:18, 1.02MB/s][A[A[A[A[A[A[A[A





Downloading [onnx/model.onnx]:  58%|█████▊    | 735M/1.25G [06:39<07:51, 1.20MB/s][A[A[A[A[A






Downloading [model.safetensors]:  71%|███████   | 906M/1.25G [06:39<05:06, 1.28MB/s][A[A[A[A[A[A





Downloading [onnx/model.onnx]:  58%|█████▊    | 736M/1.25G [06:40<07:51, 1.20MB/s][A[A[A[A[A








Downloading [pytorch_model.bin]:  58%|█████▊    | 736M/1.25G [06:40<09:15, 1.02MB/s][A[A[A[A[A[A[A[A






Downloading [model.safetensors]:  71%|███████   | 907M/1.25G [06:40<04:39, 1.40MB/s][A[A[A[A[A[A





Downloading [onnx/model.onnx]:  58%|█████▊    | 737M/1.25G [06:41<08:00, 1.17MB/s][A[A[A[A[A






Downloading [model.safetensors]:  71%|███████   | 908M/1.25G [06:41<04:35, 1.41MB/s][A[A[A[A[A[A








Downloading [pytorch_model.bin]:  58%|█████▊    | 737M/1.25G [06:41<09:26, 1.00MB/s][A[A[A[A[A[A[A[A






Downloading [model.safetensors]:  71%|███████   | 909M/1.25G [06:41<04:08, 1.56MB/s][A[A[A[A[A[A








Downloading [pytorch_model.bin]:  58%|█████▊    | 738M/1.25G [06:41<07:44, 1.22MB/s][A[A[A[A[A[A[A[A





Downloading [onnx/model.onnx]:  58%|█████▊    | 738M/1.25G [06:41<07:35, 1.24MB/s][A[A[A[A[A






Downloading [model.safetensors]:  71%|███████   | 910M/1.25G [06:42<03:30, 1.84MB/s][A[A[A[A[A[A





Downloading [onnx/model.onnx]:  58%|█████▊    | 739M/1.25G [06:42<06:31, 1.44MB/s][A[A[A[A[A








Downloading [pytorch_model.bin]:  58%|█████▊    | 739M/1.25G [06:42<07:01, 1.34MB/s][A[A[A[A[A[A[A[A






Downloading [model.safetensors]:  71%|███████▏  | 911M/1.25G [06:42<04:00, 1.60MB/s][A[A[A[A[A[A








Downloading [pytorch_model.bin]:  58%|█████▊    | 740M/1.25G [06:43<07:18, 1.29MB/s][A[A[A[A[A[A[A[A





Downloading [onnx/model.onnx]:  58%|█████▊    | 740M/1.25G [06:43<08:05, 1.16MB/s][A[A[A[A[A






Downloading [model.safetensors]:  71%|███████▏  | 912M/1.25G [06:43<04:15, 1.50MB/s][A[A[A[A[A[A





Downloading [onnx/model.onnx]:  58%|█████▊    | 741M/1.25G [06:44<07:45, 1.20MB/s][A[A[A[A[A






Downloading [model.safetensors]:  71%|███████▏  | 913M/1.25G [06:44<04:45, 1.34MB/s][A[A[A[A[A[A








Downloading [pytorch_model.bin]:  58%|█████▊    | 741M/1.25G [06:44<08:42, 1.08MB/s][A[A[A[A[A[A[A[A








Downloading [pytorch_model.bin]:  58%|█████▊    | 742M/1.25G [06:45<08:00, 1.17MB/s][A[A[A[A[A[A[A[A





Downloading [onnx/model.onnx]:  58%|█████▊    | 742M/1.25G [06:45<08:03, 1.16MB/s][A[A[A[A[A






Downloading [model.safetensors]:  71%|███████▏  | 914M/1.25G [06:45<05:06, 1.25MB/s][A[A[A[A[A[A








Downloading [pytorch_model.bin]:  58%|█████▊    | 743M/1.25G [06:45<06:54, 1.35MB/s][A[A[A[A[A[A[A[A





Downloading [onnx/model.onnx]:  58%|█████▊    | 743M/1.25G [06:45<06:59, 1.33MB/s][A[A[A[A[A





Downloading [onnx/model.onnx]:  58%|█████▊    | 744M/1.25G [06:46<07:30, 1.24MB/s][A[A[A[A[A






Downloading [model.safetensors]:  72%|███████▏  | 915M/1.25G [06:46<06:01, 1.05MB/s][A[A[A[A[A[A








Downloading [pytorch_model.bin]:  58%|█████▊    | 744M/1.25G [06:47<08:09, 1.15MB/s][A[A[A[A[A[A[A[A






Downloading [model.safetensors]:  72%|███████▏  | 916M/1.25G [06:47<04:32, 1.40MB/s][A[A[A[A[A[A





Downloading [onnx/model.onnx]:  58%|█████▊    | 745M/1.25G [06:47<05:54, 1.57MB/s][A[A[A[A[A








Downloading [pytorch_model.bin]:  58%|█████▊    | 745M/1.25G [06:47<06:28, 1.44MB/s][A[A[A[A[A[A[A[A





Downloading [onnx/model.onnx]:  59%|█████▊    | 746M/1.25G [06:48<06:44, 1.37MB/s][A[A[A[A[A






Downloading [model.safetensors]:  72%|███████▏  | 917M/1.25G [06:48<05:18, 1.19MB/s][A[A[A[A[A[A








Downloading [pytorch_model.bin]:  58%|█████▊    | 746M/1.25G [06:49<09:20, 996kB/s] [A[A[A[A[A[A[A[A






Downloading [model.safetensors]:  72%|███████▏  | 918M/1.25G [06:49<05:26, 1.16MB/s][A[A[A[A[A[A





Downloading [onnx/model.onnx]:  59%|█████▊    | 747M/1.25G [06:49<08:08, 1.13MB/s][A[A[A[A[A






Downloading [model.safetensors]:  72%|███████▏  | 919M/1.25G [06:50<05:17, 1.19MB/s][A[A[A[A[A[A





Downloading [onnx/model.onnx]:  59%|█████▊    | 748M/1.25G [06:50<08:16, 1.11MB/s][A[A[A[A[A








Downloading [pytorch_model.bin]:  58%|█████▊    | 747M/1.25G [06:50<09:53, 940kB/s][A[A[A[A[A[A[A[A






Downloading [model.safetensors]:  72%|███████▏  | 920M/1.25G [06:51<05:23, 1.16MB/s][A[A[A[A[A[A





Downloading [onnx/model.onnx]:  59%|█████▊    | 749M/1.25G [06:51<08:02, 1.14MB/s][A[A[A[A[A






Downloading [model.safetensors]:  72%|███████▏  | 921M/1.25G [06:51<04:34, 1.36MB/s][A[A[A[A[A[A








Downloading [pytorch_model.bin]:  59%|█████▊    | 748M/1.25G [06:51<09:53, 937kB/s][A[A[A[A[A[A[A[A





Downloading [onnx/model.onnx]:  59%|█████▉    | 750M/1.25G [06:51<06:57, 1.32MB/s][A[A[A[A[A






Downloading [model.safetensors]:  72%|███████▏  | 922M/1.25G [06:52<04:05, 1.52MB/s][A[A[A[A[A[A






Downloading [model.safetensors]:  72%|███████▏  | 923M/1.25G [06:52<03:02, 2.04MB/s][A[A[A[A[A[A





Downloading [onnx/model.onnx]:  59%|█████▉    | 751M/1.25G [06:52<06:31, 1.40MB/s][A[A[A[A[A








Downloading [pytorch_model.bin]:  59%|█████▊    | 749M/1.25G [06:52<10:08, 913kB/s][A[A[A[A[A[A[A[A






Downloading [model.safetensors]:  72%|███████▏  | 924M/1.25G [06:53<04:02, 1.53MB/s][A[A[A[A[A[A





Downloading [onnx/model.onnx]:  59%|█████▉    | 752M/1.25G [06:53<06:42, 1.36MB/s][A[A[A[A[A








Downloading [pytorch_model.bin]:  59%|█████▊    | 750M/1.25G [06:53<09:19, 990kB/s][A[A[A[A[A[A[A[A






Downloading [model.safetensors]:  72%|███████▏  | 925M/1.25G [06:54<04:18, 1.44MB/s][A[A[A[A[A[A





Downloading [onnx/model.onnx]:  59%|█████▉    | 753M/1.25G [06:54<07:15, 1.26MB/s][A[A[A[A[A








Downloading [pytorch_model.bin]:  59%|█████▊    | 751M/1.25G [06:54<08:22, 1.10MB/s][A[A[A[A[A[A[A[A






Downloading [model.safetensors]:  72%|███████▏  | 926M/1.25G [06:54<03:33, 1.73MB/s][A[A[A[A[A[A





Downloading [onnx/model.onnx]:  59%|█████▉    | 754M/1.25G [06:54<06:36, 1.38MB/s][A[A[A[A[A








Downloading [pytorch_model.bin]:  59%|█████▉    | 752M/1.25G [06:54<07:14, 1.27MB/s][A[A[A[A[A[A[A[A






Downloading [model.safetensors]:  73%|███████▎  | 927M/1.25G [06:54<03:25, 1.79MB/s][A[A[A[A[A[A





Downloading [onnx/model.onnx]:  59%|█████▉    | 755M/1.25G [06:55<05:54, 1.54MB/s][A[A[A[A[A






Downloading [model.safetensors]:  73%|███████▎  | 928M/1.25G [06:55<03:06, 1.97MB/s][A[A[A[A[A[A








Downloading [pytorch_model.bin]:  59%|█████▉    | 753M/1.25G [06:55<06:14, 1.47MB/s][A[A[A[A[A[A[A[A






Downloading [model.safetensors]:  73%|███████▎  | 929M/1.25G [06:55<02:39, 2.29MB/s][A[A[A[A[A[A





Downloading [onnx/model.onnx]:  59%|█████▉    | 756M/1.25G [06:55<05:05, 1.78MB/s][A[A[A[A[A








Downloading [pytorch_model.bin]:  59%|█████▉    | 754M/1.25G [06:55<05:34, 1.64MB/s][A[A[A[A[A[A[A[A






Downloading [model.safetensors]:  73%|███████▎  | 930M/1.25G [06:56<02:46, 2.19MB/s][A[A[A[A[A[A





Downloading [onnx/model.onnx]:  59%|█████▉    | 757M/1.25G [06:56<05:13, 1.73MB/s][A[A[A[A[A








Downloading [pytorch_model.bin]:  59%|█████▉    | 755M/1.25G [06:56<05:29, 1.67MB/s][A[A[A[A[A[A[A[A






Downloading [model.safetensors]:  73%|███████▎  | 931M/1.25G [06:56<02:26, 2.49MB/s][A[A[A[A[A[A





Downloading [onnx/model.onnx]:  59%|█████▉    | 758M/1.25G [06:56<04:17, 2.11MB/s][A[A[A[A[A






Downloading [model.safetensors]:  73%|███████▎  | 932M/1.25G [06:56<02:07, 2.85MB/s][A[A[A[A[A[A








Downloading [pytorch_model.bin]:  59%|█████▉    | 756M/1.25G [06:56<04:30, 2.03MB/s][A[A[A[A[A[A[A[A





Downloading [onnx/model.onnx]:  60%|█████▉    | 759M/1.25G [06:56<03:53, 2.31MB/s][A[A[A[A[A






Downloading [model.safetensors]:  73%|███████▎  | 933M/1.25G [06:57<02:25, 2.49MB/s][A[A[A[A[A[A





Downloading [onnx/model.onnx]:  60%|█████▉    | 760M/1.25G [06:57<03:40, 2.45MB/s][A[A[A[A[A








Downloading [pytorch_model.bin]:  59%|█████▉    | 757M/1.25G [06:57<04:58, 1.83MB/s][A[A[A[A[A[A[A[A






Downloading [model.safetensors]:  73%|███████▎  | 934M/1.25G [06:57<02:05, 2.87MB/s][A[A[A[A[A[A






Downloading [model.safetensors]:  73%|███████▎  | 935M/1.25G [06:57<01:54, 3.16MB/s][A[A[A[A[A[A





Downloading [onnx/model.onnx]:  60%|█████▉    | 761M/1.25G [06:57<03:37, 2.48MB/s][A[A[A[A[A








Downloading [pytorch_model.bin]:  59%|█████▉    | 758M/1.25G [06:57<04:37, 1.97MB/s][A[A[A[A[A[A[A[A






Downloading [model.safetensors]:  73%|███████▎  | 936M/1.25G [06:57<01:45, 3.40MB/s][A[A[A[A[A[A





Downloading [onnx/model.onnx]:  60%|█████▉    | 762M/1.25G [06:58<03:28, 2.58MB/s][A[A[A[A[A








Downloading [pytorch_model.bin]:  59%|█████▉    | 759M/1.25G [06:58<04:10, 2.18MB/s][A[A[A[A[A[A[A[A





Downloading [onnx/model.onnx]:  60%|█████▉    | 763M/1.25G [06:58<03:03, 2.92MB/s][A[A[A[A[A






Downloading [model.safetensors]:  73%|███████▎  | 937M/1.25G [06:58<01:57, 3.04MB/s][A[A[A[A[A[A








Downloading [pytorch_model.bin]:  59%|█████▉    | 760M/1.25G [06:58<03:36, 2.51MB/s][A[A[A[A[A[A[A[A





Downloading [onnx/model.onnx]:  60%|█████▉    | 764M/1.25G [06:58<03:07, 2.85MB/s][A[A[A[A[A






Downloading [model.safetensors]:  73%|███████▎  | 938M/1.25G [06:58<02:02, 2.91MB/s][A[A[A[A[A[A








Downloading [pytorch_model.bin]:  60%|█████▉    | 761M/1.25G [06:59<04:14, 2.14MB/s][A[A[A[A[A[A[A[A






Downloading [model.safetensors]:  73%|███████▎  | 939M/1.25G [06:59<02:21, 2.52MB/s][A[A[A[A[A[A





Downloading [onnx/model.onnx]:  60%|██████    | 765M/1.25G [06:59<04:28, 1.99MB/s][A[A[A[A[A








Downloading [pytorch_model.bin]:  60%|█████▉    | 762M/1.25G [06:59<04:34, 1.97MB/s][A[A[A[A[A[A[A[A






Downloading [model.safetensors]:  74%|███████▎  | 940M/1.25G [06:59<02:21, 2.51MB/s][A[A[A[A[A[A






Downloading [model.safetensors]:  74%|███████▎  | 941M/1.25G [06:59<01:52, 3.15MB/s][A[A[A[A[A[A





Downloading [onnx/model.onnx]:  60%|██████    | 766M/1.25G [06:59<03:49, 2.33MB/s][A[A[A[A[A






Downloading [model.safetensors]:  74%|███████▎  | 942M/1.25G [07:00<01:38, 3.60MB/s][A[A[A[A[A[A








Downloading [pytorch_model.bin]:  60%|█████▉    | 763M/1.25G [07:00<04:14, 2.12MB/s][A[A[A[A[A[A[A[A





Downloading [onnx/model.onnx]:  60%|██████    | 767M/1.25G [07:00<03:24, 2.60MB/s][A[A[A[A[A






Downloading [model.safetensors]:  74%|███████▍  | 943M/1.25G [07:00<01:39, 3.55MB/s][A[A[A[A[A[A








Downloading [pytorch_model.bin]:  60%|█████▉    | 764M/1.25G [07:00<04:23, 2.05MB/s][A[A[A[A[A[A[A[A






Downloading [model.safetensors]:  74%|███████▍  | 944M/1.25G [07:00<01:52, 3.11MB/s][A[A[A[A[A[A








Downloading [pytorch_model.bin]:  60%|█████▉    | 765M/1.25G [07:01<04:22, 2.05MB/s][A[A[A[A[A[A[A[A





Downloading [onnx/model.onnx]:  60%|██████    | 768M/1.25G [07:01<05:00, 1.77MB/s][A[A[A[A[A






Downloading [model.safetensors]:  74%|███████▍  | 945M/1.25G [07:01<02:01, 2.88MB/s][A[A[A[A[A[A





Downloading [onnx/model.onnx]:  60%|██████    | 769M/1.25G [07:01<04:14, 2.09MB/s][A[A[A[A[A








Downloading [pytorch_model.bin]:  60%|█████▉    | 766M/1.25G [07:01<03:51, 2.33MB/s][A[A[A[A[A[A[A[A






Downloading [model.safetensors]:  74%|███████▍  | 946M/1.25G [07:01<01:54, 3.05MB/s][A[A[A[A[A[A






Downloading [model.safetensors]:  74%|███████▍  | 947M/1.25G [07:01<01:46, 3.25MB/s][A[A[A[A[A[A








Downloading [pytorch_model.bin]:  60%|█████▉    | 767M/1.25G [07:01<03:36, 2.48MB/s][A[A[A[A[A[A[A[A





Downloading [onnx/model.onnx]:  60%|██████    | 770M/1.25G [07:01<03:59, 2.21MB/s][A[A[A[A[A








Downloading [pytorch_model.bin]:  60%|██████    | 768M/1.25G [07:02<03:30, 2.54MB/s][A[A[A[A[A[A[A[A






Downloading [model.safetensors]:  74%|███████▍  | 948M/1.25G [07:02<02:02, 2.83MB/s][A[A[A[A[A[A





Downloading [onnx/model.onnx]:  60%|██████    | 771M/1.25G [07:02<04:23, 2.01MB/s][A[A[A[A[A








Downloading [pytorch_model.bin]:  60%|██████    | 769M/1.25G [07:02<03:27, 2.57MB/s][A[A[A[A[A[A[A[A






Downloading [model.safetensors]:  74%|███████▍  | 949M/1.25G [07:03<02:40, 2.16MB/s][A[A[A[A[A[A





Downloading [onnx/model.onnx]:  61%|██████    | 772M/1.25G [07:03<04:20, 2.03MB/s][A[A[A[A[A








Downloading [pytorch_model.bin]:  60%|██████    | 770M/1.25G [07:03<04:00, 2.22MB/s][A[A[A[A[A[A[A[A





Downloading [onnx/model.onnx]:  61%|██████    | 773M/1.25G [07:03<03:51, 2.27MB/s][A[A[A[A[A








Downloading [pytorch_model.bin]:  60%|██████    | 771M/1.25G [07:03<03:24, 2.60MB/s][A[A[A[A[A[A[A[A






Downloading [model.safetensors]:  74%|███████▍  | 950M/1.25G [07:03<02:40, 2.14MB/s][A[A[A[A[A[A





Downloading [onnx/model.onnx]:  61%|██████    | 774M/1.25G [07:03<03:20, 2.62MB/s][A[A[A[A[A








Downloading [pytorch_model.bin]:  60%|██████    | 772M/1.25G [07:03<03:03, 2.89MB/s][A[A[A[A[A[A[A[A






Downloading [model.safetensors]:  74%|███████▍  | 951M/1.25G [07:03<02:23, 2.40MB/s][A[A[A[A[A[A





Downloading [onnx/model.onnx]:  61%|██████    | 775M/1.25G [07:03<03:00, 2.91MB/s][A[A[A[A[A






Downloading [model.safetensors]:  74%|███████▍  | 952M/1.25G [07:04<02:00, 2.85MB/s][A[A[A[A[A[A








Downloading [pytorch_model.bin]:  60%|██████    | 773M/1.25G [07:04<03:22, 2.62MB/s][A[A[A[A[A[A[A[A





Downloading [onnx/model.onnx]:  61%|██████    | 776M/1.25G [07:04<03:00, 2.89MB/s][A[A[A[A[A





Downloading [onnx/model.onnx]:  61%|██████    | 777M/1.25G [07:04<02:38, 3.29MB/s][A[A[A[A[A






Downloading [model.safetensors]:  75%|███████▍  | 953M/1.25G [07:04<02:08, 2.67MB/s][A[A[A[A[A[A








Downloading [pytorch_model.bin]:  61%|██████    | 774M/1.25G [07:04<03:06, 2.84MB/s][A[A[A[A[A[A[A[A






Downloading [model.safetensors]:  75%|███████▍  | 954M/1.25G [07:04<01:39, 3.42MB/s][A[A[A[A[A[A





Downloading [onnx/model.onnx]:  61%|██████    | 778M/1.25G [07:04<02:17, 3.79MB/s][A[A[A[A[A






Downloading [model.safetensors]:  75%|███████▍  | 955M/1.25G [07:04<01:20, 4.22MB/s][A[A[A[A[A[A








Downloading [pytorch_model.bin]:  61%|██████    | 775M/1.25G [07:04<02:45, 3.18MB/s][A[A[A[A[A[A[A[A






Downloading [model.safetensors]:  75%|███████▍  | 956M/1.25G [07:04<01:13, 4.59MB/s][A[A[A[A[A[A





Downloading [onnx/model.onnx]:  61%|██████    | 779M/1.25G [07:05<02:24, 3.61MB/s][A[A[A[A[A






Downloading [model.safetensors]:  75%|███████▍  | 957M/1.25G [07:05<01:08, 4.92MB/s][A[A[A[A[A[A








Downloading [pytorch_model.bin]:  61%|██████    | 776M/1.25G [07:05<02:43, 3.22MB/s][A[A[A[A[A[A[A[A






Downloading [model.safetensors]:  75%|███████▍  | 958M/1.25G [07:05<01:02, 5.38MB/s][A[A[A[A[A[A





Downloading [onnx/model.onnx]:  61%|██████    | 780M/1.25G [07:05<02:35, 3.35MB/s][A[A[A[A[A






Downloading [model.safetensors]:  75%|███████▌  | 959M/1.25G [07:05<01:01, 5.45MB/s][A[A[A[A[A[A








Downloading [pytorch_model.bin]:  61%|██████    | 777M/1.25G [07:05<02:52, 3.05MB/s][A[A[A[A[A[A[A[A





Downloading [onnx/model.onnx]:  61%|██████▏   | 781M/1.25G [07:05<02:28, 3.48MB/s][A[A[A[A[A






Downloading [model.safetensors]:  75%|███████▌  | 960M/1.25G [07:05<01:03, 5.27MB/s][A[A[A[A[A[A






Downloading [model.safetensors]:  75%|███████▌  | 961M/1.25G [07:05<00:59, 5.60MB/s][A[A[A[A[A[A








Downloading [pytorch_model.bin]:  61%|██████    | 778M/1.25G [07:05<02:56, 2.98MB/s][A[A[A[A[A[A[A[A






Downloading [model.safetensors]:  75%|███████▌  | 962M/1.25G [07:05<00:55, 5.97MB/s][A[A[A[A[A[A





Downloading [onnx/model.onnx]:  61%|██████▏   | 782M/1.25G [07:06<02:47, 3.08MB/s][A[A[A[A[A






Downloading [model.safetensors]:  75%|███████▌  | 963M/1.25G [07:06<00:53, 6.15MB/s][A[A[A[A[A[A








Downloading [pytorch_model.bin]:  61%|██████    | 779M/1.25G [07:06<02:53, 3.02MB/s][A[A[A[A[A[A[A[A






Downloading [model.safetensors]:  75%|███████▌  | 964M/1.25G [07:06<00:53, 6.21MB/s][A[A[A[A[A[A






Downloading [model.safetensors]:  75%|███████▌  | 965M/1.25G [07:06<00:53, 6.12MB/s][A[A[A[A[A[A





Downloading [onnx/model.onnx]:  61%|██████▏   | 783M/1.25G [07:06<03:00, 2.86MB/s][A[A[A[A[A








Downloading [pytorch_model.bin]:  61%|██████    | 780M/1.25G [07:06<02:47, 3.12MB/s][A[A[A[A[A[A[A[A






Downloading [model.safetensors]:  76%|███████▌  | 966M/1.25G [07:06<00:53, 6.10MB/s][A[A[A[A[A[A








Downloading [pytorch_model.bin]:  61%|██████    | 781M/1.25G [07:06<02:31, 3.45MB/s][A[A[A[A[A[A[A[A






Downloading [model.safetensors]:  76%|███████▌  | 967M/1.25G [07:06<00:51, 6.34MB/s][A[A[A[A[A[A





Downloading [onnx/model.onnx]:  61%|██████▏   | 784M/1.25G [07:06<02:59, 2.86MB/s][A[A[A[A[A





Downloading [onnx/model.onnx]:  62%|██████▏   | 785M/1.25G [07:07<02:24, 3.56MB/s][A[A[A[A[A






Downloading [model.safetensors]:  76%|███████▌  | 968M/1.25G [07:07<01:02, 5.22MB/s][A[A[A[A[A[A





Downloading [onnx/model.onnx]:  62%|██████▏   | 786M/1.25G [07:07<02:09, 3.95MB/s][A[A[A[A[A








Downloading [pytorch_model.bin]:  61%|██████    | 782M/1.25G [07:07<02:58, 2.92MB/s][A[A[A[A[A[A[A[A








Downloading [pytorch_model.bin]:  61%|██████    | 783M/1.25G [07:07<02:25, 3.56MB/s][A[A[A[A[A[A[A[A





Downloading [onnx/model.onnx]:  62%|██████▏   | 787M/1.25G [07:07<02:20, 3.65MB/s][A[A[A[A[A






Downloading [model.safetensors]:  76%|███████▌  | 969M/1.25G [07:07<01:25, 3.77MB/s][A[A[A[A[A[A








Downloading [pytorch_model.bin]:  61%|██████▏   | 784M/1.25G [07:07<02:04, 4.16MB/s][A[A[A[A[A[A[A[A






Downloading [model.safetensors]:  76%|███████▌  | 970M/1.25G [07:07<01:11, 4.52MB/s][A[A[A[A[A[A





Downloading [onnx/model.onnx]:  62%|██████▏   | 788M/1.25G [07:07<02:19, 3.65MB/s][A[A[A[A[A






Downloading [model.safetensors]:  76%|███████▌  | 971M/1.25G [07:07<01:12, 4.47MB/s][A[A[A[A[A[A





Downloading [onnx/model.onnx]:  62%|██████▏   | 789M/1.25G [07:07<01:56, 4.37MB/s][A[A[A[A[A






Downloading [model.safetensors]:  76%|███████▌  | 972M/1.25G [07:08<01:07, 4.76MB/s][A[A[A[A[A[A








Downloading [pytorch_model.bin]:  61%|██████▏   | 785M/1.25G [07:08<02:58, 2.90MB/s][A[A[A[A[A[A[A[A






Downloading [model.safetensors]:  76%|███████▌  | 973M/1.25G [07:08<01:01, 5.22MB/s][A[A[A[A[A[A





Downloading [onnx/model.onnx]:  62%|██████▏   | 790M/1.25G [07:08<02:14, 3.79MB/s][A[A[A[A[A






Downloading [model.safetensors]:  76%|███████▌  | 974M/1.25G [07:08<00:56, 5.66MB/s][A[A[A[A[A[A








Downloading [pytorch_model.bin]:  61%|██████▏   | 786M/1.25G [07:08<02:50, 3.03MB/s][A[A[A[A[A[A[A[A








Downloading [pytorch_model.bin]:  62%|██████▏   | 787M/1.25G [07:08<02:35, 3.31MB/s][A[A[A[A[A[A[A[A





Downloading [onnx/model.onnx]:  62%|██████▏   | 791M/1.25G [07:08<02:36, 3.24MB/s][A[A[A[A[A






Downloading [model.safetensors]:  76%|███████▋  | 975M/1.25G [07:08<01:15, 4.22MB/s][A[A[A[A[A[A








Downloading [pytorch_model.bin]:  62%|██████▏   | 788M/1.25G [07:08<02:19, 3.68MB/s][A[A[A[A[A[A[A[A





Downloading [onnx/model.onnx]:  62%|██████▏   | 792M/1.25G [07:09<02:34, 3.28MB/s][A[A[A[A[A






Downloading [model.safetensors]:  76%|███████▋  | 976M/1.25G [07:09<01:19, 3.98MB/s][A[A[A[A[A[A








Downloading [pytorch_model.bin]:  62%|██████▏   | 789M/1.25G [07:09<02:11, 3.90MB/s][A[A[A[A[A[A[A[A





Downloading [onnx/model.onnx]:  62%|██████▏   | 793M/1.25G [07:09<02:25, 3.48MB/s][A[A[A[A[A






Downloading [model.safetensors]:  76%|███████▋  | 977M/1.25G [07:09<01:16, 4.15MB/s][A[A[A[A[A[A





Downloading [onnx/model.onnx]:  62%|██████▏   | 794M/1.25G [07:09<02:07, 3.96MB/s][A[A[A[A[A








Downloading [pytorch_model.bin]:  62%|██████▏   | 790M/1.25G [07:09<02:25, 3.53MB/s][A[A[A[A[A[A[A[A






Downloading [model.safetensors]:  76%|███████▋  | 978M/1.25G [07:09<01:21, 3.86MB/s][A[A[A[A[A[A





Downloading [onnx/model.onnx]:  62%|██████▏   | 795M/1.25G [07:09<01:57, 4.27MB/s][A[A[A[A[A








Downloading [pytorch_model.bin]:  62%|██████▏   | 791M/1.25G [07:09<02:22, 3.58MB/s][A[A[A[A[A[A[A[A






Downloading [model.safetensors]:  77%|███████▋  | 979M/1.25G [07:09<01:14, 4.19MB/s][A[A[A[A[A[A






Downloading [model.safetensors]:  77%|███████▋  | 980M/1.25G [07:10<01:08, 4.58MB/s][A[A[A[A[A[A








Downloading [pytorch_model.bin]:  62%|██████▏   | 792M/1.25G [07:10<02:10, 3.91MB/s][A[A[A[A[A[A[A[A






Downloading [model.safetensors]:  77%|███████▋  | 981M/1.25G [07:10<01:04, 4.80MB/s][A[A[A[A[A[A








Downloading [pytorch_model.bin]:  62%|██████▏   | 793M/1.25G [07:10<02:01, 4.19MB/s][A[A[A[A[A[A[A[A





Downloading [onnx/model.onnx]:  62%|██████▏   | 796M/1.25G [07:10<02:50, 2.94MB/s][A[A[A[A[A






Downloading [model.safetensors]:  77%|███████▋  | 982M/1.25G [07:10<01:02, 4.97MB/s][A[A[A[A[A[A








Downloading [pytorch_model.bin]:  62%|██████▏   | 794M/1.25G [07:10<02:08, 3.95MB/s][A[A[A[A[A[A[A[A






Downloading [model.safetensors]:  77%|███████▋  | 983M/1.25G [07:10<01:03, 4.88MB/s][A[A[A[A[A[A





Downloading [onnx/model.onnx]:  63%|██████▎   | 797M/1.25G [07:10<02:44, 3.05MB/s][A[A[A[A[A






Downloading [model.safetensors]:  77%|███████▋  | 984M/1.25G [07:10<00:58, 5.28MB/s][A[A[A[A[A[A








Downloading [pytorch_model.bin]:  62%|██████▏   | 795M/1.25G [07:11<02:55, 2.89MB/s][A[A[A[A[A[A[A[A





Downloading [onnx/model.onnx]:  63%|██████▎   | 798M/1.25G [07:11<03:22, 2.47MB/s][A[A[A[A[A






Downloading [model.safetensors]:  77%|███████▋  | 985M/1.25G [07:11<01:22, 3.72MB/s][A[A[A[A[A[A





Downloading [onnx/model.onnx]:  63%|██████▎   | 799M/1.25G [07:11<03:19, 2.50MB/s][A[A[A[A[A








Downloading [pytorch_model.bin]:  62%|██████▏   | 796M/1.25G [07:11<03:56, 2.14MB/s][A[A[A[A[A[A[A[A





Downloading [onnx/model.onnx]:  63%|██████▎   | 800M/1.25G [07:12<03:36, 2.30MB/s][A[A[A[A[A






Downloading [model.safetensors]:  77%|███████▋  | 986M/1.25G [07:12<02:39, 1.92MB/s][A[A[A[A[A[A








Downloading [pytorch_model.bin]:  62%|██████▏   | 797M/1.25G [07:12<04:27, 1.89MB/s][A[A[A[A[A[A[A[A





Downloading [onnx/model.onnx]:  63%|██████▎   | 801M/1.25G [07:12<03:40, 2.26MB/s][A[A[A[A[A






Downloading [model.safetensors]:  77%|███████▋  | 987M/1.25G [07:12<02:28, 2.06MB/s][A[A[A[A[A[A





Downloading [onnx/model.onnx]:  63%|██████▎   | 802M/1.25G [07:13<03:18, 2.49MB/s][A[A[A[A[A








Downloading [pytorch_model.bin]:  62%|██████▏   | 798M/1.25G [07:13<04:08, 2.03MB/s][A[A[A[A[A[A[A[A






Downloading [model.safetensors]:  77%|███████▋  | 988M/1.25G [07:13<02:23, 2.13MB/s][A[A[A[A[A[A





Downloading [onnx/model.onnx]:  63%|██████▎   | 803M/1.25G [07:13<03:04, 2.68MB/s][A[A[A[A[A








Downloading [pytorch_model.bin]:  62%|██████▏   | 799M/1.25G [07:13<04:02, 2.07MB/s][A[A[A[A[A[A[A[A





Downloading [onnx/model.onnx]:  63%|██████▎   | 804M/1.25G [07:13<02:47, 2.95MB/s][A[A[A[A[A






Downloading [model.safetensors]:  77%|███████▋  | 989M/1.25G [07:13<02:05, 2.42MB/s][A[A[A[A[A[A






Downloading [model.safetensors]:  77%|███████▋  | 990M/1.25G [07:13<01:45, 2.86MB/s][A[A[A[A[A[A





Downloading [onnx/model.onnx]:  63%|██████▎   | 805M/1.25G [07:13<02:38, 3.12MB/s][A[A[A[A[A








Downloading [pytorch_model.bin]:  63%|██████▎   | 800M/1.25G [07:13<03:40, 2.28MB/s][A[A[A[A[A[A[A[A






Downloading [model.safetensors]:  78%|███████▊  | 991M/1.25G [07:14<01:43, 2.91MB/s][A[A[A[A[A[A








Downloading [pytorch_model.bin]:  63%|██████▎   | 801M/1.25G [07:14<03:25, 2.44MB/s][A[A[A[A[A[A[A[A





Downloading [onnx/model.onnx]:  63%|██████▎   | 806M/1.25G [07:14<02:51, 2.87MB/s][A[A[A[A[A






Downloading [model.safetensors]:  78%|███████▊  | 992M/1.25G [07:14<01:36, 3.10MB/s][A[A[A[A[A[A








Downloading [pytorch_model.bin]:  63%|██████▎   | 802M/1.25G [07:14<02:54, 2.86MB/s][A[A[A[A[A[A[A[A





Downloading [onnx/model.onnx]:  63%|██████▎   | 807M/1.25G [07:14<02:44, 2.98MB/s][A[A[A[A[A






Downloading [model.safetensors]:  78%|███████▊  | 993M/1.25G [07:14<01:24, 3.56MB/s][A[A[A[A[A[A








Downloading [pytorch_model.bin]:  63%|██████▎   | 803M/1.25G [07:14<03:09, 2.63MB/s][A[A[A[A[A[A[A[A





Downloading [onnx/model.onnx]:  63%|██████▎   | 808M/1.25G [07:15<02:51, 2.85MB/s][A[A[A[A[A






Downloading [model.safetensors]:  78%|███████▊  | 994M/1.25G [07:15<01:33, 3.19MB/s][A[A[A[A[A[A








Downloading [pytorch_model.bin]:  63%|██████▎   | 804M/1.25G [07:15<03:13, 2.57MB/s][A[A[A[A[A[A[A[A





Downloading [onnx/model.onnx]:  63%|██████▎   | 809M/1.25G [07:15<02:49, 2.89MB/s][A[A[A[A[A






Downloading [model.safetensors]:  78%|███████▊  | 995M/1.25G [07:15<01:38, 3.01MB/s][A[A[A[A[A[A





Downloading [onnx/model.onnx]:  64%|██████▎   | 810M/1.25G [07:15<02:45, 2.95MB/s][A[A[A[A[A








Downloading [pytorch_model.bin]:  63%|██████▎   | 805M/1.25G [07:15<03:30, 2.36MB/s][A[A[A[A[A[A[A[A






Downloading [model.safetensors]:  78%|███████▊  | 996M/1.25G [07:15<01:49, 2.71MB/s][A[A[A[A[A[A





Downloading [onnx/model.onnx]:  64%|██████▎   | 811M/1.25G [07:16<02:42, 3.00MB/s][A[A[A[A[A








Downloading [pytorch_model.bin]:  63%|██████▎   | 806M/1.25G [07:16<02:58, 2.78MB/s][A[A[A[A[A[A[A[A






Downloading [model.safetensors]:  78%|███████▊  | 997M/1.25G [07:16<02:10, 2.27MB/s][A[A[A[A[A[A








Downloading [pytorch_model.bin]:  63%|██████▎   | 807M/1.25G [07:16<03:53, 2.12MB/s][A[A[A[A[A[A[A[A





Downloading [onnx/model.onnx]:  64%|██████▎   | 812M/1.25G [07:16<03:53, 2.08MB/s][A[A[A[A[A






Downloading [model.safetensors]:  78%|███████▊  | 998M/1.25G [07:17<02:15, 2.18MB/s][A[A[A[A[A[A








Downloading [pytorch_model.bin]:  63%|██████▎   | 808M/1.25G [07:17<04:12, 1.95MB/s][A[A[A[A[A[A[A[A





Downloading [onnx/model.onnx]:  64%|██████▍   | 813M/1.25G [07:17<04:27, 1.81MB/s][A[A[A[A[A






Downloading [model.safetensors]:  78%|███████▊  | 999M/1.25G [07:17<02:40, 1.82MB/s][A[A[A[A[A[A








Downloading [pytorch_model.bin]:  63%|██████▎   | 809M/1.25G [07:17<03:47, 2.16MB/s][A[A[A[A[A[A[A[A






Downloading [model.safetensors]:  78%|███████▊  | 0.98G/1.25G [07:18<02:10, 2.23MB/s][A[A[A[A[A[A





Downloading [onnx/model.onnx]:  64%|██████▍   | 814M/1.25G [07:18<04:59, 1.61MB/s][A[A[A[A[A






Downloading [model.safetensors]:  78%|███████▊  | 0.98G/1.25G [07:19<02:52, 1.69MB/s][A[A[A[A[A[A








Downloading [pytorch_model.bin]:  63%|██████▎   | 810M/1.25G [07:19<05:29, 1.49MB/s][A[A[A[A[A[A[A[A





Downloading [onnx/model.onnx]:  64%|██████▍   | 815M/1.25G [07:19<05:01, 1.60MB/s][A[A[A[A[A








Downloading [pytorch_model.bin]:  63%|██████▎   | 811M/1.25G [07:19<04:28, 1.83MB/s][A[A[A[A[A[A[A[A






Downloading [model.safetensors]:  78%|███████▊  | 0.98G/1.25G [07:19<02:32, 1.91MB/s][A[A[A[A[A[A





Downloading [onnx/model.onnx]:  64%|██████▍   | 816M/1.25G [07:19<04:15, 1.88MB/s][A[A[A[A[A








Downloading [pytorch_model.bin]:  64%|██████▎   | 812M/1.25G [07:19<04:21, 1.87MB/s][A[A[A[A[A[A[A[A






Downloading [model.safetensors]:  78%|███████▊  | 0.98G/1.25G [07:19<02:23, 2.02MB/s][A[A[A[A[A[A





Downloading [onnx/model.onnx]:  64%|██████▍   | 817M/1.25G [07:20<04:21, 1.84MB/s][A[A[A[A[A






Downloading [model.safetensors]:  79%|███████▊  | 0.98G/1.25G [07:20<02:02, 2.36MB/s][A[A[A[A[A[A








Downloading [pytorch_model.bin]:  64%|██████▎   | 813M/1.25G [07:20<03:54, 2.08MB/s][A[A[A[A[A[A[A[A






Downloading [model.safetensors]:  79%|███████▊  | 0.98G/1.25G [07:20<01:40, 2.85MB/s][A[A[A[A[A[A





Downloading [onnx/model.onnx]:  64%|██████▍   | 818M/1.25G [07:20<03:41, 2.16MB/s][A[A[A[A[A








Downloading [pytorch_model.bin]:  64%|██████▎   | 814M/1.25G [07:20<03:15, 2.50MB/s][A[A[A[A[A[A[A[A






Downloading [model.safetensors]:  79%|███████▊  | 0.98G/1.25G [07:20<01:29, 3.21MB/s][A[A[A[A[A[A





Downloading [onnx/model.onnx]:  64%|██████▍   | 819M/1.25G [07:20<03:14, 2.46MB/s][A[A[A[A[A








Downloading [pytorch_model.bin]:  64%|██████▎   | 815M/1.25G [07:20<03:00, 2.69MB/s][A[A[A[A[A[A[A[A






Downloading [model.safetensors]:  79%|███████▉  | 0.98G/1.25G [07:21<01:35, 3.00MB/s][A[A[A[A[A[A





Downloading [onnx/model.onnx]:  64%|██████▍   | 820M/1.25G [07:21<03:12, 2.48MB/s][A[A[A[A[A








Downloading [pytorch_model.bin]:  64%|██████▍   | 816M/1.25G [07:21<03:19, 2.43MB/s][A[A[A[A[A[A[A[A






Downloading [model.safetensors]:  79%|███████▉  | 0.98G/1.25G [07:21<01:56, 2.44MB/s][A[A[A[A[A[A








Downloading [pytorch_model.bin]:  64%|██████▍   | 817M/1.25G [07:21<03:05, 2.61MB/s][A[A[A[A[A[A[A[A





Downloading [onnx/model.onnx]:  64%|██████▍   | 821M/1.25G [07:21<04:06, 1.93MB/s][A[A[A[A[A






Downloading [model.safetensors]:  79%|███████▉  | 0.99G/1.25G [07:22<02:00, 2.34MB/s][A[A[A[A[A[A





Downloading [onnx/model.onnx]:  64%|██████▍   | 822M/1.25G [07:22<03:40, 2.15MB/s][A[A[A[A[A








Downloading [pytorch_model.bin]:  64%|██████▍   | 818M/1.25G [07:22<03:44, 2.15MB/s][A[A[A[A[A[A[A[A






Downloading [model.safetensors]:  79%|███████▉  | 0.99G/1.25G [07:22<01:46, 2.63MB/s][A[A[A[A[A[A





Downloading [onnx/model.onnx]:  65%|██████▍   | 823M/1.25G [07:22<03:24, 2.32MB/s][A[A[A[A[A








Downloading [pytorch_model.bin]:  64%|██████▍   | 819M/1.25G [07:22<03:39, 2.19MB/s][A[A[A[A[A[A[A[A






Downloading [model.safetensors]:  79%|███████▉  | 0.99G/1.25G [07:22<01:50, 2.55MB/s][A[A[A[A[A[A






Downloading [model.safetensors]:  79%|███████▉  | 0.99G/1.25G [07:23<01:29, 3.12MB/s][A[A[A[A[A[A





Downloading [onnx/model.onnx]:  65%|██████▍   | 824M/1.25G [07:23<03:16, 2.40MB/s][A[A[A[A[A








Downloading [pytorch_model.bin]:  64%|██████▍   | 820M/1.25G [07:23<03:11, 2.51MB/s][A[A[A[A[A[A[A[A






Downloading [model.safetensors]:  79%|███████▉  | 0.99G/1.25G [07:23<01:22, 3.39MB/s][A[A[A[A[A[A








Downloading [pytorch_model.bin]:  64%|██████▍   | 821M/1.25G [07:23<02:45, 2.89MB/s][A[A[A[A[A[A[A[A





Downloading [onnx/model.onnx]:  65%|██████▍   | 825M/1.25G [07:23<03:03, 2.57MB/s][A[A[A[A[A






Downloading [model.safetensors]:  79%|███████▉  | 0.99G/1.25G [07:23<01:13, 3.75MB/s][A[A[A[A[A[A






Downloading [model.safetensors]:  79%|███████▉  | 0.99G/1.25G [07:23<01:03, 4.37MB/s][A[A[A[A[A[A








Downloading [pytorch_model.bin]:  64%|██████▍   | 822M/1.25G [07:23<02:43, 2.93MB/s][A[A[A[A[A[A[A[A






Downloading [model.safetensors]:  79%|███████▉  | 0.99G/1.25G [07:23<00:54, 5.03MB/s][A[A[A[A[A[A





Downloading [onnx/model.onnx]:  65%|██████▍   | 826M/1.25G [07:23<03:10, 2.47MB/s][A[A[A[A[A






Downloading [model.safetensors]:  80%|███████▉  | 0.99G/1.25G [07:23<00:55, 4.90MB/s][A[A[A[A[A[A








Downloading [pytorch_model.bin]:  64%|██████▍   | 823M/1.25G [07:24<02:41, 2.96MB/s][A[A[A[A[A[A[A[A






Downloading [model.safetensors]:  80%|███████▉  | 0.99G/1.25G [07:24<01:27, 3.12MB/s][A[A[A[A[A[A








Downloading [pytorch_model.bin]:  64%|██████▍   | 824M/1.25G [07:24<03:27, 2.29MB/s][A[A[A[A[A[A[A[A





Downloading [onnx/model.onnx]:  65%|██████▍   | 827M/1.25G [07:24<04:19, 1.81MB/s][A[A[A[A[A






Downloading [model.safetensors]:  80%|███████▉  | 1.00G/1.25G [07:25<01:52, 2.42MB/s][A[A[A[A[A[A








Downloading [pytorch_model.bin]:  65%|██████▍   | 825M/1.25G [07:25<03:58, 1.99MB/s][A[A[A[A[A[A[A[A





Downloading [onnx/model.onnx]:  65%|██████▍   | 828M/1.25G [07:25<05:00, 1.56MB/s][A[A[A[A[A






Downloading [model.safetensors]:  80%|███████▉  | 1.00G/1.25G [07:26<02:22, 1.90MB/s][A[A[A[A[A[A








Downloading [pytorch_model.bin]:  65%|██████▍   | 826M/1.25G [07:26<04:36, 1.72MB/s][A[A[A[A[A[A[A[A






Downloading [model.safetensors]:  80%|███████▉  | 1.00G/1.25G [07:26<02:06, 2.14MB/s][A[A[A[A[A[A





Downloading [onnx/model.onnx]:  65%|██████▌   | 829M/1.25G [07:26<05:42, 1.37MB/s][A[A[A[A[A








Downloading [pytorch_model.bin]:  65%|██████▍   | 827M/1.25G [07:26<04:30, 1.75MB/s][A[A[A[A[A[A[A[A






Downloading [model.safetensors]:  80%|███████▉  | 1.00G/1.25G [07:27<02:15, 1.99MB/s][A[A[A[A[A[A






Downloading [model.safetensors]:  80%|████████  | 1.00G/1.25G [07:27<02:01, 2.21MB/s][A[A[A[A[A[A








Downloading [pytorch_model.bin]:  65%|██████▍   | 828M/1.25G [07:27<04:36, 1.71MB/s][A[A[A[A[A[A[A[A





Downloading [onnx/model.onnx]:  65%|██████▌   | 830M/1.25G [07:27<05:49, 1.33MB/s][A[A[A[A[A






Downloading [model.safetensors]:  80%|████████  | 1.00G/1.25G [07:27<02:10, 2.05MB/s][A[A[A[A[A[A





Downloading [onnx/model.onnx]:  65%|██████▌   | 831M/1.25G [07:28<06:04, 1.28MB/s][A[A[A[A[A








Downloading [pytorch_model.bin]:  65%|██████▍   | 829M/1.25G [07:28<05:38, 1.39MB/s][A[A[A[A[A[A[A[A






Downloading [model.safetensors]:  80%|████████  | 1.00G/1.25G [07:28<02:13, 1.98MB/s][A[A[A[A[A[A






Downloading [model.safetensors]:  80%|████████  | 1.00G/1.25G [07:28<01:54, 2.31MB/s][A[A[A[A[A[A





Downloading [onnx/model.onnx]:  65%|██████▌   | 832M/1.25G [07:28<05:24, 1.43MB/s][A[A[A[A[A








Downloading [pytorch_model.bin]:  65%|██████▍   | 830M/1.25G [07:28<04:54, 1.60MB/s][A[A[A[A[A[A[A[A






Downloading [model.safetensors]:  80%|████████  | 1.00G/1.25G [07:29<01:39, 2.64MB/s][A[A[A[A[A[A






Downloading [model.safetensors]:  80%|████████  | 1.00G/1.25G [07:29<01:29, 2.94MB/s][A[A[A[A[A[A





Downloading [onnx/model.onnx]:  65%|██████▌   | 833M/1.25G [07:29<04:54, 1.57MB/s][A[A[A[A[A








Downloading [pytorch_model.bin]:  65%|██████▍   | 831M/1.25G [07:29<04:36, 1.70MB/s][A[A[A[A[A[A[A[A






Downloading [model.safetensors]:  80%|████████  | 1.00G/1.25G [07:29<01:19, 3.31MB/s][A[A[A[A[A[A






Downloading [model.safetensors]:  81%|████████  | 1.01G/1.25G [07:29<01:14, 3.48MB/s][A[A[A[A[A[A





Downloading [onnx/model.onnx]:  65%|██████▌   | 834M/1.25G [07:29<04:29, 1.72MB/s][A[A[A[A[A








Downloading [pytorch_model.bin]:  65%|██████▌   | 832M/1.25G [07:30<04:30, 1.73MB/s][A[A[A[A[A[A[A[A






Downloading [model.safetensors]:  81%|████████  | 1.01G/1.25G [07:30<01:34, 2.74MB/s][A[A[A[A[A[A






Downloading [model.safetensors]:  81%|████████  | 1.01G/1.25G [07:30<01:18, 3.29MB/s][A[A[A[A[A[A





Downloading [onnx/model.onnx]:  65%|██████▌   | 835M/1.25G [07:30<04:40, 1.65MB/s][A[A[A[A[A








Downloading [pytorch_model.bin]:  65%|██████▌   | 833M/1.25G [07:30<04:32, 1.71MB/s][A[A[A[A[A[A[A[A






Downloading [model.safetensors]:  81%|████████  | 1.01G/1.25G [07:30<00:55, 4.64MB/s][A[A[A[A[A[A






Downloading [model.safetensors]:  81%|████████  | 1.01G/1.25G [07:31<00:52, 4.86MB/s][A[A[A[A[A[A





Downloading [onnx/model.onnx]:  66%|██████▌   | 836M/1.25G [07:31<04:14, 1.81MB/s][A[A[A[A[A






Downloading [model.safetensors]:  81%|████████  | 1.01G/1.25G [07:31<00:49, 5.13MB/s][A[A[A[A[A[A








Downloading [pytorch_model.bin]:  65%|██████▌   | 834M/1.25G [07:31<04:25, 1.76MB/s][A[A[A[A[A[A[A[A





Downloading [onnx/model.onnx]:  66%|██████▌   | 837M/1.25G [07:31<04:01, 1.90MB/s][A[A[A[A[A






Downloading [model.safetensors]:  81%|████████  | 1.01G/1.25G [07:31<01:05, 3.84MB/s][A[A[A[A[A[A








Downloading [pytorch_model.bin]:  65%|██████▌   | 835M/1.25G [07:31<04:20, 1.78MB/s][A[A[A[A[A[A[A[A






Downloading [model.safetensors]:  81%|████████  | 1.01G/1.25G [07:31<01:10, 3.57MB/s][A[A[A[A[A[A





Downloading [onnx/model.onnx]:  66%|██████▌   | 838M/1.25G [07:31<03:46, 2.02MB/s][A[A[A[A[A








Downloading [pytorch_model.bin]:  65%|██████▌   | 836M/1.25G [07:32<03:40, 2.11MB/s][A[A[A[A[A[A[A[A






Downloading [model.safetensors]:  81%|████████▏ | 1.01G/1.25G [07:32<01:09, 3.63MB/s][A[A[A[A[A[A





Downloading [onnx/model.onnx]:  66%|██████▌   | 839M/1.25G [07:32<03:45, 2.03MB/s][A[A[A[A[A






Downloading [model.safetensors]:  81%|████████▏ | 1.02G/1.25G [07:32<01:06, 3.74MB/s][A[A[A[A[A[A








Downloading [pytorch_model.bin]:  65%|██████▌   | 837M/1.25G [07:32<03:31, 2.19MB/s][A[A[A[A[A[A[A[A








Downloading [pytorch_model.bin]:  66%|██████▌   | 838M/1.25G [07:33<04:00, 1.92MB/s][A[A[A[A[A[A[A[A






Downloading [model.safetensors]:  81%|████████▏ | 1.02G/1.25G [07:33<01:45, 2.37MB/s][A[A[A[A[A[A





Downloading [onnx/model.onnx]:  66%|██████▌   | 840M/1.25G [07:33<04:42, 1.61MB/s][A[A[A[A[A








Downloading [pytorch_model.bin]:  66%|██████▌   | 839M/1.25G [07:33<03:57, 1.94MB/s][A[A[A[A[A[A[A[A





Downloading [onnx/model.onnx]:  66%|██████▌   | 841M/1.25G [07:33<04:12, 1.80MB/s][A[A[A[A[A






Downloading [model.safetensors]:  82%|████████▏ | 1.02G/1.25G [07:34<02:15, 1.82MB/s][A[A[A[A[A[A








Downloading [pytorch_model.bin]:  66%|██████▌   | 840M/1.25G [07:34<04:00, 1.92MB/s][A[A[A[A[A[A[A[A





Downloading [onnx/model.onnx]:  66%|██████▌   | 842M/1.25G [07:34<04:39, 1.62MB/s][A[A[A[A[A






Downloading [model.safetensors]:  82%|████████▏ | 1.02G/1.25G [07:34<02:24, 1.71MB/s][A[A[A[A[A[A








Downloading [pytorch_model.bin]:  66%|██████▌   | 841M/1.25G [07:35<05:17, 1.45MB/s][A[A[A[A[A[A[A[A





Downloading [onnx/model.onnx]:  66%|██████▌   | 843M/1.25G [07:35<05:22, 1.40MB/s][A[A[A[A[A






Downloading [model.safetensors]:  82%|████████▏ | 1.02G/1.25G [07:35<02:34, 1.59MB/s][A[A[A[A[A[A








Downloading [pytorch_model.bin]:  66%|██████▌   | 842M/1.25G [07:35<04:45, 1.60MB/s][A[A[A[A[A[A[A[A






Downloading [model.safetensors]:  82%|████████▏ | 1.02G/1.25G [07:36<02:13, 1.84MB/s][A[A[A[A[A[A





Downloading [onnx/model.onnx]:  66%|██████▌   | 844M/1.25G [07:36<05:10, 1.46MB/s][A[A[A[A[A








Downloading [pytorch_model.bin]:  66%|██████▌   | 843M/1.25G [07:36<04:11, 1.82MB/s][A[A[A[A[A[A[A[A






Downloading [model.safetensors]:  82%|████████▏ | 1.02G/1.25G [07:36<02:07, 1.91MB/s][A[A[A[A[A[A








Downloading [pytorch_model.bin]:  66%|██████▌   | 844M/1.25G [07:36<04:09, 1.83MB/s][A[A[A[A[A[A[A[A






Downloading [model.safetensors]:  82%|████████▏ | 1.02G/1.25G [07:37<02:02, 1.99MB/s][A[A[A[A[A[A





Downloading [onnx/model.onnx]:  66%|██████▋   | 845M/1.25G [07:37<05:41, 1.32MB/s][A[A[A[A[A






Downloading [model.safetensors]:  82%|████████▏ | 1.02G/1.25G [07:37<01:51, 2.16MB/s][A[A[A[A[A[A








Downloading [pytorch_model.bin]:  66%|██████▌   | 845M/1.25G [07:37<04:09, 1.83MB/s][A[A[A[A[A[A[A[A






Downloading [model.safetensors]:  82%|████████▏ | 1.02G/1.25G [07:37<01:31, 2.63MB/s][A[A[A[A[A[A





Downloading [onnx/model.onnx]:  66%|██████▋   | 846M/1.25G [07:37<05:23, 1.39MB/s][A[A[A[A[A








Downloading [pytorch_model.bin]:  66%|██████▌   | 846M/1.25G [07:38<04:07, 1.83MB/s][A[A[A[A[A[A[A[A






Downloading [model.safetensors]:  82%|████████▏ | 1.03G/1.25G [07:38<01:33, 2.56MB/s][A[A[A[A[A[A





Downloading [onnx/model.onnx]:  66%|██████▋   | 847M/1.25G [07:38<04:54, 1.52MB/s][A[A[A[A[A






Downloading [model.safetensors]:  82%|████████▏ | 1.03G/1.25G [07:38<01:45, 2.26MB/s][A[A[A[A[A[A








Downloading [pytorch_model.bin]:  66%|██████▌   | 847M/1.25G [07:38<04:31, 1.67MB/s][A[A[A[A[A[A[A[A






Downloading [model.safetensors]:  82%|████████▏ | 1.03G/1.25G [07:39<02:19, 1.70MB/s][A[A[A[A[A[A





Downloading [onnx/model.onnx]:  67%|██████▋   | 848M/1.25G [07:39<06:02, 1.24MB/s][A[A[A[A[A








Downloading [pytorch_model.bin]:  66%|██████▋   | 848M/1.25G [07:39<05:21, 1.40MB/s][A[A[A[A[A[A[A[A






Downloading [model.safetensors]:  82%|████████▏ | 1.03G/1.25G [07:40<02:06, 1.87MB/s][A[A[A[A[A[A





Downloading [onnx/model.onnx]:  67%|██████▋   | 849M/1.25G [07:40<05:32, 1.34MB/s][A[A[A[A[A






Downloading [model.safetensors]:  82%|████████▏ | 1.03G/1.25G [07:40<02:04, 1.90MB/s][A[A[A[A[A[A








Downloading [pytorch_model.bin]:  66%|██████▋   | 849M/1.25G [07:40<05:30, 1.36MB/s][A[A[A[A[A[A[A[A






Downloading [model.safetensors]:  83%|████████▎ | 1.03G/1.25G [07:41<01:58, 1.98MB/s][A[A[A[A[A[A





Downloading [onnx/model.onnx]:  67%|██████▋   | 850M/1.25G [07:41<05:37, 1.32MB/s][A[A[A[A[A








Downloading [pytorch_model.bin]:  66%|██████▋   | 850M/1.25G [07:41<05:10, 1.45MB/s][A[A[A[A[A[A[A[A






Downloading [model.safetensors]:  83%|████████▎ | 1.03G/1.25G [07:41<01:36, 2.41MB/s][A[A[A[A[A[A






Downloading [model.safetensors]:  83%|████████▎ | 1.03G/1.25G [07:41<01:25, 2.72MB/s][A[A[A[A[A[A





Downloading [onnx/model.onnx]:  67%|██████▋   | 851M/1.25G [07:41<04:48, 1.54MB/s][A[A[A[A[A








Downloading [pytorch_model.bin]:  67%|██████▋   | 851M/1.25G [07:41<04:23, 1.70MB/s][A[A[A[A[A[A[A[A






Downloading [model.safetensors]:  83%|████████▎ | 1.03G/1.25G [07:41<01:27, 2.65MB/s][A[A[A[A[A[A





Downloading [onnx/model.onnx]:  67%|██████▋   | 852M/1.25G [07:42<05:04, 1.45MB/s][A[A[A[A[A






Downloading [model.safetensors]:  83%|████████▎ | 1.03G/1.25G [07:42<01:31, 2.53MB/s][A[A[A[A[A[A








Downloading [pytorch_model.bin]:  67%|██████▋   | 852M/1.25G [07:42<05:44, 1.30MB/s][A[A[A[A[A[A[A[A






Downloading [model.safetensors]:  83%|████████▎ | 1.04G/1.25G [07:43<02:03, 1.86MB/s][A[A[A[A[A[A








Downloading [pytorch_model.bin]:  67%|██████▋   | 853M/1.25G [07:43<05:52, 1.26MB/s][A[A[A[A[A[A[A[A





Downloading [onnx/model.onnx]:  67%|██████▋   | 853M/1.25G [07:44<07:16, 1.01MB/s][A[A[A[A[A






Downloading [model.safetensors]:  83%|████████▎ | 1.04G/1.25G [07:44<02:20, 1.62MB/s][A[A[A[A[A[A








Downloading [pytorch_model.bin]:  67%|██████▋   | 854M/1.25G [07:44<05:14, 1.41MB/s][A[A[A[A[A[A[A[A








Downloading [pytorch_model.bin]:  67%|██████▋   | 855M/1.25G [07:44<04:44, 1.56MB/s][A[A[A[A[A[A[A[A






Downloading [model.safetensors]:  83%|████████▎ | 1.04G/1.25G [07:44<02:20, 1.62MB/s][A[A[A[A[A[A





Downloading [onnx/model.onnx]:  67%|██████▋   | 854M/1.25G [07:45<07:35, 969kB/s] [A[A[A[A[A








Downloading [pytorch_model.bin]:  67%|██████▋   | 856M/1.25G [07:45<04:25, 1.67MB/s][A[A[A[A[A[A[A[A






Downloading [model.safetensors]:  83%|████████▎ | 1.04G/1.25G [07:46<03:16, 1.15MB/s][A[A[A[A[A[A





Downloading [onnx/model.onnx]:  67%|██████▋   | 855M/1.25G [07:46<08:04, 909kB/s][A[A[A[A[A








Downloading [pytorch_model.bin]:  67%|██████▋   | 857M/1.25G [07:47<06:35, 1.12MB/s][A[A[A[A[A[A[A[A






Downloading [model.safetensors]:  83%|████████▎ | 1.04G/1.25G [07:47<03:11, 1.18MB/s][A[A[A[A[A[A








Downloading [pytorch_model.bin]:  67%|██████▋   | 858M/1.25G [07:47<05:06, 1.44MB/s][A[A[A[A[A[A[A[A






Downloading [model.safetensors]:  83%|████████▎ | 1.04G/1.25G [07:47<02:39, 1.40MB/s][A[A[A[A[A[A





Downloading [onnx/model.onnx]:  67%|██████▋   | 856M/1.25G [07:47<07:40, 954kB/s][A[A[A[A[A








Downloading [pytorch_model.bin]:  67%|██████▋   | 859M/1.25G [07:47<04:34, 1.60MB/s][A[A[A[A[A[A[A[A






Downloading [model.safetensors]:  83%|████████▎ | 1.04G/1.25G [07:48<02:34, 1.44MB/s][A[A[A[A[A[A








Downloading [pytorch_model.bin]:  67%|██████▋   | 860M/1.25G [07:48<05:32, 1.32MB/s][A[A[A[A[A[A[A[A





Downloading [onnx/model.onnx]:  67%|██████▋   | 857M/1.25G [07:48<08:10, 893kB/s][A[A[A[A[A






Downloading [model.safetensors]:  83%|████████▎ | 1.04G/1.25G [07:49<02:40, 1.38MB/s][A[A[A[A[A[A








Downloading [pytorch_model.bin]:  67%|██████▋   | 861M/1.25G [07:49<05:10, 1.41MB/s][A[A[A[A[A[A[A[A






Downloading [model.safetensors]:  84%|████████▎ | 1.04G/1.25G [07:49<02:38, 1.39MB/s][A[A[A[A[A[A





Downloading [onnx/model.onnx]:  67%|██████▋   | 858M/1.25G [07:49<07:38, 954kB/s][A[A[A[A[A








Downloading [pytorch_model.bin]:  67%|██████▋   | 862M/1.25G [07:50<05:12, 1.40MB/s][A[A[A[A[A[A[A[A






Downloading [model.safetensors]:  84%|████████▎ | 1.04G/1.25G [07:50<02:18, 1.58MB/s][A[A[A[A[A[A





Downloading [onnx/model.onnx]:  67%|██████▋   | 859M/1.25G [07:50<06:26, 1.13MB/s][A[A[A[A[A








Downloading [pytorch_model.bin]:  67%|██████▋   | 863M/1.25G [07:50<04:42, 1.54MB/s][A[A[A[A[A[A[A[A






Downloading [model.safetensors]:  84%|████████▎ | 1.04G/1.25G [07:51<02:32, 1.43MB/s][A[A[A[A[A[A






Downloading [model.safetensors]:  84%|████████▍ | 1.05G/1.25G [07:52<02:51, 1.27MB/s][A[A[A[A[A[A








Downloading [pytorch_model.bin]:  68%|██████▊   | 864M/1.25G [07:52<06:29, 1.12MB/s][A[A[A[A[A[A[A[A





Downloading [onnx/model.onnx]:  67%|██████▋   | 860M/1.25G [07:52<08:22, 865kB/s] [A[A[A[A[A






Downloading [model.safetensors]:  84%|████████▍ | 1.05G/1.25G [07:52<02:24, 1.49MB/s][A[A[A[A[A[A





Downloading [onnx/model.onnx]:  68%|██████▊   | 861M/1.25G [07:52<06:59, 1.04MB/s][A[A[A[A[A








Downloading [pytorch_model.bin]:  68%|██████▊   | 865M/1.25G [07:52<05:47, 1.25MB/s][A[A[A[A[A[A[A[A






Downloading [model.safetensors]:  84%|████████▍ | 1.05G/1.25G [07:53<02:06, 1.70MB/s][A[A[A[A[A[A








Downloading [pytorch_model.bin]:  68%|██████▊   | 866M/1.25G [07:53<05:18, 1.36MB/s][A[A[A[A[A[A[A[A





Downloading [onnx/model.onnx]:  68%|██████▊   | 862M/1.25G [07:53<06:18, 1.14MB/s][A[A[A[A[A






Downloading [model.safetensors]:  84%|████████▍ | 1.05G/1.25G [07:53<02:15, 1.59MB/s][A[A[A[A[A[A








Downloading [pytorch_model.bin]:  68%|██████▊   | 867M/1.25G [07:54<05:18, 1.36MB/s][A[A[A[A[A[A[A[A





Downloading [onnx/model.onnx]:  68%|██████▊   | 863M/1.25G [07:54<06:00, 1.20MB/s][A[A[A[A[A






Downloading [model.safetensors]:  84%|████████▍ | 1.05G/1.25G [07:54<02:26, 1.45MB/s][A[A[A[A[A[A






Downloading [model.safetensors]:  84%|████████▍ | 1.05G/1.25G [07:55<02:04, 1.71MB/s][A[A[A[A[A[A








Downloading [pytorch_model.bin]:  68%|██████▊   | 868M/1.25G [07:55<05:37, 1.27MB/s][A[A[A[A[A[A[A[A





Downloading [onnx/model.onnx]:  68%|██████▊   | 864M/1.25G [07:55<06:09, 1.17MB/s][A[A[A[A[A






Downloading [model.safetensors]:  84%|████████▍ | 1.05G/1.25G [07:55<01:49, 1.93MB/s][A[A[A[A[A[A





Downloading [onnx/model.onnx]:  68%|██████▊   | 865M/1.25G [07:56<06:09, 1.16MB/s][A[A[A[A[A






Downloading [model.safetensors]:  84%|████████▍ | 1.05G/1.25G [07:56<02:04, 1.69MB/s][A[A[A[A[A[A








Downloading [pytorch_model.bin]:  68%|██████▊   | 869M/1.25G [07:56<06:04, 1.18MB/s][A[A[A[A[A[A[A[A





Downloading [onnx/model.onnx]:  68%|██████▊   | 866M/1.25G [07:57<06:04, 1.18MB/s][A[A[A[A[A








Downloading [pytorch_model.bin]:  68%|██████▊   | 870M/1.25G [07:57<06:01, 1.19MB/s][A[A[A[A[A[A[A[A






Downloading [model.safetensors]:  84%|████████▍ | 1.05G/1.25G [07:57<02:33, 1.37MB/s][A[A[A[A[A[A






Downloading [model.safetensors]:  84%|████████▍ | 1.05G/1.25G [07:57<02:05, 1.66MB/s][A[A[A[A[A[A





Downloading [onnx/model.onnx]:  68%|██████▊   | 867M/1.25G [07:57<06:07, 1.16MB/s][A[A[A[A[A






Downloading [model.safetensors]:  85%|████████▍ | 1.06G/1.25G [07:57<01:44, 1.98MB/s][A[A[A[A[A[A






Downloading [model.safetensors]:  85%|████████▍ | 1.06G/1.25G [07:58<01:26, 2.39MB/s][A[A[A[A[A[A








Downloading [pytorch_model.bin]:  68%|██████▊   | 871M/1.25G [07:58<06:27, 1.10MB/s][A[A[A[A[A[A[A[A






Downloading [model.safetensors]:  85%|████████▍ | 1.06G/1.25G [07:58<01:16, 2.70MB/s][A[A[A[A[A[A





Downloading [onnx/model.onnx]:  68%|██████▊   | 868M/1.25G [07:58<05:43, 1.24MB/s][A[A[A[A[A






Downloading [model.safetensors]:  85%|████████▍ | 1.06G/1.25G [07:58<01:07, 3.03MB/s][A[A[A[A[A[A








Downloading [pytorch_model.bin]:  68%|██████▊   | 872M/1.25G [07:59<06:00, 1.18MB/s][A[A[A[A[A[A[A[A






Downloading [model.safetensors]:  85%|████████▍ | 1.06G/1.25G [07:59<01:04, 3.15MB/s][A[A[A[A[A[A





Downloading [onnx/model.onnx]:  68%|██████▊   | 869M/1.25G [07:59<04:48, 1.47MB/s][A[A[A[A[A





Downloading [onnx/model.onnx]:  68%|██████▊   | 870M/1.25G [07:59<04:39, 1.52MB/s][A[A[A[A[A








Downloading [pytorch_model.bin]:  68%|██████▊   | 873M/1.25G [08:00<06:27, 1.10MB/s][A[A[A[A[A[A[A[A






Downloading [model.safetensors]:  85%|████████▍ | 1.06G/1.25G [08:00<01:51, 1.80MB/s][A[A[A[A[A[A





Downloading [onnx/model.onnx]:  68%|██████▊   | 871M/1.25G [08:00<05:35, 1.26MB/s][A[A[A[A[A






Downloading [model.safetensors]:  85%|████████▌ | 1.06G/1.25G [08:00<01:58, 1.69MB/s][A[A[A[A[A[A








Downloading [pytorch_model.bin]:  68%|██████▊   | 874M/1.25G [08:00<06:15, 1.13MB/s][A[A[A[A[A[A[A[A






Downloading [model.safetensors]:  85%|████████▌ | 1.06G/1.25G [08:01<01:50, 1.80MB/s][A[A[A[A[A[A








Downloading [pytorch_model.bin]:  68%|██████▊   | 875M/1.25G [08:01<05:58, 1.18MB/s][A[A[A[A[A[A[A[A





Downloading [onnx/model.onnx]:  68%|██████▊   | 872M/1.25G [08:01<06:02, 1.17MB/s][A[A[A[A[A






Downloading [model.safetensors]:  85%|████████▌ | 1.06G/1.25G [08:02<02:02, 1.63MB/s][A[A[A[A[A[A








Downloading [pytorch_model.bin]:  69%|██████▊   | 876M/1.25G [08:02<06:00, 1.17MB/s][A[A[A[A[A[A[A[A






Downloading [model.safetensors]:  85%|████████▌ | 1.06G/1.25G [08:02<02:10, 1.52MB/s][A[A[A[A[A[A





Downloading [onnx/model.onnx]:  68%|██████▊   | 873M/1.25G [08:03<06:19, 1.11MB/s][A[A[A[A[A








Downloading [pytorch_model.bin]:  69%|██████▊   | 877M/1.25G [08:03<05:15, 1.34MB/s][A[A[A[A[A[A[A[A






Downloading [model.safetensors]:  85%|████████▌ | 1.07G/1.25G [08:03<01:49, 1.80MB/s][A[A[A[A[A[A





Downloading [onnx/model.onnx]:  69%|██████▊   | 874M/1.25G [08:03<05:30, 1.27MB/s][A[A[A[A[A






Downloading [model.safetensors]:  85%|████████▌ | 1.07G/1.25G [08:03<01:34, 2.06MB/s][A[A[A[A[A[A





Downloading [onnx/model.onnx]:  69%|██████▊   | 875M/1.25G [08:03<04:34, 1.53MB/s][A[A[A[A[A








Downloading [pytorch_model.bin]:  69%|██████▊   | 878M/1.25G [08:03<05:05, 1.37MB/s][A[A[A[A[A[A[A[A






Downloading [model.safetensors]:  85%|████████▌ | 1.07G/1.25G [08:03<01:23, 2.33MB/s][A[A[A[A[A[A






Downloading [model.safetensors]:  86%|████████▌ | 1.07G/1.25G [08:04<01:13, 2.64MB/s][A[A[A[A[A[A






Downloading [model.safetensors]:  86%|████████▌ | 1.07G/1.25G [08:04<01:08, 2.79MB/s][A[A[A[A[A[A





Downloading [onnx/model.onnx]:  69%|██████▊   | 876M/1.25G [08:04<04:31, 1.54MB/s][A[A[A[A[A








Downloading [pytorch_model.bin]:  69%|██████▊   | 879M/1.25G [08:04<05:23, 1.30MB/s][A[A[A[A[A[A[A[A








Downloading [pytorch_model.bin]:  69%|██████▉   | 880M/1.25G [08:05<04:13, 1.65MB/s][A[A[A[A[A[A[A[A






Downloading [model.safetensors]:  86%|████████▌ | 1.07G/1.25G [08:05<01:18, 2.44MB/s][A[A[A[A[A[A





Downloading [onnx/model.onnx]:  69%|██████▉   | 877M/1.25G [08:05<04:15, 1.64MB/s][A[A[A[A[A






Downloading [model.safetensors]:  86%|████████▌ | 1.07G/1.25G [08:05<01:28, 2.14MB/s][A[A[A[A[A[A





Downloading [onnx/model.onnx]:  69%|██████▉   | 878M/1.25G [08:06<04:42, 1.47MB/s][A[A[A[A[A








Downloading [pytorch_model.bin]:  69%|██████▉   | 881M/1.25G [08:06<04:52, 1.43MB/s][A[A[A[A[A[A[A[A






Downloading [model.safetensors]:  86%|████████▌ | 1.07G/1.25G [08:06<01:28, 2.13MB/s][A[A[A[A[A[A






Downloading [model.safetensors]:  86%|████████▌ | 1.07G/1.25G [08:06<01:31, 2.05MB/s][A[A[A[A[A[A








Downloading [pytorch_model.bin]:  69%|██████▉   | 882M/1.25G [08:06<05:01, 1.38MB/s][A[A[A[A[A[A[A[A






Downloading [model.safetensors]:  86%|████████▌ | 1.07G/1.25G [08:07<01:35, 1.95MB/s][A[A[A[A[A[A





Downloading [onnx/model.onnx]:  69%|██████▉   | 879M/1.25G [08:07<06:29, 1.07MB/s][A[A[A[A[A








Downloading [pytorch_model.bin]:  69%|██████▉   | 883M/1.25G [08:07<05:03, 1.37MB/s][A[A[A[A[A[A[A[A






Downloading [model.safetensors]:  86%|████████▌ | 1.08G/1.25G [08:07<01:28, 2.09MB/s][A[A[A[A[A[A








Downloading [pytorch_model.bin]:  69%|██████▉   | 884M/1.25G [08:08<04:32, 1.52MB/s][A[A[A[A[A[A[A[A






Downloading [model.safetensors]:  86%|████████▌ | 1.08G/1.25G [08:08<01:28, 2.09MB/s][A[A[A[A[A[A





Downloading [onnx/model.onnx]:  69%|██████▉   | 880M/1.25G [08:08<06:18, 1.10MB/s][A[A[A[A[A








Downloading [pytorch_model.bin]:  69%|██████▉   | 885M/1.25G [08:08<04:00, 1.72MB/s][A[A[A[A[A[A[A[A






Downloading [model.safetensors]:  86%|████████▋ | 1.08G/1.25G [08:09<01:48, 1.69MB/s][A[A[A[A[A[A








Downloading [pytorch_model.bin]:  69%|██████▉   | 886M/1.25G [08:09<04:23, 1.56MB/s][A[A[A[A[A[A[A[A





Downloading [onnx/model.onnx]:  69%|██████▉   | 881M/1.25G [08:09<07:00, 982kB/s] [A[A[A[A[A






Downloading [model.safetensors]:  86%|████████▋ | 1.08G/1.25G [08:09<01:50, 1.65MB/s][A[A[A[A[A[A








Downloading [pytorch_model.bin]:  69%|██████▉   | 887M/1.25G [08:10<04:16, 1.60MB/s][A[A[A[A[A[A[A[A






Downloading [model.safetensors]:  86%|████████▋ | 1.08G/1.25G [08:10<01:39, 1.83MB/s][A[A[A[A[A[A





Downloading [onnx/model.onnx]:  69%|██████▉   | 882M/1.25G [08:10<05:57, 1.15MB/s][A[A[A[A[A








Downloading [pytorch_model.bin]:  69%|██████▉   | 888M/1.25G [08:10<03:43, 1.84MB/s][A[A[A[A[A[A[A[A





Downloading [onnx/model.onnx]:  69%|██████▉   | 883M/1.25G [08:10<04:47, 1.43MB/s][A[A[A[A[A








Downloading [pytorch_model.bin]:  70%|██████▉   | 889M/1.25G [08:10<03:16, 2.08MB/s][A[A[A[A[A[A[A[A






Downloading [model.safetensors]:  87%|████████▋ | 1.08G/1.25G [08:11<01:50, 1.64MB/s][A[A[A[A[A[A





Downloading [onnx/model.onnx]:  69%|██████▉   | 884M/1.25G [08:11<04:37, 1.48MB/s][A[A[A[A[A








Downloading [pytorch_model.bin]:  70%|██████▉   | 890M/1.25G [08:11<03:53, 1.74MB/s][A[A[A[A[A[A[A[A






Downloading [model.safetensors]:  87%|████████▋ | 1.08G/1.25G [08:11<01:47, 1.67MB/s][A[A[A[A[A[A






Downloading [model.safetensors]:  87%|████████▋ | 1.08G/1.25G [08:11<01:27, 2.05MB/s][A[A[A[A[A[A





Downloading [onnx/model.onnx]:  69%|██████▉   | 885M/1.25G [08:12<04:28, 1.52MB/s][A[A[A[A[A








Downloading [pytorch_model.bin]:  70%|██████▉   | 891M/1.25G [08:12<04:20, 1.56MB/s][A[A[A[A[A[A[A[A






Downloading [model.safetensors]:  87%|████████▋ | 1.08G/1.25G [08:12<01:26, 2.06MB/s][A[A[A[A[A[A





Downloading [onnx/model.onnx]:  69%|██████▉   | 886M/1.25G [08:12<04:04, 1.67MB/s][A[A[A[A[A





Downloading [onnx/model.onnx]:  70%|██████▉   | 887M/1.25G [08:12<03:41, 1.83MB/s][A[A[A[A[A








Downloading [pytorch_model.bin]:  70%|██████▉   | 892M/1.25G [08:13<04:12, 1.61MB/s][A[A[A[A[A[A[A[A






Downloading [model.safetensors]:  87%|████████▋ | 1.08G/1.25G [08:13<01:31, 1.93MB/s][A[A[A[A[A[A





Downloading [onnx/model.onnx]:  70%|██████▉   | 888M/1.25G [08:13<04:05, 1.66MB/s][A[A[A[A[A








Downloading [pytorch_model.bin]:  70%|██████▉   | 893M/1.25G [08:13<04:20, 1.55MB/s][A[A[A[A[A[A[A[A






Downloading [model.safetensors]:  87%|████████▋ | 1.09G/1.25G [08:13<01:22, 2.10MB/s][A[A[A[A[A[A






Downloading [model.safetensors]:  87%|████████▋ | 1.09G/1.25G [08:14<01:10, 2.47MB/s][A[A[A[A[A[A








Downloading [pytorch_model.bin]:  70%|██████▉   | 894M/1.25G [08:14<04:52, 1.38MB/s][A[A[A[A[A[A[A[A





Downloading [onnx/model.onnx]:  70%|██████▉   | 889M/1.25G [08:14<04:47, 1.41MB/s][A[A[A[A[A






Downloading [model.safetensors]:  87%|████████▋ | 1.09G/1.25G [08:14<01:23, 2.06MB/s][A[A[A[A[A[A








Downloading [pytorch_model.bin]:  70%|██████▉   | 895M/1.25G [08:15<04:08, 1.62MB/s][A[A[A[A[A[A[A[A






Downloading [model.safetensors]:  87%|████████▋ | 1.09G/1.25G [08:15<01:14, 2.31MB/s][A[A[A[A[A[A





Downloading [onnx/model.onnx]:  70%|██████▉   | 890M/1.25G [08:15<04:24, 1.53MB/s][A[A[A[A[A








Downloading [pytorch_model.bin]:  70%|███████   | 896M/1.25G [08:15<03:38, 1.84MB/s][A[A[A[A[A[A[A[A






Downloading [model.safetensors]:  87%|████████▋ | 1.09G/1.25G [08:15<01:24, 2.01MB/s][A[A[A[A[A[A





Downloading [onnx/model.onnx]:  70%|██████▉   | 891M/1.25G [08:16<05:22, 1.25MB/s][A[A[A[A[A








Downloading [pytorch_model.bin]:  70%|███████   | 897M/1.25G [08:16<04:52, 1.37MB/s][A[A[A[A[A[A[A[A






Downloading [model.safetensors]:  87%|████████▋ | 1.09G/1.25G [08:16<01:37, 1.73MB/s][A[A[A[A[A[A








Downloading [pytorch_model.bin]:  70%|███████   | 898M/1.25G [08:17<04:00, 1.66MB/s][A[A[A[A[A[A[A[A





Downloading [onnx/model.onnx]:  70%|██████▉   | 892M/1.25G [08:17<05:15, 1.27MB/s][A[A[A[A[A






Downloading [model.safetensors]:  87%|████████▋ | 1.09G/1.25G [08:17<01:41, 1.65MB/s][A[A[A[A[A[A








Downloading [pytorch_model.bin]:  70%|███████   | 899M/1.25G [08:17<04:02, 1.64MB/s][A[A[A[A[A[A[A[A





Downloading [onnx/model.onnx]:  70%|███████   | 893M/1.25G [08:18<05:41, 1.17MB/s][A[A[A[A[A








Downloading [pytorch_model.bin]:  70%|███████   | 900M/1.25G [08:18<04:26, 1.49MB/s][A[A[A[A[A[A[A[A






Downloading [model.safetensors]:  88%|████████▊ | 1.09G/1.25G [08:18<02:04, 1.34MB/s][A[A[A[A[A[A





Downloading [onnx/model.onnx]:  70%|███████   | 894M/1.25G [08:19<06:08, 1.08MB/s][A[A[A[A[A








Downloading [pytorch_model.bin]:  70%|███████   | 901M/1.25G [08:19<05:01, 1.31MB/s][A[A[A[A[A[A[A[A






Downloading [model.safetensors]:  88%|████████▊ | 1.09G/1.25G [08:19<02:15, 1.23MB/s][A[A[A[A[A[A





Downloading [onnx/model.onnx]:  70%|███████   | 895M/1.25G [08:19<05:12, 1.28MB/s][A[A[A[A[A






Downloading [model.safetensors]:  88%|████████▊ | 1.09G/1.25G [08:20<02:07, 1.30MB/s][A[A[A[A[A[A








Downloading [pytorch_model.bin]:  71%|███████   | 902M/1.25G [08:20<05:24, 1.22MB/s][A[A[A[A[A[A[A[A





Downloading [onnx/model.onnx]:  70%|███████   | 896M/1.25G [08:20<04:54, 1.35MB/s][A[A[A[A[A






Downloading [model.safetensors]:  88%|████████▊ | 1.10G/1.25G [08:20<01:48, 1.51MB/s][A[A[A[A[A[A








Downloading [pytorch_model.bin]:  71%|███████   | 903M/1.25G [08:20<04:25, 1.48MB/s][A[A[A[A[A[A[A[A






Downloading [model.safetensors]:  88%|████████▊ | 1.10G/1.25G [08:21<01:55, 1.41MB/s][A[A[A[A[A[A








Downloading [pytorch_model.bin]:  71%|███████   | 904M/1.25G [08:21<04:49, 1.36MB/s][A[A[A[A[A[A[A[A





Downloading [onnx/model.onnx]:  70%|███████   | 897M/1.25G [08:21<06:01, 1.10MB/s][A[A[A[A[A






Downloading [model.safetensors]:  88%|████████▊ | 1.10G/1.25G [08:22<02:00, 1.35MB/s][A[A[A[A[A[A








Downloading [pytorch_model.bin]:  71%|███████   | 905M/1.25G [08:22<05:21, 1.22MB/s][A[A[A[A[A[A[A[A





Downloading [onnx/model.onnx]:  70%|███████   | 898M/1.25G [08:23<06:18, 1.04MB/s][A[A[A[A[A






Downloading [model.safetensors]:  88%|████████▊ | 1.10G/1.25G [08:23<02:08, 1.26MB/s][A[A[A[A[A[A








Downloading [pytorch_model.bin]:  71%|███████   | 906M/1.25G [08:23<05:21, 1.22MB/s][A[A[A[A[A[A[A[A





Downloading [onnx/model.onnx]:  71%|███████   | 899M/1.25G [08:24<06:46, 969kB/s] [A[A[A[A[A






Downloading [model.safetensors]:  88%|████████▊ | 1.10G/1.25G [08:24<02:21, 1.13MB/s][A[A[A[A[A[A








Downloading [pytorch_model.bin]:  71%|███████   | 907M/1.25G [08:24<05:49, 1.11MB/s][A[A[A[A[A[A[A[A






Downloading [model.safetensors]:  88%|████████▊ | 1.10G/1.25G [08:26<02:53, 915kB/s] [A[A[A[A[A[A





Downloading [onnx/model.onnx]:  71%|███████   | 900M/1.25G [08:26<08:25, 777kB/s][A[A[A[A[A








Downloading [pytorch_model.bin]:  71%|███████   | 908M/1.25G [08:26<07:01, 921kB/s] [A[A[A[A[A[A[A[A






Downloading [model.safetensors]:  88%|████████▊ | 1.10G/1.25G [08:26<02:24, 1.09MB/s][A[A[A[A[A[A





Downloading [onnx/model.onnx]:  71%|███████   | 901M/1.25G [08:26<06:49, 957kB/s][A[A[A[A[A








Downloading [pytorch_model.bin]:  71%|███████   | 909M/1.25G [08:27<05:54, 1.09MB/s][A[A[A[A[A[A[A[A





Downloading [onnx/model.onnx]:  71%|███████   | 902M/1.25G [08:27<05:21, 1.22MB/s][A[A[A[A[A






Downloading [model.safetensors]:  88%|████████▊ | 1.10G/1.25G [08:27<01:59, 1.31MB/s][A[A[A[A[A[A






Downloading [model.safetensors]:  88%|████████▊ | 1.10G/1.25G [08:27<01:10, 2.20MB/s][A[A[A[A[A[A






Downloading [model.safetensors]:  89%|████████▊ | 1.11G/1.25G [08:27<00:58, 2.63MB/s][A[A[A[A[A[A





Downloading [onnx/model.onnx]:  71%|███████   | 903M/1.25G [08:27<04:29, 1.45MB/s][A[A[A[A[A








Downloading [pytorch_model.bin]:  71%|███████   | 910M/1.25G [08:27<05:19, 1.21MB/s][A[A[A[A[A[A[A[A






Downloading [model.safetensors]:  89%|████████▊ | 1.11G/1.25G [08:27<00:49, 3.07MB/s][A[A[A[A[A[A








Downloading [pytorch_model.bin]:  71%|███████▏  | 911M/1.25G [08:27<03:55, 1.64MB/s][A[A[A[A[A[A[A[A





Downloading [onnx/model.onnx]:  71%|███████   | 904M/1.25G [08:27<03:48, 1.70MB/s][A[A[A[A[A






Downloading [model.safetensors]:  89%|████████▊ | 1.11G/1.25G [08:27<00:45, 3.36MB/s][A[A[A[A[A[A








Downloading [pytorch_model.bin]:  71%|███████▏  | 912M/1.25G [08:28<03:20, 1.92MB/s][A[A[A[A[A[A[A[A






Downloading [model.safetensors]:  89%|████████▉ | 1.11G/1.25G [08:28<00:41, 3.64MB/s][A[A[A[A[A[A





Downloading [onnx/model.onnx]:  71%|███████   | 905M/1.25G [08:28<03:15, 1.98MB/s][A[A[A[A[A






Downloading [model.safetensors]:  89%|████████▉ | 1.11G/1.25G [08:28<00:40, 3.70MB/s][A[A[A[A[A[A








Downloading [pytorch_model.bin]:  71%|███████▏  | 913M/1.25G [08:28<02:56, 2.17MB/s][A[A[A[A[A[A[A[A





Downloading [onnx/model.onnx]:  71%|███████   | 906M/1.25G [08:28<02:53, 2.23MB/s][A[A[A[A[A






Downloading [model.safetensors]:  89%|████████▉ | 1.11G/1.25G [08:28<00:37, 3.99MB/s][A[A[A[A[A[A








Downloading [pytorch_model.bin]:  71%|███████▏  | 914M/1.25G [08:28<02:34, 2.47MB/s][A[A[A[A[A[A[A[A






Downloading [model.safetensors]:  89%|████████▉ | 1.11G/1.25G [08:28<00:34, 4.32MB/s][A[A[A[A[A[A





Downloading [onnx/model.onnx]:  71%|███████   | 907M/1.25G [08:28<02:35, 2.48MB/s][A[A[A[A[A








Downloading [pytorch_model.bin]:  72%|███████▏  | 915M/1.25G [08:29<02:17, 2.77MB/s][A[A[A[A[A[A[A[A






Downloading [model.safetensors]:  89%|████████▉ | 1.11G/1.25G [08:29<00:33, 4.41MB/s][A[A[A[A[A[A





Downloading [onnx/model.onnx]:  71%|███████   | 908M/1.25G [08:29<02:23, 2.69MB/s][A[A[A[A[A








Downloading [pytorch_model.bin]:  72%|███████▏  | 916M/1.25G [08:29<02:02, 3.09MB/s][A[A[A[A[A[A[A[A






Downloading [model.safetensors]:  89%|████████▉ | 1.11G/1.25G [08:29<00:32, 4.41MB/s][A[A[A[A[A[A








Downloading [pytorch_model.bin]:  72%|███████▏  | 917M/1.25G [08:29<01:53, 3.33MB/s][A[A[A[A[A[A[A[A





Downloading [onnx/model.onnx]:  71%|███████▏  | 909M/1.25G [08:29<02:15, 2.83MB/s][A[A[A[A[A






Downloading [model.safetensors]:  89%|████████▉ | 1.11G/1.25G [08:29<00:32, 4.50MB/s][A[A[A[A[A[A






Downloading [model.safetensors]:  89%|████████▉ | 1.12G/1.25G [08:29<00:29, 4.92MB/s][A[A[A[A[A[A





Downloading [onnx/model.onnx]:  71%|███████▏  | 910M/1.25G [08:29<02:11, 2.91MB/s][A[A[A[A[A








Downloading [pytorch_model.bin]:  72%|███████▏  | 918M/1.25G [08:29<01:57, 3.21MB/s][A[A[A[A[A[A[A[A






Downloading [model.safetensors]:  89%|████████▉ | 1.12G/1.25G [08:29<00:28, 5.06MB/s][A[A[A[A[A[A








Downloading [pytorch_model.bin]:  72%|███████▏  | 919M/1.25G [08:30<01:41, 3.71MB/s][A[A[A[A[A[A[A[A








Downloading [pytorch_model.bin]:  72%|███████▏  | 920M/1.25G [08:30<01:35, 3.93MB/s][A[A[A[A[A[A[A[A





Downloading [onnx/model.onnx]:  71%|███████▏  | 911M/1.25G [08:30<02:56, 2.17MB/s][A[A[A[A[A






Downloading [model.safetensors]:  89%|████████▉ | 1.12G/1.25G [08:30<00:56, 2.50MB/s][A[A[A[A[A[A








Downloading [pytorch_model.bin]:  72%|███████▏  | 921M/1.25G [08:31<02:27, 2.53MB/s][A[A[A[A[A[A[A[A





Downloading [onnx/model.onnx]:  72%|███████▏  | 912M/1.25G [08:31<03:21, 1.89MB/s][A[A[A[A[A






Downloading [model.safetensors]:  90%|████████▉ | 1.12G/1.25G [08:31<01:11, 1.95MB/s][A[A[A[A[A[A








Downloading [pytorch_model.bin]:  72%|███████▏  | 922M/1.25G [08:31<03:12, 1.94MB/s][A[A[A[A[A[A[A[A





Downloading [onnx/model.onnx]:  72%|███████▏  | 913M/1.25G [08:31<03:21, 1.89MB/s][A[A[A[A[A






Downloading [model.safetensors]:  90%|████████▉ | 1.12G/1.25G [08:32<01:05, 2.11MB/s][A[A[A[A[A[A








Downloading [pytorch_model.bin]:  72%|███████▏  | 923M/1.25G [08:32<03:26, 1.81MB/s][A[A[A[A[A[A[A[A






Downloading [model.safetensors]:  90%|████████▉ | 1.12G/1.25G [08:32<01:14, 1.84MB/s][A[A[A[A[A[A





Downloading [onnx/model.onnx]:  72%|███████▏  | 914M/1.25G [08:32<03:54, 1.62MB/s][A[A[A[A[A






Downloading [model.safetensors]:  90%|████████▉ | 1.12G/1.25G [08:33<01:04, 2.11MB/s][A[A[A[A[A[A








Downloading [pytorch_model.bin]:  72%|███████▏  | 924M/1.25G [08:33<03:22, 1.84MB/s][A[A[A[A[A[A[A[A





Downloading [onnx/model.onnx]:  72%|███████▏  | 915M/1.25G [08:33<03:39, 1.72MB/s][A[A[A[A[A






Downloading [model.safetensors]:  90%|████████▉ | 1.12G/1.25G [08:33<00:53, 2.54MB/s][A[A[A[A[A[A








Downloading [pytorch_model.bin]:  72%|███████▏  | 925M/1.25G [08:33<02:56, 2.10MB/s][A[A[A[A[A[A[A[A






Downloading [model.safetensors]:  90%|████████▉ | 1.12G/1.25G [08:33<00:45, 2.93MB/s][A[A[A[A[A[A





Downloading [onnx/model.onnx]:  72%|███████▏  | 916M/1.25G [08:33<03:08, 2.00MB/s][A[A[A[A[A






Downloading [model.safetensors]:  90%|█████████ | 1.12G/1.25G [08:33<00:38, 3.50MB/s][A[A[A[A[A[A








Downloading [pytorch_model.bin]:  72%|███████▏  | 926M/1.25G [08:33<02:50, 2.16MB/s][A[A[A[A[A[A[A[A






Downloading [model.safetensors]:  90%|█████████ | 1.12G/1.25G [08:34<00:46, 2.84MB/s][A[A[A[A[A[A





Downloading [onnx/model.onnx]:  72%|███████▏  | 917M/1.25G [08:34<03:27, 1.81MB/s][A[A[A[A[A






Downloading [model.safetensors]:  90%|█████████ | 1.13G/1.25G [08:34<00:38, 3.42MB/s][A[A[A[A[A[A








Downloading [pytorch_model.bin]:  73%|███████▎  | 927M/1.25G [08:34<03:01, 2.03MB/s][A[A[A[A[A[A[A[A






Downloading [model.safetensors]:  90%|█████████ | 1.13G/1.25G [08:34<00:41, 3.12MB/s][A[A[A[A[A[A








Downloading [pytorch_model.bin]:  73%|███████▎  | 928M/1.25G [08:34<02:57, 2.07MB/s][A[A[A[A[A[A[A[A





Downloading [onnx/model.onnx]:  72%|███████▏  | 918M/1.25G [08:35<04:04, 1.53MB/s][A[A[A[A[A






Downloading [model.safetensors]:  90%|█████████ | 1.13G/1.25G [08:35<00:59, 2.17MB/s][A[A[A[A[A[A








Downloading [pytorch_model.bin]:  73%|███████▎  | 929M/1.25G [08:35<03:43, 1.64MB/s][A[A[A[A[A[A[A[A






Downloading [model.safetensors]:  90%|█████████ | 1.13G/1.25G [08:36<00:59, 2.14MB/s][A[A[A[A[A[A





Downloading [onnx/model.onnx]:  72%|███████▏  | 919M/1.25G [08:36<04:28, 1.39MB/s][A[A[A[A[A






Downloading [model.safetensors]:  90%|█████████ | 1.13G/1.25G [08:36<00:52, 2.44MB/s][A[A[A[A[A[A








Downloading [pytorch_model.bin]:  73%|███████▎  | 930M/1.25G [08:36<03:34, 1.70MB/s][A[A[A[A[A[A[A[A





Downloading [onnx/model.onnx]:  72%|███████▏  | 920M/1.25G [08:36<03:48, 1.63MB/s][A[A[A[A[A






Downloading [model.safetensors]:  91%|█████████ | 1.13G/1.25G [08:36<00:42, 2.95MB/s][A[A[A[A[A[A








Downloading [pytorch_model.bin]:  73%|███████▎  | 931M/1.25G [08:36<02:58, 2.04MB/s][A[A[A[A[A[A[A[A






Downloading [model.safetensors]:  91%|█████████ | 1.13G/1.25G [08:36<00:35, 3.57MB/s][A[A[A[A[A[A





Downloading [onnx/model.onnx]:  72%|███████▏  | 921M/1.25G [08:36<03:13, 1.92MB/s][A[A[A[A[A






Downloading [model.safetensors]:  91%|█████████ | 1.13G/1.25G [08:36<00:30, 4.08MB/s][A[A[A[A[A[A








Downloading [pytorch_model.bin]:  73%|███████▎  | 932M/1.25G [08:37<02:32, 2.39MB/s][A[A[A[A[A[A[A[A






Downloading [model.safetensors]:  91%|█████████ | 1.13G/1.25G [08:37<00:27, 4.53MB/s][A[A[A[A[A[A






Downloading [model.safetensors]:  91%|█████████ | 1.13G/1.25G [08:37<00:24, 4.93MB/s][A[A[A[A[A[A








Downloading [pytorch_model.bin]:  73%|███████▎  | 933M/1.25G [08:37<02:15, 2.67MB/s][A[A[A[A[A[A[A[A





Downloading [onnx/model.onnx]:  72%|███████▏  | 922M/1.25G [08:37<03:10, 1.94MB/s][A[A[A[A[A






Downloading [model.safetensors]:  91%|█████████ | 1.14G/1.25G [08:37<00:22, 5.37MB/s][A[A[A[A[A[A






Downloading [model.safetensors]:  91%|█████████ | 1.14G/1.25G [08:37<00:21, 5.58MB/s][A[A[A[A[A[A








Downloading [pytorch_model.bin]:  73%|███████▎  | 934M/1.25G [08:37<02:07, 2.84MB/s][A[A[A[A[A[A[A[A






Downloading [model.safetensors]:  91%|█████████ | 1.14G/1.25G [08:37<00:22, 5.20MB/s][A[A[A[A[A[A





Downloading [onnx/model.onnx]:  72%|███████▏  | 923M/1.25G [08:37<02:58, 2.06MB/s][A[A[A[A[A






Downloading [model.safetensors]:  91%|█████████ | 1.14G/1.25G [08:38<00:25, 4.68MB/s][A[A[A[A[A[A








Downloading [pytorch_model.bin]:  73%|███████▎  | 935M/1.25G [08:38<02:24, 2.50MB/s][A[A[A[A[A[A[A[A





Downloading [onnx/model.onnx]:  72%|███████▏  | 924M/1.25G [08:38<02:50, 2.16MB/s][A[A[A[A[A






Downloading [model.safetensors]:  91%|█████████▏| 1.14G/1.25G [08:38<00:24, 4.71MB/s][A[A[A[A[A[A






Downloading [model.safetensors]:  91%|█████████▏| 1.14G/1.25G [08:38<00:26, 4.36MB/s][A[A[A[A[A[A





Downloading [onnx/model.onnx]:  73%|███████▎  | 925M/1.25G [08:38<02:35, 2.35MB/s][A[A[A[A[A








Downloading [pytorch_model.bin]:  73%|███████▎  | 936M/1.25G [08:38<02:41, 2.22MB/s][A[A[A[A[A[A[A[A






Downloading [model.safetensors]:  91%|█████████▏| 1.14G/1.25G [08:38<00:24, 4.72MB/s][A[A[A[A[A[A








Downloading [pytorch_model.bin]:  73%|███████▎  | 937M/1.25G [08:39<02:23, 2.50MB/s][A[A[A[A[A[A[A[A






Downloading [model.safetensors]:  92%|█████████▏| 1.14G/1.25G [08:39<00:26, 4.37MB/s][A[A[A[A[A[A





Downloading [onnx/model.onnx]:  73%|███████▎  | 926M/1.25G [08:39<02:45, 2.22MB/s][A[A[A[A[A






Downloading [model.safetensors]:  92%|█████████▏| 1.14G/1.25G [08:39<00:29, 3.86MB/s][A[A[A[A[A[A








Downloading [pytorch_model.bin]:  73%|███████▎  | 938M/1.25G [08:39<02:29, 2.39MB/s][A[A[A[A[A[A[A[A





Downloading [onnx/model.onnx]:  73%|███████▎  | 927M/1.25G [08:39<03:01, 2.01MB/s][A[A[A[A[A






Downloading [model.safetensors]:  92%|█████████▏| 1.14G/1.25G [08:40<00:40, 2.73MB/s][A[A[A[A[A[A








Downloading [pytorch_model.bin]:  73%|███████▎  | 939M/1.25G [08:40<03:15, 1.82MB/s][A[A[A[A[A[A[A[A





Downloading [onnx/model.onnx]:  73%|███████▎  | 928M/1.25G [08:41<04:22, 1.39MB/s][A[A[A[A[A








Downloading [pytorch_model.bin]:  74%|███████▎  | 940M/1.25G [08:41<04:44, 1.25MB/s][A[A[A[A[A[A[A[A






Downloading [model.safetensors]:  92%|█████████▏| 1.15G/1.25G [08:42<01:41, 1.09MB/s][A[A[A[A[A[A





Downloading [onnx/model.onnx]:  73%|███████▎  | 929M/1.25G [08:42<05:40, 1.07MB/s][A[A[A[A[A








Downloading [pytorch_model.bin]:  74%|███████▎  | 941M/1.25G [08:43<05:59, 985kB/s] [A[A[A[A[A[A[A[A






Downloading [model.safetensors]:  92%|█████████▏| 1.15G/1.25G [08:43<02:00, 911kB/s] [A[A[A[A[A[A






Downloading [model.safetensors]:  92%|█████████▏| 1.15G/1.25G [08:44<01:45, 1.03MB/s][A[A[A[A[A[A








Downloading [pytorch_model.bin]:  74%|███████▎  | 942M/1.25G [08:44<06:32, 900kB/s][A[A[A[A[A[A[A[A





Downloading [onnx/model.onnx]:  73%|███████▎  | 930M/1.25G [08:45<09:03, 665kB/s] [A[A[A[A[A






Downloading [model.safetensors]:  92%|█████████▏| 1.15G/1.25G [08:45<01:45, 1.02MB/s][A[A[A[A[A[A








Downloading [pytorch_model.bin]:  74%|███████▍  | 943M/1.25G [08:46<06:53, 851kB/s][A[A[A[A[A[A[A[A






Downloading [model.safetensors]:  92%|█████████▏| 1.15G/1.25G [08:46<01:32, 1.16MB/s][A[A[A[A[A[A





Downloading [onnx/model.onnx]:  73%|███████▎  | 931M/1.25G [08:46<07:42, 780kB/s][A[A[A[A[A






Downloading [model.safetensors]:  92%|█████████▏| 1.15G/1.25G [08:46<01:11, 1.48MB/s][A[A[A[A[A[A








Downloading [pytorch_model.bin]:  74%|███████▍  | 944M/1.25G [08:46<05:28, 1.07MB/s][A[A[A[A[A[A[A[A






Downloading [model.safetensors]:  92%|█████████▏| 1.15G/1.25G [08:46<00:54, 1.92MB/s][A[A[A[A[A[A





Downloading [onnx/model.onnx]:  73%|███████▎  | 932M/1.25G [08:46<06:04, 987kB/s][A[A[A[A[A






Downloading [model.safetensors]:  92%|█████████▏| 1.15G/1.25G [08:46<00:42, 2.40MB/s][A[A[A[A[A[A








Downloading [pytorch_model.bin]:  74%|███████▍  | 945M/1.25G [08:46<04:19, 1.35MB/s][A[A[A[A[A[A[A[A





Downloading [onnx/model.onnx]:  73%|███████▎  | 933M/1.25G [08:47<05:15, 1.14MB/s][A[A[A[A[A






Downloading [model.safetensors]:  92%|█████████▏| 1.15G/1.25G [08:47<00:45, 2.25MB/s][A[A[A[A[A[A








Downloading [pytorch_model.bin]:  74%|███████▍  | 946M/1.25G [08:47<04:00, 1.45MB/s][A[A[A[A[A[A[A[A






Downloading [model.safetensors]:  93%|█████████▎| 1.16G/1.25G [08:47<00:33, 2.96MB/s][A[A[A[A[A[A





Downloading [onnx/model.onnx]:  73%|███████▎  | 934M/1.25G [08:47<04:37, 1.29MB/s][A[A[A[A[A








Downloading [pytorch_model.bin]:  74%|███████▍  | 947M/1.25G [08:48<03:34, 1.62MB/s][A[A[A[A[A[A[A[A






Downloading [model.safetensors]:  93%|█████████▎| 1.16G/1.25G [08:48<00:33, 2.96MB/s][A[A[A[A[A[A








Downloading [pytorch_model.bin]:  74%|███████▍  | 948M/1.25G [08:48<03:03, 1.89MB/s][A[A[A[A[A[A[A[A





Downloading [onnx/model.onnx]:  73%|███████▎  | 935M/1.25G [08:48<04:08, 1.43MB/s][A[A[A[A[A






Downloading [model.safetensors]:  93%|█████████▎| 1.16G/1.25G [08:48<00:30, 3.17MB/s][A[A[A[A[A[A








Downloading [pytorch_model.bin]:  74%|███████▍  | 949M/1.25G [08:48<02:56, 1.96MB/s][A[A[A[A[A[A[A[A





Downloading [onnx/model.onnx]:  73%|███████▎  | 936M/1.25G [08:49<03:48, 1.56MB/s][A[A[A[A[A






Downloading [model.safetensors]:  93%|█████████▎| 1.16G/1.25G [08:49<00:37, 2.59MB/s][A[A[A[A[A[A






Downloading [model.safetensors]:  93%|█████████▎| 1.16G/1.25G [08:49<00:35, 2.68MB/s][A[A[A[A[A[A








Downloading [pytorch_model.bin]:  74%|███████▍  | 950M/1.25G [08:49<03:33, 1.61MB/s][A[A[A[A[A[A[A[A






Downloading [model.safetensors]:  93%|█████████▎| 1.16G/1.25G [08:49<00:32, 2.89MB/s][A[A[A[A[A[A





Downloading [onnx/model.onnx]:  73%|███████▎  | 937M/1.25G [08:49<04:05, 1.44MB/s][A[A[A[A[A








Downloading [pytorch_model.bin]:  74%|███████▍  | 951M/1.25G [08:49<02:46, 2.06MB/s][A[A[A[A[A[A[A[A





Downloading [onnx/model.onnx]:  74%|███████▎  | 938M/1.25G [08:50<03:14, 1.82MB/s][A[A[A[A[A






Downloading [model.safetensors]:  93%|█████████▎| 1.16G/1.25G [08:50<00:31, 2.97MB/s][A[A[A[A[A[A








Downloading [pytorch_model.bin]:  74%|███████▍  | 952M/1.25G [08:50<02:22, 2.40MB/s][A[A[A[A[A[A[A[A






Downloading [model.safetensors]:  93%|█████████▎| 1.16G/1.25G [08:50<00:28, 3.27MB/s][A[A[A[A[A[A





Downloading [onnx/model.onnx]:  74%|███████▎  | 939M/1.25G [08:50<02:44, 2.14MB/s][A[A[A[A[A








Downloading [pytorch_model.bin]:  75%|███████▍  | 953M/1.25G [08:50<02:07, 2.68MB/s][A[A[A[A[A[A[A[A





Downloading [onnx/model.onnx]:  74%|███████▎  | 940M/1.25G [08:50<02:17, 2.54MB/s][A[A[A[A[A






Downloading [model.safetensors]:  93%|█████████▎| 1.16G/1.25G [08:50<00:26, 3.45MB/s][A[A[A[A[A[A








Downloading [pytorch_model.bin]:  75%|███████▍  | 954M/1.25G [08:50<02:00, 2.82MB/s][A[A[A[A[A[A[A[A





Downloading [onnx/model.onnx]:  74%|███████▍  | 941M/1.25G [08:50<01:58, 2.95MB/s][A[A[A[A[A






Downloading [model.safetensors]:  93%|█████████▎| 1.16G/1.25G [08:50<00:24, 3.67MB/s][A[A[A[A[A[A





Downloading [onnx/model.onnx]:  74%|███████▍  | 942M/1.25G [08:51<01:42, 3.40MB/s][A[A[A[A[A






Downloading [model.safetensors]:  93%|█████████▎| 1.17G/1.25G [08:51<00:24, 3.72MB/s][A[A[A[A[A[A








Downloading [pytorch_model.bin]:  75%|███████▍  | 955M/1.25G [08:51<01:57, 2.88MB/s][A[A[A[A[A[A[A[A






Downloading [model.safetensors]:  93%|█████████▎| 1.17G/1.25G [08:51<00:21, 4.22MB/s][A[A[A[A[A[A





Downloading [onnx/model.onnx]:  74%|███████▍  | 943M/1.25G [08:51<01:51, 3.12MB/s][A[A[A[A[A








Downloading [pytorch_model.bin]:  75%|███████▍  | 956M/1.25G [08:51<01:58, 2.86MB/s][A[A[A[A[A[A[A[A






Downloading [model.safetensors]:  93%|█████████▎| 1.17G/1.25G [08:51<00:20, 4.37MB/s][A[A[A[A[A[A






Downloading [model.safetensors]:  94%|█████████▎| 1.17G/1.25G [08:51<00:19, 4.55MB/s][A[A[A[A[A[A








Downloading [pytorch_model.bin]:  75%|███████▍  | 957M/1.25G [08:51<01:43, 3.25MB/s][A[A[A[A[A[A[A[A





Downloading [onnx/model.onnx]:  74%|███████▍  | 944M/1.25G [08:51<02:00, 2.88MB/s][A[A[A[A[A






Downloading [model.safetensors]:  94%|█████████▎| 1.17G/1.25G [08:51<00:17, 4.79MB/s][A[A[A[A[A[A








Downloading [pytorch_model.bin]:  75%|███████▍  | 958M/1.25G [08:51<01:34, 3.56MB/s][A[A[A[A[A[A[A[A






Downloading [model.safetensors]:  94%|█████████▎| 1.17G/1.25G [08:52<00:18, 4.60MB/s][A[A[A[A[A[A








Downloading [pytorch_model.bin]:  75%|███████▌  | 959M/1.25G [08:52<01:36, 3.48MB/s][A[A[A[A[A[A[A[A





Downloading [onnx/model.onnx]:  74%|███████▍  | 945M/1.25G [08:52<02:35, 2.23MB/s][A[A[A[A[A






Downloading [model.safetensors]:  94%|█████████▍| 1.17G/1.25G [08:52<00:22, 3.70MB/s][A[A[A[A[A[A








Downloading [pytorch_model.bin]:  75%|███████▌  | 960M/1.25G [08:53<02:49, 1.97MB/s][A[A[A[A[A[A[A[A





Downloading [onnx/model.onnx]:  74%|███████▍  | 946M/1.25G [08:53<03:17, 1.74MB/s][A[A[A[A[A






Downloading [model.safetensors]:  94%|█████████▍| 1.17G/1.25G [08:53<00:38, 2.14MB/s][A[A[A[A[A[A






Downloading [model.safetensors]:  94%|█████████▍| 1.17G/1.25G [08:54<00:50, 1.60MB/s][A[A[A[A[A[A





Downloading [onnx/model.onnx]:  74%|███████▍  | 947M/1.25G [08:54<04:12, 1.36MB/s][A[A[A[A[A








Downloading [pytorch_model.bin]:  75%|███████▌  | 961M/1.25G [08:54<04:02, 1.37MB/s][A[A[A[A[A[A[A[A





Downloading [onnx/model.onnx]:  74%|███████▍  | 948M/1.25G [08:55<03:35, 1.59MB/s][A[A[A[A[A








Downloading [pytorch_model.bin]:  75%|███████▌  | 962M/1.25G [08:55<03:30, 1.58MB/s][A[A[A[A[A[A[A[A






Downloading [model.safetensors]:  94%|█████████▍| 1.17G/1.25G [08:55<00:48, 1.67MB/s][A[A[A[A[A[A





Downloading [onnx/model.onnx]:  74%|███████▍  | 949M/1.25G [08:55<03:43, 1.53MB/s][A[A[A[A[A








Downloading [pytorch_model.bin]:  75%|███████▌  | 963M/1.25G [08:55<03:35, 1.53MB/s][A[A[A[A[A[A[A[A






Downloading [model.safetensors]:  94%|█████████▍| 1.17G/1.25G [08:55<00:49, 1.61MB/s][A[A[A[A[A[A






Downloading [model.safetensors]:  94%|█████████▍| 1.18G/1.25G [08:56<00:48, 1.63MB/s][A[A[A[A[A[A





Downloading [onnx/model.onnx]:  75%|███████▍  | 950M/1.25G [08:56<03:46, 1.50MB/s][A[A[A[A[A








Downloading [pytorch_model.bin]:  75%|███████▌  | 964M/1.25G [08:56<03:37, 1.51MB/s][A[A[A[A[A[A[A[A






Downloading [model.safetensors]:  94%|█████████▍| 1.18G/1.25G [08:56<00:43, 1.78MB/s][A[A[A[A[A[A








Downloading [pytorch_model.bin]:  75%|███████▌  | 965M/1.25G [08:57<03:23, 1.61MB/s][A[A[A[A[A[A[A[A





Downloading [onnx/model.onnx]:  75%|███████▍  | 951M/1.25G [08:57<03:58, 1.43MB/s][A[A[A[A[A






Downloading [model.safetensors]:  94%|█████████▍| 1.18G/1.25G [08:57<00:45, 1.66MB/s][A[A[A[A[A[A








Downloading [pytorch_model.bin]:  76%|███████▌  | 966M/1.25G [08:57<03:31, 1.55MB/s][A[A[A[A[A[A[A[A





Downloading [onnx/model.onnx]:  75%|███████▍  | 952M/1.25G [08:58<04:32, 1.24MB/s][A[A[A[A[A






Downloading [model.safetensors]:  94%|█████████▍| 1.18G/1.25G [08:58<00:52, 1.42MB/s][A[A[A[A[A[A








Downloading [pytorch_model.bin]:  76%|███████▌  | 967M/1.25G [08:58<03:56, 1.38MB/s][A[A[A[A[A[A[A[A






Downloading [model.safetensors]:  94%|█████████▍| 1.18G/1.25G [09:00<01:04, 1.15MB/s][A[A[A[A[A[A








Downloading [pytorch_model.bin]:  76%|███████▌  | 968M/1.25G [09:00<05:07, 1.06MB/s][A[A[A[A[A[A[A[A





Downloading [onnx/model.onnx]:  75%|███████▍  | 953M/1.25G [09:00<06:23, 881kB/s] [A[A[A[A[A






Downloading [model.safetensors]:  95%|█████████▍| 1.18G/1.25G [09:00<00:59, 1.24MB/s][A[A[A[A[A[A








Downloading [pytorch_model.bin]:  76%|███████▌  | 969M/1.25G [09:00<04:24, 1.23MB/s][A[A[A[A[A[A[A[A








Downloading [pytorch_model.bin]:  76%|███████▌  | 970M/1.25G [09:01<03:56, 1.37MB/s][A[A[A[A[A[A[A[A





Downloading [onnx/model.onnx]:  75%|███████▍  | 954M/1.25G [09:01<06:35, 851kB/s][A[A[A[A[A






Downloading [model.safetensors]:  95%|█████████▍| 1.18G/1.25G [09:01<01:03, 1.13MB/s][A[A[A[A[A[A





Downloading [onnx/model.onnx]:  75%|███████▍  | 955M/1.25G [09:02<05:16, 1.06MB/s][A[A[A[A[A






Downloading [model.safetensors]:  95%|█████████▍| 1.18G/1.25G [09:02<00:53, 1.32MB/s][A[A[A[A[A[A








Downloading [pytorch_model.bin]:  76%|███████▌  | 971M/1.25G [09:02<04:24, 1.22MB/s][A[A[A[A[A[A[A[A






Downloading [model.safetensors]:  95%|█████████▍| 1.18G/1.25G [09:02<00:49, 1.41MB/s][A[A[A[A[A[A





Downloading [onnx/model.onnx]:  75%|███████▍  | 956M/1.25G [09:03<04:59, 1.12MB/s][A[A[A[A[A








Downloading [pytorch_model.bin]:  76%|███████▌  | 972M/1.25G [09:03<04:18, 1.24MB/s][A[A[A[A[A[A[A[A






Downloading [model.safetensors]:  95%|█████████▍| 1.18G/1.25G [09:03<00:43, 1.56MB/s][A[A[A[A[A[A





Downloading [onnx/model.onnx]:  75%|███████▌  | 957M/1.25G [09:03<04:37, 1.20MB/s][A[A[A[A[A








Downloading [pytorch_model.bin]:  76%|███████▌  | 973M/1.25G [09:03<03:51, 1.38MB/s][A[A[A[A[A[A[A[A






Downloading [model.safetensors]:  95%|█████████▍| 1.19G/1.25G [09:04<00:42, 1.57MB/s][A[A[A[A[A[A





Downloading [onnx/model.onnx]:  75%|███████▌  | 958M/1.25G [09:04<04:22, 1.27MB/s][A[A[A[A[A






Downloading [model.safetensors]:  95%|█████████▌| 1.19G/1.25G [09:04<00:37, 1.75MB/s][A[A[A[A[A[A








Downloading [pytorch_model.bin]:  76%|███████▌  | 974M/1.25G [09:04<03:50, 1.39MB/s][A[A[A[A[A[A[A[A






Downloading [model.safetensors]:  95%|█████████▌| 1.19G/1.25G [09:05<00:36, 1.81MB/s][A[A[A[A[A[A





Downloading [onnx/model.onnx]:  75%|███████▌  | 959M/1.25G [09:05<04:15, 1.30MB/s][A[A[A[A[A








Downloading [pytorch_model.bin]:  76%|███████▋  | 975M/1.25G [09:05<03:54, 1.36MB/s][A[A[A[A[A[A[A[A






Downloading [model.safetensors]:  95%|█████████▌| 1.19G/1.25G [09:05<00:40, 1.59MB/s][A[A[A[A[A[A





Downloading [onnx/model.onnx]:  75%|███████▌  | 960M/1.25G [09:06<04:11, 1.31MB/s][A[A[A[A[A








Downloading [pytorch_model.bin]:  76%|███████▋  | 976M/1.25G [09:06<03:54, 1.36MB/s][A[A[A[A[A[A[A[A






Downloading [model.safetensors]:  95%|█████████▌| 1.19G/1.25G [09:06<00:34, 1.83MB/s][A[A[A[A[A[A





Downloading [onnx/model.onnx]:  75%|███████▌  | 961M/1.25G [09:06<03:35, 1.53MB/s][A[A[A[A[A








Downloading [pytorch_model.bin]:  76%|███████▋  | 977M/1.25G [09:06<03:08, 1.67MB/s][A[A[A[A[A[A[A[A






Downloading [model.safetensors]:  95%|█████████▌| 1.19G/1.25G [09:06<00:30, 2.05MB/s][A[A[A[A[A[A








Downloading [pytorch_model.bin]:  76%|███████▋  | 978M/1.25G [09:06<02:37, 2.00MB/s][A[A[A[A[A[A[A[A





Downloading [onnx/model.onnx]:  75%|███████▌  | 962M/1.25G [09:07<03:49, 1.43MB/s][A[A[A[A[A






Downloading [model.safetensors]:  95%|█████████▌| 1.19G/1.25G [09:07<00:32, 1.90MB/s][A[A[A[A[A[A






Downloading [model.safetensors]:  96%|█████████▌| 1.19G/1.25G [09:07<00:28, 2.09MB/s][A[A[A[A[A[A








Downloading [pytorch_model.bin]:  77%|███████▋  | 979M/1.25G [09:07<03:12, 1.63MB/s][A[A[A[A[A[A[A[A





Downloading [onnx/model.onnx]:  76%|███████▌  | 963M/1.25G [09:07<03:23, 1.61MB/s][A[A[A[A[A








Downloading [pytorch_model.bin]:  77%|███████▋  | 980M/1.25G [09:08<02:46, 1.88MB/s][A[A[A[A[A[A[A[A






Downloading [model.safetensors]:  96%|█████████▌| 1.19G/1.25G [09:08<00:27, 2.16MB/s][A[A[A[A[A[A





Downloading [onnx/model.onnx]:  76%|███████▌  | 964M/1.25G [09:08<03:17, 1.65MB/s][A[A[A[A[A








Downloading [pytorch_model.bin]:  77%|███████▋  | 981M/1.25G [09:08<02:28, 2.11MB/s][A[A[A[A[A[A[A[A






Downloading [model.safetensors]:  96%|█████████▌| 1.19G/1.25G [09:08<00:24, 2.42MB/s][A[A[A[A[A[A








Downloading [pytorch_model.bin]:  77%|███████▋  | 982M/1.25G [09:08<02:02, 2.55MB/s][A[A[A[A[A[A[A[A






Downloading [model.safetensors]:  96%|█████████▌| 1.20G/1.25G [09:08<00:23, 2.41MB/s][A[A[A[A[A[A





Downloading [onnx/model.onnx]:  76%|███████▌  | 965M/1.25G [09:08<03:15, 1.66MB/s][A[A[A[A[A








Downloading [pytorch_model.bin]:  77%|███████▋  | 983M/1.25G [09:09<02:14, 2.30MB/s][A[A[A[A[A[A[A[A






Downloading [model.safetensors]:  96%|█████████▌| 1.20G/1.25G [09:09<00:22, 2.49MB/s][A[A[A[A[A[A








Downloading [pytorch_model.bin]:  77%|███████▋  | 984M/1.25G [09:09<02:10, 2.37MB/s][A[A[A[A[A[A[A[A





Downloading [onnx/model.onnx]:  76%|███████▌  | 966M/1.25G [09:09<03:18, 1.63MB/s][A[A[A[A[A






Downloading [model.safetensors]:  96%|█████████▌| 1.20G/1.25G [09:09<00:22, 2.50MB/s][A[A[A[A[A[A






Downloading [model.safetensors]:  96%|█████████▌| 1.20G/1.25G [09:10<00:20, 2.65MB/s][A[A[A[A[A[A





Downloading [onnx/model.onnx]:  76%|███████▌  | 967M/1.25G [09:10<02:56, 1.83MB/s][A[A[A[A[A








Downloading [pytorch_model.bin]:  77%|███████▋  | 985M/1.25G [09:10<02:15, 2.27MB/s][A[A[A[A[A[A[A[A





Downloading [onnx/model.onnx]:  76%|███████▌  | 968M/1.25G [09:10<02:48, 1.91MB/s][A[A[A[A[A






Downloading [model.safetensors]:  96%|█████████▌| 1.20G/1.25G [09:10<00:22, 2.39MB/s][A[A[A[A[A[A








Downloading [pytorch_model.bin]:  77%|███████▋  | 986M/1.25G [09:10<02:17, 2.24MB/s][A[A[A[A[A[A[A[A






Downloading [model.safetensors]:  96%|█████████▌| 1.20G/1.25G [09:10<00:18, 2.77MB/s][A[A[A[A[A[A





Downloading [onnx/model.onnx]:  76%|███████▌  | 969M/1.25G [09:10<02:24, 2.21MB/s][A[A[A[A[A








Downloading [pytorch_model.bin]:  77%|███████▋  | 987M/1.25G [09:11<02:12, 2.30MB/s][A[A[A[A[A[A[A[A








Downloading [pytorch_model.bin]:  77%|███████▋  | 988M/1.25G [09:11<02:06, 2.40MB/s][A[A[A[A[A[A[A[A





Downloading [onnx/model.onnx]:  76%|███████▌  | 970M/1.25G [09:11<02:35, 2.06MB/s][A[A[A[A[A






Downloading [model.safetensors]:  96%|█████████▌| 1.20G/1.25G [09:11<00:23, 2.13MB/s][A[A[A[A[A[A






Downloading [model.safetensors]:  96%|█████████▋| 1.20G/1.25G [09:11<00:15, 3.13MB/s][A[A[A[A[A[A








Downloading [pytorch_model.bin]:  77%|███████▋  | 989M/1.25G [09:11<02:08, 2.36MB/s][A[A[A[A[A[A[A[A





Downloading [onnx/model.onnx]:  76%|███████▌  | 971M/1.25G [09:12<02:56, 1.81MB/s][A[A[A[A[A








Downloading [pytorch_model.bin]:  77%|███████▋  | 990M/1.25G [09:12<02:25, 2.08MB/s][A[A[A[A[A[A[A[A






Downloading [model.safetensors]:  96%|█████████▋| 1.20G/1.25G [09:12<00:20, 2.34MB/s][A[A[A[A[A[A






Downloading [model.safetensors]:  97%|█████████▋| 1.21G/1.25G [09:14<00:32, 1.42MB/s][A[A[A[A[A[A





Downloading [onnx/model.onnx]:  76%|███████▌  | 972M/1.25G [09:14<05:11, 1.02MB/s][A[A[A[A[A








Downloading [pytorch_model.bin]:  78%|███████▊  | 991M/1.25G [09:14<04:11, 1.20MB/s][A[A[A[A[A[A[A[A








Downloading [pytorch_model.bin]:  78%|███████▊  | 992M/1.25G [09:15<04:08, 1.21MB/s][A[A[A[A[A[A[A[A






Downloading [model.safetensors]:  97%|█████████▋| 1.21G/1.25G [09:15<00:36, 1.26MB/s][A[A[A[A[A[A





Downloading [onnx/model.onnx]:  76%|███████▋  | 973M/1.25G [09:15<05:50, 904kB/s] [A[A[A[A[A






Downloading [model.safetensors]:  97%|█████████▋| 1.21G/1.25G [09:16<00:35, 1.24MB/s][A[A[A[A[A[A








Downloading [pytorch_model.bin]:  78%|███████▊  | 993M/1.25G [09:16<04:34, 1.09MB/s][A[A[A[A[A[A[A[A






Downloading [model.safetensors]:  97%|█████████▋| 1.21G/1.25G [09:16<00:34, 1.26MB/s][A[A[A[A[A[A





Downloading [onnx/model.onnx]:  76%|███████▋  | 974M/1.25G [09:17<06:20, 830kB/s][A[A[A[A[A






Downloading [model.safetensors]:  97%|█████████▋| 1.21G/1.25G [09:17<00:28, 1.49MB/s][A[A[A[A[A[A








Downloading [pytorch_model.bin]:  78%|███████▊  | 994M/1.25G [09:17<04:49, 1.03MB/s][A[A[A[A[A[A[A[A






Downloading [model.safetensors]:  97%|█████████▋| 1.21G/1.25G [09:17<00:23, 1.75MB/s][A[A[A[A[A[A








Downloading [pytorch_model.bin]:  78%|███████▊  | 995M/1.25G [09:17<03:50, 1.29MB/s][A[A[A[A[A[A[A[A





Downloading [onnx/model.onnx]:  76%|███████▋  | 975M/1.25G [09:18<05:37, 932kB/s][A[A[A[A[A






Downloading [model.safetensors]:  97%|█████████▋| 1.21G/1.25G [09:18<00:24, 1.67MB/s][A[A[A[A[A[A








Downloading [pytorch_model.bin]:  78%|███████▊  | 996M/1.25G [09:18<03:45, 1.31MB/s][A[A[A[A[A[A[A[A





Downloading [onnx/model.onnx]:  77%|███████▋  | 976M/1.25G [09:18<05:05, 1.03MB/s][A[A[A[A[A






Downloading [model.safetensors]:  97%|█████████▋| 1.21G/1.25G [09:18<00:21, 1.87MB/s][A[A[A[A[A[A








Downloading [pytorch_model.bin]:  78%|███████▊  | 997M/1.25G [09:18<03:05, 1.59MB/s][A[A[A[A[A[A[A[A






Downloading [model.safetensors]:  97%|█████████▋| 1.21G/1.25G [09:19<00:17, 2.16MB/s][A[A[A[A[A[A





Downloading [onnx/model.onnx]:  77%|███████▋  | 977M/1.25G [09:19<04:24, 1.18MB/s][A[A[A[A[A








Downloading [pytorch_model.bin]:  78%|███████▊  | 998M/1.25G [09:19<02:54, 1.68MB/s][A[A[A[A[A[A[A[A






Downloading [model.safetensors]:  97%|█████████▋| 1.21G/1.25G [09:19<00:20, 1.80MB/s][A[A[A[A[A[A








Downloading [pytorch_model.bin]:  78%|███████▊  | 999M/1.25G [09:20<03:14, 1.51MB/s][A[A[A[A[A[A[A[A





Downloading [onnx/model.onnx]:  77%|███████▋  | 978M/1.25G [09:20<04:43, 1.10MB/s][A[A[A[A[A






Downloading [model.safetensors]:  97%|█████████▋| 1.21G/1.25G [09:20<00:20, 1.74MB/s][A[A[A[A[A[A








Downloading [pytorch_model.bin]:  78%|███████▊  | 0.98G/1.25G [09:20<02:56, 1.66MB/s][A[A[A[A[A[A[A[A






Downloading [model.safetensors]:  97%|█████████▋| 1.22G/1.25G [09:20<00:17, 2.04MB/s][A[A[A[A[A[A





Downloading [onnx/model.onnx]:  77%|███████▋  | 979M/1.25G [09:21<04:10, 1.24MB/s][A[A[A[A[A








Downloading [pytorch_model.bin]:  78%|███████▊  | 0.98G/1.25G [09:21<02:36, 1.86MB/s][A[A[A[A[A[A[A[A






Downloading [model.safetensors]:  97%|█████████▋| 1.22G/1.25G [09:21<00:15, 2.20MB/s][A[A[A[A[A[A





Downloading [onnx/model.onnx]:  77%|███████▋  | 980M/1.25G [09:21<03:47, 1.36MB/s][A[A[A[A[A






Downloading [model.safetensors]:  98%|█████████▊| 1.22G/1.25G [09:21<00:14, 2.23MB/s][A[A[A[A[A[A








Downloading [pytorch_model.bin]:  78%|███████▊  | 0.98G/1.25G [09:21<02:55, 1.66MB/s][A[A[A[A[A[A[A[A






Downloading [model.safetensors]:  98%|█████████▊| 1.22G/1.25G [09:22<00:14, 2.27MB/s][A[A[A[A[A[A








Downloading [pytorch_model.bin]:  78%|███████▊  | 0.98G/1.25G [09:22<02:48, 1.72MB/s][A[A[A[A[A[A[A[A





Downloading [onnx/model.onnx]:  77%|███████▋  | 981M/1.25G [09:22<03:54, 1.31MB/s][A[A[A[A[A






Downloading [model.safetensors]:  98%|█████████▊| 1.22G/1.25G [09:22<00:13, 2.26MB/s][A[A[A[A[A[A








Downloading [pytorch_model.bin]:  79%|███████▊  | 0.98G/1.25G [09:22<02:24, 1.99MB/s][A[A[A[A[A[A[A[A






Downloading [model.safetensors]:  98%|█████████▊| 1.22G/1.25G [09:23<00:12, 2.40MB/s][A[A[A[A[A[A





Downloading [onnx/model.onnx]:  77%|███████▋  | 982M/1.25G [09:23<03:54, 1.31MB/s][A[A[A[A[A






Downloading [model.safetensors]:  98%|█████████▊| 1.22G/1.25G [09:23<00:12, 2.31MB/s][A[A[A[A[A[A








Downloading [pytorch_model.bin]:  79%|███████▊  | 0.98G/1.25G [09:23<02:39, 1.80MB/s][A[A[A[A[A[A[A[A






Downloading [model.safetensors]:  98%|█████████▊| 1.22G/1.25G [09:23<00:12, 2.30MB/s][A[A[A[A[A[A





Downloading [onnx/model.onnx]:  77%|███████▋  | 983M/1.25G [09:24<03:43, 1.37MB/s][A[A[A[A[A








Downloading [pytorch_model.bin]:  79%|███████▊  | 0.98G/1.25G [09:24<02:35, 1.84MB/s][A[A[A[A[A[A[A[A






Downloading [model.safetensors]:  98%|█████████▊| 1.22G/1.25G [09:24<00:13, 2.02MB/s][A[A[A[A[A[A





Downloading [onnx/model.onnx]:  77%|███████▋  | 984M/1.25G [09:24<03:38, 1.40MB/s][A[A[A[A[A








Downloading [pytorch_model.bin]:  79%|███████▉  | 0.98G/1.25G [09:24<02:41, 1.76MB/s][A[A[A[A[A[A[A[A






Downloading [model.safetensors]:  98%|█████████▊| 1.22G/1.25G [09:25<00:12, 2.05MB/s][A[A[A[A[A[A








Downloading [pytorch_model.bin]:  79%|███████▉  | 0.98G/1.25G [09:25<03:19, 1.43MB/s][A[A[A[A[A[A[A[A





Downloading [onnx/model.onnx]:  77%|███████▋  | 985M/1.25G [09:25<04:05, 1.24MB/s][A[A[A[A[A






Downloading [model.safetensors]:  98%|█████████▊| 1.23G/1.25G [09:25<00:13, 1.85MB/s][A[A[A[A[A[A






Downloading [model.safetensors]:  98%|█████████▊| 1.23G/1.25G [09:26<00:11, 2.14MB/s][A[A[A[A[A[A





Downloading [onnx/model.onnx]:  77%|███████▋  | 986M/1.25G [09:26<03:28, 1.45MB/s][A[A[A[A[A








Downloading [pytorch_model.bin]:  79%|███████▉  | 0.99G/1.25G [09:26<02:54, 1.62MB/s][A[A[A[A[A[A[A[A






Downloading [model.safetensors]:  98%|█████████▊| 1.23G/1.25G [09:26<00:08, 2.54MB/s][A[A[A[A[A[A






Downloading [model.safetensors]:  98%|█████████▊| 1.23G/1.25G [09:26<00:07, 2.87MB/s][A[A[A[A[A[A





Downloading [onnx/model.onnx]:  77%|███████▋  | 987M/1.25G [09:26<02:58, 1.69MB/s][A[A[A[A[A








Downloading [pytorch_model.bin]:  79%|███████▉  | 0.99G/1.25G [09:26<02:35, 1.81MB/s][A[A[A[A[A[A[A[A






Downloading [model.safetensors]:  98%|█████████▊| 1.23G/1.25G [09:26<00:06, 3.06MB/s][A[A[A[A[A[A








Downloading [pytorch_model.bin]:  79%|███████▉  | 0.99G/1.25G [09:27<02:41, 1.74MB/s][A[A[A[A[A[A[A[A






Downloading [model.safetensors]:  99%|█████████▊| 1.23G/1.25G [09:27<00:06, 2.85MB/s][A[A[A[A[A[A





Downloading [onnx/model.onnx]:  77%|███████▋  | 988M/1.25G [09:27<03:32, 1.42MB/s][A[A[A[A[A






Downloading [model.safetensors]:  99%|█████████▊| 1.23G/1.25G [09:27<00:06, 2.70MB/s][A[A[A[A[A[A








Downloading [pytorch_model.bin]:  79%|███████▉  | 0.99G/1.25G [09:27<02:45, 1.69MB/s][A[A[A[A[A[A[A[A






Downloading [model.safetensors]:  99%|█████████▊| 1.23G/1.25G [09:27<00:05, 3.12MB/s][A[A[A[A[A[A





Downloading [onnx/model.onnx]:  78%|███████▊  | 989M/1.25G [09:28<02:58, 1.68MB/s][A[A[A[A[A






Downloading [model.safetensors]:  99%|█████████▉| 1.23G/1.25G [09:28<00:04, 3.44MB/s][A[A[A[A[A[A








Downloading [pytorch_model.bin]:  79%|███████▉  | 0.99G/1.25G [09:28<02:20, 1.99MB/s][A[A[A[A[A[A[A[A






Downloading [model.safetensors]:  99%|█████████▉| 1.23G/1.25G [09:28<00:03, 3.91MB/s][A[A[A[A[A[A





Downloading [onnx/model.onnx]:  78%|███████▊  | 990M/1.25G [09:28<02:41, 1.85MB/s][A[A[A[A[A








Downloading [pytorch_model.bin]:  79%|███████▉  | 0.99G/1.25G [09:28<01:57, 2.36MB/s][A[A[A[A[A[A[A[A






Downloading [model.safetensors]:  99%|█████████▉| 1.24G/1.25G [09:28<00:03, 3.90MB/s][A[A[A[A[A[A





Downloading [onnx/model.onnx]:  78%|███████▊  | 991M/1.25G [09:28<02:25, 2.05MB/s][A[A[A[A[A








Downloading [pytorch_model.bin]:  79%|███████▉  | 0.99G/1.25G [09:28<01:49, 2.53MB/s][A[A[A[A[A[A[A[A






Downloading [model.safetensors]:  99%|█████████▉| 1.24G/1.25G [09:29<00:04, 3.07MB/s][A[A[A[A[A[A





Downloading [onnx/model.onnx]:  78%|███████▊  | 992M/1.25G [09:29<02:13, 2.22MB/s][A[A[A[A[A








Downloading [pytorch_model.bin]:  79%|███████▉  | 0.99G/1.25G [09:29<01:59, 2.30MB/s][A[A[A[A[A[A[A[A






Downloading [model.safetensors]:  99%|█████████▉| 1.24G/1.25G [09:29<00:04, 2.99MB/s][A[A[A[A[A[A





Downloading [onnx/model.onnx]:  78%|███████▊  | 993M/1.25G [09:29<02:22, 2.07MB/s][A[A[A[A[A






Downloading [model.safetensors]:  99%|█████████▉| 1.24G/1.25G [09:29<00:03, 3.18MB/s][A[A[A[A[A[A






Downloading [model.safetensors]:  99%|█████████▉| 1.24G/1.25G [09:30<00:03, 3.24MB/s][A[A[A[A[A[A








Downloading [pytorch_model.bin]:  80%|███████▉  | 0.99G/1.25G [09:30<02:23, 1.91MB/s][A[A[A[A[A[A[A[A






Downloading [model.safetensors]:  99%|█████████▉| 1.24G/1.25G [09:30<00:02, 3.46MB/s][A[A[A[A[A[A





Downloading [onnx/model.onnx]:  78%|███████▊  | 994M/1.25G [09:30<02:36, 1.89MB/s][A[A[A[A[A






Downloading [model.safetensors]:  99%|█████████▉| 1.24G/1.25G [09:30<00:02, 2.81MB/s][A[A[A[A[A[A








Downloading [pytorch_model.bin]:  80%|███████▉  | 0.99G/1.25G [09:31<02:44, 1.66MB/s][A[A[A[A[A[A[A[A





Downloading [onnx/model.onnx]:  78%|███████▊  | 995M/1.25G [09:31<02:43, 1.79MB/s][A[A[A[A[A






Downloading [model.safetensors]:  99%|█████████▉| 1.24G/1.25G [09:31<00:02, 2.85MB/s][A[A[A[A[A[A








Downloading [pytorch_model.bin]:  80%|███████▉  | 1.00G/1.25G [09:31<02:28, 1.83MB/s][A[A[A[A[A[A[A[A





Downloading [onnx/model.onnx]:  78%|███████▊  | 996M/1.25G [09:31<02:48, 1.74MB/s][A[A[A[A[A






Downloading [model.safetensors]: 100%|█████████▉| 1.24G/1.25G [09:31<00:02, 2.35MB/s][A[A[A[A[A[A






Downloading [model.safetensors]: 100%|█████████▉| 1.24G/1.25G [09:32<00:01, 2.44MB/s][A[A[A[A[A[A





Downloading [onnx/model.onnx]:  78%|███████▊  | 997M/1.25G [09:32<02:48, 1.73MB/s][A[A[A[A[A








Downloading [pytorch_model.bin]:  80%|███████▉  | 1.00G/1.25G [09:32<03:03, 1.48MB/s][A[A[A[A[A[A[A[A






Downloading [model.safetensors]: 100%|█████████▉| 1.25G/1.25G [09:32<00:01, 2.67MB/s][A[A[A[A[A[A





Downloading [onnx/model.onnx]:  78%|███████▊  | 998M/1.25G [09:33<03:11, 1.52MB/s][A[A[A[A[A






Downloading [model.safetensors]: 100%|█████████▉| 1.25G/1.25G [09:33<00:01, 2.13MB/s][A[A[A[A[A[A








Downloading [pytorch_model.bin]:  80%|███████▉  | 1.00G/1.25G [09:33<03:13, 1.39MB/s][A[A[A[A[A[A[A[A






Downloading [model.safetensors]: 100%|█████████▉| 1.25G/1.25G [09:33<00:00, 2.12MB/s][A[A[A[A[A[A








Downloading [pytorch_model.bin]:  80%|███████▉  | 1.00G/1.25G [09:33<03:03, 1.46MB/s][A[A[A[A[A[A[A[A





Downloading [onnx/model.onnx]:  78%|███████▊  | 999M/1.25G [09:34<03:24, 1.41MB/s][A[A[A[A[A






Downloading [model.safetensors]: 100%|█████████▉| 1.25G/1.25G [09:34<00:00, 2.45MB/s][A[A[A[A[A[A








Downloading [pytorch_model.bin]:  80%|████████  | 1.00G/1.25G [09:34<02:28, 1.80MB/s][A[A[A[A[A[A[A[A






Downloading [model.safetensors]: 100%|██████████| 1.25G/1.25G [09:34<00:00, 2.59MB/s][A[A[A[A[A[A
Downloading [model.safetensors]: 100%|██████████| 1.25G/1.25G [09:34<00:00, 2.33MB/s]

Processing 14 items:  86%|████████▌ | 12.0/14.0 [09:34<05:25, 163s/it] 








Downloading [pytorch_model.bin]:  80%|████████  | 1.00G/1.25G [09:34<02:17, 1.94MB/s][A[A[A[A[A[A[A[A





Downloading [onnx/model.onnx]:  78%|███████▊  | 0.98G/1.25G [09:34<03:27, 1.39MB/s][A[A[A[A[A








Downloading [pytorch_model.bin]:  80%|████████  | 1.00G/1.25G [09:35<02:24, 1.84MB/s][A[A[A[A[A[A[A[A





Downloading [onnx/model.onnx]:  79%|███████▊  | 0.98G/1.25G [09:35<03:15, 1.47MB/s][A[A[A[A[A








Downloading [pytorch_model.bin]:  80%|████████  | 1.00G/1.25G [09:35<02:07, 2.07MB/s][A[A[A[A[A[A[A[A





Downloading [onnx/model.onnx]:  79%|███████▊  | 0.98G/1.25G [09:35<02:52, 1.65MB/s][A[A[A[A[A








Downloading [pytorch_model.bin]:  80%|████████  | 1.00G/1.25G [09:36<02:09, 2.04MB/s][A[A[A[A[A[A[A[A








Downloading [pytorch_model.bin]:  80%|████████  | 1.00G/1.25G [09:36<02:04, 2.10MB/s][A[A[A[A[A[A[A[A





Downloading [onnx/model.onnx]:  79%|███████▊  | 0.98G/1.25G [09:36<03:06, 1.53MB/s][A[A[A[A[A








Downloading [pytorch_model.bin]:  80%|████████  | 1.00G/1.25G [09:36<01:45, 2.47MB/s][A[A[A[A[A[A[A[A





Downloading [onnx/model.onnx]:  79%|███████▊  | 0.98G/1.25G [09:37<02:28, 1.91MB/s][A[A[A[A[A








Downloading [pytorch_model.bin]:  81%|████████  | 1.01G/1.25G [09:37<01:27, 2.99MB/s][A[A[A[A[A[A[A[A





Downloading [onnx/model.onnx]:  79%|███████▉  | 0.98G/1.25G [09:37<02:14, 2.11MB/s][A[A[A[A[A








Downloading [pytorch_model.bin]:  81%|████████  | 1.01G/1.25G [09:37<01:23, 3.13MB/s][A[A[A[A[A[A[A[A








Downloading [pytorch_model.bin]:  81%|████████  | 1.01G/1.25G [09:37<01:31, 2.81MB/s][A[A[A[A[A[A[A[A








Downloading [pytorch_model.bin]:  81%|████████  | 1.01G/1.25G [09:38<01:25, 3.00MB/s][A[A[A[A[A[A[A[A





Downloading [onnx/model.onnx]:  79%|███████▉  | 0.98G/1.25G [09:38<02:40, 1.75MB/s][A[A[A[A[A








Downloading [pytorch_model.bin]:  81%|████████  | 1.01G/1.25G [09:38<01:14, 3.44MB/s][A[A[A[A[A[A[A[A





Downloading [onnx/model.onnx]:  79%|███████▉  | 0.98G/1.25G [09:38<02:16, 2.06MB/s][A[A[A[A[A








Downloading [pytorch_model.bin]:  81%|████████  | 1.01G/1.25G [09:38<01:03, 4.04MB/s][A[A[A[A[A[A[A[A





Downloading [onnx/model.onnx]:  79%|███████▉  | 0.98G/1.25G [09:38<02:00, 2.32MB/s][A[A[A[A[A








Downloading [pytorch_model.bin]:  81%|████████  | 1.01G/1.25G [09:38<01:08, 3.69MB/s][A[A[A[A[A[A[A[A





Downloading [onnx/model.onnx]:  79%|███████▉  | 0.99G/1.25G [09:39<01:43, 2.68MB/s][A[A[A[A[A








Downloading [pytorch_model.bin]:  81%|████████  | 1.01G/1.25G [09:39<01:08, 3.68MB/s][A[A[A[A[A[A[A[A





Downloading [onnx/model.onnx]:  79%|███████▉  | 0.99G/1.25G [09:39<01:34, 2.95MB/s][A[A[A[A[A








Downloading [pytorch_model.bin]:  81%|████████  | 1.01G/1.25G [09:39<01:13, 3.43MB/s][A[A[A[A[A[A[A[A





Downloading [onnx/model.onnx]:  79%|███████▉  | 0.99G/1.25G [09:39<01:44, 2.65MB/s][A[A[A[A[A








Downloading [pytorch_model.bin]:  81%|████████▏ | 1.01G/1.25G [09:39<01:15, 3.31MB/s][A[A[A[A[A[A[A[A








Downloading [pytorch_model.bin]:  81%|████████▏ | 1.02G/1.25G [09:40<01:19, 3.15MB/s][A[A[A[A[A[A[A[A





Downloading [onnx/model.onnx]:  79%|███████▉  | 0.99G/1.25G [09:40<01:47, 2.57MB/s][A[A[A[A[A








Downloading [pytorch_model.bin]:  81%|████████▏ | 1.02G/1.25G [09:40<01:25, 2.93MB/s][A[A[A[A[A[A[A[A





Downloading [onnx/model.onnx]:  79%|███████▉  | 0.99G/1.25G [09:40<01:55, 2.37MB/s][A[A[A[A[A








Downloading [pytorch_model.bin]:  81%|████████▏ | 1.02G/1.25G [09:40<01:24, 2.92MB/s][A[A[A[A[A[A[A[A





Downloading [onnx/model.onnx]:  80%|███████▉  | 0.99G/1.25G [09:41<02:10, 2.10MB/s][A[A[A[A[A








Downloading [pytorch_model.bin]:  82%|████████▏ | 1.02G/1.25G [09:41<01:47, 2.29MB/s][A[A[A[A[A[A[A[A





Downloading [onnx/model.onnx]:  80%|███████▉  | 0.99G/1.25G [09:41<01:57, 2.32MB/s][A[A[A[A[A





Downloading [onnx/model.onnx]:  80%|███████▉  | 0.99G/1.25G [09:42<01:44, 2.60MB/s][A[A[A[A[A








Downloading [pytorch_model.bin]:  82%|████████▏ | 1.02G/1.25G [09:42<02:06, 1.94MB/s][A[A[A[A[A[A[A[A





Downloading [onnx/model.onnx]:  80%|███████▉  | 0.99G/1.25G [09:42<02:12, 2.04MB/s][A[A[A[A[A








Downloading [pytorch_model.bin]:  82%|████████▏ | 1.02G/1.25G [09:43<02:36, 1.56MB/s][A[A[A[A[A[A[A[A





Downloading [onnx/model.onnx]:  80%|███████▉  | 0.99G/1.25G [09:43<02:44, 1.64MB/s][A[A[A[A[A








Downloading [pytorch_model.bin]:  82%|████████▏ | 1.02G/1.25G [09:44<02:52, 1.41MB/s][A[A[A[A[A[A[A[A





Downloading [onnx/model.onnx]:  80%|███████▉  | 1.00G/1.25G [09:44<02:51, 1.56MB/s][A[A[A[A[A








Downloading [pytorch_model.bin]:  82%|████████▏ | 1.02G/1.25G [09:44<02:27, 1.65MB/s][A[A[A[A[A[A[A[A





Downloading [onnx/model.onnx]:  80%|████████  | 1.00G/1.25G [09:45<02:49, 1.58MB/s][A[A[A[A[A








Downloading [pytorch_model.bin]:  82%|████████▏ | 1.02G/1.25G [09:45<02:15, 1.78MB/s][A[A[A[A[A[A[A[A








Downloading [pytorch_model.bin]:  82%|████████▏ | 1.02G/1.25G [09:45<02:16, 1.76MB/s][A[A[A[A[A[A[A[A





Downloading [onnx/model.onnx]:  80%|████████  | 1.00G/1.25G [09:45<02:57, 1.50MB/s][A[A[A[A[A








Downloading [pytorch_model.bin]:  82%|████████▏ | 1.03G/1.25G [09:46<01:56, 2.06MB/s][A[A[A[A[A[A[A[A








Downloading [pytorch_model.bin]:  82%|████████▏ | 1.03G/1.25G [09:46<01:35, 2.51MB/s][A[A[A[A[A[A[A[A





Downloading [onnx/model.onnx]:  80%|████████  | 1.00G/1.25G [09:46<02:35, 1.70MB/s][A[A[A[A[A








Downloading [pytorch_model.bin]:  82%|████████▏ | 1.03G/1.25G [09:46<01:17, 3.05MB/s][A[A[A[A[A[A[A[A








Downloading [pytorch_model.bin]:  82%|████████▏ | 1.03G/1.25G [09:46<01:03, 3.74MB/s][A[A[A[A[A[A[A[A





Downloading [onnx/model.onnx]:  80%|████████  | 1.00G/1.25G [09:46<02:06, 2.09MB/s][A[A[A[A[A








Downloading [pytorch_model.bin]:  82%|████████▏ | 1.03G/1.25G [09:46<01:03, 3.73MB/s][A[A[A[A[A[A[A[A





Downloading [onnx/model.onnx]:  80%|████████  | 1.00G/1.25G [09:47<01:59, 2.20MB/s][A[A[A[A[A








Downloading [pytorch_model.bin]:  83%|████████▎ | 1.03G/1.25G [09:47<01:02, 3.73MB/s][A[A[A[A[A[A[A[A





Downloading [onnx/model.onnx]:  80%|████████  | 1.00G/1.25G [09:47<01:59, 2.19MB/s][A[A[A[A[A








Downloading [pytorch_model.bin]:  83%|████████▎ | 1.03G/1.25G [09:47<01:11, 3.25MB/s][A[A[A[A[A[A[A[A








Downloading [pytorch_model.bin]:  83%|████████▎ | 1.03G/1.25G [09:47<01:00, 3.84MB/s][A[A[A[A[A[A[A[A





Downloading [onnx/model.onnx]:  80%|████████  | 1.00G/1.25G [09:47<01:52, 2.31MB/s][A[A[A[A[A








Downloading [pytorch_model.bin]:  83%|████████▎ | 1.03G/1.25G [09:47<00:57, 4.02MB/s][A[A[A[A[A[A[A[A








Downloading [pytorch_model.bin]:  83%|████████▎ | 1.03G/1.25G [09:48<00:55, 4.14MB/s][A[A[A[A[A[A[A[A








Downloading [pytorch_model.bin]:  83%|████████▎ | 1.04G/1.25G [09:48<00:56, 4.05MB/s][A[A[A[A[A[A[A[A





Downloading [onnx/model.onnx]:  81%|████████  | 1.00G/1.25G [09:48<02:12, 1.96MB/s][A[A[A[A[A





Downloading [onnx/model.onnx]:  81%|████████  | 1.00G/1.25G [09:48<01:58, 2.19MB/s][A[A[A[A[A








Downloading [pytorch_model.bin]:  83%|████████▎ | 1.04G/1.25G [09:49<01:17, 2.96MB/s][A[A[A[A[A[A[A[A








Downloading [pytorch_model.bin]:  83%|████████▎ | 1.04G/1.25G [09:49<01:05, 3.46MB/s][A[A[A[A[A[A[A[A








Downloading [pytorch_model.bin]:  83%|████████▎ | 1.04G/1.25G [09:49<01:11, 3.18MB/s][A[A[A[A[A[A[A[A





Downloading [onnx/model.onnx]:  81%|████████  | 1.00G/1.25G [09:49<02:16, 1.89MB/s][A[A[A[A[A








Downloading [pytorch_model.bin]:  83%|████████▎ | 1.04G/1.25G [09:50<01:46, 2.11MB/s][A[A[A[A[A[A[A[A





Downloading [onnx/model.onnx]:  81%|████████  | 1.01G/1.25G [09:50<02:48, 1.52MB/s][A[A[A[A[A








Downloading [pytorch_model.bin]:  83%|████████▎ | 1.04G/1.25G [09:50<01:36, 2.32MB/s][A[A[A[A[A[A[A[A





Downloading [onnx/model.onnx]:  81%|████████  | 1.01G/1.25G [09:51<02:21, 1.81MB/s][A[A[A[A[A








Downloading [pytorch_model.bin]:  83%|████████▎ | 1.04G/1.25G [09:51<01:21, 2.72MB/s][A[A[A[A[A[A[A[A








Downloading [pytorch_model.bin]:  83%|████████▎ | 1.04G/1.25G [09:51<01:36, 2.30MB/s][A[A[A[A[A[A[A[A





Downloading [onnx/model.onnx]:  81%|████████  | 1.01G/1.25G [09:51<02:32, 1.67MB/s][A[A[A[A[A








Downloading [pytorch_model.bin]:  84%|████████▎ | 1.04G/1.25G [09:52<02:06, 1.74MB/s][A[A[A[A[A[A[A[A





Downloading [onnx/model.onnx]:  81%|████████  | 1.01G/1.25G [09:52<03:05, 1.37MB/s][A[A[A[A[A








Downloading [pytorch_model.bin]:  84%|████████▎ | 1.04G/1.25G [09:53<02:11, 1.67MB/s][A[A[A[A[A[A[A[A





Downloading [onnx/model.onnx]:  81%|████████  | 1.01G/1.25G [09:53<03:22, 1.25MB/s][A[A[A[A[A








Downloading [pytorch_model.bin]:  84%|████████▎ | 1.04G/1.25G [09:54<02:14, 1.63MB/s][A[A[A[A[A[A[A[A








Downloading [pytorch_model.bin]:  84%|████████▍ | 1.05G/1.25G [09:54<01:58, 1.84MB/s][A[A[A[A[A[A[A[A





Downloading [onnx/model.onnx]:  81%|████████  | 1.01G/1.25G [09:54<03:05, 1.35MB/s][A[A[A[A[A





Downloading [onnx/model.onnx]:  81%|████████▏ | 1.01G/1.25G [09:55<02:48, 1.49MB/s][A[A[A[A[A








Downloading [pytorch_model.bin]:  84%|████████▍ | 1.05G/1.25G [09:55<02:14, 1.62MB/s][A[A[A[A[A[A[A[A





Downloading [onnx/model.onnx]:  81%|████████▏ | 1.01G/1.25G [09:55<02:51, 1.46MB/s][A[A[A[A[A








Downloading [pytorch_model.bin]:  84%|████████▍ | 1.05G/1.25G [09:55<02:06, 1.71MB/s][A[A[A[A[A[A[A[A








Downloading [pytorch_model.bin]:  84%|████████▍ | 1.05G/1.25G [09:56<02:14, 1.60MB/s][A[A[A[A[A[A[A[A








Downloading [pytorch_model.bin]:  84%|████████▍ | 1.05G/1.25G [09:57<02:02, 1.74MB/s][A[A[A[A[A[A[A[A





Downloading [onnx/model.onnx]:  81%|████████▏ | 1.01G/1.25G [09:57<03:31, 1.18MB/s][A[A[A[A[A








Downloading [pytorch_model.bin]:  84%|████████▍ | 1.05G/1.25G [09:57<02:02, 1.74MB/s][A[A[A[A[A[A[A[A





Downloading [onnx/model.onnx]:  81%|████████▏ | 1.01G/1.25G [09:57<03:11, 1.29MB/s][A[A[A[A[A








Downloading [pytorch_model.bin]:  84%|████████▍ | 1.05G/1.25G [09:58<01:50, 1.91MB/s][A[A[A[A[A[A[A[A





Downloading [onnx/model.onnx]:  82%|████████▏ | 1.02G/1.25G [09:58<02:40, 1.54MB/s][A[A[A[A[A





Downloading [onnx/model.onnx]:  82%|████████▏ | 1.02G/1.25G [09:58<02:50, 1.44MB/s][A[A[A[A[A








Downloading [pytorch_model.bin]:  84%|████████▍ | 1.05G/1.25G [09:59<02:19, 1.51MB/s][A[A[A[A[A[A[A[A





Downloading [onnx/model.onnx]:  82%|████████▏ | 1.02G/1.25G [09:59<02:34, 1.58MB/s][A[A[A[A[A








Downloading [pytorch_model.bin]:  84%|████████▍ | 1.05G/1.25G [09:59<02:24, 1.45MB/s][A[A[A[A[A[A[A[A





Downloading [onnx/model.onnx]:  82%|████████▏ | 1.02G/1.25G [10:00<02:35, 1.56MB/s][A[A[A[A[A








Downloading [pytorch_model.bin]:  84%|████████▍ | 1.05G/1.25G [10:00<02:00, 1.72MB/s][A[A[A[A[A[A[A[A





Downloading [onnx/model.onnx]:  82%|████████▏ | 1.02G/1.25G [10:00<02:29, 1.62MB/s][A[A[A[A[A








Downloading [pytorch_model.bin]:  85%|████████▍ | 1.06G/1.25G [10:00<02:07, 1.63MB/s][A[A[A[A[A[A[A[A





Downloading [onnx/model.onnx]:  82%|████████▏ | 1.02G/1.25G [10:01<02:19, 1.73MB/s][A[A[A[A[A








Downloading [pytorch_model.bin]:  85%|████████▍ | 1.06G/1.25G [10:01<01:50, 1.87MB/s][A[A[A[A[A[A[A[A





Downloading [onnx/model.onnx]:  82%|████████▏ | 1.02G/1.25G [10:01<02:15, 1.77MB/s][A[A[A[A[A








Downloading [pytorch_model.bin]:  85%|████████▍ | 1.06G/1.25G [10:01<01:46, 1.92MB/s][A[A[A[A[A[A[A[A





Downloading [onnx/model.onnx]:  82%|████████▏ | 1.02G/1.25G [10:02<02:16, 1.76MB/s][A[A[A[A[A








Downloading [pytorch_model.bin]:  85%|████████▍ | 1.06G/1.25G [10:02<01:50, 1.84MB/s][A[A[A[A[A[A[A[A








Downloading [pytorch_model.bin]:  85%|████████▍ | 1.06G/1.25G [10:02<01:34, 2.15MB/s][A[A[A[A[A[A[A[A





Downloading [onnx/model.onnx]:  82%|████████▏ | 1.02G/1.25G [10:02<01:58, 2.01MB/s][A[A[A[A[A








Downloading [pytorch_model.bin]:  85%|████████▍ | 1.06G/1.25G [10:02<01:16, 2.64MB/s][A[A[A[A[A[A[A[A





Downloading [onnx/model.onnx]:  82%|████████▏ | 1.02G/1.25G [10:03<01:40, 2.35MB/s][A[A[A[A[A








Downloading [pytorch_model.bin]:  85%|████████▌ | 1.06G/1.25G [10:03<01:01, 3.24MB/s][A[A[A[A[A[A[A[A





Downloading [onnx/model.onnx]:  82%|████████▏ | 1.03G/1.25G [10:03<01:35, 2.46MB/s][A[A[A[A[A








Downloading [pytorch_model.bin]:  85%|████████▌ | 1.06G/1.25G [10:03<01:02, 3.20MB/s][A[A[A[A[A[A[A[A








Downloading [pytorch_model.bin]:  85%|████████▌ | 1.06G/1.25G [10:03<01:03, 3.12MB/s][A[A[A[A[A[A[A[A








Downloading [pytorch_model.bin]:  85%|████████▌ | 1.06G/1.25G [10:03<00:56, 3.50MB/s][A[A[A[A[A[A[A[A





Downloading [onnx/model.onnx]:  82%|████████▏ | 1.03G/1.25G [10:04<01:48, 2.17MB/s][A[A[A[A[A








Downloading [pytorch_model.bin]:  85%|████████▌ | 1.07G/1.25G [10:04<00:48, 4.03MB/s][A[A[A[A[A[A[A[A





Downloading [onnx/model.onnx]:  83%|████████▎ | 1.03G/1.25G [10:04<01:38, 2.38MB/s][A[A[A[A[A








Downloading [pytorch_model.bin]:  85%|████████▌ | 1.07G/1.25G [10:04<01:02, 3.15MB/s][A[A[A[A[A[A[A[A





Downloading [onnx/model.onnx]:  83%|████████▎ | 1.03G/1.25G [10:04<01:36, 2.41MB/s][A[A[A[A[A








Downloading [pytorch_model.bin]:  86%|████████▌ | 1.07G/1.25G [10:05<00:48, 3.96MB/s][A[A[A[A[A[A[A[A





Downloading [onnx/model.onnx]:  83%|████████▎ | 1.03G/1.25G [10:05<01:30, 2.57MB/s][A[A[A[A[A








Downloading [pytorch_model.bin]:  86%|████████▌ | 1.07G/1.25G [10:05<00:50, 3.81MB/s][A[A[A[A[A[A[A[A





Downloading [onnx/model.onnx]:  83%|████████▎ | 1.03G/1.25G [10:05<01:22, 2.78MB/s][A[A[A[A[A








Downloading [pytorch_model.bin]:  86%|████████▌ | 1.07G/1.25G [10:05<00:48, 3.93MB/s][A[A[A[A[A[A[A[A





Downloading [onnx/model.onnx]:  83%|████████▎ | 1.03G/1.25G [10:05<01:32, 2.48MB/s][A[A[A[A[A








Downloading [pytorch_model.bin]:  86%|████████▌ | 1.07G/1.25G [10:06<00:58, 3.24MB/s][A[A[A[A[A[A[A[A





Downloading [onnx/model.onnx]:  83%|████████▎ | 1.03G/1.25G [10:06<01:25, 2.66MB/s][A[A[A[A[A








Downloading [pytorch_model.bin]:  86%|████████▌ | 1.07G/1.25G [10:06<00:58, 3.24MB/s][A[A[A[A[A[A[A[A





Downloading [onnx/model.onnx]:  83%|████████▎ | 1.03G/1.25G [10:06<01:14, 3.05MB/s][A[A[A[A[A








Downloading [pytorch_model.bin]:  86%|████████▌ | 1.07G/1.25G [10:06<00:53, 3.54MB/s][A[A[A[A[A[A[A[A





Downloading [onnx/model.onnx]:  83%|████████▎ | 1.03G/1.25G [10:06<01:06, 3.39MB/s][A[A[A[A[A








Downloading [pytorch_model.bin]:  86%|████████▌ | 1.07G/1.25G [10:06<00:57, 3.27MB/s][A[A[A[A[A[A[A[A





Downloading [onnx/model.onnx]:  83%|████████▎ | 1.04G/1.25G [10:07<01:16, 2.94MB/s][A[A[A[A[A








Downloading [pytorch_model.bin]:  86%|████████▌ | 1.08G/1.25G [10:07<00:57, 3.26MB/s][A[A[A[A[A[A[A[A








Downloading [pytorch_model.bin]:  86%|████████▌ | 1.08G/1.25G [10:07<00:57, 3.20MB/s][A[A[A[A[A[A[A[A








Downloading [pytorch_model.bin]:  86%|████████▋ | 1.08G/1.25G [10:07<00:52, 3.52MB/s][A[A[A[A[A[A[A[A





Downloading [onnx/model.onnx]:  83%|████████▎ | 1.04G/1.25G [10:08<01:47, 2.08MB/s][A[A[A[A[A





Downloading [onnx/model.onnx]:  83%|████████▎ | 1.04G/1.25G [10:08<01:27, 2.54MB/s][A[A[A[A[A








Downloading [pytorch_model.bin]:  86%|████████▋ | 1.08G/1.25G [10:08<00:59, 3.06MB/s][A[A[A[A[A[A[A[A








Downloading [pytorch_model.bin]:  86%|████████▋ | 1.08G/1.25G [10:08<01:03, 2.87MB/s][A[A[A[A[A[A[A[A





Downloading [onnx/model.onnx]:  83%|████████▎ | 1.04G/1.25G [10:08<01:33, 2.37MB/s][A[A[A[A[A








Downloading [pytorch_model.bin]:  87%|████████▋ | 1.08G/1.25G [10:09<01:02, 2.91MB/s][A[A[A[A[A[A[A[A





Downloading [onnx/model.onnx]:  83%|████████▎ | 1.04G/1.25G [10:09<01:42, 2.16MB/s][A[A[A[A[A








Downloading [pytorch_model.bin]:  87%|████████▋ | 1.08G/1.25G [10:09<01:26, 2.09MB/s][A[A[A[A[A[A[A[A





Downloading [onnx/model.onnx]:  84%|████████▎ | 1.04G/1.25G [10:10<02:20, 1.57MB/s][A[A[A[A[A








Downloading [pytorch_model.bin]:  87%|████████▋ | 1.08G/1.25G [10:10<01:32, 1.93MB/s][A[A[A[A[A[A[A[A








Downloading [pytorch_model.bin]:  87%|████████▋ | 1.08G/1.25G [10:10<01:21, 2.18MB/s][A[A[A[A[A[A[A[A





Downloading [onnx/model.onnx]:  84%|████████▎ | 1.04G/1.25G [10:11<02:13, 1.64MB/s][A[A[A[A[A








Downloading [pytorch_model.bin]:  87%|████████▋ | 1.08G/1.25G [10:11<01:13, 2.42MB/s][A[A[A[A[A[A[A[A





Downloading [onnx/model.onnx]:  84%|████████▎ | 1.04G/1.25G [10:11<01:54, 1.91MB/s][A[A[A[A[A








Downloading [pytorch_model.bin]:  87%|████████▋ | 1.08G/1.25G [10:11<01:12, 2.43MB/s][A[A[A[A[A[A[A[A





Downloading [onnx/model.onnx]:  84%|████████▍ | 1.04G/1.25G [10:11<01:52, 1.94MB/s][A[A[A[A[A








Downloading [pytorch_model.bin]:  87%|████████▋ | 1.09G/1.25G [10:12<01:17, 2.27MB/s][A[A[A[A[A[A[A[A





Downloading [onnx/model.onnx]:  84%|████████▍ | 1.04G/1.25G [10:12<02:06, 1.70MB/s][A[A[A[A[A








Downloading [pytorch_model.bin]:  87%|████████▋ | 1.09G/1.25G [10:12<01:17, 2.25MB/s][A[A[A[A[A[A[A[A








Downloading [pytorch_model.bin]:  87%|████████▋ | 1.09G/1.25G [10:13<01:29, 1.93MB/s][A[A[A[A[A[A[A[A





Downloading [onnx/model.onnx]:  84%|████████▍ | 1.04G/1.25G [10:13<02:25, 1.48MB/s][A[A[A[A[A








Downloading [pytorch_model.bin]:  87%|████████▋ | 1.09G/1.25G [10:13<01:28, 1.95MB/s][A[A[A[A[A[A[A[A





Downloading [onnx/model.onnx]:  84%|████████▍ | 1.05G/1.25G [10:14<02:15, 1.58MB/s][A[A[A[A[A








Downloading [pytorch_model.bin]:  87%|████████▋ | 1.09G/1.25G [10:14<01:21, 2.10MB/s][A[A[A[A[A[A[A[A








Downloading [pytorch_model.bin]:  87%|████████▋ | 1.09G/1.25G [10:15<01:33, 1.81MB/s][A[A[A[A[A[A[A[A





Downloading [onnx/model.onnx]:  84%|████████▍ | 1.05G/1.25G [10:15<02:31, 1.40MB/s][A[A[A[A[A








Downloading [pytorch_model.bin]:  87%|████████▋ | 1.09G/1.25G [10:15<01:36, 1.74MB/s][A[A[A[A[A[A[A[A





Downloading [onnx/model.onnx]:  84%|████████▍ | 1.05G/1.25G [10:16<02:58, 1.19MB/s][A[A[A[A[A








Downloading [pytorch_model.bin]:  88%|████████▊ | 1.09G/1.25G [10:17<02:09, 1.29MB/s][A[A[A[A[A[A[A[A





Downloading [onnx/model.onnx]:  84%|████████▍ | 1.05G/1.25G [10:17<03:08, 1.12MB/s][A[A[A[A[A








Downloading [pytorch_model.bin]:  88%|████████▊ | 1.09G/1.25G [10:17<01:56, 1.42MB/s][A[A[A[A[A[A[A[A





Downloading [onnx/model.onnx]:  84%|████████▍ | 1.05G/1.25G [10:18<03:01, 1.16MB/s][A[A[A[A[A








Downloading [pytorch_model.bin]:  88%|████████▊ | 1.09G/1.25G [10:18<02:08, 1.29MB/s][A[A[A[A[A[A[A[A








Downloading [pytorch_model.bin]:  88%|████████▊ | 1.10G/1.25G [10:19<01:59, 1.37MB/s][A[A[A[A[A[A[A[A





Downloading [onnx/model.onnx]:  84%|████████▍ | 1.05G/1.25G [10:19<03:27, 1.01MB/s][A[A[A[A[A








Downloading [pytorch_model.bin]:  88%|████████▊ | 1.10G/1.25G [10:19<01:46, 1.53MB/s][A[A[A[A[A[A[A[A





Downloading [onnx/model.onnx]:  84%|████████▍ | 1.05G/1.25G [10:19<02:51, 1.21MB/s][A[A[A[A[A








Downloading [pytorch_model.bin]:  88%|████████▊ | 1.10G/1.25G [10:20<01:38, 1.64MB/s][A[A[A[A[A[A[A[A





Downloading [onnx/model.onnx]:  85%|████████▍ | 1.05G/1.25G [10:20<02:28, 1.39MB/s][A[A[A[A[A








Downloading [pytorch_model.bin]:  88%|████████▊ | 1.10G/1.25G [10:20<01:26, 1.87MB/s][A[A[A[A[A[A[A[A





Downloading [onnx/model.onnx]:  85%|████████▍ | 1.05G/1.25G [10:20<02:02, 1.68MB/s][A[A[A[A[A








Downloading [pytorch_model.bin]:  88%|████████▊ | 1.10G/1.25G [10:21<01:18, 2.03MB/s][A[A[A[A[A[A[A[A





Downloading [onnx/model.onnx]:  85%|████████▍ | 1.05G/1.25G [10:21<01:50, 1.86MB/s][A[A[A[A[A








Downloading [pytorch_model.bin]:  88%|████████▊ | 1.10G/1.25G [10:21<01:12, 2.20MB/s][A[A[A[A[A[A[A[A








Downloading [pytorch_model.bin]:  88%|████████▊ | 1.10G/1.25G [10:21<01:03, 2.48MB/s][A[A[A[A[A[A[A[A








Downloading [pytorch_model.bin]:  88%|████████▊ | 1.10G/1.25G [10:21<00:53, 2.92MB/s][A[A[A[A[A[A[A[A





Downloading [onnx/model.onnx]:  85%|████████▍ | 1.06G/1.25G [10:21<02:00, 1.69MB/s][A[A[A[A[A








Downloading [pytorch_model.bin]:  88%|████████▊ | 1.10G/1.25G [10:22<01:00, 2.57MB/s][A[A[A[A[A[A[A[A





Downloading [onnx/model.onnx]:  85%|████████▍ | 1.06G/1.25G [10:22<02:13, 1.52MB/s][A[A[A[A[A








Downloading [pytorch_model.bin]:  88%|████████▊ | 1.10G/1.25G [10:23<01:07, 2.29MB/s][A[A[A[A[A[A[A[A





Downloading [onnx/model.onnx]:  85%|████████▍ | 1.06G/1.25G [10:23<02:02, 1.64MB/s][A[A[A[A[A








Downloading [pytorch_model.bin]:  89%|████████▊ | 1.11G/1.25G [10:23<01:05, 2.33MB/s][A[A[A[A[A[A[A[A





Downloading [onnx/model.onnx]:  85%|████████▌ | 1.06G/1.25G [10:23<01:45, 1.89MB/s][A[A[A[A[A








Downloading [pytorch_model.bin]:  89%|████████▊ | 1.11G/1.25G [10:24<01:14, 2.04MB/s][A[A[A[A[A[A[A[A





Downloading [onnx/model.onnx]:  85%|████████▌ | 1.06G/1.25G [10:24<01:55, 1.72MB/s][A[A[A[A[A








Downloading [pytorch_model.bin]:  89%|████████▊ | 1.11G/1.25G [10:24<01:17, 1.95MB/s][A[A[A[A[A[A[A[A








Downloading [pytorch_model.bin]:  89%|████████▉ | 1.11G/1.25G [10:25<01:20, 1.86MB/s][A[A[A[A[A[A[A[A





Downloading [onnx/model.onnx]:  85%|████████▌ | 1.06G/1.25G [10:25<02:17, 1.44MB/s][A[A[A[A[A





Downloading [onnx/model.onnx]:  85%|████████▌ | 1.06G/1.25G [10:25<01:45, 1.87MB/s][A[A[A[A[A








Downloading [pytorch_model.bin]:  89%|████████▉ | 1.11G/1.25G [10:25<01:15, 1.97MB/s][A[A[A[A[A[A[A[A





Downloading [onnx/model.onnx]:  85%|████████▌ | 1.06G/1.25G [10:26<01:36, 2.04MB/s][A[A[A[A[A








Downloading [pytorch_model.bin]:  89%|████████▉ | 1.11G/1.25G [10:26<01:11, 2.08MB/s][A[A[A[A[A[A[A[A





Downloading [onnx/model.onnx]:  85%|████████▌ | 1.06G/1.25G [10:26<01:33, 2.08MB/s][A[A[A[A[A








Downloading [pytorch_model.bin]:  89%|████████▉ | 1.11G/1.25G [10:26<01:01, 2.38MB/s][A[A[A[A[A[A[A[A





Downloading [onnx/model.onnx]:  85%|████████▌ | 1.06G/1.25G [10:26<01:22, 2.36MB/s][A[A[A[A[A








Downloading [pytorch_model.bin]:  89%|████████▉ | 1.11G/1.25G [10:26<00:54, 2.69MB/s][A[A[A[A[A[A[A[A








Downloading [pytorch_model.bin]:  89%|████████▉ | 1.11G/1.25G [10:27<00:54, 2.66MB/s][A[A[A[A[A[A[A[A





Downloading [onnx/model.onnx]:  86%|████████▌ | 1.07G/1.25G [10:27<01:20, 2.41MB/s][A[A[A[A[A








Downloading [pytorch_model.bin]:  89%|████████▉ | 1.11G/1.25G [10:27<00:55, 2.61MB/s][A[A[A[A[A[A[A[A





Downloading [onnx/model.onnx]:  86%|████████▌ | 1.07G/1.25G [10:27<01:19, 2.41MB/s][A[A[A[A[A








Downloading [pytorch_model.bin]:  89%|████████▉ | 1.12G/1.25G [10:27<00:48, 2.96MB/s][A[A[A[A[A[A[A[A





Downloading [onnx/model.onnx]:  86%|████████▌ | 1.07G/1.25G [10:28<01:17, 2.46MB/s][A[A[A[A[A








Downloading [pytorch_model.bin]:  89%|████████▉ | 1.12G/1.25G [10:28<00:43, 3.27MB/s][A[A[A[A[A[A[A[A





Downloading [onnx/model.onnx]:  86%|████████▌ | 1.07G/1.25G [10:28<01:07, 2.83MB/s][A[A[A[A[A








Downloading [pytorch_model.bin]:  89%|████████▉ | 1.12G/1.25G [10:28<00:38, 3.71MB/s][A[A[A[A[A[A[A[A








Downloading [pytorch_model.bin]:  90%|████████▉ | 1.12G/1.25G [10:28<00:34, 4.05MB/s][A[A[A[A[A[A[A[A





Downloading [onnx/model.onnx]:  86%|████████▌ | 1.07G/1.25G [10:28<01:01, 3.04MB/s][A[A[A[A[A





Downloading [onnx/model.onnx]:  86%|████████▌ | 1.07G/1.25G [10:29<01:12, 2.60MB/s][A[A[A[A[A








Downloading [pytorch_model.bin]:  90%|████████▉ | 1.12G/1.25G [10:29<00:48, 2.84MB/s][A[A[A[A[A[A[A[A





Downloading [onnx/model.onnx]:  86%|████████▌ | 1.07G/1.25G [10:29<01:26, 2.17MB/s][A[A[A[A[A








Downloading [pytorch_model.bin]:  90%|████████▉ | 1.12G/1.25G [10:29<01:05, 2.09MB/s][A[A[A[A[A[A[A[A








Downloading [pytorch_model.bin]:  90%|████████▉ | 1.12G/1.25G [10:30<01:15, 1.81MB/s][A[A[A[A[A[A[A[A





Downloading [onnx/model.onnx]:  86%|████████▌ | 1.07G/1.25G [10:30<01:48, 1.70MB/s][A[A[A[A[A








Downloading [pytorch_model.bin]:  90%|████████▉ | 1.12G/1.25G [10:31<01:09, 1.96MB/s][A[A[A[A[A[A[A[A





Downloading [onnx/model.onnx]:  86%|████████▌ | 1.07G/1.25G [10:31<01:48, 1.70MB/s][A[A[A[A[A








Downloading [pytorch_model.bin]:  90%|████████▉ | 1.12G/1.25G [10:31<00:57, 2.36MB/s][A[A[A[A[A[A[A[A








Downloading [pytorch_model.bin]:  90%|█████████ | 1.12G/1.25G [10:31<00:55, 2.42MB/s][A[A[A[A[A[A[A[A





Downloading [onnx/model.onnx]:  86%|████████▋ | 1.07G/1.25G [10:32<01:51, 1.64MB/s][A[A[A[A[A








Downloading [pytorch_model.bin]:  90%|█████████ | 1.12G/1.25G [10:32<01:02, 2.12MB/s][A[A[A[A[A[A[A[A





Downloading [onnx/model.onnx]:  86%|████████▋ | 1.08G/1.25G [10:32<01:49, 1.67MB/s][A[A[A[A[A








Downloading [pytorch_model.bin]:  90%|█████████ | 1.13G/1.25G [10:32<01:03, 2.06MB/s][A[A[A[A[A[A[A[A





Downloading [onnx/model.onnx]:  86%|████████▋ | 1.08G/1.25G [10:33<01:44, 1.74MB/s][A[A[A[A[A








Downloading [pytorch_model.bin]:  90%|█████████ | 1.13G/1.25G [10:33<01:00, 2.17MB/s][A[A[A[A[A[A[A[A





Downloading [onnx/model.onnx]:  87%|████████▋ | 1.08G/1.25G [10:33<01:48, 1.66MB/s][A[A[A[A[A








Downloading [pytorch_model.bin]:  90%|█████████ | 1.13G/1.25G [10:33<01:01, 2.12MB/s][A[A[A[A[A[A[A[A





Downloading [onnx/model.onnx]:  87%|████████▋ | 1.08G/1.25G [10:34<01:34, 1.90MB/s][A[A[A[A[A








Downloading [pytorch_model.bin]:  90%|█████████ | 1.13G/1.25G [10:34<00:55, 2.33MB/s][A[A[A[A[A[A[A[A








Downloading [pytorch_model.bin]:  90%|█████████ | 1.13G/1.25G [10:34<00:51, 2.45MB/s][A[A[A[A[A[A[A[A





Downloading [onnx/model.onnx]:  87%|████████▋ | 1.08G/1.25G [10:34<01:36, 1.85MB/s][A[A[A[A[A








Downloading [pytorch_model.bin]:  91%|█████████ | 1.13G/1.25G [10:34<00:48, 2.60MB/s][A[A[A[A[A[A[A[A





Downloading [onnx/model.onnx]:  87%|████████▋ | 1.08G/1.25G [10:35<01:20, 2.19MB/s][A[A[A[A[A








Downloading [pytorch_model.bin]:  91%|█████████ | 1.13G/1.25G [10:35<00:45, 2.76MB/s][A[A[A[A[A[A[A[A





Downloading [onnx/model.onnx]:  87%|████████▋ | 1.08G/1.25G [10:35<01:31, 1.93MB/s][A[A[A[A[A








Downloading [pytorch_model.bin]:  91%|█████████ | 1.13G/1.25G [10:36<00:57, 2.17MB/s][A[A[A[A[A[A[A[A








Downloading [pytorch_model.bin]:  91%|█████████ | 1.13G/1.25G [10:36<00:47, 2.60MB/s][A[A[A[A[A[A[A[A





Downloading [onnx/model.onnx]:  87%|████████▋ | 1.08G/1.25G [10:36<01:33, 1.88MB/s][A[A[A[A[A








Downloading [pytorch_model.bin]:  91%|█████████ | 1.13G/1.25G [10:36<00:46, 2.63MB/s][A[A[A[A[A[A[A[A





Downloading [onnx/model.onnx]:  87%|████████▋ | 1.08G/1.25G [10:37<01:36, 1.79MB/s][A[A[A[A[A








Downloading [pytorch_model.bin]:  91%|█████████ | 1.14G/1.25G [10:37<00:48, 2.50MB/s][A[A[A[A[A[A[A[A








Downloading [pytorch_model.bin]:  91%|█████████ | 1.14G/1.25G [10:37<00:48, 2.46MB/s][A[A[A[A[A[A[A[A





Downloading [onnx/model.onnx]:  87%|████████▋ | 1.08G/1.25G [10:37<01:50, 1.56MB/s][A[A[A[A[A








Downloading [pytorch_model.bin]:  91%|█████████ | 1.14G/1.25G [10:38<00:52, 2.29MB/s][A[A[A[A[A[A[A[A








Downloading [pytorch_model.bin]:  91%|█████████ | 1.14G/1.25G [10:38<00:46, 2.56MB/s][A[A[A[A[A[A[A[A





Downloading [onnx/model.onnx]:  87%|████████▋ | 1.08G/1.25G [10:38<01:44, 1.64MB/s][A[A[A[A[A








Downloading [pytorch_model.bin]:  91%|█████████▏| 1.14G/1.25G [10:38<00:50, 2.32MB/s][A[A[A[A[A[A[A[A





Downloading [onnx/model.onnx]:  87%|████████▋ | 1.09G/1.25G [10:39<01:43, 1.65MB/s][A[A[A[A[A








Downloading [pytorch_model.bin]:  91%|█████████▏| 1.14G/1.25G [10:39<00:47, 2.44MB/s][A[A[A[A[A[A[A[A





Downloading [onnx/model.onnx]:  87%|████████▋ | 1.09G/1.25G [10:39<01:29, 1.91MB/s][A[A[A[A[A








Downloading [pytorch_model.bin]:  91%|█████████▏| 1.14G/1.25G [10:39<00:40, 2.83MB/s][A[A[A[A[A[A[A[A





Downloading [onnx/model.onnx]:  87%|████████▋ | 1.09G/1.25G [10:39<01:18, 2.16MB/s][A[A[A[A[A








Downloading [pytorch_model.bin]:  92%|█████████▏| 1.14G/1.25G [10:39<00:41, 2.72MB/s][A[A[A[A[A[A[A[A





Downloading [onnx/model.onnx]:  87%|████████▋ | 1.09G/1.25G [10:40<01:08, 2.45MB/s][A[A[A[A[A








Downloading [pytorch_model.bin]:  92%|█████████▏| 1.14G/1.25G [10:40<00:46, 2.43MB/s][A[A[A[A[A[A[A[A





Downloading [onnx/model.onnx]:  88%|████████▊ | 1.09G/1.25G [10:40<01:07, 2.49MB/s][A[A[A[A[A








Downloading [pytorch_model.bin]:  92%|█████████▏| 1.14G/1.25G [10:41<00:51, 2.17MB/s][A[A[A[A[A[A[A[A





Downloading [onnx/model.onnx]:  88%|████████▊ | 1.09G/1.25G [10:41<01:14, 2.22MB/s][A[A[A[A[A








Downloading [pytorch_model.bin]:  92%|█████████▏| 1.15G/1.25G [10:41<00:56, 1.95MB/s][A[A[A[A[A[A[A[A





Downloading [onnx/model.onnx]:  88%|████████▊ | 1.09G/1.25G [10:42<01:34, 1.75MB/s][A[A[A[A[A








Downloading [pytorch_model.bin]:  92%|█████████▏| 1.15G/1.25G [10:42<00:53, 2.05MB/s][A[A[A[A[A[A[A[A





Downloading [onnx/model.onnx]:  88%|████████▊ | 1.09G/1.25G [10:42<01:26, 1.89MB/s][A[A[A[A[A








Downloading [pytorch_model.bin]:  92%|█████████▏| 1.15G/1.25G [10:42<00:46, 2.36MB/s][A[A[A[A[A[A[A[A








Downloading [pytorch_model.bin]:  92%|█████████▏| 1.15G/1.25G [10:42<00:41, 2.57MB/s][A[A[A[A[A[A[A[A





Downloading [onnx/model.onnx]:  88%|████████▊ | 1.09G/1.25G [10:42<01:18, 2.08MB/s][A[A[A[A[A








Downloading [pytorch_model.bin]:  92%|█████████▏| 1.15G/1.25G [10:43<00:35, 3.00MB/s][A[A[A[A[A[A[A[A








Downloading [pytorch_model.bin]:  92%|█████████▏| 1.15G/1.25G [10:43<00:33, 3.18MB/s][A[A[A[A[A[A[A[A





Downloading [onnx/model.onnx]:  88%|████████▊ | 1.09G/1.25G [10:43<01:17, 2.07MB/s][A[A[A[A[A





Downloading [onnx/model.onnx]:  88%|████████▊ | 1.10G/1.25G [10:43<01:03, 2.55MB/s][A[A[A[A[A








Downloading [pytorch_model.bin]:  92%|█████████▏| 1.15G/1.25G [10:43<00:30, 3.38MB/s][A[A[A[A[A[A[A[A





Downloading [onnx/model.onnx]:  88%|████████▊ | 1.10G/1.25G [10:43<01:04, 2.46MB/s][A[A[A[A[A








Downloading [pytorch_model.bin]:  92%|█████████▏| 1.15G/1.25G [10:44<00:52, 1.96MB/s][A[A[A[A[A[A[A[A





Downloading [onnx/model.onnx]:  88%|████████▊ | 1.10G/1.25G [10:45<01:59, 1.33MB/s][A[A[A[A[A








Downloading [pytorch_model.bin]:  92%|█████████▏| 1.15G/1.25G [10:45<01:13, 1.40MB/s][A[A[A[A[A[A[A[A





Downloading [onnx/model.onnx]:  88%|████████▊ | 1.10G/1.25G [10:46<01:58, 1.33MB/s][A[A[A[A[A








Downloading [pytorch_model.bin]:  92%|█████████▏| 1.15G/1.25G [10:46<01:07, 1.51MB/s][A[A[A[A[A[A[A[A





Downloading [onnx/model.onnx]:  88%|████████▊ | 1.10G/1.25G [10:46<01:37, 1.60MB/s][A[A[A[A[A








Downloading [pytorch_model.bin]:  93%|█████████▎| 1.16G/1.25G [10:46<00:55, 1.80MB/s][A[A[A[A[A[A[A[A








Downloading [pytorch_model.bin]:  93%|█████████▎| 1.16G/1.25G [10:46<00:44, 2.23MB/s][A[A[A[A[A[A[A[A





Downloading [onnx/model.onnx]:  88%|████████▊ | 1.10G/1.25G [10:47<01:18, 1.98MB/s][A[A[A[A[A








Downloading [pytorch_model.bin]:  93%|█████████▎| 1.16G/1.25G [10:47<00:35, 2.77MB/s][A[A[A[A[A[A[A[A





Downloading [onnx/model.onnx]:  88%|████████▊ | 1.10G/1.25G [10:47<01:02, 2.46MB/s][A[A[A[A[A








Downloading [pytorch_model.bin]:  93%|█████████▎| 1.16G/1.25G [10:47<00:33, 2.90MB/s][A[A[A[A[A[A[A[A





Downloading [onnx/model.onnx]:  89%|████████▊ | 1.10G/1.25G [10:47<01:06, 2.30MB/s][A[A[A[A[A








Downloading [pytorch_model.bin]:  93%|█████████▎| 1.16G/1.25G [10:47<00:34, 2.77MB/s][A[A[A[A[A[A[A[A





Downloading [onnx/model.onnx]:  89%|████████▊ | 1.10G/1.25G [10:48<00:59, 2.54MB/s][A[A[A[A[A








Downloading [pytorch_model.bin]:  93%|█████████▎| 1.16G/1.25G [10:48<00:31, 3.00MB/s][A[A[A[A[A[A[A[A





Downloading [onnx/model.onnx]:  89%|████████▊ | 1.10G/1.25G [10:48<00:54, 2.78MB/s][A[A[A[A[A








Downloading [pytorch_model.bin]:  93%|█████████▎| 1.16G/1.25G [10:48<00:27, 3.43MB/s][A[A[A[A[A[A[A[A





Downloading [onnx/model.onnx]:  89%|████████▉ | 1.11G/1.25G [10:48<00:54, 2.76MB/s][A[A[A[A[A








Downloading [pytorch_model.bin]:  93%|█████████▎| 1.16G/1.25G [10:48<00:29, 3.19MB/s][A[A[A[A[A[A[A[A








Downloading [pytorch_model.bin]:  93%|█████████▎| 1.16G/1.25G [10:49<00:28, 3.28MB/s][A[A[A[A[A[A[A[A





Downloading [onnx/model.onnx]:  89%|████████▉ | 1.11G/1.25G [10:49<00:57, 2.58MB/s][A[A[A[A[A








Downloading [pytorch_model.bin]:  93%|█████████▎| 1.16G/1.25G [10:49<00:26, 3.48MB/s][A[A[A[A[A[A[A[A





Downloading [onnx/model.onnx]:  89%|████████▉ | 1.11G/1.25G [10:49<00:53, 2.77MB/s][A[A[A[A[A








Downloading [pytorch_model.bin]:  93%|█████████▎| 1.17G/1.25G [10:49<00:23, 3.85MB/s][A[A[A[A[A[A[A[A








Downloading [pytorch_model.bin]:  93%|█████████▎| 1.17G/1.25G [10:49<00:20, 4.33MB/s][A[A[A[A[A[A[A[A





Downloading [onnx/model.onnx]:  89%|████████▉ | 1.11G/1.25G [10:49<00:50, 2.90MB/s][A[A[A[A[A








Downloading [pytorch_model.bin]:  93%|█████████▎| 1.17G/1.25G [10:49<00:17, 4.95MB/s][A[A[A[A[A[A[A[A








Downloading [pytorch_model.bin]:  94%|█████████▎| 1.17G/1.25G [10:50<00:17, 4.84MB/s][A[A[A[A[A[A[A[A





Downloading [onnx/model.onnx]:  89%|████████▉ | 1.11G/1.25G [10:50<00:51, 2.81MB/s][A[A[A[A[A








Downloading [pytorch_model.bin]:  94%|█████████▎| 1.17G/1.25G [10:50<00:20, 4.17MB/s][A[A[A[A[A[A[A[A





Downloading [onnx/model.onnx]:  89%|████████▉ | 1.11G/1.25G [10:50<00:55, 2.62MB/s][A[A[A[A[A








Downloading [pytorch_model.bin]:  94%|█████████▎| 1.17G/1.25G [10:50<00:21, 4.02MB/s][A[A[A[A[A[A[A[A








Downloading [pytorch_model.bin]:  94%|█████████▍| 1.17G/1.25G [10:50<00:19, 4.34MB/s][A[A[A[A[A[A[A[A





Downloading [onnx/model.onnx]:  89%|████████▉ | 1.11G/1.25G [10:50<00:49, 2.91MB/s][A[A[A[A[A








Downloading [pytorch_model.bin]:  94%|█████████▍| 1.17G/1.25G [10:51<00:17, 4.76MB/s][A[A[A[A[A[A[A[A





Downloading [onnx/model.onnx]:  89%|████████▉ | 1.11G/1.25G [10:51<00:42, 3.35MB/s][A[A[A[A[A








Downloading [pytorch_model.bin]:  94%|█████████▍| 1.17G/1.25G [10:51<00:16, 4.92MB/s][A[A[A[A[A[A[A[A





Downloading [onnx/model.onnx]:  89%|████████▉ | 1.11G/1.25G [10:51<00:36, 3.86MB/s][A[A[A[A[A








Downloading [pytorch_model.bin]:  94%|█████████▍| 1.17G/1.25G [10:51<00:14, 5.41MB/s][A[A[A[A[A[A[A[A





Downloading [onnx/model.onnx]:  89%|████████▉ | 1.11G/1.25G [10:51<00:32, 4.26MB/s][A[A[A[A[A








Downloading [pytorch_model.bin]:  94%|█████████▍| 1.17G/1.25G [10:51<00:15, 5.24MB/s][A[A[A[A[A[A[A[A








Downloading [pytorch_model.bin]:  94%|█████████▍| 1.18G/1.25G [10:51<00:15, 5.02MB/s][A[A[A[A[A[A[A[A





Downloading [onnx/model.onnx]:  90%|████████▉ | 1.12G/1.25G [10:51<00:37, 3.70MB/s][A[A[A[A[A








Downloading [pytorch_model.bin]:  94%|█████████▍| 1.18G/1.25G [10:52<00:19, 3.91MB/s][A[A[A[A[A[A[A[A





Downloading [onnx/model.onnx]:  90%|████████▉ | 1.12G/1.25G [10:52<00:45, 3.03MB/s][A[A[A[A[A








Downloading [pytorch_model.bin]:  94%|█████████▍| 1.18G/1.25G [10:52<00:20, 3.72MB/s][A[A[A[A[A[A[A[A








Downloading [pytorch_model.bin]:  94%|█████████▍| 1.18G/1.25G [10:52<00:18, 4.05MB/s][A[A[A[A[A[A[A[A





Downloading [onnx/model.onnx]:  90%|████████▉ | 1.12G/1.25G [10:52<00:49, 2.75MB/s][A[A[A[A[A








Downloading [pytorch_model.bin]:  94%|█████████▍| 1.18G/1.25G [10:53<00:20, 3.65MB/s][A[A[A[A[A[A[A[A





Downloading [onnx/model.onnx]:  90%|████████▉ | 1.12G/1.25G [10:53<00:37, 3.58MB/s][A[A[A[A[A








Downloading [pytorch_model.bin]:  95%|█████████▍| 1.18G/1.25G [10:53<00:22, 3.27MB/s][A[A[A[A[A[A[A[A





Downloading [onnx/model.onnx]:  90%|████████▉ | 1.12G/1.25G [10:53<00:40, 3.31MB/s][A[A[A[A[A








Downloading [pytorch_model.bin]:  95%|█████████▍| 1.18G/1.25G [10:53<00:20, 3.60MB/s][A[A[A[A[A[A[A[A





Downloading [onnx/model.onnx]:  90%|█████████ | 1.12G/1.25G [10:53<00:41, 3.22MB/s][A[A[A[A[A








Downloading [pytorch_model.bin]:  95%|█████████▍| 1.18G/1.25G [10:54<00:20, 3.51MB/s][A[A[A[A[A[A[A[A





Downloading [onnx/model.onnx]:  90%|█████████ | 1.12G/1.25G [10:54<00:41, 3.22MB/s][A[A[A[A[A








Downloading [pytorch_model.bin]:  95%|█████████▍| 1.18G/1.25G [10:54<00:21, 3.24MB/s][A[A[A[A[A[A[A[A





Downloading [onnx/model.onnx]:  90%|█████████ | 1.12G/1.25G [10:54<00:39, 3.33MB/s][A[A[A[A[A








Downloading [pytorch_model.bin]:  95%|█████████▍| 1.18G/1.25G [10:54<00:18, 3.66MB/s][A[A[A[A[A[A[A[A





Downloading [onnx/model.onnx]:  90%|█████████ | 1.12G/1.25G [10:54<00:38, 3.35MB/s][A[A[A[A[A








Downloading [pytorch_model.bin]:  95%|█████████▍| 1.19G/1.25G [10:55<00:21, 3.11MB/s][A[A[A[A[A[A[A[A





Downloading [onnx/model.onnx]:  90%|█████████ | 1.12G/1.25G [10:55<00:49, 2.63MB/s][A[A[A[A[A








Downloading [pytorch_model.bin]:  95%|█████████▌| 1.19G/1.25G [10:55<00:29, 2.27MB/s][A[A[A[A[A[A[A[A





Downloading [onnx/model.onnx]:  90%|█████████ | 1.13G/1.25G [10:56<00:53, 2.40MB/s][A[A[A[A[A








Downloading [pytorch_model.bin]:  95%|█████████▌| 1.19G/1.25G [10:56<00:25, 2.53MB/s][A[A[A[A[A[A[A[A





Downloading [onnx/model.onnx]:  91%|█████████ | 1.13G/1.25G [10:56<00:54, 2.32MB/s][A[A[A[A[A








Downloading [pytorch_model.bin]:  95%|█████████▌| 1.19G/1.25G [10:56<00:26, 2.48MB/s][A[A[A[A[A[A[A[A








Downloading [pytorch_model.bin]:  95%|█████████▌| 1.19G/1.25G [10:57<00:26, 2.41MB/s][A[A[A[A[A[A[A[A





Downloading [onnx/model.onnx]:  91%|█████████ | 1.13G/1.25G [10:57<01:00, 2.08MB/s][A[A[A[A[A








Downloading [pytorch_model.bin]:  95%|█████████▌| 1.19G/1.25G [10:57<00:30, 2.08MB/s][A[A[A[A[A[A[A[A





Downloading [onnx/model.onnx]:  91%|█████████ | 1.13G/1.25G [10:57<01:09, 1.78MB/s][A[A[A[A[A








Downloading [pytorch_model.bin]:  95%|█████████▌| 1.19G/1.25G [10:58<00:41, 1.50MB/s][A[A[A[A[A[A[A[A





Downloading [onnx/model.onnx]:  91%|█████████ | 1.13G/1.25G [10:59<01:32, 1.33MB/s][A[A[A[A[A








Downloading [pytorch_model.bin]:  95%|█████████▌| 1.19G/1.25G [10:59<00:35, 1.72MB/s][A[A[A[A[A[A[A[A





Downloading [onnx/model.onnx]:  91%|█████████ | 1.13G/1.25G [10:59<01:21, 1.50MB/s][A[A[A[A[A








Downloading [pytorch_model.bin]:  96%|█████████▌| 1.19G/1.25G [11:00<00:38, 1.54MB/s][A[A[A[A[A[A[A[A





Downloading [onnx/model.onnx]:  91%|█████████ | 1.13G/1.25G [11:00<01:16, 1.59MB/s][A[A[A[A[A








Downloading [pytorch_model.bin]:  96%|█████████▌| 1.19G/1.25G [11:00<00:35, 1.63MB/s][A[A[A[A[A[A[A[A





Downloading [onnx/model.onnx]:  91%|█████████ | 1.13G/1.25G [11:00<01:15, 1.60MB/s][A[A[A[A[A








Downloading [pytorch_model.bin]:  96%|█████████▌| 1.20G/1.25G [11:01<00:34, 1.65MB/s][A[A[A[A[A[A[A[A





Downloading [onnx/model.onnx]:  91%|█████████ | 1.13G/1.25G [11:01<01:29, 1.34MB/s][A[A[A[A[A








Downloading [pytorch_model.bin]:  96%|█████████▌| 1.20G/1.25G [11:02<00:35, 1.58MB/s][A[A[A[A[A[A[A[A








Downloading [pytorch_model.bin]:  96%|█████████▌| 1.20G/1.25G [11:02<00:33, 1.64MB/s][A[A[A[A[A[A[A[A





Downloading [onnx/model.onnx]:  91%|█████████ | 1.13G/1.25G [11:03<01:38, 1.20MB/s][A[A[A[A[A








Downloading [pytorch_model.bin]:  96%|█████████▌| 1.20G/1.25G [11:03<00:31, 1.74MB/s][A[A[A[A[A[A[A[A








Downloading [pytorch_model.bin]:  96%|█████████▌| 1.20G/1.25G [11:03<00:27, 1.94MB/s][A[A[A[A[A[A[A[A





Downloading [onnx/model.onnx]:  91%|█████████ | 1.14G/1.25G [11:03<01:27, 1.34MB/s][A[A[A[A[A








Downloading [pytorch_model.bin]:  96%|█████████▌| 1.20G/1.25G [11:04<00:35, 1.48MB/s][A[A[A[A[A[A[A[A





Downloading [onnx/model.onnx]:  91%|█████████▏| 1.14G/1.25G [11:04<01:37, 1.19MB/s][A[A[A[A[A








Downloading [pytorch_model.bin]:  96%|█████████▌| 1.20G/1.25G [11:05<00:35, 1.45MB/s][A[A[A[A[A[A[A[A





Downloading [onnx/model.onnx]:  91%|█████████▏| 1.14G/1.25G [11:05<01:40, 1.15MB/s][A[A[A[A[A








Downloading [pytorch_model.bin]:  96%|█████████▋| 1.20G/1.25G [11:05<00:32, 1.54MB/s][A[A[A[A[A[A[A[A





Downloading [onnx/model.onnx]:  91%|█████████▏| 1.14G/1.25G [11:07<01:57, 972kB/s] [A[A[A[A[A








Downloading [pytorch_model.bin]:  96%|█████████▋| 1.20G/1.25G [11:07<00:39, 1.23MB/s][A[A[A[A[A[A[A[A








Downloading [pytorch_model.bin]:  96%|█████████▋| 1.20G/1.25G [11:08<00:38, 1.24MB/s][A[A[A[A[A[A[A[A





Downloading [onnx/model.onnx]:  92%|█████████▏| 1.14G/1.25G [11:08<02:05, 899kB/s][A[A[A[A[A








Downloading [pytorch_model.bin]:  97%|█████████▋| 1.21G/1.25G [11:08<00:37, 1.24MB/s][A[A[A[A[A[A[A[A





Downloading [onnx/model.onnx]:  92%|█████████▏| 1.14G/1.25G [11:09<01:58, 946kB/s][A[A[A[A[A








Downloading [pytorch_model.bin]:  97%|█████████▋| 1.21G/1.25G [11:09<00:37, 1.21MB/s][A[A[A[A[A[A[A[A





Downloading [onnx/model.onnx]:  92%|█████████▏| 1.14G/1.25G [11:10<01:37, 1.13MB/s][A[A[A[A[A








Downloading [pytorch_model.bin]:  97%|█████████▋| 1.21G/1.25G [11:10<00:30, 1.45MB/s][A[A[A[A[A[A[A[A





Downloading [onnx/model.onnx]:  92%|█████████▏| 1.14G/1.25G [11:10<01:19, 1.39MB/s][A[A[A[A[A








Downloading [pytorch_model.bin]:  97%|█████████▋| 1.21G/1.25G [11:10<00:25, 1.73MB/s][A[A[A[A[A[A[A[A





Downloading [onnx/model.onnx]:  92%|█████████▏| 1.14G/1.25G [11:10<01:10, 1.55MB/s][A[A[A[A[A








Downloading [pytorch_model.bin]:  97%|█████████▋| 1.21G/1.25G [11:11<00:22, 1.86MB/s][A[A[A[A[A[A[A[A





Downloading [onnx/model.onnx]:  92%|█████████▏| 1.14G/1.25G [11:11<01:10, 1.53MB/s][A[A[A[A[A








Downloading [pytorch_model.bin]:  97%|█████████▋| 1.21G/1.25G [11:11<00:22, 1.86MB/s][A[A[A[A[A[A[A[A





Downloading [onnx/model.onnx]:  92%|█████████▏| 1.15G/1.25G [11:11<01:01, 1.74MB/s][A[A[A[A[A








Downloading [pytorch_model.bin]:  97%|█████████▋| 1.21G/1.25G [11:12<00:20, 1.93MB/s][A[A[A[A[A[A[A[A





Downloading [onnx/model.onnx]:  92%|█████████▏| 1.15G/1.25G [11:12<00:57, 1.84MB/s][A[A[A[A[A








Downloading [pytorch_model.bin]:  97%|█████████▋| 1.21G/1.25G [11:12<00:19, 2.03MB/s][A[A[A[A[A[A[A[A





Downloading [onnx/model.onnx]:  92%|█████████▏| 1.15G/1.25G [11:12<00:51, 2.03MB/s][A[A[A[A[A








Downloading [pytorch_model.bin]:  97%|█████████▋| 1.21G/1.25G [11:12<00:17, 2.23MB/s][A[A[A[A[A[A[A[A








Downloading [pytorch_model.bin]:  97%|█████████▋| 1.21G/1.25G [11:13<00:15, 2.44MB/s][A[A[A[A[A[A[A[A





Downloading [onnx/model.onnx]:  92%|█████████▏| 1.15G/1.25G [11:13<00:48, 2.15MB/s][A[A[A[A[A








Downloading [pytorch_model.bin]:  97%|█████████▋| 1.21G/1.25G [11:13<00:16, 2.20MB/s][A[A[A[A[A[A[A[A








Downloading [pytorch_model.bin]:  97%|█████████▋| 1.22G/1.25G [11:13<00:13, 2.68MB/s][A[A[A[A[A[A[A[A





Downloading [onnx/model.onnx]:  92%|█████████▏| 1.15G/1.25G [11:14<00:58, 1.76MB/s][A[A[A[A[A








Downloading [pytorch_model.bin]:  97%|█████████▋| 1.22G/1.25G [11:14<00:11, 3.03MB/s][A[A[A[A[A[A[A[A








Downloading [pytorch_model.bin]:  98%|█████████▊| 1.22G/1.25G [11:14<00:11, 2.83MB/s][A[A[A[A[A[A[A[A





Downloading [onnx/model.onnx]:  92%|█████████▏| 1.15G/1.25G [11:14<01:01, 1.66MB/s][A[A[A[A[A








Downloading [pytorch_model.bin]:  98%|█████████▊| 1.22G/1.25G [11:15<00:15, 2.13MB/s][A[A[A[A[A[A[A[A





Downloading [onnx/model.onnx]:  92%|█████████▏| 1.15G/1.25G [11:15<01:11, 1.41MB/s][A[A[A[A[A





Downloading [onnx/model.onnx]:  93%|█████████▎| 1.15G/1.25G [11:16<01:09, 1.44MB/s][A[A[A[A[A








Downloading [pytorch_model.bin]:  98%|█████████▊| 1.22G/1.25G [11:16<00:21, 1.45MB/s][A[A[A[A[A[A[A[A








Downloading [pytorch_model.bin]:  98%|█████████▊| 1.22G/1.25G [11:17<00:17, 1.69MB/s][A[A[A[A[A[A[A[A





Downloading [onnx/model.onnx]:  93%|█████████▎| 1.15G/1.25G [11:17<01:04, 1.54MB/s][A[A[A[A[A








Downloading [pytorch_model.bin]:  98%|█████████▊| 1.22G/1.25G [11:17<00:17, 1.68MB/s][A[A[A[A[A[A[A[A





Downloading [onnx/model.onnx]:  93%|█████████▎| 1.15G/1.25G [11:17<01:04, 1.51MB/s][A[A[A[A[A








Downloading [pytorch_model.bin]:  98%|█████████▊| 1.22G/1.25G [11:18<00:17, 1.59MB/s][A[A[A[A[A[A[A[A





Downloading [onnx/model.onnx]:  93%|█████████▎| 1.16G/1.25G [11:18<01:02, 1.54MB/s][A[A[A[A[A








Downloading [pytorch_model.bin]:  98%|█████████▊| 1.22G/1.25G [11:18<00:15, 1.69MB/s][A[A[A[A[A[A[A[A





Downloading [onnx/model.onnx]:  93%|█████████▎| 1.16G/1.25G [11:19<01:01, 1.54MB/s][A[A[A[A[A








Downloading [pytorch_model.bin]:  98%|█████████▊| 1.22G/1.25G [11:19<00:13, 1.93MB/s][A[A[A[A[A[A[A[A





Downloading [onnx/model.onnx]:  93%|█████████▎| 1.16G/1.25G [11:19<00:55, 1.70MB/s][A[A[A[A[A








Downloading [pytorch_model.bin]:  98%|█████████▊| 1.23G/1.25G [11:19<00:13, 1.87MB/s][A[A[A[A[A[A[A[A





Downloading [onnx/model.onnx]:  93%|█████████▎| 1.16G/1.25G [11:20<00:52, 1.78MB/s][A[A[A[A[A








Downloading [pytorch_model.bin]:  98%|█████████▊| 1.23G/1.25G [11:20<00:12, 1.83MB/s][A[A[A[A[A[A[A[A





Downloading [onnx/model.onnx]:  93%|█████████▎| 1.16G/1.25G [11:20<00:58, 1.59MB/s][A[A[A[A[A








Downloading [pytorch_model.bin]:  98%|█████████▊| 1.23G/1.25G [11:21<00:14, 1.56MB/s][A[A[A[A[A[A[A[A





Downloading [onnx/model.onnx]:  93%|█████████▎| 1.16G/1.25G [11:21<01:02, 1.46MB/s][A[A[A[A[A








Downloading [pytorch_model.bin]:  98%|█████████▊| 1.23G/1.25G [11:22<00:14, 1.49MB/s][A[A[A[A[A[A[A[A





Downloading [onnx/model.onnx]:  93%|█████████▎| 1.16G/1.25G [11:22<00:57, 1.56MB/s][A[A[A[A[A








Downloading [pytorch_model.bin]:  98%|█████████▊| 1.23G/1.25G [11:22<00:12, 1.70MB/s][A[A[A[A[A[A[A[A





Downloading [onnx/model.onnx]:  93%|█████████▎| 1.16G/1.25G [11:22<00:50, 1.76MB/s][A[A[A[A[A








Downloading [pytorch_model.bin]:  99%|█████████▊| 1.23G/1.25G [11:22<00:09, 1.99MB/s][A[A[A[A[A[A[A[A





Downloading [onnx/model.onnx]:  93%|█████████▎| 1.16G/1.25G [11:23<00:41, 2.10MB/s][A[A[A[A[A








Downloading [pytorch_model.bin]:  99%|█████████▊| 1.23G/1.25G [11:23<00:08, 2.22MB/s][A[A[A[A[A[A[A[A





Downloading [onnx/model.onnx]:  93%|█████████▎| 1.16G/1.25G [11:23<00:37, 2.29MB/s][A[A[A[A[A








Downloading [pytorch_model.bin]:  99%|█████████▊| 1.23G/1.25G [11:23<00:06, 2.57MB/s][A[A[A[A[A[A[A[A





Downloading [onnx/model.onnx]:  94%|█████████▎| 1.17G/1.25G [11:23<00:37, 2.28MB/s][A[A[A[A[A








Downloading [pytorch_model.bin]:  99%|█████████▉| 1.23G/1.25G [11:24<00:06, 2.35MB/s][A[A[A[A[A[A[A[A








Downloading [pytorch_model.bin]:  99%|█████████▉| 1.23G/1.25G [11:24<00:06, 2.37MB/s][A[A[A[A[A[A[A[A





Downloading [onnx/model.onnx]:  94%|█████████▎| 1.17G/1.25G [11:24<00:40, 2.08MB/s][A[A[A[A[A








Downloading [pytorch_model.bin]:  99%|█████████▉| 1.24G/1.25G [11:24<00:06, 2.36MB/s][A[A[A[A[A[A[A[A





Downloading [onnx/model.onnx]:  94%|█████████▎| 1.17G/1.25G [11:25<00:41, 2.01MB/s][A[A[A[A[A








Downloading [pytorch_model.bin]:  99%|█████████▉| 1.24G/1.25G [11:25<00:05, 2.57MB/s][A[A[A[A[A[A[A[A





Downloading [onnx/model.onnx]:  94%|█████████▍| 1.17G/1.25G [11:25<00:40, 2.06MB/s][A[A[A[A[A








Downloading [pytorch_model.bin]:  99%|█████████▉| 1.24G/1.25G [11:25<00:05, 2.40MB/s][A[A[A[A[A[A[A[A





Downloading [onnx/model.onnx]:  94%|█████████▍| 1.17G/1.25G [11:26<00:38, 2.14MB/s][A[A[A[A[A








Downloading [pytorch_model.bin]:  99%|█████████▉| 1.24G/1.25G [11:26<00:04, 2.57MB/s][A[A[A[A[A[A[A[A





Downloading [onnx/model.onnx]:  94%|█████████▍| 1.17G/1.25G [11:26<00:38, 2.10MB/s][A[A[A[A[A








Downloading [pytorch_model.bin]:  99%|█████████▉| 1.24G/1.25G [11:26<00:04, 2.39MB/s][A[A[A[A[A[A[A[A





Downloading [onnx/model.onnx]:  94%|█████████▍| 1.17G/1.25G [11:27<00:39, 2.00MB/s][A[A[A[A[A








Downloading [pytorch_model.bin]:  99%|█████████▉| 1.24G/1.25G [11:27<00:04, 2.12MB/s][A[A[A[A[A[A[A[A








Downloading [pytorch_model.bin]:  99%|█████████▉| 1.24G/1.25G [11:27<00:03, 2.41MB/s][A[A[A[A[A[A[A[A





Downloading [onnx/model.onnx]:  94%|█████████▍| 1.17G/1.25G [11:27<00:40, 1.93MB/s][A[A[A[A[A








Downloading [pytorch_model.bin]:  99%|█████████▉| 1.24G/1.25G [11:28<00:03, 2.09MB/s][A[A[A[A[A[A[A[A





Downloading [onnx/model.onnx]:  94%|█████████▍| 1.17G/1.25G [11:28<00:49, 1.55MB/s][A[A[A[A[A








Downloading [pytorch_model.bin]: 100%|█████████▉| 1.24G/1.25G [11:28<00:02, 2.12MB/s][A[A[A[A[A[A[A[A








Downloading [pytorch_model.bin]: 100%|█████████▉| 1.24G/1.25G [11:29<00:02, 2.21MB/s][A[A[A[A[A[A[A[A





Downloading [onnx/model.onnx]:  94%|█████████▍| 1.17G/1.25G [11:29<00:52, 1.46MB/s][A[A[A[A[A








Downloading [pytorch_model.bin]: 100%|█████████▉| 1.25G/1.25G [11:29<00:01, 2.02MB/s][A[A[A[A[A[A[A[A





Downloading [onnx/model.onnx]:  94%|█████████▍| 1.17G/1.25G [11:29<00:44, 1.69MB/s][A[A[A[A[A








Downloading [pytorch_model.bin]: 100%|█████████▉| 1.25G/1.25G [11:30<00:01, 1.88MB/s][A[A[A[A[A[A[A[A





Downloading [onnx/model.onnx]:  94%|█████████▍| 1.18G/1.25G [11:30<00:42, 1.76MB/s][A[A[A[A[A





Downloading [onnx/model.onnx]:  95%|█████████▍| 1.18G/1.25G [11:30<00:37, 1.93MB/s][A[A[A[A[A








Downloading [pytorch_model.bin]: 100%|█████████▉| 1.25G/1.25G [11:30<00:00, 1.88MB/s][A[A[A[A[A[A[A[A





Downloading [onnx/model.onnx]:  95%|█████████▍| 1.18G/1.25G [11:31<00:38, 1.90MB/s][A[A[A[A[A








Downloading [pytorch_model.bin]: 100%|█████████▉| 1.25G/1.25G [11:31<00:00, 1.94MB/s][A[A[A[A[A[A[A[A








Downloading [pytorch_model.bin]: 100%|██████████| 1.25G/1.25G [11:31<00:00, 1.98MB/s][A[A[A[A[A[A[A[A
Downloading [pytorch_model.bin]: 100%|██████████| 1.25G/1.25G [11:31<00:00, 1.94MB/s]

Processing 14 items:  93%|█████████▎| 13.0/14.0 [11:31<02:29, 150s/it]





Downloading [onnx/model.onnx]:  95%|█████████▍| 1.18G/1.25G [11:32<00:43, 1.62MB/s][A[A[A[A[A





Downloading [onnx/model.onnx]:  95%|█████████▍| 1.18G/1.25G [11:33<00:49, 1.41MB/s][A[A[A[A[A





Downloading [onnx/model.onnx]:  95%|█████████▍| 1.18G/1.25G [11:33<00:48, 1.42MB/s][A[A[A[A[A





Downloading [onnx/model.onnx]:  95%|█████████▍| 1.18G/1.25G [11:34<00:47, 1.44MB/s][A[A[A[A[A





Downloading [onnx/model.onnx]:  95%|█████████▍| 1.18G/1.25G [11:35<00:44, 1.52MB/s][A[A[A[A[A





Downloading [onnx/model.onnx]:  95%|█████████▌| 1.18G/1.25G [11:36<00:45, 1.46MB/s][A[A[A[A[A





Downloading [onnx/model.onnx]:  95%|█████████▌| 1.18G/1.25G [11:36<00:37, 1.71MB/s][A[A[A[A[A





Downloading [onnx/model.onnx]:  95%|█████████▌| 1.19G/1.25G [11:36<00:35, 1.80MB/s][A[A[A[A[A





Downloading [onnx/model.onnx]:  95%|█████████▌| 1.19G/1.25G [11:37<00:33, 1.86MB/s][A[A[A[A[A





Downloading [onnx/model.onnx]:  95%|█████████▌| 1.19G/1.25G [11:38<00:35, 1.76MB/s][A[A[A[A[A





Downloading [onnx/model.onnx]:  95%|█████████▌| 1.19G/1.25G [11:38<00:30, 2.01MB/s][A[A[A[A[A





Downloading [onnx/model.onnx]:  96%|█████████▌| 1.19G/1.25G [11:39<00:31, 1.88MB/s][A[A[A[A[A





Downloading [onnx/model.onnx]:  96%|█████████▌| 1.19G/1.25G [11:40<00:52, 1.12MB/s][A[A[A[A[A





Downloading [onnx/model.onnx]:  96%|█████████▌| 1.19G/1.25G [11:41<00:47, 1.22MB/s][A[A[A[A[A





Downloading [onnx/model.onnx]:  96%|█████████▌| 1.19G/1.25G [11:42<00:42, 1.32MB/s][A[A[A[A[A





Downloading [onnx/model.onnx]:  96%|█████████▌| 1.19G/1.25G [11:42<00:35, 1.56MB/s][A[A[A[A[A





Downloading [onnx/model.onnx]:  96%|█████████▌| 1.19G/1.25G [11:43<00:30, 1.77MB/s][A[A[A[A[A





Downloading [onnx/model.onnx]:  96%|█████████▌| 1.20G/1.25G [11:43<00:25, 2.12MB/s][A[A[A[A[A





Downloading [onnx/model.onnx]:  96%|█████████▌| 1.20G/1.25G [11:43<00:24, 2.10MB/s][A[A[A[A[A





Downloading [onnx/model.onnx]:  96%|█████████▌| 1.20G/1.25G [11:44<00:23, 2.22MB/s][A[A[A[A[A





Downloading [onnx/model.onnx]:  96%|█████████▌| 1.20G/1.25G [11:44<00:20, 2.44MB/s][A[A[A[A[A





Downloading [onnx/model.onnx]:  96%|█████████▋| 1.20G/1.25G [11:44<00:19, 2.55MB/s][A[A[A[A[A





Downloading [onnx/model.onnx]:  96%|█████████▋| 1.20G/1.25G [11:45<00:17, 2.81MB/s][A[A[A[A[A





Downloading [onnx/model.onnx]:  96%|█████████▋| 1.20G/1.25G [11:45<00:18, 2.53MB/s][A[A[A[A[A





Downloading [onnx/model.onnx]:  97%|█████████▋| 1.20G/1.25G [11:45<00:15, 2.98MB/s][A[A[A[A[A





Downloading [onnx/model.onnx]:  97%|█████████▋| 1.20G/1.25G [11:46<00:12, 3.51MB/s][A[A[A[A[A





Downloading [onnx/model.onnx]:  97%|█████████▋| 1.20G/1.25G [11:46<00:10, 4.10MB/s][A[A[A[A[A





Downloading [onnx/model.onnx]:  97%|█████████▋| 1.21G/1.25G [11:46<00:13, 3.23MB/s][A[A[A[A[A





Downloading [onnx/model.onnx]:  97%|█████████▋| 1.21G/1.25G [11:47<00:18, 2.29MB/s][A[A[A[A[A





Downloading [onnx/model.onnx]:  97%|█████████▋| 1.21G/1.25G [11:48<00:21, 1.87MB/s][A[A[A[A[A





Downloading [onnx/model.onnx]:  97%|█████████▋| 1.21G/1.25G [11:48<00:20, 1.92MB/s][A[A[A[A[A





Downloading [onnx/model.onnx]:  97%|█████████▋| 1.21G/1.25G [11:49<00:17, 2.20MB/s][A[A[A[A[A





Downloading [onnx/model.onnx]:  97%|█████████▋| 1.21G/1.25G [11:49<00:19, 1.98MB/s][A[A[A[A[A





Downloading [onnx/model.onnx]:  97%|█████████▋| 1.21G/1.25G [11:50<00:17, 2.08MB/s][A[A[A[A[A





Downloading [onnx/model.onnx]:  97%|█████████▋| 1.21G/1.25G [11:50<00:17, 2.02MB/s][A[A[A[A[A





Downloading [onnx/model.onnx]:  97%|█████████▋| 1.21G/1.25G [11:51<00:20, 1.70MB/s][A[A[A[A[A





Downloading [onnx/model.onnx]:  97%|█████████▋| 1.21G/1.25G [11:52<00:21, 1.56MB/s][A[A[A[A[A





Downloading [onnx/model.onnx]:  98%|█████████▊| 1.21G/1.25G [11:52<00:16, 1.95MB/s][A[A[A[A[A





Downloading [onnx/model.onnx]:  98%|█████████▊| 1.22G/1.25G [11:53<00:14, 2.22MB/s][A[A[A[A[A





Downloading [onnx/model.onnx]:  98%|█████████▊| 1.22G/1.25G [11:53<00:14, 2.04MB/s][A[A[A[A[A





Downloading [onnx/model.onnx]:  98%|█████████▊| 1.22G/1.25G [11:53<00:12, 2.33MB/s][A[A[A[A[A





Downloading [onnx/model.onnx]:  98%|█████████▊| 1.22G/1.25G [11:54<00:12, 2.33MB/s][A[A[A[A[A





Downloading [onnx/model.onnx]:  98%|█████████▊| 1.22G/1.25G [11:55<00:13, 1.96MB/s][A[A[A[A[A





Downloading [onnx/model.onnx]:  98%|█████████▊| 1.22G/1.25G [11:55<00:10, 2.46MB/s][A[A[A[A[A





Downloading [onnx/model.onnx]:  98%|█████████▊| 1.22G/1.25G [11:55<00:10, 2.43MB/s][A[A[A[A[A





Downloading [onnx/model.onnx]:  98%|█████████▊| 1.22G/1.25G [11:56<00:08, 2.70MB/s][A[A[A[A[A





Downloading [onnx/model.onnx]:  98%|█████████▊| 1.22G/1.25G [11:56<00:07, 3.04MB/s][A[A[A[A[A





Downloading [onnx/model.onnx]:  98%|█████████▊| 1.22G/1.25G [11:56<00:06, 3.37MB/s][A[A[A[A[A





Downloading [onnx/model.onnx]:  98%|█████████▊| 1.23G/1.25G [11:56<00:06, 3.27MB/s][A[A[A[A[A





Downloading [onnx/model.onnx]:  99%|█████████▊| 1.23G/1.25G [11:57<00:06, 3.25MB/s][A[A[A[A[A





Downloading [onnx/model.onnx]:  99%|█████████▊| 1.23G/1.25G [11:57<00:05, 3.59MB/s][A[A[A[A[A





Downloading [onnx/model.onnx]:  99%|█████████▊| 1.23G/1.25G [11:57<00:05, 3.20MB/s][A[A[A[A[A





Downloading [onnx/model.onnx]:  99%|█████████▉| 1.23G/1.25G [11:58<00:05, 3.18MB/s][A[A[A[A[A





Downloading [onnx/model.onnx]:  99%|█████████▉| 1.23G/1.25G [11:58<00:05, 3.10MB/s][A[A[A[A[A





Downloading [onnx/model.onnx]:  99%|█████████▉| 1.23G/1.25G [11:58<00:04, 3.44MB/s][A[A[A[A[A





Downloading [onnx/model.onnx]:  99%|█████████▉| 1.23G/1.25G [11:58<00:03, 3.93MB/s][A[A[A[A[A





Downloading [onnx/model.onnx]:  99%|█████████▉| 1.23G/1.25G [11:59<00:02, 4.29MB/s][A[A[A[A[A





Downloading [onnx/model.onnx]:  99%|█████████▉| 1.23G/1.25G [11:59<00:02, 4.12MB/s][A[A[A[A[A





Downloading [onnx/model.onnx]:  99%|█████████▉| 1.24G/1.25G [11:59<00:03, 3.15MB/s][A[A[A[A[A





Downloading [onnx/model.onnx]:  99%|█████████▉| 1.24G/1.25G [12:00<00:02, 3.34MB/s][A[A[A[A[A





Downloading [onnx/model.onnx]:  99%|█████████▉| 1.24G/1.25G [12:00<00:02, 3.54MB/s][A[A[A[A[A





Downloading [onnx/model.onnx]:  99%|█████████▉| 1.24G/1.25G [12:00<00:02, 3.60MB/s][A[A[A[A[A





Downloading [onnx/model.onnx]: 100%|█████████▉| 1.24G/1.25G [12:00<00:01, 3.83MB/s][A[A[A[A[A





Downloading [onnx/model.onnx]: 100%|█████████▉| 1.24G/1.25G [12:01<00:01, 4.12MB/s][A[A[A[A[A





Downloading [onnx/model.onnx]: 100%|█████████▉| 1.24G/1.25G [12:01<00:00, 4.35MB/s][A[A[A[A[A





Downloading [onnx/model.onnx]: 100%|█████████▉| 1.24G/1.25G [12:01<00:00, 4.29MB/s][A[A[A[A[A





Downloading [onnx/model.onnx]: 100%|█████████▉| 1.24G/1.25G [12:01<00:00, 3.65MB/s][A[A[A[A[A





Downloading [onnx/model.onnx]: 100%|█████████▉| 1.24G/1.25G [12:02<00:00, 2.96MB/s][A[A[A[A[A





Downloading [onnx/model.onnx]: 100%|██████████| 1.25G/1.25G [12:02<00:00, 3.06MB/s][A[A[A[A[A
Downloading [onnx/model.onnx]: 100%|██████████| 1.25G/1.25G [12:02<00:00, 1.85MB/s]

Processing 14 items: 100%|██████████| 14.0/14.0 [12:02<00:00, 115s/it]
Processing 14 items: 100%|██████████| 14.0/14.0 [12:02<00:00, 51.6s/it]
2026-04-17 01:30:05,657 - modelscope - INFO - Download model 'BAAI/bge-large-en-v1.5' successfully.
2026-04-17 01:30:05,657 - modelscope - INFO - Creating symbolic link [C:\Users\lzjia\.cache\modelscope\BAAI\bge-large-en-v1.5].
[train_retriever] model source: modelscope -> C:\Users\lzjia\.cache\modelscope\BAAI\bge-large-en-v1___5

Loading weights:   0%|          | 0/391 [00:00<?, ?it/s]
Loading weights: 100%|██████████| 391/391 [00:00<00:00, 12459.72it/s]
[1mBertModel LOAD REPORT[0m from: C:\Users\lzjia\.cache\modelscope\BAAI\bge-large-en-v1___5
Key                     | Status     |  | 
------------------------+------------+--+-
embeddings.position_ids | UNEXPECTED |  | 

Notes:
- UNEXPECTED:	can be ignored when loading from different task/architecture; not ok if you expect identical arch.

Computing widget examples:   0%|          | 0/1 [00:00<?, ?example/s]
                                                                     

  0%|          | 0/72 [00:00<?, ?it/s]
  1%|▏         | 1/72 [00:01<01:52,  1.59s/it]
  4%|▍         | 3/72 [00:01<00:34,  2.02it/s]
  6%|▌         | 4/72 [00:01<00:25,  2.70it/s]
  7%|▋         | 5/72 [00:02<00:19,  3.47it/s]
  8%|▊         | 6/72 [00:02<00:15,  4.27it/s]
 10%|▉         | 7/72 [00:02<00:12,  5.05it/s]
 11%|█         | 8/72 [00:02<00:11,  5.75it/s]
 12%|█▎        | 9/72 [00:02<00:10,  6.28it/s]
 14%|█▍        | 10/72 [00:02<00:09,  6.75it/s]
 15%|█▌        | 11/72 [00:02<00:08,  7.14it/s]
 17%|█▋        | 12/72 [00:02<00:08,  7.49it/s]
 18%|█▊        | 13/72 [00:03<00:07,  7.50it/s]
 19%|█▉        | 14/72 [00:03<00:07,  7.42it/s]
 21%|██        | 15/72 [00:03<00:07,  7.36it/s]
 22%|██▏       | 16/72 [00:03<00:07,  7.32it/s]
 24%|██▎       | 17/72 [00:03<00:07,  7.52it/s]
 25%|██▌       | 18/72 [00:03<00:07,  7.45it/s]
 26%|██▋       | 19/72 [00:03<00:06,  7.62it/s]
 28%|██▊       | 20/72 [00:04<00:07,  7.31it/s]
 29%|██▉       | 21/72 [00:04<00:06,  7.55it/s]
 31%|███       | 22/72 [00:04<00:06,  7.53it/s]
 32%|███▏      | 23/72 [00:04<00:06,  7.47it/s]
 33%|███▎      | 24/72 [00:04<00:06,  7.31it/s]
 35%|███▍      | 25/72 [00:04<00:06,  7.40it/s]
 36%|███▌      | 26/72 [00:04<00:06,  7.50it/s]
 38%|███▊      | 27/72 [00:04<00:05,  7.61it/s]
 39%|███▉      | 28/72 [00:05<00:05,  7.75it/s]
 40%|████      | 29/72 [00:05<00:05,  7.63it/s]
 42%|████▏     | 30/72 [00:05<00:05,  7.56it/s]
 43%|████▎     | 31/72 [00:05<00:05,  7.65it/s]
 44%|████▍     | 32/72 [00:05<00:05,  7.44it/s]
 46%|████▌     | 33/72 [00:05<00:04,  7.84it/s]
 47%|████▋     | 34/72 [00:05<00:04,  7.86it/s]
 49%|████▊     | 35/72 [00:05<00:04,  7.98it/s]
 51%|█████▏    | 37/72 [00:06<00:04,  8.32it/s]
 53%|█████▎    | 38/72 [00:06<00:04,  8.30it/s]
 54%|█████▍    | 39/72 [00:06<00:04,  8.00it/s]
 56%|█████▌    | 40/72 [00:06<00:04,  7.88it/s]
 57%|█████▋    | 41/72 [00:06<00:03,  7.95it/s]
 58%|█████▊    | 42/72 [00:06<00:03,  7.85it/s]
 60%|█████▉    | 43/72 [00:06<00:03,  7.70it/s]
 61%|██████    | 44/72 [00:07<00:03,  7.77it/s]
 62%|██████▎   | 45/72 [00:07<00:03,  7.76it/s]
 64%|██████▍   | 46/72 [00:07<00:03,  8.05it/s]
 65%|██████▌   | 47/72 [00:07<00:03,  8.14it/s]
 67%|██████▋   | 48/72 [00:07<00:03,  7.61it/s]
 68%|██████▊   | 49/72 [00:07<00:02,  7.78it/s]
 69%|██████▉   | 50/72 [00:07<00:02,  7.87it/s]
 71%|███████   | 51/72 [00:07<00:02,  8.01it/s]
 72%|███████▏  | 52/72 [00:08<00:02,  8.06it/s]
 74%|███████▎  | 53/72 [00:08<00:02,  7.95it/s]
 75%|███████▌  | 54/72 [00:08<00:02,  7.95it/s]
 76%|███████▋  | 55/72 [00:08<00:02,  7.74it/s]
 78%|███████▊  | 56/72 [00:08<00:01,  8.03it/s]
 79%|███████▉  | 57/72 [00:08<00:01,  7.92it/s]
 81%|████████  | 58/72 [00:08<00:01,  8.04it/s]
 82%|████████▏ | 59/72 [00:08<00:01,  7.82it/s]
 83%|████████▎ | 60/72 [00:09<00:01,  7.96it/s]
 85%|████████▍ | 61/72 [00:09<00:01,  7.77it/s]
 86%|████████▌ | 62/72 [00:09<00:01,  7.69it/s]
 88%|████████▊ | 63/72 [00:09<00:01,  7.73it/s]
 89%|████████▉ | 64/72 [00:09<00:01,  7.47it/s]
 90%|█████████ | 65/72 [00:09<00:00,  7.38it/s]
 92%|█████████▏| 66/72 [00:09<00:00,  7.37it/s]
 93%|█████████▎| 67/72 [00:10<00:00,  7.44it/s]
 94%|█████████▍| 68/72 [00:10<00:00,  7.25it/s]
 96%|█████████▌| 69/72 [00:10<00:00,  6.98it/s]
 97%|█████████▋| 70/72 [00:10<00:00,  7.18it/s]
 99%|█████████▊| 71/72 [00:10<00:00,  7.26it/s]
                                               
{'train_runtime': '10.73', 'train_samples_per_second': '105.1', 'train_steps_per_second': '6.71', 'train_loss': '1.365', 'epoch': '2'}

100%|██████████| 72/72 [00:10<00:00,  7.26it/s]
100%|██████████| 72/72 [00:10<00:00,  6.71it/s]

Writing model shards:   0%|          | 0/1 [00:00<?, ?it/s]
Writing model shards: 100%|██████████| 1/1 [00:07<00:00,  7.25s/it]
Writing model shards: 100%|██████████| 1/1 [00:07<00:00,  7.25s/it]
Saved retriever to: outputs\project_profile_4090\20260417_011705\retriever
[3/10] Train reranker (cross-encoder)
Downloading Model from https://www.modelscope.cn to directory: C:\Users\lzjia\.cache\modelscope\BAAI\bge-reranker-base
[train_reranker] model source: modelscope -> C:\Users\lzjia\.cache\modelscope\BAAI\bge-reranker-base

Loading weights:   0%|          | 0/201 [00:00<?, ?it/s]
Loading weights: 100%|██████████| 201/201 [00:00<00:00, 15722.77it/s]
[1mXLMRobertaForSequenceClassification LOAD REPORT[0m from: C:\Users\lzjia\.cache\modelscope\BAAI\bge-reranker-base
Key                             | Status     |  | 
--------------------------------+------------+--+-
roberta.embeddings.position_ids | UNEXPECTED |  | 

Notes:
- UNEXPECTED:	can be ignored when loading from different task/architecture; not ok if you expect identical arch.

  0%|          | 0/996 [00:00<?, ?it/s]
  0%|          | 1/996 [00:00<04:54,  3.38it/s]
  0%|          | 3/996 [00:00<01:54,  8.69it/s]
  1%|          | 5/996 [00:00<01:26, 11.43it/s]
  1%|          | 7/996 [00:00<01:16, 12.98it/s]
  1%|          | 9/996 [00:00<01:10, 14.08it/s]
  1%|          | 11/996 [00:00<01:05, 15.13it/s]
  1%|▏         | 13/996 [00:01<01:02, 15.73it/s]
  2%|▏         | 15/996 [00:01<01:00, 16.34it/s]
  2%|▏         | 17/996 [00:01<00:58, 16.81it/s]
  2%|▏         | 19/996 [00:01<00:58, 16.78it/s]
  2%|▏         | 21/996 [00:01<00:58, 16.74it/s]
  2%|▏         | 23/996 [00:01<00:57, 17.03it/s]
  3%|▎         | 25/996 [00:01<00:56, 17.27it/s]
  3%|▎         | 27/996 [00:01<00:55, 17.35it/s]
  3%|▎         | 29/996 [00:01<00:55, 17.43it/s]
  3%|▎         | 31/996 [00:02<00:56, 17.23it/s]
  3%|▎         | 33/996 [00:02<00:56, 17.01it/s]
  4%|▎         | 35/996 [00:02<00:57, 16.69it/s]
  4%|▎         | 37/996 [00:02<00:57, 16.57it/s]
  4%|▍         | 39/996 [00:02<00:56, 17.01it/s]
  4%|▍         | 41/996 [00:02<00:56, 17.05it/s]
  4%|▍         | 43/996 [00:02<00:55, 17.11it/s]
  5%|▍         | 45/996 [00:02<00:55, 17.07it/s]
  5%|▍         | 47/996 [00:02<00:55, 16.95it/s]
  5%|▍         | 49/996 [00:03<00:56, 16.89it/s]
  5%|▌         | 51/996 [00:03<00:55, 17.09it/s]
  5%|▌         | 53/996 [00:03<00:55, 17.08it/s]
  6%|▌         | 55/996 [00:03<00:57, 16.51it/s]
  6%|▌         | 57/996 [00:03<00:56, 16.70it/s]
  6%|▌         | 59/996 [00:03<00:55, 16.89it/s]
  6%|▌         | 61/996 [00:03<00:54, 17.03it/s]
  6%|▋         | 63/996 [00:03<00:55, 16.88it/s]
  7%|▋         | 65/996 [00:04<00:54, 17.03it/s]
  7%|▋         | 67/996 [00:04<00:54, 17.16it/s]
  7%|▋         | 69/996 [00:04<00:55, 16.68it/s]
  7%|▋         | 71/996 [00:04<00:55, 16.71it/s]
  7%|▋         | 73/996 [00:04<00:53, 17.13it/s]
  8%|▊         | 75/996 [00:04<00:53, 17.19it/s]
  8%|▊         | 77/996 [00:04<00:52, 17.45it/s]
  8%|▊         | 79/996 [00:04<00:52, 17.52it/s]
  8%|▊         | 81/996 [00:04<00:51, 17.63it/s]
  8%|▊         | 83/996 [00:05<00:51, 17.68it/s]
  9%|▊         | 85/996 [00:05<00:51, 17.65it/s]
  9%|▊         | 87/996 [00:05<00:52, 17.27it/s]
  9%|▉         | 89/996 [00:05<00:53, 17.05it/s]
  9%|▉         | 91/996 [00:05<00:53, 17.00it/s]
  9%|▉         | 93/996 [00:05<00:54, 16.51it/s]
 10%|▉         | 95/996 [00:05<00:53, 16.77it/s]
 10%|▉         | 97/996 [00:05<00:52, 17.00it/s]
 10%|▉         | 99/996 [00:06<00:52, 17.08it/s]
 10%|█         | 101/996 [00:06<00:52, 17.10it/s]
 10%|█         | 103/996 [00:06<00:53, 16.68it/s]
 11%|█         | 105/996 [00:06<00:55, 16.07it/s]
 11%|█         | 107/996 [00:06<00:54, 16.31it/s]
 11%|█         | 109/996 [00:06<00:54, 16.40it/s]
 11%|█         | 111/996 [00:06<00:53, 16.57it/s]
 11%|█▏        | 113/996 [00:06<00:52, 16.72it/s]
 12%|█▏        | 115/996 [00:06<00:51, 16.96it/s]
 12%|█▏        | 117/996 [00:07<00:51, 17.12it/s]
 12%|█▏        | 119/996 [00:07<00:51, 16.96it/s]
 12%|█▏        | 121/996 [00:07<00:51, 16.94it/s]
 12%|█▏        | 123/996 [00:07<00:51, 17.06it/s]
 13%|█▎        | 125/996 [00:07<00:50, 17.23it/s]
 13%|█▎        | 127/996 [00:07<00:50, 17.08it/s]
 13%|█▎        | 129/996 [00:07<00:51, 16.90it/s]
 13%|█▎        | 131/996 [00:07<00:49, 17.32it/s]
 13%|█▎        | 133/996 [00:08<00:49, 17.46it/s]
 14%|█▎        | 135/996 [00:08<00:49, 17.29it/s]
 14%|█▍        | 137/996 [00:08<00:49, 17.36it/s]
 14%|█▍        | 139/996 [00:08<00:50, 17.01it/s]
 14%|█▍        | 141/996 [00:08<00:50, 16.90it/s]
 14%|█▍        | 143/996 [00:08<00:49, 17.13it/s]
 15%|█▍        | 145/996 [00:08<00:49, 17.31it/s]
 15%|█▍        | 147/996 [00:08<00:50, 16.96it/s]
 15%|█▍        | 149/996 [00:08<00:49, 17.17it/s]
 15%|█▌        | 151/996 [00:09<00:48, 17.36it/s]
 15%|█▌        | 153/996 [00:09<00:49, 17.00it/s]
 16%|█▌        | 155/996 [00:09<00:49, 17.02it/s]
 16%|█▌        | 157/996 [00:09<00:49, 16.81it/s]
 16%|█▌        | 159/996 [00:09<00:50, 16.73it/s]
 16%|█▌        | 161/996 [00:09<00:50, 16.70it/s]
 16%|█▋        | 163/996 [00:09<00:49, 16.98it/s]
 17%|█▋        | 165/996 [00:09<00:48, 17.16it/s]
 17%|█▋        | 167/996 [00:10<00:47, 17.39it/s]
 17%|█▋        | 169/996 [00:10<00:47, 17.30it/s]
 17%|█▋        | 171/996 [00:10<00:47, 17.43it/s]
 17%|█▋        | 173/996 [00:10<00:46, 17.51it/s]
 18%|█▊        | 175/996 [00:10<00:46, 17.60it/s]
 18%|█▊        | 177/996 [00:10<00:46, 17.50it/s]
 18%|█▊        | 179/996 [00:10<00:46, 17.55it/s]
 18%|█▊        | 181/996 [00:10<00:46, 17.63it/s]
 18%|█▊        | 183/996 [00:10<00:46, 17.31it/s]
 19%|█▊        | 185/996 [00:11<00:47, 17.03it/s]
 19%|█▉        | 187/996 [00:11<00:46, 17.26it/s]
 19%|█▉        | 189/996 [00:11<00:46, 17.25it/s]
 19%|█▉        | 191/996 [00:11<00:46, 17.47it/s]
 19%|█▉        | 193/996 [00:11<00:46, 17.36it/s]
 20%|█▉        | 195/996 [00:11<00:46, 17.12it/s]
 20%|█▉        | 197/996 [00:11<00:46, 17.34it/s]
 20%|█▉        | 199/996 [00:11<00:46, 17.07it/s]
 20%|██        | 201/996 [00:12<00:46, 16.98it/s]
 20%|██        | 203/996 [00:12<00:46, 17.23it/s]
 21%|██        | 205/996 [00:12<00:46, 17.05it/s]
 21%|██        | 207/996 [00:12<00:47, 16.59it/s]
 21%|██        | 209/996 [00:12<00:47, 16.48it/s]
 21%|██        | 211/996 [00:12<00:47, 16.67it/s]
 21%|██▏       | 213/996 [00:12<00:47, 16.55it/s]
 22%|██▏       | 215/996 [00:12<00:47, 16.45it/s]
 22%|██▏       | 217/996 [00:12<00:46, 16.88it/s]
 22%|██▏       | 219/996 [00:13<00:46, 16.64it/s]
 22%|██▏       | 221/996 [00:13<00:46, 16.62it/s]
 22%|██▏       | 223/996 [00:13<00:45, 16.92it/s]
 23%|██▎       | 225/996 [00:13<00:45, 16.83it/s]
 23%|██▎       | 227/996 [00:13<00:45, 17.09it/s]
 23%|██▎       | 229/996 [00:13<00:46, 16.57it/s]
 23%|██▎       | 231/996 [00:13<00:45, 16.81it/s]
 23%|██▎       | 233/996 [00:13<00:45, 16.87it/s]
 24%|██▎       | 235/996 [00:14<00:44, 17.09it/s]
 24%|██▍       | 237/996 [00:14<00:44, 17.13it/s]
 24%|██▍       | 239/996 [00:14<00:43, 17.24it/s]
 24%|██▍       | 241/996 [00:14<00:43, 17.20it/s]
 24%|██▍       | 243/996 [00:14<00:43, 17.30it/s]
 25%|██▍       | 245/996 [00:14<00:43, 17.36it/s]
 25%|██▍       | 247/996 [00:14<00:43, 17.36it/s]
 25%|██▌       | 249/996 [00:14<00:43, 16.99it/s]
 25%|██▌       | 251/996 [00:14<00:44, 16.63it/s]
 25%|██▌       | 253/996 [00:15<00:43, 16.94it/s]
 26%|██▌       | 255/996 [00:15<00:43, 16.94it/s]
 26%|██▌       | 257/996 [00:15<00:43, 16.84it/s]
 26%|██▌       | 259/996 [00:15<00:44, 16.61it/s]
 26%|██▌       | 261/996 [00:15<00:44, 16.46it/s]
 26%|██▋       | 263/996 [00:15<00:44, 16.55it/s]
 27%|██▋       | 265/996 [00:15<00:43, 16.90it/s]
 27%|██▋       | 267/996 [00:15<00:44, 16.54it/s]
 27%|██▋       | 269/996 [00:16<00:43, 16.80it/s]
 27%|██▋       | 271/996 [00:16<00:43, 16.58it/s]
 27%|██▋       | 273/996 [00:16<00:43, 16.62it/s]
 28%|██▊       | 275/996 [00:16<00:42, 16.77it/s]
 28%|██▊       | 277/996 [00:16<00:42, 16.83it/s]
 28%|██▊       | 279/996 [00:16<00:41, 17.11it/s]
 28%|██▊       | 281/996 [00:16<00:41, 17.13it/s]
 28%|██▊       | 283/996 [00:16<00:41, 17.10it/s]
 29%|██▊       | 285/996 [00:16<00:42, 16.79it/s]
 29%|██▉       | 287/996 [00:17<00:41, 16.89it/s]
 29%|██▉       | 289/996 [00:17<00:42, 16.76it/s]
 29%|██▉       | 291/996 [00:17<00:41, 16.89it/s]
 29%|██▉       | 293/996 [00:17<00:41, 17.08it/s]
 30%|██▉       | 295/996 [00:17<00:41, 17.04it/s]
 30%|██▉       | 297/996 [00:17<00:41, 16.91it/s]
 30%|███       | 299/996 [00:17<00:40, 17.20it/s]
 30%|███       | 301/996 [00:17<00:40, 17.08it/s]
 30%|███       | 303/996 [00:18<00:40, 17.22it/s]
 31%|███       | 305/996 [00:18<00:39, 17.37it/s]
 31%|███       | 307/996 [00:18<00:40, 17.04it/s]
 31%|███       | 309/996 [00:18<00:40, 17.05it/s]
 31%|███       | 311/996 [00:18<00:40, 16.85it/s]
 31%|███▏      | 313/996 [00:18<00:40, 16.98it/s]
 32%|███▏      | 315/996 [00:18<00:39, 17.03it/s]
 32%|███▏      | 317/996 [00:18<00:40, 16.63it/s]
 32%|███▏      | 319/996 [00:18<00:40, 16.56it/s]
 32%|███▏      | 321/996 [00:19<00:40, 16.72it/s]
 32%|███▏      | 323/996 [00:19<00:40, 16.79it/s]
 33%|███▎      | 325/996 [00:19<00:40, 16.58it/s]
 33%|███▎      | 327/996 [00:19<00:39, 16.89it/s]
 33%|███▎      | 329/996 [00:19<00:40, 16.63it/s]
 33%|███▎      | 331/996 [00:19<00:39, 16.89it/s]
 33%|███▎      | 333/996 [00:19<00:39, 16.86it/s]
 34%|███▎      | 335/996 [00:19<00:38, 16.98it/s]
 34%|███▍      | 337/996 [00:20<00:38, 17.26it/s]
 34%|███▍      | 339/996 [00:20<00:38, 17.03it/s]
 34%|███▍      | 341/996 [00:20<00:38, 17.00it/s]
 34%|███▍      | 343/996 [00:20<00:37, 17.19it/s]
 35%|███▍      | 345/996 [00:20<00:38, 17.10it/s]
 35%|███▍      | 347/996 [00:20<00:37, 17.10it/s]
 35%|███▌      | 349/996 [00:20<00:37, 17.17it/s]
 35%|███▌      | 351/996 [00:20<00:37, 17.04it/s]
 35%|███▌      | 353/996 [00:20<00:37, 17.19it/s]
 36%|███▌      | 355/996 [00:21<00:37, 17.06it/s]
 36%|███▌      | 357/996 [00:21<00:38, 16.68it/s]
 36%|███▌      | 359/996 [00:21<00:38, 16.42it/s]
 36%|███▌      | 361/996 [00:21<00:38, 16.33it/s]
 36%|███▋      | 363/996 [00:21<00:39, 16.20it/s]
 37%|███▋      | 365/996 [00:21<00:38, 16.44it/s]
 37%|███▋      | 367/996 [00:21<00:38, 16.51it/s]
 37%|███▋      | 369/996 [00:21<00:36, 16.96it/s]
 37%|███▋      | 371/996 [00:22<00:36, 16.98it/s]
 37%|███▋      | 373/996 [00:22<00:36, 17.23it/s]
 38%|███▊      | 375/996 [00:22<00:35, 17.47it/s]
 38%|███▊      | 377/996 [00:22<00:35, 17.39it/s]
 38%|███▊      | 379/996 [00:22<00:35, 17.31it/s]
 38%|███▊      | 381/996 [00:22<00:35, 17.56it/s]
 38%|███▊      | 383/996 [00:22<00:34, 17.69it/s]
 39%|███▊      | 385/996 [00:22<00:34, 17.79it/s]
 39%|███▉      | 387/996 [00:22<00:34, 17.73it/s]
 39%|███▉      | 389/996 [00:23<00:34, 17.44it/s]
 39%|███▉      | 391/996 [00:23<00:34, 17.43it/s]
 39%|███▉      | 393/996 [00:23<00:34, 17.25it/s]
 40%|███▉      | 395/996 [00:23<00:34, 17.47it/s]
 40%|███▉      | 397/996 [00:23<00:34, 17.48it/s]
 40%|████      | 399/996 [00:23<00:33, 17.64it/s]
 40%|████      | 401/996 [00:23<00:34, 17.20it/s]
 40%|████      | 403/996 [00:23<00:34, 16.95it/s]
 41%|████      | 405/996 [00:24<00:34, 17.00it/s]
 41%|████      | 407/996 [00:24<00:35, 16.71it/s]
 41%|████      | 409/996 [00:24<00:35, 16.54it/s]
 41%|████▏     | 411/996 [00:24<00:35, 16.56it/s]
 41%|████▏     | 413/996 [00:24<00:34, 16.97it/s]
 42%|████▏     | 415/996 [00:24<00:34, 16.83it/s]
 42%|████▏     | 417/996 [00:24<00:34, 16.98it/s]
 42%|████▏     | 419/996 [00:24<00:33, 17.12it/s]
 42%|████▏     | 421/996 [00:24<00:33, 17.26it/s]
 42%|████▏     | 423/996 [00:25<00:33, 17.18it/s]
 43%|████▎     | 425/996 [00:25<00:33, 17.23it/s]
 43%|████▎     | 427/996 [00:25<00:33, 17.19it/s]
 43%|████▎     | 429/996 [00:25<00:33, 16.97it/s]
 43%|████▎     | 431/996 [00:25<00:33, 16.96it/s]
 43%|████▎     | 433/996 [00:25<00:33, 16.99it/s]
 44%|████▎     | 435/996 [00:25<00:33, 16.74it/s]
 44%|████▍     | 437/996 [00:25<00:32, 17.12it/s]
 44%|████▍     | 439/996 [00:26<00:32, 17.22it/s]
 44%|████▍     | 441/996 [00:26<00:32, 17.22it/s]
 44%|████▍     | 443/996 [00:26<00:32, 17.12it/s]
 45%|████▍     | 445/996 [00:26<00:32, 16.71it/s]
 45%|████▍     | 447/996 [00:26<00:32, 16.65it/s]
 45%|████▌     | 449/996 [00:26<00:32, 16.68it/s]
 45%|████▌     | 451/996 [00:26<00:32, 16.81it/s]
 45%|████▌     | 453/996 [00:26<00:32, 16.82it/s]
 46%|████▌     | 455/996 [00:26<00:31, 16.95it/s]
 46%|████▌     | 457/996 [00:27<00:31, 16.93it/s]
 46%|████▌     | 459/996 [00:27<00:32, 16.78it/s]
 46%|████▋     | 461/996 [00:27<00:32, 16.69it/s]
 46%|████▋     | 463/996 [00:27<00:31, 16.85it/s]
 47%|████▋     | 465/996 [00:27<00:31, 17.03it/s]
 47%|████▋     | 467/996 [00:27<00:31, 16.91it/s]
 47%|████▋     | 469/996 [00:27<00:31, 16.92it/s]
 47%|████▋     | 471/996 [00:27<00:31, 16.88it/s]
 47%|████▋     | 473/996 [00:28<00:30, 17.07it/s]
 48%|████▊     | 475/996 [00:28<00:30, 16.89it/s]
 48%|████▊     | 477/996 [00:28<00:30, 16.92it/s]
 48%|████▊     | 479/996 [00:28<00:30, 17.14it/s]
 48%|████▊     | 481/996 [00:28<00:30, 17.03it/s]
 48%|████▊     | 483/996 [00:28<00:30, 16.96it/s]
 49%|████▊     | 485/996 [00:28<00:29, 17.16it/s]
 49%|████▉     | 487/996 [00:28<00:29, 17.12it/s]
 49%|████▉     | 489/996 [00:28<00:29, 17.01it/s]
 49%|████▉     | 491/996 [00:29<00:29, 16.96it/s]
 49%|████▉     | 493/996 [00:29<00:29, 16.91it/s]
 50%|████▉     | 495/996 [00:29<00:29, 17.01it/s]
 50%|████▉     | 497/996 [00:29<00:29, 16.69it/s]
 50%|█████     | 499/996 [00:29<00:29, 17.08it/s]
                                                 
{'loss': '0.1749', 'grad_norm': '5.076', 'learning_rate': '9.96e-06', 'epoch': '1.004'}

 50%|█████     | 500/996 [00:29<00:29, 17.08it/s]
 50%|█████     | 501/996 [00:29<00:29, 17.04it/s]
 51%|█████     | 503/996 [00:29<00:28, 17.15it/s]
 51%|█████     | 505/996 [00:29<00:28, 17.18it/s]
 51%|█████     | 507/996 [00:30<00:28, 17.01it/s]
 51%|█████     | 509/996 [00:30<00:29, 16.67it/s]
 51%|█████▏    | 511/996 [00:30<00:29, 16.29it/s]
 52%|█████▏    | 513/996 [00:30<00:30, 16.08it/s]
 52%|█████▏    | 515/996 [00:30<00:29, 16.49it/s]
 52%|█████▏    | 517/996 [00:30<00:28, 16.54it/s]
 52%|█████▏    | 519/996 [00:30<00:28, 16.93it/s]
 52%|█████▏    | 521/996 [00:30<00:27, 17.08it/s]
 53%|█████▎    | 523/996 [00:31<00:27, 17.21it/s]
 53%|█████▎    | 525/996 [00:31<00:27, 17.38it/s]
 53%|█████▎    | 527/996 [00:31<00:27, 17.29it/s]
 53%|█████▎    | 529/996 [00:31<00:27, 17.09it/s]
 53%|█████▎    | 531/996 [00:31<00:27, 17.11it/s]
 54%|█████▎    | 533/996 [00:31<00:27, 16.76it/s]
 54%|█████▎    | 535/996 [00:31<00:27, 16.62it/s]
 54%|█████▍    | 537/996 [00:31<00:27, 16.88it/s]
 54%|█████▍    | 539/996 [00:31<00:27, 16.87it/s]
 54%|█████▍    | 541/996 [00:32<00:26, 16.86it/s]
 55%|█████▍    | 543/996 [00:32<00:26, 16.82it/s]
 55%|█████▍    | 545/996 [00:32<00:27, 16.58it/s]
 55%|█████▍    | 547/996 [00:32<00:26, 16.76it/s]
 55%|█████▌    | 549/996 [00:32<00:26, 16.81it/s]
 55%|█████▌    | 551/996 [00:32<00:26, 16.61it/s]
 56%|█████▌    | 553/996 [00:32<00:26, 16.70it/s]
 56%|█████▌    | 555/996 [00:32<00:26, 16.82it/s]
 56%|█████▌    | 557/996 [00:33<00:26, 16.85it/s]
 56%|█████▌    | 559/996 [00:33<00:25, 16.94it/s]
 56%|█████▋    | 561/996 [00:33<00:26, 16.71it/s]
 57%|█████▋    | 563/996 [00:33<00:25, 16.77it/s]
 57%|█████▋    | 565/996 [00:33<00:25, 16.77it/s]
 57%|█████▋    | 567/996 [00:33<00:26, 16.34it/s]
 57%|█████▋    | 569/996 [00:33<00:25, 16.47it/s]
 57%|█████▋    | 571/996 [00:33<00:25, 16.76it/s]
 58%|█████▊    | 573/996 [00:33<00:24, 17.09it/s]
 58%|█████▊    | 575/996 [00:34<00:24, 17.35it/s]
 58%|█████▊    | 577/996 [00:34<00:24, 17.23it/s]
 58%|█████▊    | 579/996 [00:34<00:23, 17.43it/s]
 58%|█████▊    | 581/996 [00:34<00:24, 17.09it/s]
 59%|█████▊    | 583/996 [00:34<00:23, 17.31it/s]
 59%|█████▊    | 585/996 [00:34<00:23, 17.15it/s]
 59%|█████▉    | 587/996 [00:34<00:23, 17.07it/s]
 59%|█████▉    | 589/996 [00:34<00:23, 17.01it/s]
 59%|█████▉    | 591/996 [00:35<00:23, 17.05it/s]
 60%|█████▉    | 593/996 [00:35<00:24, 16.78it/s]
 60%|█████▉    | 595/996 [00:35<00:24, 16.67it/s]
 60%|█████▉    | 597/996 [00:35<00:23, 16.88it/s]
 60%|██████    | 599/996 [00:35<00:23, 17.24it/s]
 60%|██████    | 601/996 [00:35<00:22, 17.18it/s]
 61%|██████    | 603/996 [00:35<00:23, 17.00it/s]
 61%|██████    | 605/996 [00:35<00:22, 17.08it/s]
 61%|██████    | 607/996 [00:35<00:22, 17.18it/s]
 61%|██████    | 609/996 [00:36<00:22, 17.31it/s]
 61%|██████▏   | 611/996 [00:36<00:22, 17.33it/s]
 62%|██████▏   | 613/996 [00:36<00:22, 16.97it/s]
 62%|██████▏   | 615/996 [00:36<00:22, 16.70it/s]
 62%|██████▏   | 617/996 [00:36<00:22, 16.92it/s]
 62%|██████▏   | 619/996 [00:36<00:22, 16.91it/s]
 62%|██████▏   | 621/996 [00:36<00:22, 17.02it/s]
 63%|██████▎   | 623/996 [00:36<00:21, 17.05it/s]
 63%|██████▎   | 625/996 [00:37<00:21, 17.22it/s]
 63%|██████▎   | 627/996 [00:37<00:21, 17.16it/s]
 63%|██████▎   | 629/996 [00:37<00:21, 17.09it/s]
 63%|██████▎   | 631/996 [00:37<00:21, 16.88it/s]
 64%|██████▎   | 633/996 [00:37<00:20, 17.34it/s]
 64%|██████▍   | 635/996 [00:37<00:20, 17.46it/s]
 64%|██████▍   | 637/996 [00:37<00:20, 17.37it/s]
 64%|██████▍   | 639/996 [00:37<00:20, 17.61it/s]
 64%|██████▍   | 641/996 [00:37<00:20, 17.61it/s]
 65%|██████▍   | 643/996 [00:38<00:20, 17.16it/s]
 65%|██████▍   | 645/996 [00:38<00:20, 17.08it/s]
 65%|██████▍   | 647/996 [00:38<00:20, 16.81it/s]
 65%|██████▌   | 649/996 [00:38<00:20, 16.53it/s]
 65%|██████▌   | 651/996 [00:38<00:20, 16.44it/s]
 66%|██████▌   | 653/996 [00:38<00:20, 16.83it/s]
 66%|██████▌   | 655/996 [00:38<00:19, 17.25it/s]
 66%|██████▌   | 657/996 [00:38<00:19, 17.13it/s]
 66%|██████▌   | 659/996 [00:39<00:19, 17.30it/s]
 66%|██████▋   | 661/996 [00:39<00:19, 17.47it/s]
 67%|██████▋   | 663/996 [00:39<00:18, 17.67it/s]
 67%|██████▋   | 665/996 [00:39<00:19, 17.12it/s]
 67%|██████▋   | 667/996 [00:39<00:19, 16.73it/s]
 67%|██████▋   | 669/996 [00:39<00:19, 16.65it/s]
 67%|██████▋   | 671/996 [00:39<00:19, 16.95it/s]
 68%|██████▊   | 673/996 [00:39<00:18, 17.19it/s]
 68%|██████▊   | 675/996 [00:39<00:18, 17.19it/s]
 68%|██████▊   | 677/996 [00:40<00:18, 17.39it/s]
 68%|██████▊   | 679/996 [00:40<00:18, 17.25it/s]
 68%|██████▊   | 681/996 [00:40<00:18, 17.17it/s]
 69%|██████▊   | 683/996 [00:40<00:18, 17.32it/s]
 69%|██████▉   | 685/996 [00:40<00:18, 17.05it/s]
 69%|██████▉   | 687/996 [00:40<00:17, 17.19it/s]
 69%|██████▉   | 689/996 [00:40<00:17, 17.22it/s]
 69%|██████▉   | 691/996 [00:40<00:17, 17.36it/s]
 70%|██████▉   | 693/996 [00:40<00:17, 16.84it/s]
 70%|██████▉   | 695/996 [00:41<00:17, 16.87it/s]
 70%|██████▉   | 697/996 [00:41<00:17, 16.86it/s]
 70%|███████   | 699/996 [00:41<00:17, 16.75it/s]
 70%|███████   | 701/996 [00:41<00:17, 17.07it/s]
 71%|███████   | 703/996 [00:41<00:17, 17.23it/s]
 71%|███████   | 705/996 [00:41<00:16, 17.20it/s]
 71%|███████   | 707/996 [00:41<00:16, 17.49it/s]
 71%|███████   | 709/996 [00:41<00:16, 17.34it/s]
 71%|███████▏  | 711/996 [00:42<00:16, 17.34it/s]
 72%|███████▏  | 713/996 [00:42<00:16, 17.03it/s]
 72%|███████▏  | 715/996 [00:42<00:16, 16.64it/s]
 72%|███████▏  | 717/996 [00:42<00:16, 16.58it/s]
 72%|███████▏  | 719/996 [00:42<00:16, 16.74it/s]
 72%|███████▏  | 721/996 [00:42<00:16, 16.66it/s]
 73%|███████▎  | 723/996 [00:42<00:16, 16.96it/s]
 73%|███████▎  | 725/996 [00:42<00:15, 17.07it/s]
 73%|███████▎  | 727/996 [00:42<00:15, 17.02it/s]
 73%|███████▎  | 729/996 [00:43<00:15, 16.86it/s]
 73%|███████▎  | 731/996 [00:43<00:15, 17.05it/s]
 74%|███████▎  | 733/996 [00:43<00:15, 17.04it/s]
 74%|███████▍  | 735/996 [00:43<00:15, 17.36it/s]
 74%|███████▍  | 737/996 [00:43<00:15, 17.17it/s]
 74%|███████▍  | 739/996 [00:43<00:15, 17.11it/s]
 74%|███████▍  | 741/996 [00:43<00:14, 17.17it/s]
 75%|███████▍  | 743/996 [00:43<00:14, 17.31it/s]
 75%|███████▍  | 745/996 [00:44<00:14, 17.27it/s]
 75%|███████▌  | 747/996 [00:44<00:14, 17.11it/s]
 75%|███████▌  | 749/996 [00:44<00:14, 17.28it/s]
 75%|███████▌  | 751/996 [00:44<00:14, 17.26it/s]
 76%|███████▌  | 753/996 [00:44<00:14, 16.94it/s]
 76%|███████▌  | 755/996 [00:44<00:13, 17.24it/s]
 76%|███████▌  | 757/996 [00:44<00:14, 17.01it/s]
 76%|███████▌  | 759/996 [00:44<00:13, 17.09it/s]
 76%|███████▋  | 761/996 [00:44<00:13, 17.25it/s]
 77%|███████▋  | 763/996 [00:45<00:13, 17.14it/s]
 77%|███████▋  | 765/996 [00:45<00:13, 17.08it/s]
 77%|███████▋  | 767/996 [00:45<00:13, 17.05it/s]
 77%|███████▋  | 769/996 [00:45<00:13, 17.18it/s]
 77%|███████▋  | 771/996 [00:45<00:13, 16.86it/s]
 78%|███████▊  | 773/996 [00:45<00:13, 16.72it/s]
 78%|███████▊  | 775/996 [00:45<00:13, 16.68it/s]
 78%|███████▊  | 777/996 [00:45<00:13, 16.54it/s]
 78%|███████▊  | 779/996 [00:46<00:12, 16.74it/s]
 78%|███████▊  | 781/996 [00:46<00:12, 16.64it/s]
 79%|███████▊  | 783/996 [00:46<00:12, 16.72it/s]
 79%|███████▉  | 785/996 [00:46<00:12, 16.68it/s]
 79%|███████▉  | 787/996 [00:46<00:12, 16.44it/s]
 79%|███████▉  | 789/996 [00:46<00:12, 16.87it/s]
 79%|███████▉  | 791/996 [00:46<00:12, 16.90it/s]
 80%|███████▉  | 793/996 [00:46<00:11, 17.20it/s]
 80%|███████▉  | 795/996 [00:46<00:11, 17.38it/s]
 80%|████████  | 797/996 [00:47<00:11, 17.03it/s]
 80%|████████  | 799/996 [00:47<00:11, 16.99it/s]
 80%|████████  | 801/996 [00:47<00:11, 17.10it/s]
 81%|████████  | 803/996 [00:47<00:11, 16.90it/s]
 81%|████████  | 805/996 [00:47<00:11, 16.94it/s]
 81%|████████  | 807/996 [00:47<00:11, 17.01it/s]
 81%|████████  | 809/996 [00:47<00:10, 17.11it/s]
 81%|████████▏ | 811/996 [00:47<00:10, 17.33it/s]
 82%|████████▏ | 813/996 [00:48<00:10, 17.26it/s]
 82%|████████▏ | 815/996 [00:48<00:10, 17.35it/s]
 82%|████████▏ | 817/996 [00:48<00:10, 17.03it/s]
 82%|████████▏ | 819/996 [00:48<00:10, 16.87it/s]
 82%|████████▏ | 821/996 [00:48<00:10, 17.03it/s]
 83%|████████▎ | 823/996 [00:48<00:10, 17.07it/s]
 83%|████████▎ | 825/996 [00:48<00:10, 17.03it/s]
 83%|████████▎ | 827/996 [00:48<00:10, 16.81it/s]
 83%|████████▎ | 829/996 [00:48<00:09, 16.95it/s]
 83%|████████▎ | 831/996 [00:49<00:09, 16.90it/s]
 84%|████████▎ | 833/996 [00:49<00:09, 16.90it/s]
 84%|████████▍ | 835/996 [00:49<00:09, 17.00it/s]
 84%|████████▍ | 837/996 [00:49<00:09, 16.96it/s]
 84%|████████▍ | 839/996 [00:49<00:09, 16.98it/s]
 84%|████████▍ | 841/996 [00:49<00:09, 17.07it/s]
 85%|████████▍ | 843/996 [00:49<00:08, 17.14it/s]
 85%|████████▍ | 845/996 [00:49<00:08, 16.90it/s]
 85%|████████▌ | 847/996 [00:50<00:08, 16.88it/s]
 85%|████████▌ | 849/996 [00:50<00:08, 16.62it/s]
 85%|████████▌ | 851/996 [00:50<00:08, 17.07it/s]
 86%|████████▌ | 853/996 [00:50<00:08, 16.94it/s]
 86%|████████▌ | 855/996 [00:50<00:08, 17.15it/s]
 86%|████████▌ | 857/996 [00:50<00:08, 17.11it/s]
 86%|████████▌ | 859/996 [00:50<00:07, 17.26it/s]
 86%|████████▋ | 861/996 [00:50<00:07, 17.24it/s]
 87%|████████▋ | 863/996 [00:50<00:07, 17.09it/s]
 87%|████████▋ | 865/996 [00:51<00:07, 17.49it/s]
 87%|████████▋ | 867/996 [00:51<00:07, 17.22it/s]
 87%|████████▋ | 869/996 [00:51<00:07, 17.07it/s]
 87%|████████▋ | 871/996 [00:51<00:07, 17.26it/s]
 88%|████████▊ | 873/996 [00:51<00:07, 16.99it/s]
 88%|████████▊ | 875/996 [00:51<00:07, 16.77it/s]
 88%|████████▊ | 877/996 [00:51<00:07, 16.85it/s]
 88%|████████▊ | 879/996 [00:51<00:06, 16.74it/s]
 88%|████████▊ | 881/996 [00:52<00:06, 16.91it/s]
 89%|████████▊ | 883/996 [00:52<00:06, 16.80it/s]
 89%|████████▉ | 885/996 [00:52<00:06, 16.76it/s]
 89%|████████▉ | 887/996 [00:52<00:06, 17.01it/s]
 89%|████████▉ | 889/996 [00:52<00:06, 16.76it/s]
 89%|████████▉ | 891/996 [00:52<00:06, 17.06it/s]
 90%|████████▉ | 893/996 [00:52<00:05, 17.22it/s]
 90%|████████▉ | 895/996 [00:52<00:05, 17.55it/s]
 90%|█████████ | 897/996 [00:52<00:05, 17.45it/s]
 90%|█████████ | 899/996 [00:53<00:05, 17.33it/s]
 90%|█████████ | 901/996 [00:53<00:05, 17.29it/s]
 91%|█████████ | 903/996 [00:53<00:05, 17.37it/s]
 91%|█████████ | 905/996 [00:53<00:05, 17.40it/s]
 91%|█████████ | 907/996 [00:53<00:05, 17.61it/s]
 91%|█████████▏| 909/996 [00:53<00:05, 16.95it/s]
 91%|█████████▏| 911/996 [00:53<00:04, 17.29it/s]
 92%|█████████▏| 913/996 [00:53<00:04, 17.11it/s]
 92%|█████████▏| 915/996 [00:54<00:04, 17.10it/s]
 92%|█████████▏| 917/996 [00:54<00:04, 17.12it/s]
 92%|█████████▏| 919/996 [00:54<00:04, 17.00it/s]
 92%|█████████▏| 921/996 [00:54<00:04, 17.06it/s]
 93%|█████████▎| 923/996 [00:54<00:04, 16.89it/s]
 93%|█████████▎| 925/996 [00:54<00:04, 16.98it/s]
 93%|█████████▎| 927/996 [00:54<00:04, 17.12it/s]
 93%|█████████▎| 929/996 [00:54<00:03, 17.29it/s]
 93%|█████████▎| 931/996 [00:54<00:03, 17.51it/s]
 94%|█████████▎| 933/996 [00:55<00:03, 17.63it/s]
 94%|█████████▍| 935/996 [00:55<00:03, 16.91it/s]
 94%|█████████▍| 937/996 [00:55<00:03, 16.92it/s]
 94%|█████████▍| 939/996 [00:55<00:03, 16.53it/s]
 94%|█████████▍| 941/996 [00:55<00:03, 16.52it/s]
 95%|█████████▍| 943/996 [00:55<00:03, 16.77it/s]
 95%|█████████▍| 945/996 [00:55<00:03, 16.93it/s]
 95%|█████████▌| 947/996 [00:55<00:02, 17.08it/s]
 95%|█████████▌| 949/996 [00:56<00:02, 16.73it/s]
 95%|█████████▌| 951/996 [00:56<00:02, 16.74it/s]
 96%|█████████▌| 953/996 [00:56<00:02, 16.83it/s]
 96%|█████████▌| 955/996 [00:56<00:02, 16.62it/s]
 96%|█████████▌| 957/996 [00:56<00:02, 16.76it/s]
 96%|█████████▋| 959/996 [00:56<00:02, 16.76it/s]
 96%|█████████▋| 961/996 [00:56<00:02, 17.02it/s]
 97%|█████████▋| 963/996 [00:56<00:01, 17.23it/s]
 97%|█████████▋| 965/996 [00:56<00:01, 17.17it/s]
 97%|█████████▋| 967/996 [00:57<00:01, 17.12it/s]
 97%|█████████▋| 969/996 [00:57<00:01, 17.10it/s]
 97%|█████████▋| 971/996 [00:57<00:01, 16.86it/s]
 98%|█████████▊| 973/996 [00:57<00:01, 16.74it/s]
 98%|█████████▊| 975/996 [00:57<00:01, 16.65it/s]
 98%|█████████▊| 977/996 [00:57<00:01, 16.95it/s]
 98%|█████████▊| 979/996 [00:57<00:01, 16.73it/s]
 98%|█████████▊| 981/996 [00:57<00:00, 17.11it/s]
 99%|█████████▊| 983/996 [00:58<00:00, 17.22it/s]
 99%|█████████▉| 985/996 [00:58<00:00, 17.06it/s]
 99%|█████████▉| 987/996 [00:58<00:00, 17.22it/s]
 99%|█████████▉| 989/996 [00:58<00:00, 16.75it/s]
 99%|█████████▉| 991/996 [00:58<00:00, 16.96it/s]
100%|█████████▉| 993/996 [00:58<00:00, 17.15it/s]
100%|█████████▉| 995/996 [00:58<00:00, 17.21it/s]
                                                 
{'train_runtime': '58.82', 'train_samples_per_second': '270.8', 'train_steps_per_second': '16.93', 'train_loss': '0.1417', 'epoch': '2'}

100%|██████████| 996/996 [00:58<00:00, 17.21it/s]
100%|██████████| 996/996 [00:58<00:00, 16.93it/s]

Writing model shards:   0%|          | 0/1 [00:00<?, ?it/s]
Writing model shards: 100%|██████████| 1/1 [00:06<00:00,  6.09s/it]
Writing model shards: 100%|██████████| 1/1 [00:06<00:00,  6.09s/it]
Saved reranker to: outputs\project_profile_4090\20260417_011705\reranker
[4/10] Train answerability classifier
[DenseEncoder] model source: local -> outputs\project_profile_4090\20260417_011705\retriever

Loading weights:   0%|          | 0/391 [00:00<?, ?it/s]
Loading weights: 100%|██████████| 391/391 [00:00<00:00, 15337.31it/s]
[CrossEncoderReranker] model source: local -> outputs\project_profile_4090\20260417_011705\reranker

Loading weights:   0%|          | 0/201 [00:00<?, ?it/s]
Loading weights: 100%|██████████| 201/201 [00:00<00:00, 15105.00it/s]
Saved answerability model to: outputs\project_profile_4090\20260417_011705\answerability\model.joblib
[5/10] Calibrate abstain threshold on DocVQA test (dev usage)
[DenseEncoder] model source: local -> outputs\project_profile_4090\20260417_011705\retriever

Loading weights:   0%|          | 0/391 [00:00<?, ?it/s]
Loading weights: 100%|██████████| 391/391 [00:00<00:00, 16638.15it/s]
[CrossEncoderReranker] model source: local -> outputs\project_profile_4090\20260417_011705\reranker

Loading weights:   0%|          | 0/201 [00:00<?, ?it/s]
Loading weights: 100%|██████████| 201/201 [00:00<00:00, 15189.63it/s]
{"threshold": 0.78, "balanced_acc": 0.55625, "answerable_acc": 0.6125, "unanswerable_acc": 0.5}
Saved threshold file: outputs\project_profile_4090\20260417_011705\abstain_threshold.json
[6/10] DocQA baseline (mock)
[DenseEncoder] model source: local -> outputs\project_profile_4090\20260417_011705\retriever

Loading weights:   0%|          | 0/391 [00:00<?, ?it/s]
Loading weights: 100%|██████████| 391/391 [00:00<00:00, 16938.54it/s]
[CrossEncoderReranker] model source: local -> outputs\project_profile_4090\20260417_011705\reranker

Loading weights:   0%|          | 0/201 [00:00<?, ?it/s]
Loading weights: 100%|██████████| 201/201 [00:00<00:00, 14299.01it/s]
Saved predictions to: outputs/project_profile_4090/20260417_011705/docqa_mock_pred.jsonl
[7/10] DocQA VLM (Qwen2.5-VL)
[DenseEncoder] model source: local -> outputs\project_profile_4090\20260417_011705\retriever

Loading weights:   0%|          | 0/391 [00:00<?, ?it/s]
Loading weights: 100%|██████████| 391/391 [00:00<00:00, 17133.20it/s]
[CrossEncoderReranker] model source: local -> outputs\project_profile_4090\20260417_011705\reranker

Loading weights:   0%|          | 0/201 [00:00<?, ?it/s]
Loading weights: 100%|██████████| 201/201 [00:00<00:00, 17851.50it/s]
Downloading Model from https://www.modelscope.cn to directory: C:\Users\lzjia\.cache\modelscope\Qwen\Qwen2.5-VL-3B-Instruct
2026-04-17 01:32:41,901 - modelscope - INFO - Target directory already exists, skipping creation.
[QwenVLClient] model source: modelscope -> C:\Users\lzjia\.cache\modelscope\Qwen\Qwen2___5-VL-3B-Instruct

Loading weights:   0%|          | 0/824 [00:00<?, ?it/s]
Loading weights: 100%|██████████| 824/824 [00:00<00:00, 16026.02it/s]
The following generation flags are not valid and may be ignored: ['temperature']. Set `TRANSFORMERS_VERBOSITY=info` for more details.
Saved predictions to: outputs/project_profile_4090/20260417_011705/docqa_vlm_pred.jsonl
[8/10] ChartQA baseline (mock)
Saved predictions: outputs/project_profile_4090/20260417_011705/chartqa_mock_pred.jsonl
Samples: 80
[9/10] ChartQA VLM (Qwen2.5-VL)
Downloading Model from https://www.modelscope.cn to directory: C:\Users\lzjia\.cache\modelscope\Qwen\Qwen2.5-VL-3B-Instruct
2026-04-17 01:33:18,677 - modelscope - INFO - Target directory already exists, skipping creation.
[QwenVLClient] model source: modelscope -> C:\Users\lzjia\.cache\modelscope\Qwen\Qwen2___5-VL-3B-Instruct

Loading weights:   0%|          | 0/824 [00:00<?, ?it/s]
Loading weights: 100%|██████████| 824/824 [00:00<00:00, 16223.19it/s]
The following generation flags are not valid and may be ignored: ['temperature']. Set `TRANSFORMERS_VERBOSITY=info` for more details.
Saved predictions: outputs/project_profile_4090/20260417_011705/chartqa_vlm_pred.jsonl
Samples: 80
[10/10] Generate summary
{
  "docqa": {
    "baseline_mock": {
      "Total": 100.0,
      "ExactAcc": 0.0,
      "RelaxedAcc": 0.0,
      "Score": 0.0
    },
    "vlm": {
      "Total": 100.0,
      "ExactAcc": 0.29,
      "RelaxedAcc": 0.29,
      "Score": 0.29
    },
    "score_gain": 0.29
  },
  "chartqa": {
    "baseline_mock": {
      "Total": 80.0,
      "ExactAcc": 0.0,
      "RelaxedAcc": 0.0,
      "Score": 0.0
    },
    "vlm": {
      "Total": 80.0,
      "ExactAcc": 0.575,
      "RelaxedAcc": 0.675,
      "Score": 0.625
    },
    "score_gain": 0.625
  }
}
Done. Results root: outputs/project_profile_4090/20260417_011705
